player_id,name,pos,team,week,ep,pts,ewma_ep,ewma_pts
00-0022942,Philip Rivers,QB,IND,15,6.59,6.0,6.59,6.0
00-0022942,Philip Rivers,QB,IND,16,13.99,17.0,9.18,9.85
00-0022942,Philip Rivers,QB,IND,17,13.42,6.0,10.66,8.5
00-0023459,Aaron Rodgers,QB,PIT,1,11.56,24.0,11.56,24.0
00-0023459,Aaron Rodgers,QB,PIT,2,14.09,10.0,12.45,19.1
00-0023459,Aaron Rodgers,QB,PIT,3,9.69,11.0,11.48,16.27
00-0023459,Aaron Rodgers,QB,PIT,4,9.97,12.0,10.95,14.77
00-0023459,Aaron Rodgers,QB,PIT,6,12.31,17.0,11.43,15.55
00-0023459,Aaron Rodgers,QB,PIT,7,18.48,21.0,13.9,17.46
00-0023459,Aaron Rodgers,QB,PIT,8,13.37,16.0,13.71,16.95
00-0023459,Aaron Rodgers,QB,PIT,9,24.07,12.0,17.34,15.22
00-0023459,Aaron Rodgers,QB,PIT,10,11.69,6.0,15.36,11.99
00-0023459,Aaron Rodgers,QB,PIT,11,6.7,8.0,12.33,10.59
00-0023459,Aaron Rodgers,QB,PIT,13,9.11,2.0,11.2,7.59
00-0023459,Aaron Rodgers,QB,PIT,14,23.4,20.0,15.47,11.93
00-0023459,Aaron Rodgers,QB,PIT,15,9.99,16.0,13.55,13.36
00-0023459,Aaron Rodgers,QB,PIT,16,20.83,14.0,16.1,13.58
00-0023459,Aaron Rodgers,QB,PIT,17,13.21,6.0,15.09,10.93
00-0023459,Aaron Rodgers,QB,PIT,18,19.27,17.0,16.55,13.05
00-0026158,Joe Flacco,QB,CLE,1,17.6,11.0,17.6,11.0
00-0026158,Joe Flacco,QB,CLE,2,14.06,7.0,16.36,9.6
00-0026158,Joe Flacco,QB,CLE,3,11.22,3.0,14.56,7.29
00-0026158,Joe Flacco,QB,CLE,4,20.01,0.0,16.47,4.74
00-0026158,Joe Flacco,QB,CIN,6,12.27,18.0,15.0,9.38
00-0026158,Joe Flacco,QB,CIN,7,24.38,25.0,18.28,14.85
00-0026158,Joe Flacco,QB,CIN,8,17.92,23.0,18.16,17.7
00-0026158,Joe Flacco,QB,CIN,9,23.29,29.0,19.95,21.66
00-0026158,Joe Flacco,QB,CIN,11,12.81,8.0,17.45,16.88
00-0026158,Joe Flacco,QB,CIN,12,12.22,9.0,15.62,14.12
00-0026158,Joe Flacco,QB,CIN,16,0.35,0.0,10.28,9.18
00-0026158,Joe Flacco,QB,CIN,17,2.22,0.0,7.46,5.97
00-0026158,Joe Flacco,QB,CIN,18,0.26,0.0,4.94,3.88
00-0026300,Josh Johnson,QB,WAS,16,1.89,-1.0,1.89,-1.0
00-0026300,Josh Johnson,QB,WAS,17,10.52,8.0,4.91,2.15
00-0026300,Josh Johnson,QB,WAS,18,17.7,15.0,9.38,6.65
00-0026498,Matthew Stafford,QB,LA,1,16.15,12.0,16.15,12.0
00-0026498,Matthew Stafford,QB,LA,2,21.3,16.0,17.95,13.4
00-0026498,Matthew Stafford,QB,LA,3,10.93,13.0,15.5,13.26
00-0026498,Matthew Stafford,QB,LA,4,15.51,27.0,15.5,18.07
00-0026498,Matthew Stafford,QB,LA,5,22.37,25.0,17.91,20.49
00-0026498,Matthew Stafford,QB,LA,6,17.26,9.0,17.68,16.47
00-0026498,Matthew Stafford,QB,LA,7,23.59,27.0,19.75,20.16
00-0026498,Matthew Stafford,QB,LA,9,26.0,26.0,21.94,22.2
00-0026498,Matthew Stafford,QB,LA,10,22.52,26.0,22.14,23.53
00-0026498,Matthew Stafford,QB,LA,11,17.02,13.0,20.35,19.85
00-0026498,Matthew Stafford,QB,LA,12,23.14,22.0,21.32,20.6
00-0026498,Matthew Stafford,QB,LA,13,18.81,10.0,20.44,16.89
00-0026498,Matthew Stafford,QB,LA,14,21.06,23.0,20.66,19.03
00-0026498,Matthew Stafford,QB,LA,15,24.81,20.0,22.11,19.37
00-0026498,Matthew Stafford,QB,LA,16,24.26,30.0,22.86,23.09
00-0026498,Matthew Stafford,QB,LA,17,17.24,12.0,20.89,19.21
00-0026498,Matthew Stafford,QB,LA,18,26.93,26.0,23.01,21.59
00-0027973,Andy Dalton,QB,CAR,3,-0.1,-1.0,-0.1,-1.0
00-0027973,Andy Dalton,QB,CAR,4,3.89,6.0,1.29,1.45
00-0027973,Andy Dalton,QB,CAR,7,2.41,1.0,1.69,1.29
00-0027973,Andy Dalton,QB,CAR,8,9.55,1.0,4.44,1.19
00-0028118,Tyrod Taylor,QB,NYJ,2,8.59,8.0,8.59,8.0
00-0028118,Tyrod Taylor,QB,NYJ,3,19.85,15.0,12.53,10.45
00-0028118,Tyrod Taylor,QB,NYJ,7,10.08,2.0,11.67,7.49
00-0028118,Tyrod Taylor,QB,NYJ,12,12.54,11.0,11.98,8.72
00-0028118,Tyrod Taylor,QB,NYJ,13,17.64,20.0,13.96,12.67
00-0028118,Tyrod Taylor,QB,NYJ,14,0.94,-2.0,9.4,7.53
00-0029263,Russell Wilson,QB,NYG,1,27.11,10.0,27.11,10.0
00-0029263,Russell Wilson,QB,NYG,2,22.01,30.0,25.33,17.0
00-0029263,Russell Wilson,QB,NYG,3,19.13,4.0,23.16,12.45
00-0029263,Russell Wilson,QB,NYG,4,0.23,0.0,15.13,8.09
00-0029263,Russell Wilson,QB,NYG,6,0.29,0.0,9.94,5.26
00-0029263,Russell Wilson,QB,NYG,10,5.58,2.0,8.41,4.12
00-0029604,Kirk Cousins,QB,ATL,3,1.57,1.0,1.57,1.0
00-0029604,Kirk Cousins,QB,ATL,8,9.69,6.0,4.41,2.75
00-0029604,Kirk Cousins,QB,ATL,11,4.95,1.0,4.6,2.14
00-0029604,Kirk Cousins,QB,ATL,12,10.06,13.0,6.51,5.94
00-0029604,Kirk Cousins,QB,ATL,13,9.78,13.0,7.66,8.41
00-0029604,Kirk Cousins,QB,ATL,14,13.17,2.0,9.59,6.17
00-0029604,Kirk Cousins,QB,ATL,15,17.19,26.0,12.25,13.11
00-0029604,Kirk Cousins,QB,ATL,16,23.39,16.0,16.15,14.12
00-0029604,Kirk Cousins,QB,ATL,17,8.41,9.0,13.44,12.33
00-0029604,Kirk Cousins,QB,ATL,18,14.54,9.0,13.82,11.16
00-0030035,Adam Thielen,WR,MIN,1,0.74,2.0,0.74,2.0
00-0030035,Adam Thielen,WR,MIN,2,4.04,2.0,1.9,2.0
00-0030035,Adam Thielen,WR,MIN,3,4.64,0.0,2.86,1.3
00-0030035,Adam Thielen,WR,MIN,4,1.33,1.0,2.32,1.2
00-0030035,Adam Thielen,WR,MIN,7,1.37,1.0,1.99,1.13
00-0030035,Adam Thielen,WR,MIN,8,0.87,0.0,1.6,0.73
00-0030035,Adam Thielen,WR,MIN,10,1.85,1.0,1.69,0.83
00-0030035,Adam Thielen,WR,MIN,11,1.59,0.0,1.65,0.54
00-0030035,Adam Thielen,WR,MIN,12,0.31,0.0,1.18,0.35
00-0030035,Adam Thielen,WR,PIT,14,0.57,0.0,0.97,0.23
00-0030035,Adam Thielen,WR,PIT,15,0.74,0.0,0.89,0.15
00-0030035,Adam Thielen,WR,PIT,16,4.24,4.0,2.06,1.5
00-0030035,Adam Thielen,WR,PIT,17,3.75,1.0,2.65,1.32
00-0030035,Adam Thielen,WR,PIT,18,5.6,4.0,3.68,2.26
00-0030061,Zach Ertz,TE,WAS,1,7.13,8.0,7.13,8.0
00-0030061,Zach Ertz,TE,WAS,2,5.63,12.0,6.6,9.4
00-0030061,Zach Ertz,TE,WAS,3,3.13,3.0,5.39,7.16
00-0030061,Zach Ertz,TE,WAS,4,3.6,4.0,4.76,6.05
00-0030061,Zach Ertz,TE,WAS,5,0.94,0.0,3.42,3.94
00-0030061,Zach Ertz,TE,WAS,6,7.08,10.0,4.7,6.06
00-0030061,Zach Ertz,TE,WAS,7,9.29,9.0,6.31,7.09
00-0030061,Zach Ertz,TE,WAS,8,3.81,1.0,5.43,4.96
00-0030061,Zach Ertz,TE,WAS,9,3.65,4.0,4.81,4.62
00-0030061,Zach Ertz,TE,WAS,10,5.16,5.0,4.93,4.75
00-0030061,Zach Ertz,TE,WAS,11,11.69,4.0,7.3,4.49
00-0030061,Zach Ertz,TE,WAS,13,13.08,10.0,9.32,6.42
00-0030061,Zach Ertz,TE,WAS,14,1.94,1.0,6.74,4.52
00-0030279,Keenan Allen,WR,LAC,1,11.12,12.0,11.12,12.0
00-0030279,Keenan Allen,WR,LAC,2,8.97,12.0,10.37,12.0
00-0030279,Keenan Allen,WR,LAC,3,14.56,12.0,11.84,12.0
00-0030279,Keenan Allen,WR,LAC,4,4.22,3.0,9.17,8.85
00-0030279,Keenan Allen,WR,LAC,5,11.77,5.0,10.08,7.5
00-0030279,Keenan Allen,WR,LAC,6,7.98,2.0,9.35,5.58
00-0030279,Keenan Allen,WR,LAC,7,15.73,17.0,11.58,9.57
00-0030279,Keenan Allen,WR,LAC,8,5.58,4.0,9.48,7.62
00-0030279,Keenan Allen,WR,LAC,9,4.4,4.0,7.7,6.36
00-0030279,Keenan Allen,WR,LAC,10,3.79,1.0,6.34,4.48
00-0030279,Keenan Allen,WR,LAC,11,4.06,5.0,5.54,4.66
00-0030279,Keenan Allen,WR,LAC,13,5.97,3.0,5.69,4.08
00-0030279,Keenan Allen,WR,LAC,14,2.02,2.0,4.4,3.35
00-0030279,Keenan Allen,WR,LAC,15,4.42,3.0,4.41,3.23
00-0030279,Keenan Allen,WR,LAC,16,4.57,4.0,4.47,3.5
00-0030279,Keenan Allen,WR,LAC,17,3.94,1.0,4.28,2.62
00-0030279,Keenan Allen,WR,LAC,18,7.55,3.0,5.43,2.76
00-0030506,Travis Kelce,TE,KC,1,3.8,10.0,3.8,10.0
00-0030506,Travis Kelce,TE,KC,2,6.77,6.0,4.84,8.6
00-0030506,Travis Kelce,TE,KC,3,5.67,2.0,5.13,6.29
00-0030506,Travis Kelce,TE,KC,4,3.41,4.0,4.53,5.49
00-0030506,Travis Kelce,TE,KC,5,8.95,12.0,6.08,7.77
00-0030506,Travis Kelce,TE,KC,6,6.44,7.0,6.2,7.5
00-0030506,Travis Kelce,TE,KC,7,2.61,5.0,4.94,6.62
00-0030506,Travis Kelce,TE,KC,8,8.56,15.0,6.21,9.56
00-0030506,Travis Kelce,TE,KC,9,6.87,8.0,6.44,9.01
00-0030506,Travis Kelce,TE,KC,11,9.61,15.0,7.55,11.11
00-0030506,Travis Kelce,TE,KC,12,8.59,4.0,7.91,8.62
00-0030506,Travis Kelce,TE,KC,13,9.51,10.0,8.47,9.1
00-0030506,Travis Kelce,TE,KC,14,3.76,0.0,6.82,5.92
00-0030506,Travis Kelce,TE,KC,15,6.67,7.0,6.77,6.3
00-0030506,Travis Kelce,TE,KC,16,2.63,0.0,5.32,4.09
00-0030506,Travis Kelce,TE,KC,17,3.67,3.0,4.75,3.71
00-0030506,Travis Kelce,TE,KC,18,4.53,1.0,4.67,2.76
00-0030564,DeAndre Hopkins,WR,BAL,1,3.26,9.0,3.26,9.0
00-0030564,DeAndre Hopkins,WR,BAL,2,5.68,12.0,4.11,10.05
00-0030564,DeAndre Hopkins,WR,BAL,3,2.1,1.0,3.4,6.88
00-0030564,DeAndre Hopkins,WR,BAL,4,1.09,0.0,2.59,4.47
00-0030564,DeAndre Hopkins,WR,BAL,5,1.65,4.0,2.26,4.31
00-0030564,DeAndre Hopkins,WR,BAL,6,3.45,2.0,2.68,3.5
00-0030564,DeAndre Hopkins,WR,BAL,8,1.06,1.0,2.11,2.63
00-0030564,DeAndre Hopkins,WR,BAL,9,2.26,0.0,2.17,1.71
00-0030564,DeAndre Hopkins,WR,BAL,10,5.23,1.0,3.24,1.46
00-0030564,DeAndre Hopkins,WR,BAL,11,4.07,1.0,3.53,1.3
00-0030564,DeAndre Hopkins,WR,BAL,12,4.11,1.0,3.73,1.19
00-0030564,DeAndre Hopkins,WR,BAL,13,2.98,2.0,3.47,1.48
00-0030564,DeAndre Hopkins,WR,BAL,14,1.19,0.0,2.67,0.96
00-0030564,DeAndre Hopkins,WR,BAL,15,0.98,3.0,2.08,1.67
00-0030564,DeAndre Hopkins,WR,BAL,16,4.15,4.0,2.81,2.49
00-0030564,DeAndre Hopkins,WR,BAL,17,1.43,0.0,2.33,1.62
00-0030564,DeAndre Hopkins,WR,BAL,18,1.25,0.0,1.95,1.05
00-0030565,Geno Smith,QB,LV,1,14.33,17.0,14.33,17.0
00-0030565,Geno Smith,QB,LV,2,19.89,3.0,16.28,12.1
00-0030565,Geno Smith,QB,LV,3,11.86,25.0,14.73,16.62
00-0030565,Geno Smith,QB,LV,4,11.35,9.0,13.55,13.95
00-0030565,Geno Smith,QB,LV,5,15.95,5.0,14.39,10.82
00-0030565,Geno Smith,QB,LV,6,10.11,7.0,12.89,9.48
00-0030565,Geno Smith,QB,LV,7,4.03,2.0,9.79,6.86
00-0030565,Geno Smith,QB,LV,9,21.81,25.0,14.0,13.21
00-0030565,Geno Smith,QB,LV,10,8.02,3.0,11.9,9.64
00-0030565,Geno Smith,QB,LV,11,18.6,12.0,14.25,10.46
00-0030565,Geno Smith,QB,LV,12,16.69,13.0,15.1,11.35
00-0030565,Geno Smith,QB,LV,13,12.75,11.0,14.28,11.23
00-0030565,Geno Smith,QB,LV,14,8.03,8.0,12.09,10.1
00-0030565,Geno Smith,QB,LV,16,7.43,14.0,10.46,11.46
00-0030565,Geno Smith,QB,LV,17,12.45,7.0,11.16,9.9
00-0031236,Brandin Cooks,WR,NO,1,2.86,2.0,2.86,2.0
00-0031236,Brandin Cooks,WR,NO,2,1.37,2.0,2.34,2.0
00-0031236,Brandin Cooks,WR,NO,3,4.09,2.0,2.95,2.0
00-0031236,Brandin Cooks,WR,NO,4,4.5,2.0,3.49,2.0
00-0031236,Brandin Cooks,WR,NO,5,0.6,0.0,2.48,1.3
00-0031236,Brandin Cooks,WR,NO,6,1.37,2.0,2.09,1.54
00-0031236,Brandin Cooks,WR,NO,7,0.57,0.0,1.56,1.0
00-0031236,Brandin Cooks,WR,NO,8,2.62,2.0,1.93,1.35
00-0031236,Brandin Cooks,WR,NO,9,2.45,1.0,2.11,1.23
00-0031236,Brandin Cooks,WR,BUF,13,0.62,1.0,1.59,1.15
00-0031236,Brandin Cooks,WR,BUF,15,5.45,0.0,2.94,0.75
00-0031236,Brandin Cooks,WR,BUF,16,1.35,0.0,2.38,0.49
00-0031236,Brandin Cooks,WR,BUF,17,7.61,10.0,4.21,3.82
00-0031237,Teddy Bridgewater,QB,TB,7,-0.1,-1.0,-0.1,-1.0
00-0031237,Teddy Bridgewater,QB,TB,11,-0.1,-1.0,-0.1,-1.0
00-0031237,Teddy Bridgewater,QB,TB,12,6.87,2.0,2.34,0.05
00-0031345,Jimmy Garoppolo,QB,LA,7,-0.3,-1.0,-0.3,-1.0
00-0031345,Jimmy Garoppolo,QB,LA,14,-0.3,-1.0,-0.3,-1.0
00-0031345,Jimmy Garoppolo,QB,LA,18,-0.3,-1.0,-0.3,-1.0
00-0031381,Davante Adams,WR,LA,1,7.2,5.0,7.2,5.0
00-0031381,Davante Adams,WR,LA,2,23.22,16.0,12.81,8.85
00-0031381,Davante Adams,WR,LA,3,12.7,11.0,12.77,9.6
00-0031381,Davante Adams,WR,LA,4,6.96,11.0,10.74,10.09
00-0031381,Davante Adams,WR,LA,5,13.26,8.0,11.62,9.36
00-0031381,Davante Adams,WR,LA,6,13.64,3.0,12.33,7.13
00-0031381,Davante Adams,WR,LA,7,16.83,21.0,13.9,11.99
00-0031381,Davante Adams,WR,LA,9,14.01,18.0,13.94,14.09
00-0031381,Davante Adams,WR,LA,10,14.57,13.0,14.16,13.71
00-0031381,Davante Adams,WR,LA,11,15.09,6.0,14.48,11.01
00-0031381,Davante Adams,WR,LA,12,16.11,18.0,15.05,13.46
00-0031381,Davante Adams,WR,LA,13,10.29,17.0,13.39,14.7
00-0031381,Davante Adams,WR,LA,14,9.92,2.0,12.17,10.25
00-0031381,Davante Adams,WR,LA,15,16.41,7.0,13.66,9.11
00-0031408,Mike Evans,WR,TB,1,9.48,5.0,9.48,5.0
00-0031408,Mike Evans,WR,TB,2,12.74,5.0,10.62,5.0
00-0031408,Mike Evans,WR,TB,3,10.13,9.0,10.45,6.4
00-0031408,Mike Evans,WR,TB,7,6.59,0.0,9.1,4.16
00-0031408,Mike Evans,WR,TB,15,15.54,13.0,11.35,7.25
00-0031408,Mike Evans,WR,TB,16,13.2,9.0,12.0,7.87
00-0031408,Mike Evans,WR,TB,17,10.48,9.0,11.47,8.26
00-0031408,Mike Evans,WR,TB,18,2.26,3.0,8.25,6.42
00-0031484,Chris Manhertz,TE,NYG,3,0.53,0.0,0.53,0.0
00-0031484,Chris Manhertz,TE,NYG,18,1.69,0.0,0.94,0.0
00-0031503,Jameis Winston,QB,NYG,11,13.1,11.0,13.1,11.0
00-0031503,Jameis Winston,QB,NYG,12,26.75,30.0,17.88,17.65
00-0031503,Jameis Winston,QB,NYG,15,1.09,0.0,12.0,11.47
00-0031588,Stefon Diggs,WR,NE,1,5.24,5.0,5.24,5.0
00-0031588,Stefon Diggs,WR,NE,2,4.2,3.0,4.88,4.3
00-0031588,Stefon Diggs,WR,NE,3,1.82,2.0,3.81,3.5
00-0031588,Stefon Diggs,WR,NE,4,9.58,10.0,5.83,5.77
00-0031588,Stefon Diggs,WR,NE,5,11.73,14.0,7.89,8.65
00-0031588,Stefon Diggs,WR,NE,6,3.11,2.0,6.22,6.32
00-0031588,Stefon Diggs,WR,NE,7,5.53,6.0,5.98,6.21
00-0031588,Stefon Diggs,WR,NE,8,8.57,7.0,6.89,6.49
00-0031588,Stefon Diggs,WR,NE,9,4.58,9.0,6.08,7.37
00-0031588,Stefon Diggs,WR,NE,10,10.61,10.0,7.67,8.29
00-0031588,Stefon Diggs,WR,NE,11,9.93,10.0,8.46,8.89
00-0031588,Stefon Diggs,WR,NE,12,2.94,2.0,6.53,6.48
00-0031588,Stefon Diggs,WR,NE,13,5.09,2.0,6.02,4.91
00-0031588,Stefon Diggs,WR,NE,15,3.09,2.0,5.0,3.89
00-0031588,Stefon Diggs,WR,NE,16,8.67,13.0,6.28,7.08
00-0031588,Stefon Diggs,WR,NE,17,8.63,16.0,7.1,10.2
00-0031588,Stefon Diggs,WR,NE,18,2.49,4.0,5.49,8.03
00-0031610,Darren Waller,TE,MIA,4,8.76,14.0,8.76,14.0
00-0031610,Darren Waller,TE,MIA,5,8.51,13.0,8.67,13.65
00-0031610,Darren Waller,TE,MIA,6,4.53,7.0,7.22,11.32
00-0031610,Darren Waller,TE,MIA,13,4.96,4.0,6.43,8.76
00-0031610,Darren Waller,TE,MIA,14,4.44,1.0,5.73,6.04
00-0031610,Darren Waller,TE,MIA,15,9.39,18.0,7.01,10.23
00-0031610,Darren Waller,TE,MIA,16,4.04,4.0,5.97,8.05
00-0031610,Darren Waller,TE,MIA,17,2.57,0.0,4.78,5.23
00-0031687,Raheem Mostert,RB,LV,4,2.89,7.0,2.89,7.0
00-0031687,Raheem Mostert,RB,LV,5,3.78,2.0,3.2,5.25
00-0031687,Raheem Mostert,RB,LV,6,2.81,-1.0,3.07,3.06
00-0031687,Raheem Mostert,RB,LV,7,0.51,0.0,2.17,1.99
00-0031687,Raheem Mostert,RB,LV,9,0.62,1.0,1.63,1.64
00-0031687,Raheem Mostert,RB,LV,10,1.1,1.0,1.44,1.42
00-0031687,Raheem Mostert,RB,LV,11,2.15,0.0,1.69,0.92
00-0031687,Raheem Mostert,RB,LV,12,2.18,1.0,1.86,0.95
00-0031687,Raheem Mostert,RB,LV,13,0.59,0.0,1.42,0.62
00-0031687,Raheem Mostert,RB,LV,14,0.58,0.0,1.12,0.4
00-0031687,Raheem Mostert,RB,LV,15,0.24,0.0,0.81,0.26
00-0031687,Raheem Mostert,RB,LV,16,1.34,0.0,1.0,0.17
00-0032104,Ameer Abdullah,RB,IND,5,4.66,6.0,4.66,6.0
00-0032104,Ameer Abdullah,RB,IND,6,1.29,0.0,3.48,3.9
00-0032104,Ameer Abdullah,RB,IND,7,2.43,1.0,3.11,2.89
00-0032104,Ameer Abdullah,RB,IND,8,1.78,0.0,2.64,1.88
00-0032104,Ameer Abdullah,RB,IND,9,1.29,0.0,2.17,1.22
00-0032104,Ameer Abdullah,RB,IND,10,0.7,0.0,1.65,0.79
00-0032104,Ameer Abdullah,RB,IND,12,0.86,0.0,1.38,0.51
00-0032104,Ameer Abdullah,RB,IND,14,1.56,0.0,1.44,0.33
00-0032104,Ameer Abdullah,RB,IND,15,4.41,4.0,2.48,1.62
00-0032104,Ameer Abdullah,RB,IND,16,0.59,-2.0,1.82,0.35
00-0032104,Ameer Abdullah,RB,IND,17,0.61,0.0,1.4,0.23
00-0032104,Ameer Abdullah,RB,IND,18,1.43,2.0,1.41,0.85
00-0032211,Tyler Lockett,WR,TEN,1,1.22,0.0,1.22,0.0
00-0032211,Tyler Lockett,WR,TEN,2,1.72,0.0,1.4,0.0
00-0032211,Tyler Lockett,WR,TEN,3,3.4,3.0,2.1,1.05
00-0032211,Tyler Lockett,WR,TEN,4,2.52,0.0,2.24,0.68
00-0032211,Tyler Lockett,WR,TEN,5,3.1,0.0,2.54,0.44
00-0032211,Tyler Lockett,WR,TEN,6,2.91,0.0,2.67,0.29
00-0032211,Tyler Lockett,WR,TEN,7,1.24,1.0,2.17,0.54
00-0032211,Tyler Lockett,WR,LV,9,2.89,0.0,2.42,0.35
00-0032211,Tyler Lockett,WR,LV,10,3.45,4.0,2.78,1.63
00-0032211,Tyler Lockett,WR,LV,11,2.33,3.0,2.62,2.11
00-0032211,Tyler Lockett,WR,LV,12,3.65,6.0,2.98,3.47
00-0032211,Tyler Lockett,WR,LV,13,0.47,1.0,2.1,2.61
00-0032211,Tyler Lockett,WR,LV,14,2.98,4.0,2.41,3.09
00-0032211,Tyler Lockett,WR,LV,15,2.29,1.0,2.37,2.36
00-0032211,Tyler Lockett,WR,LV,16,1.63,0.0,2.11,1.53
00-0032211,Tyler Lockett,WR,LV,17,4.23,6.0,2.85,3.1
00-0032211,Tyler Lockett,WR,LV,18,2.89,0.0,2.87,2.01
00-0032268,Marcus Mariota,QB,WAS,3,19.31,20.0,19.31,20.0
00-0032268,Marcus Mariota,QB,WAS,4,13.47,16.0,17.27,18.6
00-0032268,Marcus Mariota,QB,WAS,7,7.07,3.0,13.7,13.14
00-0032268,Marcus Mariota,QB,WAS,8,16.94,10.0,14.83,12.04
00-0032268,Marcus Mariota,QB,WAS,10,16.21,18.0,15.31,14.13
00-0032268,Marcus Mariota,QB,WAS,11,19.8,14.0,16.88,14.08
00-0032268,Marcus Mariota,QB,WAS,13,32.76,22.0,22.44,16.85
00-0032268,Marcus Mariota,QB,WAS,14,3.21,-3.0,15.71,9.9
00-0032268,Marcus Mariota,QB,WAS,15,13.46,14.0,14.92,11.34
00-0032268,Marcus Mariota,QB,WAS,16,7.95,2.0,12.48,8.07
00-0032385,Sterling Shepard,WR,TB,1,6.82,3.0,6.82,3.0
00-0032385,Sterling Shepard,WR,TB,2,3.36,3.0,5.61,3.0
00-0032385,Sterling Shepard,WR,TB,3,6.26,8.0,5.84,4.75
00-0032385,Sterling Shepard,WR,TB,4,3.36,1.0,4.97,3.44
00-0032385,Sterling Shepard,WR,TB,5,6.66,7.0,5.56,4.68
00-0032385,Sterling Shepard,WR,TB,6,3.41,5.0,4.81,4.79
00-0032385,Sterling Shepard,WR,TB,7,4.48,0.0,4.7,3.12
00-0032385,Sterling Shepard,WR,TB,8,4.2,0.0,4.52,2.03
00-0032385,Sterling Shepard,WR,TB,10,4.45,3.0,4.5,2.37
00-0032385,Sterling Shepard,WR,TB,11,5.24,5.0,4.76,3.29
00-0032385,Sterling Shepard,WR,TB,12,4.82,1.0,4.78,2.49
00-0032385,Sterling Shepard,WR,TB,13,3.77,0.0,4.43,1.62
00-0032385,Sterling Shepard,WR,TB,14,0.52,0.0,3.06,1.05
00-0032392,Austin Hooper,TE,NE,1,0.88,1.0,0.88,1.0
00-0032392,Austin Hooper,TE,NE,2,3.42,3.0,1.77,1.7
00-0032392,Austin Hooper,TE,NE,3,2.92,2.0,2.17,1.8
00-0032392,Austin Hooper,TE,NE,4,0.51,2.0,1.59,1.87
00-0032392,Austin Hooper,TE,NE,6,0.55,0.0,1.23,1.22
00-0032392,Austin Hooper,TE,NE,7,3.78,7.0,2.12,3.24
00-0032392,Austin Hooper,TE,NE,8,2.12,3.0,2.12,3.16
00-0032392,Austin Hooper,TE,NE,9,1.27,2.0,1.83,2.75
00-0032392,Austin Hooper,TE,NE,10,1.23,0.0,1.62,1.79
00-0032392,Austin Hooper,TE,NE,12,7.5,3.0,3.68,2.21
00-0032392,Austin Hooper,TE,NE,16,5.4,3.0,4.28,2.49
00-0032392,Austin Hooper,TE,NE,17,4.54,7.0,4.37,4.07
00-0032392,Austin Hooper,TE,NE,18,0.65,0.0,3.07,2.64
00-0032398,Chris Moore,WR,WAS,1,0.97,3.0,0.97,3.0
00-0032398,Chris Moore,WR,WAS,3,1.83,2.0,1.27,2.65
00-0032398,Chris Moore,WR,WAS,4,3.73,0.0,2.13,1.72
00-0032398,Chris Moore,WR,WAS,5,3.13,0.0,2.48,1.12
00-0032398,Chris Moore,WR,WAS,6,5.75,10.0,3.63,4.23
00-0032398,Chris Moore,WR,WAS,7,5.09,5.0,4.14,4.5
00-0032398,Chris Moore,WR,WAS,11,7.97,2.0,5.48,3.62
00-0032398,Chris Moore,WR,WAS,17,0.79,1.0,3.84,2.71
00-0032434,Brandon Allen,QB,TEN,18,6.88,0.0,6.88,0.0
00-0032464,Kalif Raymond,WR,DET,1,2.53,1.0,2.53,1.0
00-0032464,Kalif Raymond,WR,DET,2,2.0,1.0,2.34,1.0
00-0032464,Kalif Raymond,WR,DET,3,1.3,0.0,1.98,0.65
00-0032464,Kalif Raymond,WR,DET,4,3.74,7.0,2.59,2.87
00-0032464,Kalif Raymond,WR,DET,7,2.34,1.0,2.51,2.22
00-0032464,Kalif Raymond,WR,DET,9,0.73,0.0,1.88,1.44
00-0032464,Kalif Raymond,WR,DET,10,4.07,5.0,2.65,2.69
00-0032464,Kalif Raymond,WR,DET,12,2.27,3.0,2.52,2.8
00-0032464,Kalif Raymond,WR,DET,15,1.65,2.0,2.21,2.52
00-0032464,Kalif Raymond,WR,DET,16,3.5,12.0,2.66,5.84
00-0032464,Kalif Raymond,WR,DET,17,1.03,0.0,2.09,3.79
00-0032464,Kalif Raymond,WR,DET,18,2.65,5.0,2.29,4.22
00-0032688,Robbie Chosen,WR,WAS,7,3.22,3.0,3.22,3.0
00-0032688,Robbie Chosen,WR,WAS,10,6.68,1.0,4.43,2.3
00-0032688,Robbie Chosen,WR,WAS,11,0.63,0.0,3.1,1.5
00-0032764,Derrick Henry,RB,BAL,1,9.61,27.0,9.61,27.0
00-0032764,Derrick Henry,RB,BAL,2,8.47,2.0,9.21,18.25
00-0032764,Derrick Henry,RB,BAL,3,14.57,9.0,11.09,15.01
00-0032764,Derrick Henry,RB,BAL,4,6.06,5.0,9.33,11.51
00-0032764,Derrick Henry,RB,BAL,5,12.24,9.0,10.35,10.63
00-0032764,Derrick Henry,RB,BAL,6,16.91,12.0,12.64,11.11
00-0032764,Derrick Henry,RB,BAL,8,17.89,19.0,14.48,13.87
00-0032764,Derrick Henry,RB,BAL,9,14.54,11.0,14.5,12.87
00-0032764,Derrick Henry,RB,BAL,10,14.64,7.0,14.55,10.81
00-0032764,Derrick Henry,RB,BAL,11,15.4,17.0,14.85,12.98
00-0032764,Derrick Henry,RB,BAL,12,22.17,20.0,17.41,15.44
00-0032764,Derrick Henry,RB,BAL,13,5.43,16.0,13.22,15.63
00-0032764,Derrick Henry,RB,BAL,14,17.7,9.0,14.79,13.31
00-0032764,Derrick Henry,RB,BAL,15,6.17,10.0,11.77,12.15
00-0032764,Derrick Henry,RB,BAL,16,13.66,22.0,12.43,15.6
00-0032764,Derrick Henry,RB,BAL,17,30.06,45.0,18.6,25.89
00-0032764,Derrick Henry,RB,BAL,18,10.81,12.0,15.87,21.03
00-0032775,Demarcus Robinson,WR,SF,4,2.73,2.0,2.73,2.0
00-0032775,Demarcus Robinson,WR,SF,5,9.96,3.0,5.26,2.35
00-0032775,Demarcus Robinson,WR,SF,6,3.61,4.0,4.69,2.93
00-0032775,Demarcus Robinson,WR,SF,7,1.89,0.0,3.71,1.9
00-0032775,Demarcus Robinson,WR,SF,8,2.42,2.0,3.26,1.94
00-0032775,Demarcus Robinson,WR,SF,9,0.76,0.0,2.38,1.26
00-0032775,Demarcus Robinson,WR,SF,10,4.57,3.0,3.15,1.87
00-0032775,Demarcus Robinson,WR,SF,11,3.4,1.0,3.23,1.56
00-0032775,Demarcus Robinson,WR,SF,12,0.93,0.0,2.43,1.02
00-0032775,Demarcus Robinson,WR,SF,13,1.53,0.0,2.11,0.66
00-0032775,Demarcus Robinson,WR,SF,15,2.45,3.0,2.23,1.48
00-0032775,Demarcus Robinson,WR,SF,16,3.52,8.0,2.68,3.76
00-0032775,Demarcus Robinson,WR,SF,17,5.14,3.0,3.54,3.5
00-0032775,Demarcus Robinson,WR,SF,18,3.15,2.0,3.4,2.97
00-0032950,Carson Wentz,QB,MIN,3,15.91,14.0,15.91,14.0
00-0032950,Carson Wentz,QB,MIN,4,19.45,21.0,17.15,16.45
00-0032950,Carson Wentz,QB,MIN,5,15.31,14.0,16.5,15.59
00-0032950,Carson Wentz,QB,MIN,7,23.67,10.0,19.01,13.64
00-0032950,Carson Wentz,QB,MIN,8,8.91,7.0,15.48,11.31
00-0033040,Tyreek Hill,WR,MIA,1,6.55,4.0,6.55,4.0
00-0033040,Tyreek Hill,WR,MIA,2,6.95,10.0,6.69,6.1
00-0033040,Tyreek Hill,WR,MIA,3,12.87,10.0,8.85,7.46
00-0033040,Tyreek Hill,WR,MIA,4,4.68,6.0,7.39,6.95
00-0033077,Dak Prescott,QB,DAL,1,14.74,7.0,14.74,7.0
00-0033077,Dak Prescott,QB,DAL,2,23.67,21.0,17.86,11.9
00-0033077,Dak Prescott,QB,DAL,3,19.91,12.0,18.58,11.93
00-0033077,Dak Prescott,QB,DAL,4,22.9,30.0,20.09,18.26
00-0033077,Dak Prescott,QB,DAL,5,20.34,27.0,20.18,21.32
00-0033077,Dak Prescott,QB,DAL,6,20.93,21.0,20.44,21.21
00-0033077,Dak Prescott,QB,DAL,7,18.81,22.0,19.87,21.48
00-0033077,Dak Prescott,QB,DAL,8,22.55,6.0,20.81,16.06
00-0033077,Dak Prescott,QB,DAL,9,21.9,15.0,21.19,15.69
00-0033077,Dak Prescott,QB,DAL,11,22.79,23.0,21.75,18.25
00-0033077,Dak Prescott,QB,DAL,12,26.95,26.0,23.57,20.96
00-0033077,Dak Prescott,QB,DAL,13,19.5,19.0,22.15,20.28
00-0033077,Dak Prescott,QB,DAL,14,27.54,18.0,24.04,19.48
00-0033077,Dak Prescott,QB,DAL,15,19.24,11.0,22.36,16.51
00-0033077,Dak Prescott,QB,DAL,16,18.75,18.0,21.09,17.03
00-0033077,Dak Prescott,QB,DAL,17,22.39,22.0,21.55,18.77
00-0033077,Dak Prescott,QB,DAL,18,9.5,-1.0,17.33,11.85
00-0033090,Hunter Henry,TE,NE,1,9.04,6.0,9.04,6.0
00-0033090,Hunter Henry,TE,NE,2,4.47,0.0,7.44,3.9
00-0033090,Hunter Henry,TE,NE,3,13.59,21.0,9.59,9.88
00-0033090,Hunter Henry,TE,NE,4,3.68,9.0,7.53,9.58
00-0033090,Hunter Henry,TE,NE,5,8.16,4.0,7.75,7.62
00-0033090,Hunter Henry,TE,NE,6,2.29,2.0,5.84,5.66
00-0033090,Hunter Henry,TE,NE,7,3.67,3.0,5.08,4.73
00-0033090,Hunter Henry,TE,NE,8,1.57,6.0,3.85,5.17
00-0033090,Hunter Henry,TE,NE,9,5.49,5.0,4.42,5.11
00-0033090,Hunter Henry,TE,NE,10,3.94,0.0,4.26,3.32
00-0033090,Hunter Henry,TE,NE,11,7.53,4.0,5.4,3.56
00-0033090,Hunter Henry,TE,NE,12,13.91,17.0,8.38,8.26
00-0033090,Hunter Henry,TE,NE,13,10.17,7.0,9.01,7.82
00-0033090,Hunter Henry,TE,NE,15,3.23,1.0,6.98,5.43
00-0033090,Hunter Henry,TE,NE,16,10.36,9.0,8.16,6.68
00-0033090,Hunter Henry,TE,NE,17,5.43,10.0,7.21,7.84
00-0033090,Hunter Henry,TE,NE,18,4.44,5.0,6.24,6.85
00-0033106,Jared Goff,QB,DET,1,13.15,10.0,13.15,10.0
00-0033106,Jared Goff,QB,DET,2,19.5,33.0,15.37,18.05
00-0033106,Jared Goff,QB,DET,3,14.32,12.0,15.01,15.93
00-0033106,Jared Goff,QB,DET,4,14.21,12.0,14.73,14.56
00-0033106,Jared Goff,QB,DET,5,9.95,19.0,13.05,16.11
00-0033106,Jared Goff,QB,DET,6,11.41,16.0,12.48,16.07
00-0033106,Jared Goff,QB,DET,7,13.05,9.0,12.68,13.6
00-0033106,Jared Goff,QB,DET,9,15.81,19.0,13.78,15.49
00-0033106,Jared Goff,QB,DET,10,17.03,24.0,14.91,18.47
00-0033106,Jared Goff,QB,DET,11,12.15,11.0,13.94,15.85
00-0033106,Jared Goff,QB,DET,12,18.66,17.0,15.6,16.25
00-0033106,Jared Goff,QB,DET,13,13.16,20.0,14.74,17.57
00-0033106,Jared Goff,QB,DET,14,15.08,15.0,14.86,16.67
00-0033106,Jared Goff,QB,DET,15,24.13,25.0,18.11,19.58
00-0033106,Jared Goff,QB,DET,16,31.76,25.0,22.89,21.48
00-0033106,Jared Goff,QB,DET,17,13.21,1.0,19.5,14.31
00-0033106,Jared Goff,QB,DET,18,19.8,15.0,19.61,14.55
00-0033110,Tyler Higbee,TE,LA,2,3.05,3.0,3.05,3.0
00-0033110,Tyler Higbee,TE,LA,3,-6.19,0.0,-0.18,1.95
00-0033110,Tyler Higbee,TE,LA,4,4.76,2.0,1.55,1.97
00-0033110,Tyler Higbee,TE,LA,6,4.79,10.0,2.68,4.78
00-0033110,Tyler Higbee,TE,LA,7,5.52,1.0,3.67,3.46
00-0033110,Tyler Higbee,TE,LA,9,6.37,7.0,4.62,4.7
00-0033110,Tyler Higbee,TE,LA,10,1.89,3.0,3.66,4.1
00-0033110,Tyler Higbee,TE,LA,11,3.47,2.0,3.6,3.37
00-0033110,Tyler Higbee,TE,LA,18,8.98,15.0,5.48,7.44
00-0033119,Jacoby Brissett,QB,ARI,2,0.21,0.0,0.21,0.0
00-0033119,Jacoby Brissett,QB,ARI,5,0.35,0.0,0.26,0.0
00-0033119,Jacoby Brissett,QB,ARI,6,24.4,19.0,8.71,6.65
00-0033119,Jacoby Brissett,QB,ARI,7,19.05,19.0,12.33,10.97
00-0033119,Jacoby Brissett,QB,ARI,9,22.1,24.0,15.75,15.53
00-0033119,Jacoby Brissett,QB,ARI,10,30.93,19.0,21.06,16.75
00-0033119,Jacoby Brissett,QB,ARI,11,24.82,21.0,22.38,18.23
00-0033119,Jacoby Brissett,QB,ARI,12,21.44,18.0,22.05,18.15
00-0033119,Jacoby Brissett,QB,ARI,13,18.87,19.0,20.94,18.45
00-0033119,Jacoby Brissett,QB,ARI,14,21.49,18.0,21.13,18.29
00-0033119,Jacoby Brissett,QB,ARI,15,18.92,19.0,20.36,18.54
00-0033119,Jacoby Brissett,QB,ARI,16,15.07,10.0,18.51,15.55
00-0033119,Jacoby Brissett,QB,ARI,17,11.97,16.0,16.22,15.71
00-0033119,Jacoby Brissett,QB,ARI,18,14.28,14.0,15.54,15.11
00-0033217,Mo Alie-Cox,TE,IND,1,0.68,2.0,0.68,2.0
00-0033217,Mo Alie-Cox,TE,IND,2,0.85,0.0,0.74,1.3
00-0033217,Mo Alie-Cox,TE,IND,6,1.76,1.0,1.1,1.2
00-0033217,Mo Alie-Cox,TE,IND,7,1.81,0.0,1.35,0.78
00-0033217,Mo Alie-Cox,TE,IND,9,3.95,0.0,2.26,0.5
00-0033217,Mo Alie-Cox,TE,IND,10,1.8,0.0,2.1,0.33
00-0033217,Mo Alie-Cox,TE,IND,12,0.73,0.0,1.62,0.21
00-0033217,Mo Alie-Cox,TE,IND,14,1.64,0.0,1.63,0.14
00-0033217,Mo Alie-Cox,TE,IND,16,1.82,1.0,1.69,0.44
00-0033217,Mo Alie-Cox,TE,IND,17,4.93,8.0,2.83,3.09
00-0033217,Mo Alie-Cox,TE,IND,18,2.63,2.0,2.76,2.71
00-0033246,Johnny Mundt,TE,JAX,1,0.88,0.0,0.88,0.0
00-0033246,Johnny Mundt,TE,JAX,3,0.6,0.0,0.78,0.0
00-0033246,Johnny Mundt,TE,JAX,4,1.14,0.0,0.91,0.0
00-0033246,Johnny Mundt,TE,JAX,5,0.77,0.0,0.86,0.0
00-0033246,Johnny Mundt,TE,JAX,6,1.53,1.0,1.09,0.35
00-0033246,Johnny Mundt,TE,JAX,7,2.79,0.0,1.69,0.23
00-0033246,Johnny Mundt,TE,JAX,10,1.79,2.0,1.72,0.85
00-0033246,Johnny Mundt,TE,JAX,11,2.01,2.0,1.83,1.25
00-0033246,Johnny Mundt,TE,JAX,12,1.5,1.0,1.71,1.16
00-0033246,Johnny Mundt,TE,JAX,17,1.64,0.0,1.69,0.76
00-0033246,Johnny Mundt,TE,JAX,18,0.82,1.0,1.39,0.84
00-0033280,Christian McCaffrey,RB,SF,1,20.22,13.0,20.22,13.0
00-0033280,Christian McCaffrey,RB,SF,2,14.07,16.0,18.07,14.05
00-0033280,Christian McCaffrey,RB,SF,3,26.74,13.0,21.11,13.68
00-0033280,Christian McCaffrey,RB,SF,4,20.89,19.0,21.03,15.54
00-0033280,Christian McCaffrey,RB,SF,5,22.88,19.0,21.68,16.75
00-0033280,Christian McCaffrey,RB,SF,6,18.4,16.0,20.53,16.49
00-0033280,Christian McCaffrey,RB,SF,7,22.6,31.0,21.25,21.57
00-0033280,Christian McCaffrey,RB,SF,8,7.57,6.0,16.47,16.12
00-0033280,Christian McCaffrey,RB,SF,9,23.7,28.0,19.0,20.28
00-0033280,Christian McCaffrey,RB,SF,10,14.46,9.0,17.41,16.33
00-0033280,Christian McCaffrey,RB,SF,11,19.52,30.0,18.15,21.11
00-0033280,Christian McCaffrey,RB,SF,12,20.01,19.0,18.8,20.37
00-0033280,Christian McCaffrey,RB,SF,13,26.03,13.0,21.33,17.79
00-0033280,Christian McCaffrey,RB,SF,15,23.82,14.0,22.2,16.47
00-0033280,Christian McCaffrey,RB,SF,16,27.24,25.0,23.96,19.45
00-0033280,Christian McCaffrey,RB,SF,17,19.96,24.0,22.56,21.04
00-0033280,Christian McCaffrey,RB,SF,18,9.97,5.0,18.16,15.43
00-0033282,Curtis Samuel,WR,BUF,4,2.12,0.0,2.12,0.0
00-0033282,Curtis Samuel,WR,BUF,5,3.38,8.0,2.56,2.8
00-0033282,Curtis Samuel,WR,BUF,9,0.58,0.0,1.87,1.82
00-0033282,Curtis Samuel,WR,BUF,10,1.14,2.0,1.61,1.88
00-0033282,Curtis Samuel,WR,BUF,11,3.74,1.0,2.36,1.57
00-0033288,George Kittle,TE,SF,1,5.36,8.0,5.36,8.0
00-0033288,George Kittle,TE,SF,7,1.91,0.0,4.15,5.2
00-0033288,George Kittle,TE,SF,8,4.86,10.0,4.4,6.88
00-0033288,George Kittle,TE,SF,9,4.87,2.0,4.56,5.17
00-0033288,George Kittle,TE,SF,10,7.96,14.0,5.75,8.26
00-0033288,George Kittle,TE,SF,11,10.42,18.0,7.39,11.67
00-0033288,George Kittle,TE,SF,12,10.17,7.0,8.36,10.04
00-0033288,George Kittle,TE,SF,13,4.19,6.0,6.9,8.62
00-0033288,George Kittle,TE,SF,15,9.78,14.0,7.91,10.51
00-0033288,George Kittle,TE,SF,16,14.17,17.0,10.1,12.78
00-0033288,George Kittle,TE,SF,18,4.74,2.0,8.22,9.01
00-0033293,Aaron Jones,RB,MIN,1,7.75,12.0,7.75,12.0
00-0033293,Aaron Jones,RB,MIN,2,3.05,2.0,6.1,8.5
00-0033293,Aaron Jones,RB,MIN,8,6.55,2.0,6.26,6.23
00-0033293,Aaron Jones,RB,MIN,9,5.28,9.0,5.92,7.2
00-0033293,Aaron Jones,RB,MIN,10,9.68,12.0,7.24,8.88
00-0033293,Aaron Jones,RB,MIN,11,14.08,8.0,9.63,8.57
00-0033293,Aaron Jones,RB,MIN,12,6.12,5.0,8.4,7.32
00-0033293,Aaron Jones,RB,MIN,13,4.36,0.0,6.99,4.76
00-0033293,Aaron Jones,RB,MIN,14,8.03,7.0,7.35,5.54
00-0033293,Aaron Jones,RB,MIN,15,6.66,6.0,7.11,5.7
00-0033293,Aaron Jones,RB,MIN,16,12.36,8.0,8.95,6.51
00-0033293,Aaron Jones,RB,MIN,17,14.81,12.0,11.0,8.43
00-0033307,Kendrick Bourne,WR,SF,2,2.73,3.0,2.73,3.0
00-0033307,Kendrick Bourne,WR,SF,3,4.65,3.0,3.41,3.0
00-0033307,Kendrick Bourne,WR,SF,4,3.26,1.0,3.35,2.3
00-0033307,Kendrick Bourne,WR,SF,5,9.94,14.0,5.66,6.39
00-0033307,Kendrick Bourne,WR,SF,6,11.23,14.0,7.61,9.06
00-0033307,Kendrick Bourne,WR,SF,7,1.67,1.0,5.53,6.24
00-0033307,Kendrick Bourne,WR,SF,8,4.28,4.0,5.09,5.45
00-0033307,Kendrick Bourne,WR,SF,9,2.61,3.0,4.22,4.6
00-0033307,Kendrick Bourne,WR,SF,10,1.36,1.0,3.22,3.34
00-0033307,Kendrick Bourne,WR,SF,13,0.91,0.0,2.41,2.17
00-0033307,Kendrick Bourne,WR,SF,15,2.99,1.0,2.62,1.76
00-0033307,Kendrick Bourne,WR,SF,16,5.5,2.0,3.63,1.84
00-0033307,Kendrick Bourne,WR,SF,17,1.44,2.0,2.86,1.9
00-0033307,Kendrick Bourne,WR,SF,18,0.53,0.0,2.05,1.23
00-0033319,Nick Mullens,QB,JAX,13,-0.3,-1.0,-0.3,-1.0
00-0033319,Nick Mullens,QB,JAX,14,0.04,-1.0,-0.18,-1.0
00-0033319,Nick Mullens,QB,JAX,15,-0.3,-1.0,-0.22,-1.0
00-0033319,Nick Mullens,QB,JAX,18,1.25,-1.0,0.29,-1.0
00-0033357,Taysom Hill,TE,NO,5,5.18,-1.0,5.18,-1.0
00-0033357,Taysom Hill,TE,NO,6,4.5,6.0,4.94,1.45
00-0033357,Taysom Hill,TE,NO,7,2.52,0.0,4.1,0.94
00-0033357,Taysom Hill,TE,NO,8,1.79,0.0,3.29,0.61
00-0033357,Taysom Hill,TE,NO,9,3.87,3.0,3.49,1.45
00-0033357,Taysom Hill,TE,NO,10,5.98,2.0,4.36,1.64
00-0033357,Taysom Hill,TE,NO,12,11.87,1.0,6.99,1.42
00-0033357,Taysom Hill,TE,NO,13,1.17,0.0,4.95,0.92
00-0033357,Taysom Hill,TE,NO,14,2.1,-1.0,3.96,0.25
00-0033357,Taysom Hill,TE,NO,15,2.25,0.0,3.36,0.16
00-0033357,Taysom Hill,TE,NO,16,13.24,10.0,6.82,3.61
00-0033357,Taysom Hill,TE,NO,17,1.18,0.0,4.84,2.34
00-0033357,Taysom Hill,TE,NO,18,1.81,3.0,3.78,2.57
00-0033375,Tim Patrick,WR,JAX,2,2.8,0.0,2.8,0.0
00-0033375,Tim Patrick,WR,JAX,3,0.57,1.0,2.02,0.35
00-0033375,Tim Patrick,WR,JAX,4,0.5,-1.0,1.49,-0.12
00-0033375,Tim Patrick,WR,JAX,5,1.51,0.0,1.5,-0.08
00-0033375,Tim Patrick,WR,JAX,6,1.21,8.0,1.39,2.75
00-0033375,Tim Patrick,WR,JAX,7,1.43,2.0,1.41,2.49
00-0033375,Tim Patrick,WR,JAX,11,6.74,8.0,3.28,4.42
00-0033375,Tim Patrick,WR,JAX,12,7.37,0.0,4.71,2.87
00-0033375,Tim Patrick,WR,JAX,13,0.94,1.0,3.39,2.22
00-0033375,Tim Patrick,WR,JAX,14,9.91,13.0,5.67,5.99
00-0033375,Tim Patrick,WR,JAX,16,0.8,1.0,3.97,4.24
00-0033375,Tim Patrick,WR,JAX,17,1.13,0.0,2.97,2.76
00-0033375,Tim Patrick,WR,JAX,18,0.84,0.0,2.23,1.79
00-0033376,Patrick Ricard,RB,BAL,10,0.3,0.0,0.3,0.0
00-0033376,Patrick Ricard,RB,BAL,14,0.35,0.0,0.32,0.0
00-0033376,Patrick Ricard,RB,BAL,18,0.83,0.0,0.5,0.0
00-0033439,Pharaoh Brown,TE,ARI,15,4.04,0.0,4.04,0.0
00-0033455,Anthony Firkser,TE,DET,13,0.8,0.0,0.8,0.0
00-0033455,Anthony Firkser,TE,DET,14,0.63,0.0,0.74,0.0
00-0033455,Anthony Firkser,TE,DET,16,4.64,4.0,2.1,1.4
00-0033455,Anthony Firkser,TE,DET,17,0.5,0.0,1.54,0.91
00-0033455,Anthony Firkser,TE,DET,18,2.22,0.0,1.78,0.59
00-0033526,Samaje Perine,RB,CIN,1,1.3,0.0,1.3,0.0
00-0033526,Samaje Perine,RB,CIN,3,2.31,0.0,1.65,0.0
00-0033526,Samaje Perine,RB,CIN,4,1.07,0.0,1.45,0.0
00-0033526,Samaje Perine,RB,CIN,5,3.43,2.0,2.14,0.7
00-0033526,Samaje Perine,RB,CIN,6,4.26,2.0,2.88,1.15
00-0033526,Samaje Perine,RB,CIN,7,4.04,3.0,3.29,1.8
00-0033526,Samaje Perine,RB,CIN,8,6.07,15.0,4.26,6.42
00-0033526,Samaje Perine,RB,CIN,9,0.44,0.0,2.92,4.17
00-0033526,Samaje Perine,RB,CIN,13,10.57,2.0,5.6,3.41
00-0033526,Samaje Perine,RB,CIN,14,3.53,3.0,4.88,3.27
00-0033526,Samaje Perine,RB,CIN,15,7.66,4.0,5.85,3.52
00-0033526,Samaje Perine,RB,CIN,16,7.25,9.0,6.34,5.44
00-0033526,Samaje Perine,RB,CIN,17,6.76,6.0,6.49,5.64
00-0033526,Samaje Perine,RB,CIN,18,7.47,5.0,6.83,5.41
00-0033553,James Conner,RB,ARI,1,15.34,9.0,15.34,9.0
00-0033553,James Conner,RB,ARI,2,10.65,10.0,13.7,9.35
00-0033553,James Conner,RB,ARI,3,7.41,3.0,11.5,7.13
00-0033555,Mack Hollins,WR,NE,1,1.32,0.0,1.32,0.0
00-0033555,Mack Hollins,WR,NE,2,4.02,6.0,2.26,2.1
00-0033555,Mack Hollins,WR,NE,3,3.11,2.0,2.56,2.06
00-0033555,Mack Hollins,WR,NE,4,3.34,6.0,2.83,3.44
00-0033555,Mack Hollins,WR,NE,6,3.82,2.0,3.18,2.94
00-0033555,Mack Hollins,WR,NE,7,3.11,4.0,3.15,3.31
00-0033555,Mack Hollins,WR,NE,8,6.34,8.0,4.27,4.95
00-0033555,Mack Hollins,WR,NE,9,1.42,0.0,3.27,3.22
00-0033555,Mack Hollins,WR,NE,10,13.28,10.0,6.78,5.59
00-0033555,Mack Hollins,WR,NE,11,6.31,6.0,6.62,5.73
00-0033555,Mack Hollins,WR,NE,12,6.34,3.0,6.52,4.78
00-0033555,Mack Hollins,WR,NE,13,4.64,2.0,5.86,3.81
00-0033555,Mack Hollins,WR,NE,15,9.99,4.0,7.31,3.87
00-0033555,Mack Hollins,WR,NE,16,8.94,6.0,7.88,4.62
00-0033576,Eric Saubert,TE,SEA,3,1.66,1.0,1.66,1.0
00-0033576,Eric Saubert,TE,SEA,15,0.7,0.0,1.32,0.65
00-0033576,Eric Saubert,TE,SEA,16,0.0,2.0,0.86,1.12
00-0033576,Eric Saubert,TE,SEA,17,4.58,0.0,2.16,0.73
00-0033576,Eric Saubert,TE,SEA,18,1.93,1.0,2.08,0.82
00-0033589,David Moore,WR,CAR,3,0.66,0.0,0.66,0.0
00-0033589,David Moore,WR,CAR,4,0.7,1.0,0.67,0.35
00-0033591,Noah Brown,WR,WAS,1,5.0,2.0,5.0,2.0
00-0033591,Noah Brown,WR,WAS,2,4.26,0.0,4.74,1.3
00-0033591,Noah Brown,WR,WAS,14,1.94,1.0,3.76,1.2
00-0033591,Noah Brown,WR,WAS,15,1.04,2.0,2.81,1.48
00-0033662,Cooper Rush,QB,BAL,2,-0.3,-1.0,-0.3,-1.0
00-0033662,Cooper Rush,QB,BAL,4,2.73,2.0,0.76,0.05
00-0033662,Cooper Rush,QB,BAL,5,5.82,1.0,2.53,0.38
00-0033662,Cooper Rush,QB,BAL,6,5.05,-2.0,3.41,-0.45
00-0033699,Austin Ekeler,RB,WAS,1,6.08,5.0,6.08,5.0
00-0033699,Austin Ekeler,RB,WAS,2,6.44,1.0,6.2,3.6
00-0033757,Robert Tonyan,TE,KC,11,0.61,0.0,0.61,0.0
00-0033854,Dare Ogunbowale,RB,HOU,1,2.41,-1.0,2.41,-1.0
00-0033854,Dare Ogunbowale,RB,HOU,7,0.68,0.0,1.81,-0.65
00-0033854,Dare Ogunbowale,RB,HOU,8,1.47,0.0,1.69,-0.42
00-0033854,Dare Ogunbowale,RB,HOU,9,0.61,0.0,1.31,-0.27
00-0033854,Dare Ogunbowale,RB,HOU,11,0.7,0.0,1.1,-0.18
00-0033854,Dare Ogunbowale,RB,HOU,14,1.37,6.0,1.19,1.98
00-0033854,Dare Ogunbowale,RB,HOU,15,14.06,3.0,5.7,2.34
00-0033854,Dare Ogunbowale,RB,HOU,16,1.04,-1.0,4.07,1.17
00-0033854,Dare Ogunbowale,RB,HOU,18,1.62,0.0,3.21,0.76
00-0033857,JuJu Smith-Schuster,WR,KC,1,3.7,5.0,3.7,5.0
00-0033857,JuJu Smith-Schuster,WR,KC,2,2.27,0.0,3.2,3.25
00-0033857,JuJu Smith-Schuster,WR,KC,3,3.85,5.0,3.42,3.86
00-0033857,JuJu Smith-Schuster,WR,KC,4,9.86,9.0,5.68,5.66
00-0033857,JuJu Smith-Schuster,WR,KC,5,4.26,1.0,5.18,4.03
00-0033857,JuJu Smith-Schuster,WR,KC,6,2.18,5.0,4.13,4.37
00-0033857,JuJu Smith-Schuster,WR,KC,7,2.78,3.0,3.66,3.89
00-0033857,JuJu Smith-Schuster,WR,KC,8,1.8,2.0,3.01,3.23
00-0033857,JuJu Smith-Schuster,WR,KC,9,0.6,0.0,2.17,2.1
00-0033857,JuJu Smith-Schuster,WR,KC,12,3.39,0.0,2.59,1.36
00-0033857,JuJu Smith-Schuster,WR,KC,13,0.42,0.0,1.83,0.89
00-0033857,JuJu Smith-Schuster,WR,KC,14,1.8,0.0,1.82,0.58
00-0033857,JuJu Smith-Schuster,WR,KC,15,0.89,0.0,1.5,0.37
00-0033857,JuJu Smith-Schuster,WR,KC,16,1.82,1.0,1.61,0.59
00-0033857,JuJu Smith-Schuster,WR,KC,17,1.91,1.0,1.71,0.74
00-0033857,JuJu Smith-Schuster,WR,KC,18,1.18,1.0,1.53,0.83
00-0033858,Jonnu Smith,TE,PIT,1,6.13,7.0,6.13,7.0
00-0033858,Jonnu Smith,TE,PIT,2,2.56,2.0,4.88,5.25
00-0033858,Jonnu Smith,TE,PIT,3,2.53,2.0,4.06,4.11
00-0033858,Jonnu Smith,TE,PIT,4,1.65,0.0,3.22,2.67
00-0033858,Jonnu Smith,TE,PIT,6,3.52,2.0,3.32,2.44
00-0033858,Jonnu Smith,TE,PIT,7,6.95,8.0,4.59,4.38
00-0033858,Jonnu Smith,TE,PIT,8,2.66,1.0,3.91,3.2
00-0033858,Jonnu Smith,TE,PIT,9,4.25,2.0,4.03,2.78
00-0033858,Jonnu Smith,TE,PIT,10,2.11,0.0,3.36,1.81
00-0033858,Jonnu Smith,TE,PIT,11,2.2,0.0,2.95,1.17
00-0033858,Jonnu Smith,TE,PIT,12,4.13,2.0,3.37,1.46
00-0033858,Jonnu Smith,TE,PIT,13,3.18,0.0,3.3,0.95
00-0033858,Jonnu Smith,TE,PIT,14,0.58,0.0,2.35,0.62
00-0033858,Jonnu Smith,TE,PIT,15,2.86,8.0,2.53,3.2
00-0033858,Jonnu Smith,TE,PIT,16,2.04,2.0,2.36,2.78
00-0033858,Jonnu Smith,TE,PIT,17,4.22,1.0,3.01,2.16
00-0033858,Jonnu Smith,TE,PIT,18,4.6,0.0,3.57,1.4
00-0033869,Mitchell Trubisky,QB,BUF,2,0.44,0.0,0.44,0.0
00-0033869,Mitchell Trubisky,QB,BUF,8,1.73,0.0,0.89,0.0
00-0033869,Mitchell Trubisky,QB,BUF,10,0.85,0.0,0.88,0.0
00-0033869,Mitchell Trubisky,QB,BUF,18,23.12,28.0,8.66,9.8
00-0033873,Patrick Mahomes,QB,KC,1,20.21,25.0,20.21,25.0
00-0033873,Patrick Mahomes,QB,KC,2,15.34,21.0,18.51,23.6
00-0033873,Patrick Mahomes,QB,KC,3,17.35,12.0,18.1,19.54
00-0033873,Patrick Mahomes,QB,KC,4,29.33,26.0,22.03,21.8
00-0033873,Patrick Mahomes,QB,KC,5,26.86,26.0,23.72,23.27
00-0033873,Patrick Mahomes,QB,KC,6,26.49,31.0,24.69,25.98
00-0033873,Patrick Mahomes,QB,KC,7,25.66,25.0,25.03,25.63
00-0033873,Patrick Mahomes,QB,KC,8,19.73,22.0,23.17,24.36
00-0033873,Patrick Mahomes,QB,KC,9,16.87,10.0,20.97,19.34
00-0033873,Patrick Mahomes,QB,KC,11,17.08,13.0,19.61,17.12
00-0033873,Patrick Mahomes,QB,KC,12,26.36,17.0,21.97,17.08
00-0033873,Patrick Mahomes,QB,KC,13,23.04,29.0,22.34,21.25
00-0033873,Patrick Mahomes,QB,KC,14,16.88,4.0,20.43,15.21
00-0033873,Patrick Mahomes,QB,KC,15,12.53,12.0,17.67,14.09
00-0033881,Evan Engram,TE,DEN,1,2.6,2.0,2.6,2.0
00-0033881,Evan Engram,TE,DEN,2,1.41,1.0,2.18,1.65
00-0033881,Evan Engram,TE,DEN,4,7.59,2.0,4.07,1.77
00-0033881,Evan Engram,TE,DEN,5,5.36,9.0,4.52,4.3
00-0033881,Evan Engram,TE,DEN,6,5.09,4.0,4.72,4.2
00-0033881,Evan Engram,TE,DEN,7,3.74,4.0,4.38,4.13
00-0033881,Evan Engram,TE,DEN,8,3.47,3.0,4.06,3.73
00-0033881,Evan Engram,TE,DEN,9,2.75,0.0,3.6,2.43
00-0033881,Evan Engram,TE,DEN,10,5.33,1.0,4.21,1.93
00-0033881,Evan Engram,TE,DEN,11,3.08,3.0,3.81,2.3
00-0033881,Evan Engram,TE,DEN,13,7.83,7.0,5.22,3.95
00-0033881,Evan Engram,TE,DEN,14,1.15,0.0,3.79,2.57
00-0033881,Evan Engram,TE,DEN,15,1.74,1.0,3.08,2.02
00-0033881,Evan Engram,TE,DEN,16,3.08,3.0,3.08,2.36
00-0033881,Evan Engram,TE,DEN,17,2.33,2.0,2.81,2.23
00-0033881,Evan Engram,TE,DEN,18,3.35,4.0,3.0,2.85
00-0033885,David Njoku,TE,CLE,1,4.5,3.0,4.5,3.0
00-0033885,David Njoku,TE,CLE,2,3.92,4.0,4.29,3.35
00-0033885,David Njoku,TE,CLE,3,4.54,4.0,4.38,3.58
00-0033885,David Njoku,TE,CLE,4,1.9,1.0,3.51,2.68
00-0033885,David Njoku,TE,CLE,5,9.29,12.0,5.53,5.94
00-0033885,David Njoku,TE,CLE,6,4.65,2.0,5.23,4.56
00-0033885,David Njoku,TE,CLE,8,5.17,9.0,5.21,6.11
00-0033885,David Njoku,TE,CLE,10,1.96,8.0,4.07,6.77
00-0033885,David Njoku,TE,CLE,11,0.91,0.0,2.97,4.4
00-0033885,David Njoku,TE,CLE,13,1.19,0.0,2.34,2.86
00-0033885,David Njoku,TE,CLE,14,3.48,6.0,2.74,3.96
00-0033891,Zay Jones,WR,ARI,1,0.65,0.0,0.65,0.0
00-0033891,Zay Jones,WR,ARI,3,3.32,2.0,1.59,0.7
00-0033891,Zay Jones,WR,ARI,5,2.78,0.0,2.0,0.45
00-0033891,Zay Jones,WR,ARI,6,8.88,7.0,4.41,2.75
00-0033891,Zay Jones,WR,ARI,7,2.97,6.0,3.91,3.88
00-0033891,Zay Jones,WR,ARI,10,2.56,0.0,3.44,2.53
00-0033906,Alvin Kamara,RB,NO,1,8.0,11.0,8.0,11.0
00-0033906,Alvin Kamara,RB,NO,2,14.41,9.0,10.24,10.3
00-0033906,Alvin Kamara,RB,NO,3,9.39,5.0,9.94,8.45
00-0033906,Alvin Kamara,RB,NO,4,10.18,7.0,10.03,7.94
00-0033906,Alvin Kamara,RB,NO,5,9.0,4.0,9.67,6.56
00-0033906,Alvin Kamara,RB,NO,6,8.66,7.0,9.31,6.71
00-0033906,Alvin Kamara,RB,NO,7,7.28,2.0,8.6,5.06
00-0033906,Alvin Kamara,RB,NO,8,4.09,4.0,7.02,4.69
00-0033906,Alvin Kamara,RB,NO,9,4.19,-1.0,6.03,2.7
00-0033906,Alvin Kamara,RB,NO,10,13.68,11.0,8.71,5.6
00-0033906,Alvin Kamara,RB,NO,12,2.61,1.0,6.57,3.99
00-0033908,Cooper Kupp,WR,SEA,1,2.3,1.0,2.3,1.0
00-0033908,Cooper Kupp,WR,SEA,2,7.78,9.0,4.22,3.8
00-0033908,Cooper Kupp,WR,SEA,3,2.61,3.0,3.65,3.52
00-0033908,Cooper Kupp,WR,SEA,4,3.71,2.0,3.67,2.99
00-0033908,Cooper Kupp,WR,SEA,5,6.67,5.0,4.72,3.69
00-0033908,Cooper Kupp,WR,SEA,6,5.26,10.0,4.91,5.9
00-0033908,Cooper Kupp,WR,SEA,7,1.84,1.0,3.83,4.18
00-0033908,Cooper Kupp,WR,SEA,10,1.77,7.0,3.11,5.17
00-0033908,Cooper Kupp,WR,SEA,11,8.17,2.0,4.88,4.06
00-0033908,Cooper Kupp,WR,SEA,12,4.15,2.0,4.63,3.34
00-0033908,Cooper Kupp,WR,SEA,13,2.6,2.0,3.92,2.87
00-0033908,Cooper Kupp,WR,SEA,14,5.75,9.0,4.56,5.02
00-0033908,Cooper Kupp,WR,SEA,15,6.48,4.0,5.23,4.66
00-0033908,Cooper Kupp,WR,SEA,16,5.64,3.0,5.38,4.08
00-0033908,Cooper Kupp,WR,SEA,17,4.25,0.0,4.98,2.65
00-0033908,Cooper Kupp,WR,SEA,18,4.66,2.0,4.87,2.42
00-0033921,Chris Godwin Jr.,WR,TB,4,11.28,2.0,11.28,2.0
00-0033921,Chris Godwin Jr.,WR,TB,5,2.37,2.0,8.16,2.0
00-0033921,Chris Godwin Jr.,WR,TB,12,3.41,0.0,6.5,1.3
00-0033921,Chris Godwin Jr.,WR,TB,13,8.1,7.0,7.06,3.29
00-0033921,Chris Godwin Jr.,WR,TB,14,4.93,5.0,6.31,3.89
00-0033921,Chris Godwin Jr.,WR,TB,15,5.81,10.0,6.14,6.03
00-0033921,Chris Godwin Jr.,WR,TB,16,5.68,3.0,5.98,4.97
00-0033921,Chris Godwin Jr.,WR,TB,17,8.16,16.0,6.74,8.83
00-0033921,Chris Godwin Jr.,WR,TB,18,0.68,0.0,4.62,5.74
00-0033923,Kareem Hunt,RB,KC,1,3.94,2.0,3.94,2.0
00-0033923,Kareem Hunt,RB,KC,2,4.11,3.0,4.0,2.35
00-0033923,Kareem Hunt,RB,KC,3,8.45,10.0,5.56,5.03
00-0033923,Kareem Hunt,RB,KC,4,7.04,4.0,6.08,4.67
00-0033923,Kareem Hunt,RB,KC,5,8.36,16.0,6.88,8.63
00-0033923,Kareem Hunt,RB,KC,6,3.6,3.0,5.73,6.66
00-0033923,Kareem Hunt,RB,KC,7,1.67,1.0,4.31,4.68
00-0033923,Kareem Hunt,RB,KC,8,10.43,16.0,6.45,8.64
00-0033923,Kareem Hunt,RB,KC,9,13.92,10.0,9.06,9.12
00-0033923,Kareem Hunt,RB,KC,11,9.67,11.0,9.27,9.78
00-0033923,Kareem Hunt,RB,KC,12,20.33,16.0,13.14,11.95
00-0033923,Kareem Hunt,RB,KC,13,11.98,7.0,12.74,10.22
00-0033923,Kareem Hunt,RB,KC,14,9.66,9.0,11.66,9.79
00-0033923,Kareem Hunt,RB,KC,15,5.86,1.0,9.63,6.72
00-0033923,Kareem Hunt,RB,KC,16,1.21,0.0,6.68,4.37
00-0033923,Kareem Hunt,RB,KC,17,3.54,3.0,5.58,3.89
00-0033923,Kareem Hunt,RB,KC,18,4.36,3.0,5.16,3.58
00-0033943,Josh Reynolds,WR,NYJ,1,2.27,1.0,2.27,1.0
00-0033943,Josh Reynolds,WR,NYJ,4,1.88,0.0,2.13,0.65
00-0033943,Josh Reynolds,WR,NYJ,5,4.21,4.0,2.86,1.82
00-0033943,Josh Reynolds,WR,NYJ,6,2.2,2.0,2.63,1.88
00-0033943,Josh Reynolds,WR,NYJ,7,9.75,2.0,5.12,1.93
00-0033949,Joshua Dobbs,QB,NE,4,0.3,-1.0,0.3,-1.0
00-0033949,Joshua Dobbs,QB,NE,7,0.22,-1.0,0.27,-1.0
00-0033949,Joshua Dobbs,QB,NE,17,1.08,0.0,0.56,-0.65
00-0033949,Joshua Dobbs,QB,NE,18,2.44,0.0,1.21,-0.42
00-0033955,Jeremy McNichols,RB,WAS,1,1.88,2.0,1.88,2.0
00-0033955,Jeremy McNichols,RB,WAS,3,2.12,13.0,1.96,5.85
00-0033955,Jeremy McNichols,RB,WAS,4,2.65,0.0,2.2,3.8
00-0033955,Jeremy McNichols,RB,WAS,5,1.58,1.0,1.98,2.82
00-0033955,Jeremy McNichols,RB,WAS,6,3.93,3.0,2.66,2.88
00-0033955,Jeremy McNichols,RB,WAS,7,3.24,4.0,2.86,3.27
00-0033955,Jeremy McNichols,RB,WAS,8,4.19,6.0,3.33,4.23
00-0033955,Jeremy McNichols,RB,WAS,9,0.4,0.0,2.3,2.75
00-0033955,Jeremy McNichols,RB,WAS,10,4.72,2.0,3.15,2.49
00-0033955,Jeremy McNichols,RB,WAS,11,4.69,2.0,3.69,2.32
00-0033955,Jeremy McNichols,RB,WAS,13,4.17,3.0,3.86,2.56
00-0033955,Jeremy McNichols,RB,WAS,14,0.54,0.0,2.7,1.66
00-0033955,Jeremy McNichols,RB,WAS,15,5.52,-1.0,3.69,0.73
00-0033955,Jeremy McNichols,RB,WAS,16,2.2,2.0,3.17,1.17
00-0033955,Jeremy McNichols,RB,WAS,17,2.23,0.0,2.84,0.76
00-0033955,Jeremy McNichols,RB,WAS,18,0.88,0.0,2.16,0.5
00-0034073,Ross Dwelley,TE,DET,10,0.79,0.0,0.79,0.0
00-0034073,Ross Dwelley,TE,DET,13,6.34,0.0,2.73,0.0
00-0034073,Ross Dwelley,TE,DET,14,1.47,0.0,2.29,0.0
00-0034159,Will Dissly,TE,LAC,1,0.98,1.0,0.98,1.0
00-0034159,Will Dissly,TE,LAC,2,0.77,0.0,0.91,0.65
00-0034159,Will Dissly,TE,LAC,6,1.18,1.0,1.01,0.77
00-0034159,Will Dissly,TE,LAC,7,0.98,0.0,1.0,0.5
00-0034159,Will Dissly,TE,LAC,14,0.49,0.0,0.82,0.33
00-0034159,Will Dissly,TE,LAC,16,2.57,2.0,1.43,0.91
00-0034159,Will Dissly,TE,LAC,17,1.03,1.0,1.29,0.94
00-0034159,Will Dissly,TE,LAC,18,3.14,0.0,1.94,0.61
00-0034270,Tyler Conklin,TE,LAC,1,3.11,5.0,3.11,5.0
00-0034270,Tyler Conklin,TE,LAC,3,1.12,0.0,2.41,3.25
00-0034270,Tyler Conklin,TE,LAC,4,0.46,0.0,1.73,2.11
00-0034270,Tyler Conklin,TE,LAC,5,2.05,3.0,1.84,2.42
00-0034270,Tyler Conklin,TE,LAC,10,0.88,1.0,1.51,1.93
00-0034270,Tyler Conklin,TE,LAC,18,0.48,0.0,1.15,1.25
00-0034272,Marquez Valdes-Scantling,WR,SF,2,1.12,0.0,1.12,0.0
00-0034272,Marquez Valdes-Scantling,WR,SF,3,0.88,0.0,1.04,0.0
00-0034272,Marquez Valdes-Scantling,WR,SF,5,2.82,0.0,1.66,0.0
00-0034272,Marquez Valdes-Scantling,WR,SF,6,2.55,2.0,1.97,0.7
00-0034272,Marquez Valdes-Scantling,WR,PIT,14,0.66,0.0,1.51,0.45
00-0034272,Marquez Valdes-Scantling,WR,PIT,15,2.86,7.0,1.98,2.75
00-0034272,Marquez Valdes-Scantling,WR,PIT,16,5.01,0.0,3.04,1.78
00-0034272,Marquez Valdes-Scantling,WR,PIT,17,10.34,2.0,5.6,1.86
00-0034272,Marquez Valdes-Scantling,WR,PIT,18,6.77,3.0,6.01,2.26
00-0034348,Courtland Sutton,WR,DEN,1,9.59,12.0,9.59,12.0
00-0034348,Courtland Sutton,WR,DEN,2,6.83,0.0,8.62,7.8
00-0034348,Courtland Sutton,WR,DEN,3,9.57,17.0,8.96,11.02
00-0034348,Courtland Sutton,WR,DEN,4,6.17,14.0,7.98,12.06
00-0034348,Courtland Sutton,WR,DEN,5,8.58,9.0,8.19,10.99
00-0034348,Courtland Sutton,WR,DEN,6,4.23,1.0,6.8,7.49
00-0034348,Courtland Sutton,WR,DEN,7,11.89,10.0,8.58,8.37
00-0034348,Courtland Sutton,WR,DEN,8,7.96,6.0,8.37,7.54
00-0034348,Courtland Sutton,WR,DEN,9,6.28,9.0,7.64,8.05
00-0034348,Courtland Sutton,WR,DEN,10,3.12,2.0,6.05,5.93
00-0034348,Courtland Sutton,WR,DEN,11,7.62,5.0,6.6,5.61
00-0034348,Courtland Sutton,WR,DEN,13,6.25,12.0,6.48,7.84
00-0034348,Courtland Sutton,WR,DEN,14,11.75,6.0,8.32,7.2
00-0034348,Courtland Sutton,WR,DEN,15,12.31,17.0,9.72,10.63
00-0034348,Courtland Sutton,WR,DEN,16,20.22,14.0,13.39,11.81
00-0034348,Courtland Sutton,WR,DEN,17,12.17,4.0,12.97,9.08
00-0034348,Courtland Sutton,WR,DEN,18,1.41,0.0,8.92,5.9
00-0034351,Dallas Goedert,TE,PHI,1,5.17,4.0,5.17,4.0
00-0034351,Dallas Goedert,TE,PHI,3,2.59,9.0,4.27,5.75
00-0034351,Dallas Goedert,TE,PHI,4,8.7,15.0,5.82,8.99
00-0034351,Dallas Goedert,TE,PHI,5,10.49,7.0,7.45,8.29
00-0034351,Dallas Goedert,TE,PHI,6,12.53,17.0,9.23,11.34
00-0034351,Dallas Goedert,TE,PHI,7,2.37,1.0,6.83,7.72
00-0034351,Dallas Goedert,TE,PHI,8,3.59,14.0,5.69,9.92
00-0034351,Dallas Goedert,TE,PHI,10,6.07,4.0,5.82,7.85
00-0034351,Dallas Goedert,TE,PHI,11,4.51,2.0,5.36,5.8
00-0034351,Dallas Goedert,TE,PHI,12,1.66,2.0,4.07,4.47
00-0034351,Dallas Goedert,TE,PHI,13,3.2,2.0,3.76,3.61
00-0034351,Dallas Goedert,TE,PHI,14,6.82,7.0,4.83,4.79
00-0034351,Dallas Goedert,TE,PHI,15,11.06,19.0,7.02,9.77
00-0034351,Dallas Goedert,TE,PHI,16,3.6,9.0,5.82,9.5
00-0034351,Dallas Goedert,TE,PHI,17,9.3,6.0,7.04,8.27
00-0034365,Ian Thomas,TE,LV,5,1.71,2.0,1.71,2.0
00-0034365,Ian Thomas,TE,LV,6,0.5,0.0,1.28,1.3
00-0034365,Ian Thomas,TE,LV,9,0.53,0.0,1.02,0.85
00-0034365,Ian Thomas,TE,LV,11,1.68,2.0,1.25,1.25
00-0034365,Ian Thomas,TE,LV,12,2.19,3.0,1.58,1.86
00-0034365,Ian Thomas,TE,LV,13,0.56,0.0,1.22,1.21
00-0034365,Ian Thomas,TE,LV,14,1.27,1.0,1.24,1.14
00-0034367,Nyheim Hines,RB,LAC,8,0.9,-1.0,0.9,-1.0
00-0034383,Dalton Schultz,TE,HOU,1,3.45,2.0,3.45,2.0
00-0034383,Dalton Schultz,TE,HOU,2,2.71,2.0,3.19,2.0
00-0034383,Dalton Schultz,TE,HOU,3,5.9,3.0,4.14,2.35
00-0034383,Dalton Schultz,TE,HOU,4,6.75,3.0,5.05,2.58
00-0034383,Dalton Schultz,TE,HOU,5,5.54,6.0,5.22,3.78
00-0034383,Dalton Schultz,TE,HOU,7,6.2,9.0,5.56,5.6
00-0034383,Dalton Schultz,TE,HOU,8,2.87,2.0,4.62,4.34
00-0034383,Dalton Schultz,TE,HOU,9,5.91,7.0,5.07,5.27
00-0034383,Dalton Schultz,TE,HOU,10,9.83,11.0,6.74,7.28
00-0034383,Dalton Schultz,TE,HOU,11,6.77,5.0,6.75,6.48
00-0034383,Dalton Schultz,TE,HOU,12,7.39,0.0,6.97,4.21
00-0034383,Dalton Schultz,TE,HOU,13,7.49,5.0,7.15,4.49
00-0034383,Dalton Schultz,TE,HOU,14,2.81,2.0,5.63,3.62
00-0034383,Dalton Schultz,TE,HOU,15,11.92,13.0,7.83,6.9
00-0034383,Dalton Schultz,TE,HOU,16,6.92,9.0,7.51,7.64
00-0034383,Dalton Schultz,TE,HOU,17,2.27,1.0,5.68,5.31
00-0034383,Dalton Schultz,TE,HOU,18,3.81,7.0,5.03,5.9
00-0034386,Justin Watson,WR,HOU,1,1.55,2.0,1.55,2.0
00-0034386,Justin Watson,WR,HOU,2,2.96,0.0,2.04,1.3
00-0034407,Ray-Ray McCloud,WR,ATL,1,4.27,5.0,4.27,5.0
00-0034407,Ray-Ray McCloud,WR,ATL,2,2.55,0.0,3.67,3.25
00-0034407,Ray-Ray McCloud,WR,ATL,3,4.28,2.0,3.88,2.81
00-0034407,Ray-Ray McCloud,WR,ATL,4,0.96,-1.0,2.86,1.48
00-0034407,Ray-Ray McCloud,WR,NYG,9,0.69,0.0,2.1,0.96
00-0034418,Cedrick Wilson Jr.,WR,MIA,8,0.63,0.0,0.63,0.0
00-0034418,Cedrick Wilson Jr.,WR,MIA,9,0.64,0.0,0.63,0.0
00-0034418,Cedrick Wilson Jr.,WR,MIA,13,1.85,1.0,1.06,0.35
00-0034418,Cedrick Wilson Jr.,WR,MIA,16,0.85,1.0,0.99,0.58
00-0034418,Cedrick Wilson Jr.,WR,MIA,17,3.33,0.0,1.81,0.38
00-0034418,Cedrick Wilson Jr.,WR,MIA,18,2.96,0.0,2.21,0.24
00-0034419,Braxton Berrios,WR,HOU,7,1.47,-1.0,1.47,-1.0
00-0034419,Braxton Berrios,WR,HOU,8,3.89,3.0,2.32,0.4
00-0034487,Trent Sherfield,WR,DEN,1,0.77,0.0,0.77,0.0
00-0034487,Trent Sherfield,WR,DEN,2,0.69,0.0,0.74,0.0
00-0034487,Trent Sherfield,WR,DEN,5,3.04,1.0,1.55,0.35
00-0034487,Trent Sherfield,WR,ARI,14,0.78,0.0,1.28,0.23
00-0034521,Allen Lazard,WR,NYJ,3,5.93,7.0,5.93,7.0
00-0034521,Allen Lazard,WR,NYJ,4,0.58,0.0,4.06,4.55
00-0034521,Allen Lazard,WR,NYJ,5,2.6,0.0,3.55,2.96
00-0034521,Allen Lazard,WR,NYJ,7,2.68,1.0,3.25,2.27
00-0034521,Allen Lazard,WR,NYJ,8,3.12,0.0,3.2,1.48
00-0034521,Allen Lazard,WR,NYJ,12,1.64,0.0,2.65,0.96
00-0034521,Allen Lazard,WR,NYJ,13,0.42,1.0,1.87,0.97
00-0034521,Allen Lazard,WR,NYJ,14,0.81,0.0,1.5,0.63
00-0034521,Allen Lazard,WR,NYJ,15,2.65,0.0,1.9,0.41
00-0034577,Kyle Allen,QB,DET,4,-0.2,-1.0,-0.2,-1.0
00-0034577,Kyle Allen,QB,DET,10,0.62,-1.0,0.09,-1.0
00-0034613,Tanner Hudson,TE,CIN,6,5.31,7.0,5.31,7.0
00-0034613,Tanner Hudson,TE,CIN,8,2.23,0.0,4.24,4.55
00-0034613,Tanner Hudson,TE,CIN,9,1.98,4.0,3.45,4.36
00-0034613,Tanner Hudson,TE,CIN,11,1.92,2.0,2.91,3.53
00-0034613,Tanner Hudson,TE,CIN,12,0.73,0.0,2.15,2.3
00-0034613,Tanner Hudson,TE,CIN,13,5.38,7.0,3.28,3.94
00-0034613,Tanner Hudson,TE,CIN,14,0.71,1.0,2.38,2.91
00-0034613,Tanner Hudson,TE,CIN,15,3.87,1.0,2.9,2.24
00-0034613,Tanner Hudson,TE,CIN,16,0.89,0.0,2.2,1.46
00-0034613,Tanner Hudson,TE,CIN,17,1.4,3.0,1.92,2.0
00-0034753,Mark Andrews,TE,BAL,1,0.65,0.0,0.65,0.0
00-0034753,Mark Andrews,TE,BAL,2,8.0,0.0,3.22,0.0
00-0034753,Mark Andrews,TE,BAL,3,7.91,21.0,4.86,7.35
00-0034753,Mark Andrews,TE,BAL,4,5.41,3.0,5.05,5.83
00-0034753,Mark Andrews,TE,BAL,5,2.99,2.0,4.33,4.49
00-0034753,Mark Andrews,TE,BAL,6,11.18,2.0,6.73,3.62
00-0034753,Mark Andrews,TE,BAL,8,3.1,3.0,5.46,3.4
00-0034753,Mark Andrews,TE,BAL,9,8.82,14.0,6.63,7.11
00-0034753,Mark Andrews,TE,BAL,10,7.98,7.0,7.1,7.07
00-0034753,Mark Andrews,TE,BAL,11,8.28,12.0,7.52,8.8
00-0034753,Mark Andrews,TE,BAL,12,6.38,0.0,7.12,5.72
00-0034753,Mark Andrews,TE,BAL,13,5.77,4.0,6.65,5.12
00-0034753,Mark Andrews,TE,BAL,14,7.3,0.0,6.87,3.33
00-0034753,Mark Andrews,TE,BAL,15,3.36,1.0,5.64,2.51
00-0034753,Mark Andrews,TE,BAL,16,3.27,2.0,4.81,2.33
00-0034753,Mark Andrews,TE,BAL,17,2.63,2.0,4.05,2.22
00-0034753,Mark Andrews,TE,BAL,18,1.86,1.0,3.28,1.79
00-0034771,Mason Rudolph,QB,PIT,2,0.42,0.0,0.42,0.0
00-0034771,Mason Rudolph,QB,PIT,6,-0.3,0.0,0.17,0.0
00-0034771,Mason Rudolph,QB,PIT,11,7.18,8.0,2.62,2.8
00-0034771,Mason Rudolph,QB,PIT,12,12.84,6.0,6.2,3.92
00-0034771,Mason Rudolph,QB,PIT,13,0.82,-2.0,4.32,1.85
00-0034775,Christian Kirk,WR,HOU,3,7.45,2.0,7.45,2.0
00-0034775,Christian Kirk,WR,HOU,4,2.89,2.0,5.85,2.0
00-0034775,Christian Kirk,WR,HOU,5,4.71,6.0,5.45,3.4
00-0034775,Christian Kirk,WR,HOU,9,6.08,2.0,5.67,2.91
00-0034775,Christian Kirk,WR,HOU,10,2.35,0.0,4.51,1.89
00-0034775,Christian Kirk,WR,HOU,11,5.13,0.0,4.73,1.23
00-0034775,Christian Kirk,WR,HOU,12,8.27,11.0,5.97,4.65
00-0034775,Christian Kirk,WR,HOU,14,3.0,0.0,4.93,3.02
00-0034775,Christian Kirk,WR,HOU,16,4.17,3.0,4.66,3.01
00-0034775,Christian Kirk,WR,HOU,17,3.24,0.0,4.17,1.96
00-0034775,Christian Kirk,WR,HOU,18,0.94,-1.0,3.03,0.92
00-0034791,Nick Chubb,RB,HOU,1,6.63,6.0,6.63,6.0
00-0034791,Nick Chubb,RB,HOU,2,9.73,12.0,7.71,8.1
00-0034791,Nick Chubb,RB,HOU,3,6.63,3.0,7.33,6.31
00-0034791,Nick Chubb,RB,HOU,4,7.98,5.0,7.56,5.85
00-0034791,Nick Chubb,RB,HOU,5,10.01,12.0,8.42,8.01
00-0034791,Nick Chubb,RB,HOU,7,4.33,0.0,6.98,5.2
00-0034791,Nick Chubb,RB,HOU,8,10.18,6.0,8.1,5.48
00-0034791,Nick Chubb,RB,HOU,9,9.2,3.0,8.49,4.61
00-0034791,Nick Chubb,RB,HOU,10,2.87,4.0,6.52,4.4
00-0034791,Nick Chubb,RB,HOU,11,2.4,1.0,5.08,3.21
00-0034791,Nick Chubb,RB,HOU,12,4.73,0.0,4.96,2.09
00-0034791,Nick Chubb,RB,HOU,13,6.53,9.0,5.51,4.51
00-0034791,Nick Chubb,RB,HOU,14,0.41,0.0,3.72,2.93
00-0034791,Nick Chubb,RB,HOU,16,3.84,3.0,3.77,2.95
00-0034791,Nick Chubb,RB,HOU,17,0.47,0.0,2.61,1.92
00-0034796,Lamar Jackson,QB,BAL,1,13.07,29.0,13.07,29.0
00-0034796,Lamar Jackson,QB,BAL,2,26.95,26.0,17.93,27.95
00-0034796,Lamar Jackson,QB,BAL,3,18.78,26.0,18.23,27.27
00-0034796,Lamar Jackson,QB,BAL,4,13.02,9.0,16.41,20.87
00-0034796,Lamar Jackson,QB,BAL,9,20.0,25.0,17.66,22.32
00-0034796,Lamar Jackson,QB,BAL,10,24.68,16.0,20.12,20.11
00-0034796,Lamar Jackson,QB,BAL,11,12.18,4.0,17.34,14.47
00-0034796,Lamar Jackson,QB,BAL,12,17.77,7.0,17.49,11.86
00-0034796,Lamar Jackson,QB,BAL,13,15.91,5.0,16.94,9.46
00-0034796,Lamar Jackson,QB,BAL,14,24.17,20.0,19.47,13.15
00-0034796,Lamar Jackson,QB,BAL,15,8.3,14.0,15.56,13.45
00-0034796,Lamar Jackson,QB,BAL,16,4.89,4.0,11.83,10.14
00-0034796,Lamar Jackson,QB,BAL,18,7.32,19.0,10.25,13.24
00-0034798,Durham Smythe,TE,CHI,11,2.85,0.0,2.85,0.0
00-0034798,Durham Smythe,TE,CHI,12,0.87,0.0,2.16,0.0
00-0034798,Durham Smythe,TE,CHI,14,0.6,0.0,1.61,0.0
00-0034798,Durham Smythe,TE,CHI,17,0.79,1.0,1.32,0.35
00-0034827,DJ Moore,WR,CHI,1,8.44,4.0,8.44,4.0
00-0034827,DJ Moore,WR,CHI,2,5.0,4.0,7.24,4.0
00-0034827,DJ Moore,WR,CHI,3,9.0,8.0,7.85,5.4
00-0034827,DJ Moore,WR,CHI,4,3.84,3.0,6.45,4.56
00-0034827,DJ Moore,WR,CHI,6,6.4,5.0,6.43,4.71
00-0034827,DJ Moore,WR,CHI,7,6.39,4.0,6.42,4.46
00-0034827,DJ Moore,WR,CHI,8,9.9,7.0,7.64,5.35
00-0034827,DJ Moore,WR,CHI,9,10.37,18.0,8.59,9.78
00-0034827,DJ Moore,WR,CHI,10,4.55,0.0,7.18,6.36
00-0034827,DJ Moore,WR,CHI,11,4.78,1.0,6.34,4.48
00-0034827,DJ Moore,WR,CHI,12,10.31,18.0,7.73,9.21
00-0034827,DJ Moore,WR,CHI,13,6.16,2.0,7.18,6.69
00-0034827,DJ Moore,WR,CHI,14,2.44,-1.0,5.52,4.0
00-0034827,DJ Moore,WR,CHI,15,10.81,18.0,7.37,8.9
00-0034827,DJ Moore,WR,CHI,16,9.14,16.0,7.99,11.38
00-0034827,DJ Moore,WR,CHI,17,5.66,0.0,7.18,7.4
00-0034827,DJ Moore,WR,CHI,18,4.44,1.0,6.22,5.16
00-0034829,Mike Gesicki,TE,CIN,1,5.38,1.0,5.38,1.0
00-0034829,Mike Gesicki,TE,CIN,2,6.45,1.0,5.76,1.0
00-0034829,Mike Gesicki,TE,CIN,3,2.21,0.0,4.51,0.65
00-0034829,Mike Gesicki,TE,CIN,4,0.65,0.0,3.16,0.42
00-0034829,Mike Gesicki,TE,CIN,5,4.3,1.0,3.56,0.62
00-0034829,Mike Gesicki,TE,CIN,12,5.06,3.0,4.09,1.46
00-0034829,Mike Gesicki,TE,CIN,13,7.28,1.0,5.2,1.3
00-0034829,Mike Gesicki,TE,CIN,14,7.04,14.0,5.85,5.74
00-0034829,Mike Gesicki,TE,CIN,15,3.24,1.0,4.93,4.08
00-0034829,Mike Gesicki,TE,CIN,16,6.12,9.0,5.35,5.8
00-0034829,Mike Gesicki,TE,CIN,17,2.68,4.0,4.41,5.17
00-0034829,Mike Gesicki,TE,CIN,18,1.44,1.0,3.37,3.71
00-0034837,Calvin Ridley,WR,TEN,1,5.96,2.0,5.96,2.0
00-0034837,Calvin Ridley,WR,TEN,2,7.25,5.0,6.41,3.05
00-0034837,Calvin Ridley,WR,TEN,3,6.27,2.0,6.36,2.68
00-0034837,Calvin Ridley,WR,TEN,4,2.68,3.0,5.07,2.79
00-0034837,Calvin Ridley,WR,TEN,5,10.21,13.0,6.87,6.37
00-0034837,Calvin Ridley,WR,TEN,6,0.94,1.0,4.8,4.49
00-0034837,Calvin Ridley,WR,TEN,11,0.72,1.0,3.37,3.27
00-0034844,Saquon Barkley,RB,PHI,1,15.81,14.0,15.81,14.0
00-0034844,Saquon Barkley,RB,PHI,2,14.14,14.0,15.23,14.0
00-0034844,Saquon Barkley,RB,PHI,3,15.57,4.0,15.35,10.5
00-0034844,Saquon Barkley,RB,PHI,4,12.81,13.0,14.46,11.38
00-0034844,Saquon Barkley,RB,PHI,5,5.76,14.0,11.42,12.29
00-0034844,Saquon Barkley,RB,PHI,6,11.65,5.0,11.5,9.74
00-0034844,Saquon Barkley,RB,PHI,7,10.22,3.0,11.05,7.38
00-0034844,Saquon Barkley,RB,PHI,8,11.95,29.0,11.37,14.95
00-0034844,Saquon Barkley,RB,PHI,10,11.7,10.0,11.48,13.22
00-0034844,Saquon Barkley,RB,PHI,11,17.99,8.0,13.76,11.39
00-0034844,Saquon Barkley,RB,PHI,12,12.53,5.0,13.33,9.15
00-0034844,Saquon Barkley,RB,PHI,13,8.04,5.0,11.48,7.7
00-0034844,Saquon Barkley,RB,PHI,14,12.68,18.0,11.9,11.31
00-0034844,Saquon Barkley,RB,PHI,15,23.58,14.0,15.99,12.25
00-0034844,Saquon Barkley,RB,PHI,16,15.27,21.0,15.73,15.31
00-0034844,Saquon Barkley,RB,PHI,17,12.45,6.0,14.59,12.05
00-0034854,KhaDarel Hodge,WR,ATL,1,1.8,0.0,1.8,0.0
00-0034854,KhaDarel Hodge,WR,ATL,8,7.84,3.0,3.92,1.05
00-0034854,KhaDarel Hodge,WR,ATL,11,1.41,0.0,3.04,0.68
00-0034855,Baker Mayfield,QB,TB,1,18.0,21.0,18.0,21.0
00-0034855,Baker Mayfield,QB,TB,2,18.56,19.0,18.2,20.3
00-0034855,Baker Mayfield,QB,TB,3,15.01,17.0,17.08,19.14
00-0034855,Baker Mayfield,QB,TB,4,14.36,18.0,16.13,18.74
00-0034855,Baker Mayfield,QB,TB,5,17.18,26.0,16.5,21.28
00-0034855,Baker Mayfield,QB,TB,6,10.42,19.0,14.37,20.48
00-0034855,Baker Mayfield,QB,TB,7,21.65,11.0,16.92,17.16
00-0034855,Baker Mayfield,QB,TB,8,13.89,4.0,15.86,12.56
00-0034855,Baker Mayfield,QB,TB,10,17.6,22.0,16.47,15.86
00-0034855,Baker Mayfield,QB,TB,11,17.86,15.0,16.96,15.56
00-0034855,Baker Mayfield,QB,TB,12,10.55,2.0,14.71,10.81
00-0034855,Baker Mayfield,QB,TB,13,17.39,13.0,15.65,11.58
00-0034855,Baker Mayfield,QB,TB,14,15.44,10.0,15.58,11.03
00-0034855,Baker Mayfield,QB,TB,15,21.51,19.0,17.65,13.82
00-0034855,Baker Mayfield,QB,TB,16,14.63,11.0,16.6,12.83
00-0034855,Baker Mayfield,QB,TB,17,22.7,16.0,18.73,13.94
00-0034855,Baker Mayfield,QB,TB,18,14.06,13.0,17.1,13.61
00-0034857,Josh Allen,QB,BUF,1,40.53,38.0,40.53,38.0
00-0034857,Josh Allen,QB,BUF,2,16.83,10.0,32.23,28.2
00-0034857,Josh Allen,QB,BUF,3,15.49,22.0,26.37,26.03
00-0034857,Josh Allen,QB,BUF,4,13.04,24.0,21.71,25.32
00-0034857,Josh Allen,QB,BUF,5,23.48,19.0,22.33,23.11
00-0034857,Josh Allen,QB,BUF,6,14.39,15.0,19.55,20.27
00-0034857,Josh Allen,QB,BUF,8,16.69,22.0,18.55,20.88
00-0034857,Josh Allen,QB,BUF,9,18.76,27.0,18.62,23.02
00-0034857,Josh Allen,QB,BUF,10,20.86,19.0,19.4,21.61
00-0034857,Josh Allen,QB,BUF,11,25.92,42.0,21.69,28.75
00-0034857,Josh Allen,QB,BUF,12,13.39,8.0,18.78,21.49
00-0034857,Josh Allen,QB,BUF,13,17.02,15.0,18.16,19.22
00-0034857,Josh Allen,QB,BUF,14,24.72,37.0,20.46,25.44
00-0034857,Josh Allen,QB,BUF,15,21.67,23.0,20.88,24.59
00-0034857,Josh Allen,QB,BUF,16,10.18,6.0,17.14,18.08
00-0034857,Josh Allen,QB,BUF,17,24.66,22.0,19.77,19.45
00-0034860,Dante Pettis,WR,NO,12,0.98,1.0,0.98,1.0
00-0034860,Dante Pettis,WR,NO,16,1.54,0.0,1.18,0.65
00-0034860,Dante Pettis,WR,NO,17,3.58,3.0,2.02,1.47
00-0034860,Dante Pettis,WR,NO,18,3.0,6.0,2.36,3.06
00-0034867,Malik Turner,WR,SF,5,0.46,0.0,0.46,0.0
00-0034869,Sam Darnold,QB,SEA,1,7.93,5.0,7.93,5.0
00-0034869,Sam Darnold,QB,SEA,2,13.59,15.0,9.91,8.5
00-0034869,Sam Darnold,QB,SEA,3,11.33,16.0,10.41,11.12
00-0034869,Sam Darnold,QB,SEA,4,14.71,15.0,11.91,12.48
00-0034869,Sam Darnold,QB,SEA,5,16.41,27.0,13.49,17.56
00-0034869,Sam Darnold,QB,SEA,6,13.33,19.0,13.43,18.07
00-0034869,Sam Darnold,QB,SEA,7,17.88,8.0,14.99,14.54
00-0034869,Sam Darnold,QB,SEA,9,14.75,27.0,14.9,18.9
00-0034869,Sam Darnold,QB,SEA,10,7.71,4.0,12.39,13.69
00-0034869,Sam Darnold,QB,SEA,11,21.53,4.0,15.59,10.3
00-0034869,Sam Darnold,QB,SEA,12,15.83,16.0,15.67,12.29
00-0034869,Sam Darnold,QB,SEA,13,7.57,3.0,12.84,9.04
00-0034869,Sam Darnold,QB,SEA,14,23.21,21.0,16.47,13.23
00-0034869,Sam Darnold,QB,SEA,15,13.88,10.0,15.56,12.1
00-0034869,Sam Darnold,QB,SEA,16,17.92,18.0,16.39,14.16
00-0034869,Sam Darnold,QB,SEA,17,14.99,5.0,15.9,10.96
00-0034869,Sam Darnold,QB,SEA,18,12.54,7.0,14.72,9.57
00-0034928,Steven Sims,WR,ARI,16,0.66,0.0,0.66,0.0
00-0034960,Jakobi Meyers,WR,LV,1,9.13,9.0,9.13,9.0
00-0034960,Jakobi Meyers,WR,LV,2,13.07,6.0,10.51,7.95
00-0034960,Jakobi Meyers,WR,LV,3,4.37,6.0,8.36,7.27
00-0034960,Jakobi Meyers,WR,LV,4,6.5,3.0,7.71,5.77
00-0034960,Jakobi Meyers,WR,LV,5,7.46,3.0,7.62,4.8
00-0034960,Jakobi Meyers,WR,LV,6,3.88,3.0,6.31,4.17
00-0034960,Jakobi Meyers,WR,LV,9,4.62,2.0,5.72,3.41
00-0034960,Jakobi Meyers,WR,JAX,10,2.83,4.0,4.71,3.62
00-0034960,Jakobi Meyers,WR,JAX,11,5.97,6.0,5.15,4.45
00-0034960,Jakobi Meyers,WR,JAX,12,9.41,11.0,6.64,6.74
00-0034960,Jakobi Meyers,WR,JAX,13,8.95,15.0,7.45,9.63
00-0034960,Jakobi Meyers,WR,JAX,14,17.97,9.0,11.13,9.41
00-0034960,Jakobi Meyers,WR,JAX,15,7.64,7.0,9.91,8.57
00-0034960,Jakobi Meyers,WR,JAX,16,9.64,4.0,9.81,6.97
00-0034960,Jakobi Meyers,WR,JAX,17,9.54,1.0,9.72,4.88
00-0034960,Jakobi Meyers,WR,JAX,18,5.73,4.0,8.32,4.57
00-0034975,Justice Hill,RB,BAL,1,2.33,-2.0,2.33,-2.0
00-0034975,Justice Hill,RB,BAL,2,3.81,1.0,2.85,-0.95
00-0034975,Justice Hill,RB,BAL,3,3.46,4.0,3.06,0.78
00-0034975,Justice Hill,RB,BAL,4,6.23,23.0,4.17,8.56
00-0034975,Justice Hill,RB,BAL,5,1.49,0.0,3.23,5.56
00-0034975,Justice Hill,RB,BAL,6,6.9,3.0,4.51,4.67
00-0034975,Justice Hill,RB,BAL,8,0.42,0.0,3.08,3.03
00-0034975,Justice Hill,RB,BAL,9,1.91,1.0,2.67,2.32
00-0034975,Justice Hill,RB,BAL,10,5.17,7.0,3.55,3.96
00-0034981,Foster Moreau,TE,NO,6,0.59,0.0,0.59,0.0
00-0034981,Foster Moreau,TE,NO,8,0.32,0.0,0.49,0.0
00-0034981,Foster Moreau,TE,NO,10,2.53,1.0,1.21,0.35
00-0034981,Foster Moreau,TE,NO,12,0.4,0.0,0.93,0.23
00-0034981,Foster Moreau,TE,NO,13,0.95,1.0,0.93,0.5
00-0034981,Foster Moreau,TE,NO,14,0.78,1.0,0.88,0.67
00-0034981,Foster Moreau,TE,NO,16,0.47,0.0,0.73,0.44
00-0034983,Hunter Renfrow,WR,CAR,1,5.98,1.0,5.98,1.0
00-0034983,Hunter Renfrow,WR,CAR,2,12.59,16.0,8.29,6.25
00-0034983,Hunter Renfrow,WR,CAR,3,3.43,0.0,6.59,4.06
00-0034983,Hunter Renfrow,WR,CAR,4,1.03,1.0,4.64,2.99
00-0034983,Hunter Renfrow,WR,CAR,5,1.92,0.0,3.69,1.94
00-0034983,Hunter Renfrow,WR,CAR,6,1.56,0.0,2.95,1.26
00-0035021,Ashton Dulin,WR,IND,1,1.33,1.0,1.33,1.0
00-0035021,Ashton Dulin,WR,IND,4,2.68,1.0,1.8,1.0
00-0035021,Ashton Dulin,WR,IND,5,8.39,5.0,4.11,2.4
00-0035021,Ashton Dulin,WR,IND,8,0.54,-1.0,2.86,1.21
00-0035021,Ashton Dulin,WR,IND,10,1.14,2.0,2.26,1.49
00-0035021,Ashton Dulin,WR,IND,12,0.94,4.0,1.8,2.37
00-0035021,Ashton Dulin,WR,IND,18,2.51,0.0,2.05,1.54
00-0035100,Jake Browning,QB,CIN,2,18.02,17.0,18.02,17.0
00-0035100,Jake Browning,QB,CIN,3,8.02,5.0,14.52,12.8
00-0035100,Jake Browning,QB,CIN,4,9.38,5.0,12.72,10.07
00-0035100,Jake Browning,QB,CIN,5,19.58,19.0,15.12,13.2
00-0035100,Jake Browning,QB,CIN,12,0.27,0.0,9.92,8.58
00-0035140,Mecole Hardman,WR,BUF,11,2.38,-2.0,2.38,-2.0
00-0035208,Olamide Zaccheaus,WR,CHI,1,6.17,4.0,6.17,4.0
00-0035208,Olamide Zaccheaus,WR,CHI,2,5.54,1.0,5.95,2.95
00-0035208,Olamide Zaccheaus,WR,CHI,3,4.6,3.0,5.48,2.97
00-0035208,Olamide Zaccheaus,WR,CHI,4,4.33,4.0,5.08,3.33
00-0035208,Olamide Zaccheaus,WR,CHI,6,5.79,2.0,5.33,2.86
00-0035208,Olamide Zaccheaus,WR,CHI,7,3.82,0.0,4.8,1.86
00-0035208,Olamide Zaccheaus,WR,CHI,8,4.63,3.0,4.74,2.26
00-0035208,Olamide Zaccheaus,WR,CHI,9,6.48,11.0,5.35,5.32
00-0035208,Olamide Zaccheaus,WR,CHI,10,4.42,0.0,5.02,3.46
00-0035208,Olamide Zaccheaus,WR,CHI,12,0.78,0.0,3.54,2.25
00-0035208,Olamide Zaccheaus,WR,CHI,13,3.79,1.0,3.63,1.81
00-0035208,Olamide Zaccheaus,WR,CHI,14,3.7,6.0,3.65,3.28
00-0035208,Olamide Zaccheaus,WR,CHI,15,2.8,0.0,3.35,2.13
00-0035208,Olamide Zaccheaus,WR,CHI,16,7.36,3.0,4.76,2.43
00-0035228,Kyler Murray,QB,ARI,1,22.02,17.0,22.02,17.0
00-0035228,Kyler Murray,QB,ARI,2,20.22,13.0,21.39,15.6
00-0035228,Kyler Murray,QB,ARI,3,18.9,13.0,20.52,14.69
00-0035228,Kyler Murray,QB,ARI,4,18.43,16.0,19.79,15.15
00-0035228,Kyler Murray,QB,ARI,5,16.77,14.0,18.73,14.75
00-0035229,T.J. Hockenson,TE,MIN,1,2.51,1.0,2.51,1.0
00-0035229,T.J. Hockenson,TE,MIN,2,2.46,1.0,2.5,1.0
00-0035229,T.J. Hockenson,TE,MIN,3,9.13,10.0,4.82,4.15
00-0035229,T.J. Hockenson,TE,MIN,4,3.66,3.0,4.41,3.75
00-0035229,T.J. Hockenson,TE,MIN,5,3.18,3.0,3.98,3.49
00-0035229,T.J. Hockenson,TE,MIN,7,7.76,4.0,5.31,3.67
00-0035229,T.J. Hockenson,TE,MIN,8,1.66,2.0,4.03,3.08
00-0035229,T.J. Hockenson,TE,MIN,9,4.53,7.0,4.2,4.45
00-0035229,T.J. Hockenson,TE,MIN,10,1.05,0.0,3.1,2.89
00-0035229,T.J. Hockenson,TE,MIN,11,5.08,3.0,3.79,2.93
00-0035229,T.J. Hockenson,TE,MIN,12,2.16,1.0,3.22,2.26
00-0035229,T.J. Hockenson,TE,MIN,13,4.12,5.0,3.54,3.22
00-0035229,T.J. Hockenson,TE,MIN,14,5.19,7.0,4.11,4.54
00-0035229,T.J. Hockenson,TE,MIN,15,8.52,6.0,5.66,5.05
00-0035229,T.J. Hockenson,TE,MIN,16,0.6,0.0,3.89,3.28
00-0035243,Miles Sanders,RB,DAL,1,2.62,2.0,2.62,2.0
00-0035243,Miles Sanders,RB,DAL,2,4.71,7.0,3.35,3.75
00-0035243,Miles Sanders,RB,DAL,3,8.01,5.0,4.98,4.19
00-0035243,Miles Sanders,RB,DAL,4,2.36,1.0,4.06,3.07
00-0035249,Josh Oliver,TE,MIN,1,0.61,0.0,0.61,0.0
00-0035249,Josh Oliver,TE,MIN,3,1.39,7.0,0.88,2.45
00-0035249,Josh Oliver,TE,MIN,4,0.61,0.0,0.79,1.59
00-0035249,Josh Oliver,TE,MIN,5,3.83,9.0,1.85,4.19
00-0035249,Josh Oliver,TE,MIN,7,0.81,0.0,1.49,2.72
00-0035249,Josh Oliver,TE,MIN,11,0.44,-1.0,1.12,1.42
00-0035249,Josh Oliver,TE,MIN,12,0.68,0.0,0.97,0.92
00-0035249,Josh Oliver,TE,MIN,14,5.47,14.0,2.54,5.5
00-0035249,Josh Oliver,TE,MIN,15,1.02,1.0,2.01,3.92
00-0035249,Josh Oliver,TE,MIN,16,1.87,1.0,1.96,2.9
00-0035249,Josh Oliver,TE,MIN,17,1.48,0.0,1.79,1.89
00-0035249,Josh Oliver,TE,MIN,18,0.89,2.0,1.48,1.93
00-0035250,Devin Singletary,RB,NYG,1,1.45,0.0,1.45,0.0
00-0035250,Devin Singletary,RB,NYG,2,0.9,-1.0,1.25,-0.35
00-0035250,Devin Singletary,RB,NYG,3,2.18,1.0,1.58,0.12
00-0035250,Devin Singletary,RB,NYG,4,3.46,2.0,2.24,0.78
00-0035250,Devin Singletary,RB,NYG,5,3.98,2.0,2.85,1.21
00-0035250,Devin Singletary,RB,NYG,6,1.43,1.0,2.35,1.13
00-0035250,Devin Singletary,RB,NYG,7,0.75,0.0,1.79,0.74
00-0035250,Devin Singletary,RB,NYG,8,2.14,2.0,1.91,1.18
00-0035250,Devin Singletary,RB,NYG,9,7.65,4.0,3.92,2.17
00-0035250,Devin Singletary,RB,NYG,10,10.61,7.0,6.26,3.86
00-0035250,Devin Singletary,RB,NYG,11,16.33,16.0,9.79,8.11
00-0035250,Devin Singletary,RB,NYG,12,9.24,4.0,9.59,6.67
00-0035250,Devin Singletary,RB,NYG,13,7.64,15.0,8.91,9.59
00-0035250,Devin Singletary,RB,NYG,15,5.53,1.0,7.73,6.58
00-0035250,Devin Singletary,RB,NYG,16,5.93,3.0,7.1,5.33
00-0035250,Devin Singletary,RB,NYG,17,10.42,12.0,8.26,7.66
00-0035250,Devin Singletary,RB,NYG,18,6.73,10.0,7.72,8.48
00-0035261,Tony Pollard,RB,TEN,1,8.38,6.0,8.38,6.0
00-0035261,Tony Pollard,RB,TEN,2,10.84,9.0,9.24,7.05
00-0035261,Tony Pollard,RB,TEN,3,14.45,11.0,11.07,8.43
00-0035261,Tony Pollard,RB,TEN,4,7.94,7.0,9.97,7.93
00-0035261,Tony Pollard,RB,TEN,5,10.82,11.0,10.27,9.01
00-0035261,Tony Pollard,RB,TEN,6,5.6,4.0,8.64,7.25
00-0035261,Tony Pollard,RB,TEN,7,6.36,5.0,7.84,6.46
00-0035261,Tony Pollard,RB,TEN,8,6.24,4.0,7.28,5.6
00-0035261,Tony Pollard,RB,TEN,9,12.46,6.0,9.09,5.74
00-0035261,Tony Pollard,RB,TEN,11,6.15,2.0,8.06,4.43
00-0035261,Tony Pollard,RB,TEN,12,8.13,4.0,8.09,4.28
00-0035261,Tony Pollard,RB,TEN,13,5.99,4.0,7.35,4.18
00-0035261,Tony Pollard,RB,TEN,14,12.34,28.0,9.1,12.52
00-0035261,Tony Pollard,RB,TEN,15,8.63,16.0,8.94,13.74
00-0035261,Tony Pollard,RB,TEN,16,10.51,10.0,9.49,12.43
00-0035261,Tony Pollard,RB,TEN,17,10.1,9.0,9.7,11.23
00-0035261,Tony Pollard,RB,TEN,18,8.16,5.0,9.16,9.05
00-0035264,Jarrett Stidham,QB,DEN,8,-0.1,-1.0,-0.1,-1.0
00-0035289,Gardner Minshew,QB,KC,4,-0.2,-1.0,-0.2,-1.0
00-0035289,Gardner Minshew,QB,KC,7,-0.3,-1.0,-0.23,-1.0
00-0035289,Gardner Minshew,QB,KC,15,1.22,-2.0,0.27,-1.35
00-0035289,Gardner Minshew,QB,KC,16,2.42,0.0,1.03,-0.88
00-0035291,Trayveon Williams,RB,LAC,11,1.94,-1.0,1.94,-1.0
00-0035291,Trayveon Williams,RB,CLE,15,1.56,0.0,1.81,-0.65
00-0035291,Trayveon Williams,RB,CLE,16,3.37,4.0,2.36,0.98
00-0035291,Trayveon Williams,RB,CLE,17,1.17,1.0,1.94,0.99
00-0035291,Trayveon Williams,RB,CLE,18,1.98,1.0,1.95,0.99
00-0035298,Scott Miller,WR,PIT,4,1.32,0.0,1.32,0.0
00-0035298,Scott Miller,WR,PIT,7,0.74,0.0,1.12,0.0
00-0035298,Scott Miller,WR,PIT,16,2.66,1.0,1.66,0.35
00-0035298,Scott Miller,WR,PIT,17,6.24,2.0,3.26,0.93
00-0035298,Scott Miller,WR,PIT,18,1.24,0.0,2.56,0.6
00-0035311,Myles Gaskin,RB,SEA,13,1.54,0.0,1.54,0.0
00-0035359,David Sills,WR,ATL,3,2.67,0.0,2.67,0.0
00-0035359,David Sills,WR,ATL,8,2.55,1.0,2.63,0.35
00-0035359,David Sills,WR,ATL,9,1.12,0.0,2.1,0.23
00-0035359,David Sills,WR,ATL,10,1.56,0.0,1.91,0.15
00-0035359,David Sills,WR,ATL,11,1.44,1.0,1.75,0.45
00-0035359,David Sills,WR,ATL,12,4.41,7.0,2.68,2.74
00-0035359,David Sills,WR,ATL,13,4.4,7.0,3.28,4.23
00-0035359,David Sills,WR,ATL,14,4.18,0.0,3.6,2.75
00-0035359,David Sills,WR,ATL,15,10.86,7.0,6.14,4.24
00-0035359,David Sills,WR,ATL,16,0.62,0.0,4.21,2.75
00-0035359,David Sills,WR,ATL,17,4.77,3.0,4.41,2.84
00-0035359,David Sills,WR,ATL,18,0.72,1.0,3.12,2.2
00-0035406,Lil'Jordan Humphrey,WR,NYG,6,11.67,5.0,11.67,5.0
00-0035406,Lil'Jordan Humphrey,WR,NYG,7,1.42,0.0,8.08,3.25
00-0035406,Lil'Jordan Humphrey,WR,DEN,13,0.42,0.0,5.4,2.11
00-0035406,Lil'Jordan Humphrey,WR,DEN,14,2.45,2.0,4.37,2.07
00-0035406,Lil'Jordan Humphrey,WR,DEN,15,6.07,10.0,4.96,4.85
00-0035406,Lil'Jordan Humphrey,WR,DEN,16,2.33,0.0,4.04,3.15
00-0035406,Lil'Jordan Humphrey,WR,DEN,17,4.18,2.0,4.09,2.75
00-0035500,Greg Dortch,WR,ARI,1,0.63,-1.0,0.63,-1.0
00-0035500,Greg Dortch,WR,ARI,2,1.22,1.0,0.84,-0.3
00-0035500,Greg Dortch,WR,ARI,3,2.19,0.0,1.31,-0.2
00-0035500,Greg Dortch,WR,ARI,4,3.74,3.0,2.16,0.92
00-0035500,Greg Dortch,WR,ARI,5,1.25,1.0,1.84,0.95
00-0035500,Greg Dortch,WR,ARI,6,2.97,6.0,2.24,2.72
00-0035500,Greg Dortch,WR,ARI,7,1.27,0.0,1.9,1.77
00-0035500,Greg Dortch,WR,ARI,9,0.84,0.0,1.53,1.15
00-0035500,Greg Dortch,WR,ARI,10,3.38,6.0,2.17,2.85
00-0035500,Greg Dortch,WR,ARI,11,5.61,12.0,3.38,6.05
00-0035500,Greg Dortch,WR,ARI,12,8.04,10.0,5.01,7.43
00-0035500,Greg Dortch,WR,ARI,13,0.91,1.0,3.57,5.18
00-0035535,Darius Slayton,WR,NYG,1,1.19,0.0,1.19,0.0
00-0035535,Darius Slayton,WR,NYG,2,4.44,6.0,2.33,2.1
00-0035535,Darius Slayton,WR,NYG,3,3.27,3.0,2.66,2.41
00-0035535,Darius Slayton,WR,NYG,4,4.12,4.0,3.17,2.97
00-0035535,Darius Slayton,WR,NYG,5,7.13,1.0,4.55,2.28
00-0035535,Darius Slayton,WR,NYG,8,4.62,2.0,4.58,2.18
00-0035535,Darius Slayton,WR,NYG,9,8.71,6.0,6.02,3.52
00-0035535,Darius Slayton,WR,NYG,10,4.62,8.0,5.53,5.09
00-0035535,Darius Slayton,WR,NYG,12,4.07,2.0,5.02,4.01
00-0035535,Darius Slayton,WR,NYG,13,2.64,12.0,4.19,6.8
00-0035535,Darius Slayton,WR,NYG,15,10.19,5.0,6.29,6.17
00-0035535,Darius Slayton,WR,NYG,16,1.87,0.0,4.74,4.01
00-0035535,Darius Slayton,WR,NYG,17,4.12,3.0,4.52,3.66
00-0035535,Darius Slayton,WR,NYG,18,9.85,5.0,6.39,4.13
00-0035537,Ty Johnson,RB,BUF,1,3.72,2.0,3.72,2.0
00-0035537,Ty Johnson,RB,BUF,2,2.83,0.0,3.41,1.3
00-0035537,Ty Johnson,RB,BUF,3,2.97,1.0,3.25,1.2
00-0035537,Ty Johnson,RB,BUF,4,0.28,0.0,2.21,0.78
00-0035537,Ty Johnson,RB,BUF,5,1.09,1.0,1.82,0.85
00-0035537,Ty Johnson,RB,BUF,6,2.1,1.0,1.92,0.91
00-0035537,Ty Johnson,RB,BUF,8,2.13,0.0,1.99,0.59
00-0035537,Ty Johnson,RB,BUF,9,3.93,7.0,2.67,2.83
00-0035537,Ty Johnson,RB,BUF,10,1.82,2.0,2.37,2.54
00-0035537,Ty Johnson,RB,BUF,11,1.99,12.0,2.24,5.85
00-0035537,Ty Johnson,RB,BUF,12,4.07,4.0,2.88,5.2
00-0035537,Ty Johnson,RB,BUF,13,3.77,2.0,3.19,4.08
00-0035537,Ty Johnson,RB,BUF,14,3.21,3.0,3.2,3.7
00-0035537,Ty Johnson,RB,BUF,15,4.14,2.0,3.53,3.11
00-0035537,Ty Johnson,RB,BUF,16,4.03,7.0,3.71,4.47
00-0035537,Ty Johnson,RB,BUF,17,7.07,4.0,4.88,4.31
00-0035537,Ty Johnson,RB,BUF,18,20.41,17.0,10.32,8.75
00-0035544,Tom Kennedy,WR,DET,13,3.29,3.0,3.29,3.0
00-0035567,Craig Reynolds,RB,DET,2,1.27,0.0,1.27,0.0
00-0035594,Travis Homer,RB,CHI,11,0.69,-1.0,0.69,-1.0
00-0035602,Alex Bachman,WR,LV,1,0.6,0.0,0.6,0.0
00-0035602,Alex Bachman,WR,LV,5,0.86,0.0,0.69,0.0
00-0035602,Alex Bachman,WR,LV,16,0.48,0.0,0.62,0.0
00-0035628,D'Ernest Johnson,RB,ARI,7,0.9,0.0,0.9,0.0
00-0035628,D'Ernest Johnson,RB,NE,10,1.81,0.0,1.21,0.0
00-0035628,D'Ernest Johnson,RB,NE,11,1.95,0.0,1.47,0.0
00-0035628,D'Ernest Johnson,RB,NE,17,2.07,0.0,1.68,0.0
00-0035628,D'Ernest Johnson,RB,NE,18,2.41,1.0,1.94,0.35
00-0035631,Drew Sample,TE,CIN,1,0.34,0.0,0.34,0.0
00-0035631,Drew Sample,TE,CIN,2,0.88,0.0,0.53,0.0
00-0035631,Drew Sample,TE,CIN,3,3.3,8.0,1.5,2.8
00-0035631,Drew Sample,TE,CIN,5,0.58,-1.0,1.18,1.47
00-0035631,Drew Sample,TE,CIN,6,0.93,-1.0,1.09,0.61
00-0035631,Drew Sample,TE,CIN,12,0.53,0.0,0.9,0.39
00-0035631,Drew Sample,TE,CIN,13,1.89,1.0,1.24,0.61
00-0035631,Drew Sample,TE,CIN,15,1.37,1.0,1.29,0.74
00-0035631,Drew Sample,TE,CIN,16,1.04,3.0,1.2,1.53
00-0035631,Drew Sample,TE,CIN,17,0.77,0.0,1.05,1.0
00-0035631,Drew Sample,TE,CIN,18,1.75,1.0,1.29,1.0
00-0035640,DK Metcalf,WR,PIT,1,4.18,8.0,4.18,8.0
00-0035640,DK Metcalf,WR,PIT,2,7.38,8.0,5.3,8.0
00-0035640,DK Metcalf,WR,PIT,3,4.83,9.0,5.14,8.35
00-0035640,DK Metcalf,WR,PIT,4,4.52,18.0,4.92,11.73
00-0035640,DK Metcalf,WR,PIT,6,10.71,15.0,6.95,12.87
00-0035640,DK Metcalf,WR,PIT,7,6.03,5.0,6.63,10.12
00-0035640,DK Metcalf,WR,PIT,8,9.94,11.0,7.79,10.43
00-0035640,DK Metcalf,WR,PIT,9,7.86,0.0,7.81,6.78
00-0035640,DK Metcalf,WR,PIT,10,9.79,3.0,8.5,5.46
00-0035640,DK Metcalf,WR,PIT,11,7.65,4.0,8.2,4.95
00-0035640,DK Metcalf,WR,PIT,12,8.42,9.0,8.28,6.36
00-0035640,DK Metcalf,WR,PIT,13,3.34,3.0,6.55,5.19
00-0035640,DK Metcalf,WR,PIT,14,19.88,14.0,11.22,8.27
00-0035640,DK Metcalf,WR,PIT,15,3.24,11.0,8.43,9.23
00-0035640,DK Metcalf,WR,PIT,16,9.6,4.0,8.84,7.4
00-0035644,Noah Fant,TE,CIN,1,6.29,8.0,6.29,8.0
00-0035644,Noah Fant,TE,CIN,2,3.14,2.0,5.19,5.9
00-0035644,Noah Fant,TE,CIN,3,2.91,0.0,4.39,3.84
00-0035644,Noah Fant,TE,CIN,6,2.05,2.0,3.57,3.19
00-0035644,Noah Fant,TE,CIN,7,5.18,10.0,4.13,5.58
00-0035644,Noah Fant,TE,CIN,8,2.62,4.0,3.6,5.02
00-0035644,Noah Fant,TE,CIN,9,3.1,8.0,3.43,6.07
00-0035644,Noah Fant,TE,CIN,11,3.41,1.0,3.42,4.29
00-0035644,Noah Fant,TE,CIN,12,0.62,0.0,2.44,2.79
00-0035644,Noah Fant,TE,CIN,13,1.48,0.0,2.11,1.81
00-0035644,Noah Fant,TE,CIN,14,1.97,1.0,2.06,1.53
00-0035644,Noah Fant,TE,CIN,17,4.2,0.0,2.81,0.99
00-0035644,Noah Fant,TE,CIN,18,0.6,-2.0,2.04,-0.05
00-0035645,Gunner Olszewski,WR,NYG,9,1.95,8.0,1.95,8.0
00-0035645,Gunner Olszewski,WR,NYG,10,4.19,0.0,2.73,5.2
00-0035645,Gunner Olszewski,WR,NYG,12,0.51,5.0,1.95,5.13
00-0035645,Gunner Olszewski,WR,NYG,17,0.47,1.0,1.43,3.68
00-0035645,Gunner Olszewski,WR,NYG,18,9.13,10.0,4.13,5.89
00-0035659,Terry McLaurin,WR,WAS,1,4.89,2.0,4.89,2.0
00-0035659,Terry McLaurin,WR,WAS,2,8.77,4.0,6.25,2.7
00-0035659,Terry McLaurin,WR,WAS,3,4.2,7.0,5.53,4.21
00-0035659,Terry McLaurin,WR,WAS,8,6.29,11.0,5.8,6.58
00-0035659,Terry McLaurin,WR,WAS,13,22.89,15.0,11.78,9.53
00-0035659,Terry McLaurin,WR,WAS,14,4.1,4.0,9.09,7.59
00-0035659,Terry McLaurin,WR,WAS,15,4.33,12.0,7.43,9.14
00-0035659,Terry McLaurin,WR,WAS,16,3.75,5.0,6.14,7.69
00-0035659,Terry McLaurin,WR,WAS,17,6.03,6.0,6.1,7.1
00-0035659,Terry McLaurin,WR,WAS,18,2.93,5.0,4.99,6.36
00-0035662,Marquise Brown,WR,KC,1,14.74,9.0,14.74,9.0
00-0035662,Marquise Brown,WR,KC,2,3.47,3.0,10.8,6.9
00-0035662,Marquise Brown,WR,KC,3,6.48,4.0,9.29,5.88
00-0035662,Marquise Brown,WR,KC,4,6.76,9.0,8.4,6.98
00-0035662,Marquise Brown,WR,KC,5,9.01,4.0,8.62,5.93
00-0035662,Marquise Brown,WR,KC,6,7.34,16.0,8.17,9.46
00-0035662,Marquise Brown,WR,KC,7,5.86,7.0,7.36,8.6
00-0035662,Marquise Brown,WR,KC,8,1.79,0.0,5.41,5.59
00-0035662,Marquise Brown,WR,KC,9,4.82,7.0,5.21,6.08
00-0035662,Marquise Brown,WR,KC,11,3.29,4.0,4.54,5.35
00-0035662,Marquise Brown,WR,KC,12,0.55,1.0,3.14,3.83
00-0035662,Marquise Brown,WR,KC,13,3.09,8.0,3.12,5.29
00-0035662,Marquise Brown,WR,KC,14,2.89,3.0,3.04,4.49
00-0035662,Marquise Brown,WR,KC,16,1.5,2.0,2.5,3.62
00-0035662,Marquise Brown,WR,KC,17,2.68,0.0,2.57,2.35
00-0035662,Marquise Brown,WR,KC,18,5.88,6.0,3.72,3.63
00-0035676,A.J. Brown,WR,PHI,1,0.93,0.0,0.93,0.0
00-0035676,A.J. Brown,WR,PHI,2,5.19,2.0,2.42,0.7
00-0035676,A.J. Brown,WR,PHI,3,13.0,16.0,6.12,6.05
00-0035676,A.J. Brown,WR,PHI,4,9.37,0.0,7.26,3.94
00-0035676,A.J. Brown,WR,PHI,5,7.62,4.0,7.38,3.96
00-0035676,A.J. Brown,WR,PHI,6,10.71,8.0,8.55,5.37
00-0035676,A.J. Brown,WR,PHI,7,8.87,24.0,8.66,11.89
00-0035676,A.J. Brown,WR,PHI,10,3.08,1.0,6.71,8.08
00-0035676,A.J. Brown,WR,PHI,11,10.74,4.0,8.12,6.65
00-0035676,A.J. Brown,WR,PHI,12,12.98,17.0,9.82,10.27
00-0035676,A.J. Brown,WR,PHI,13,13.68,25.0,11.17,15.43
00-0035676,A.J. Brown,WR,PHI,14,14.97,10.0,12.5,13.53
00-0035676,A.J. Brown,WR,PHI,15,3.65,10.0,9.4,12.29
00-0035676,A.J. Brown,WR,PHI,16,9.74,9.0,9.52,11.14
00-0035676,A.J. Brown,WR,PHI,17,8.1,6.0,9.02,9.34
00-0035685,David Montgomery,RB,DET,1,7.96,3.0,7.96,3.0
00-0035685,David Montgomery,RB,DET,2,14.0,11.0,10.07,5.8
00-0035685,David Montgomery,RB,DET,3,9.02,28.0,9.7,13.57
00-0035685,David Montgomery,RB,DET,4,8.4,1.0,9.25,9.17
00-0035685,David Montgomery,RB,DET,5,18.11,16.0,12.35,11.56
00-0035685,David Montgomery,RB,DET,6,3.43,5.0,9.23,9.26
00-0035685,David Montgomery,RB,DET,7,8.42,3.0,8.94,7.07
00-0035685,David Montgomery,RB,DET,9,13.54,9.0,10.55,7.75
00-0035685,David Montgomery,RB,DET,10,11.04,9.0,10.72,8.19
00-0035685,David Montgomery,RB,DET,11,3.59,3.0,8.22,6.37
00-0035685,David Montgomery,RB,DET,12,8.4,2.0,8.29,4.84
00-0035685,David Montgomery,RB,DET,13,7.86,10.0,8.14,6.65
00-0035685,David Montgomery,RB,DET,14,3.7,13.0,6.59,8.87
00-0035685,David Montgomery,RB,DET,15,6.85,9.0,6.68,8.92
00-0035685,David Montgomery,RB,DET,16,1.84,1.0,4.99,6.15
00-0035685,David Montgomery,RB,DET,17,11.05,3.0,7.11,5.04
00-0035685,David Montgomery,RB,DET,18,5.32,5.0,6.48,5.03
00-0035689,Dawson Knox,TE,BUF,1,1.28,2.0,1.28,2.0
00-0035689,Dawson Knox,TE,BUF,2,4.45,1.0,2.39,1.65
00-0035689,Dawson Knox,TE,BUF,4,1.34,0.0,2.02,1.07
00-0035689,Dawson Knox,TE,BUF,5,1.42,1.0,1.81,1.05
00-0035689,Dawson Knox,TE,BUF,6,4.3,7.0,2.69,3.13
00-0035689,Dawson Knox,TE,BUF,8,1.25,1.0,2.18,2.38
00-0035689,Dawson Knox,TE,BUF,9,1.92,3.0,2.09,2.6
00-0035689,Dawson Knox,TE,BUF,10,5.42,3.0,3.25,2.74
00-0035689,Dawson Knox,TE,BUF,11,3.63,2.0,3.38,2.48
00-0035689,Dawson Knox,TE,BUF,12,3.08,1.0,3.28,1.96
00-0035689,Dawson Knox,TE,BUF,13,3.92,2.0,3.5,1.98
00-0035689,Dawson Knox,TE,BUF,14,8.12,11.0,5.12,5.13
00-0035689,Dawson Knox,TE,BUF,15,9.06,15.0,6.5,8.59
00-0035689,Dawson Knox,TE,BUF,16,3.7,1.0,5.52,5.93
00-0035689,Dawson Knox,TE,BUF,17,5.45,3.0,5.5,4.91
00-0035689,Dawson Knox,TE,BUF,18,3.81,8.0,4.91,5.99
00-0035700,Josh Jacobs,RB,GB,1,12.81,12.0,12.81,12.0
00-0035700,Josh Jacobs,RB,GB,2,15.5,14.0,13.75,12.7
00-0035700,Josh Jacobs,RB,GB,3,15.77,7.0,14.46,10.7
00-0035700,Josh Jacobs,RB,GB,4,23.01,27.0,17.45,16.41
00-0035700,Josh Jacobs,RB,GB,6,14.09,26.0,16.28,19.77
00-0035700,Josh Jacobs,RB,GB,7,10.64,17.0,14.3,18.8
00-0035700,Josh Jacobs,RB,GB,8,10.39,10.0,12.93,15.72
00-0035700,Josh Jacobs,RB,GB,9,16.84,15.0,14.3,15.47
00-0035700,Josh Jacobs,RB,GB,10,14.89,14.0,14.51,14.95
00-0035700,Josh Jacobs,RB,GB,11,8.58,4.0,12.44,11.12
00-0035700,Josh Jacobs,RB,GB,13,10.03,8.0,11.59,10.03
00-0035700,Josh Jacobs,RB,GB,14,16.18,14.0,13.2,11.42
00-0035700,Josh Jacobs,RB,GB,15,9.15,20.0,11.78,14.42
00-0035700,Josh Jacobs,RB,GB,16,11.33,2.0,11.62,10.07
00-0035700,Josh Jacobs,RB,GB,17,3.47,0.0,8.77,6.55
00-0035704,Drew Lock,QB,SEA,3,0.93,-1.0,0.93,-1.0
00-0035704,Drew Lock,QB,SEA,10,-0.3,-1.0,0.5,-1.0
00-0035704,Drew Lock,QB,SEA,14,0.0,0.0,0.32,-0.65
00-0035710,Daniel Jones,QB,IND,1,26.42,28.0,26.42,28.0
00-0035710,Daniel Jones,QB,IND,2,30.02,22.0,27.68,25.9
00-0035710,Daniel Jones,QB,IND,3,13.81,15.0,22.82,22.09
00-0035710,Daniel Jones,QB,IND,4,13.46,9.0,19.55,17.51
00-0035710,Daniel Jones,QB,IND,5,15.88,16.0,18.26,16.98
00-0035710,Daniel Jones,QB,IND,6,18.62,22.0,18.39,18.74
00-0035710,Daniel Jones,QB,IND,7,20.58,21.0,19.15,19.53
00-0035710,Daniel Jones,QB,IND,8,16.74,22.0,18.31,20.39
00-0035710,Daniel Jones,QB,IND,9,32.34,13.0,23.22,17.81
00-0035710,Daniel Jones,QB,IND,10,17.27,15.0,21.14,16.82
00-0035710,Daniel Jones,QB,IND,12,18.04,16.0,20.05,16.54
00-0035710,Daniel Jones,QB,IND,13,10.94,16.0,16.86,16.35
00-0035710,Daniel Jones,QB,IND,14,3.67,0.0,12.24,10.63
00-0035719,Deebo Samuel Sr.,WR,WAS,1,10.75,14.0,10.75,14.0
00-0035719,Deebo Samuel Sr.,WR,WAS,2,4.82,10.0,8.68,12.6
00-0035719,Deebo Samuel Sr.,WR,WAS,3,4.05,2.0,7.06,8.89
00-0035719,Deebo Samuel Sr.,WR,WAS,4,8.82,13.0,7.67,10.33
00-0035719,Deebo Samuel Sr.,WR,WAS,5,15.3,15.0,10.34,11.96
00-0035719,Deebo Samuel Sr.,WR,WAS,6,6.4,0.0,8.96,7.78
00-0035719,Deebo Samuel Sr.,WR,WAS,8,6.09,1.0,7.96,5.4
00-0035719,Deebo Samuel Sr.,WR,WAS,9,4.32,4.0,6.68,4.91
00-0035719,Deebo Samuel Sr.,WR,WAS,10,8.24,8.0,7.23,5.99
00-0035719,Deebo Samuel Sr.,WR,WAS,11,7.8,13.0,7.43,8.45
00-0035719,Deebo Samuel Sr.,WR,WAS,13,7.85,5.0,7.58,7.24
00-0035719,Deebo Samuel Sr.,WR,WAS,14,6.41,2.0,7.17,5.41
00-0035719,Deebo Samuel Sr.,WR,WAS,15,5.06,4.0,6.43,4.91
00-0035719,Deebo Samuel Sr.,WR,WAS,16,2.88,3.0,5.19,4.24
00-0035719,Deebo Samuel Sr.,WR,WAS,17,4.27,8.0,4.87,5.56
00-0035719,Deebo Samuel Sr.,WR,WAS,18,4.4,2.0,4.7,4.31
00-0035876,Andre Baccellia,WR,ARI,11,0.83,0.0,0.83,0.0
00-0035876,Andre Baccellia,WR,ARI,14,1.96,0.0,1.23,0.0
00-0035891,Cody White,WR,SEA,9,2.6,12.0,2.6,12.0
00-0035891,Cody White,WR,SEA,13,0.76,2.0,1.96,8.5
00-0035891,Cody White,WR,SEA,14,0.87,0.0,1.58,5.53
00-0035956,Giovanni Ricci,TE,DET,17,3.34,0.0,3.34,0.0
00-0035993,Tyler Huntley,QB,BAL,6,6.02,5.0,6.02,5.0
00-0035993,Tyler Huntley,QB,BAL,8,18.39,16.0,10.35,8.85
00-0035993,Tyler Huntley,QB,BAL,15,-0.3,-1.0,6.62,5.4
00-0035993,Tyler Huntley,QB,BAL,16,3.32,2.0,5.46,4.21
00-0035993,Tyler Huntley,QB,BAL,17,13.45,14.0,8.26,7.64
00-0036040,Juwan Johnson,TE,NO,1,10.26,7.0,10.26,7.0
00-0036040,Juwan Johnson,TE,NO,2,7.57,10.0,9.32,8.05
00-0036040,Juwan Johnson,TE,NO,3,5.24,5.0,7.89,6.98
00-0036040,Juwan Johnson,TE,NO,4,1.93,2.0,5.8,5.24
00-0036040,Juwan Johnson,TE,NO,5,6.14,1.0,5.92,3.76
00-0036040,Juwan Johnson,TE,NO,6,1.52,-1.0,4.38,2.09
00-0036040,Juwan Johnson,TE,NO,7,5.95,7.0,4.93,3.81
00-0036040,Juwan Johnson,TE,NO,8,7.66,5.0,5.88,4.23
00-0036040,Juwan Johnson,TE,NO,9,3.24,9.0,4.96,5.9
00-0036040,Juwan Johnson,TE,NO,10,3.18,15.0,4.34,9.08
00-0036040,Juwan Johnson,TE,NO,12,5.3,4.0,4.67,7.3
00-0036040,Juwan Johnson,TE,NO,13,5.35,3.0,4.91,5.8
00-0036040,Juwan Johnson,TE,NO,14,2.6,3.0,4.1,4.82
00-0036040,Juwan Johnson,TE,NO,15,2.88,3.0,3.68,4.18
00-0036040,Juwan Johnson,TE,NO,16,6.78,8.0,4.76,5.52
00-0036040,Juwan Johnson,TE,NO,17,4.26,9.0,4.59,6.74
00-0036040,Juwan Johnson,TE,NO,18,5.75,4.0,4.99,5.78
00-0036133,James Proche,WR,TEN,12,2.96,4.0,2.96,4.0
00-0036133,James Proche,WR,TEN,13,0.93,1.0,2.25,2.95
00-0036133,James Proche,WR,TEN,14,0.77,0.0,1.73,1.92
00-0036133,James Proche,WR,TEN,15,0.46,0.0,1.29,1.25
00-0036133,James Proche,WR,TEN,17,4.25,0.0,2.32,0.81
00-0036133,James Proche,WR,TEN,18,0.62,0.0,1.72,0.53
00-0036139,Rico Dowdle,RB,CAR,1,3.28,1.0,3.28,1.0
00-0036139,Rico Dowdle,RB,CAR,2,5.03,1.0,3.89,1.0
00-0036139,Rico Dowdle,RB,CAR,3,9.81,9.0,5.96,3.8
00-0036139,Rico Dowdle,RB,CAR,4,5.23,2.0,5.71,3.17
00-0036139,Rico Dowdle,RB,CAR,5,16.63,28.0,9.53,11.86
00-0036139,Rico Dowdle,RB,CAR,6,18.71,29.0,12.74,17.86
00-0036139,Rico Dowdle,RB,CAR,7,9.09,8.0,11.46,14.41
00-0036139,Rico Dowdle,RB,CAR,8,4.24,5.0,8.94,11.12
00-0036139,Rico Dowdle,RB,CAR,9,16.13,26.0,11.45,16.33
00-0036139,Rico Dowdle,RB,CAR,10,11.13,12.0,11.34,14.81
00-0036139,Rico Dowdle,RB,CAR,11,14.77,9.0,12.54,12.78
00-0036139,Rico Dowdle,RB,CAR,12,4.92,6.0,9.88,10.41
00-0036139,Rico Dowdle,RB,CAR,13,9.83,7.0,9.86,9.21
00-0036139,Rico Dowdle,RB,CAR,15,10.69,10.0,10.15,9.49
00-0036139,Rico Dowdle,RB,CAR,16,9.82,3.0,10.04,7.22
00-0036139,Rico Dowdle,RB,CAR,17,7.82,5.0,9.26,6.44
00-0036139,Rico Dowdle,RB,CAR,18,3.22,1.0,7.15,4.54
00-0036158,J.K. Dobbins,RB,DEN,1,9.72,12.0,9.72,12.0
00-0036158,J.K. Dobbins,RB,DEN,2,12.95,13.0,10.85,12.35
00-0036158,J.K. Dobbins,RB,DEN,3,6.58,14.0,9.36,12.93
00-0036158,J.K. Dobbins,RB,DEN,4,8.75,10.0,9.15,11.9
00-0036158,J.K. Dobbins,RB,DEN,5,11.57,13.0,9.99,12.29
00-0036158,J.K. Dobbins,RB,DEN,6,8.03,4.0,9.31,9.39
00-0036158,J.K. Dobbins,RB,DEN,7,8.39,7.0,8.99,8.55
00-0036158,J.K. Dobbins,RB,DEN,8,13.69,12.0,10.63,9.76
00-0036158,J.K. Dobbins,RB,DEN,9,7.73,5.0,9.62,8.09
00-0036158,J.K. Dobbins,RB,DEN,10,9.48,7.0,9.57,7.71
00-0036165,Isaiah Hodgins,WR,NYG,11,5.25,5.0,5.25,5.0
00-0036165,Isaiah Hodgins,WR,NYG,12,9.41,10.0,6.71,6.75
00-0036165,Isaiah Hodgins,WR,NYG,13,0.42,0.0,4.5,4.39
00-0036165,Isaiah Hodgins,WR,NYG,15,2.24,0.0,3.71,2.85
00-0036165,Isaiah Hodgins,WR,NYG,17,1.92,0.0,3.09,1.85
00-0036165,Isaiah Hodgins,WR,NYG,18,4.58,0.0,3.61,1.2
00-0036176,Mason Kinsey,WR,TEN,11,3.54,1.0,3.54,1.0
00-0036176,Mason Kinsey,WR,TEN,17,2.09,3.0,3.03,1.7
00-0036182,Nick Westbrook-Ikhine,WR,MIA,1,1.46,0.0,1.46,0.0
00-0036182,Nick Westbrook-Ikhine,WR,MIA,2,2.12,1.0,1.69,0.35
00-0036182,Nick Westbrook-Ikhine,WR,MIA,4,0.47,0.0,1.26,0.23
00-0036182,Nick Westbrook-Ikhine,WR,MIA,6,0.66,0.0,1.05,0.15
00-0036182,Nick Westbrook-Ikhine,WR,MIA,7,2.09,1.0,1.42,0.45
00-0036182,Nick Westbrook-Ikhine,WR,MIA,8,3.85,1.0,2.27,0.64
00-0036182,Nick Westbrook-Ikhine,WR,MIA,9,3.28,2.0,2.62,1.12
00-0036182,Nick Westbrook-Ikhine,WR,MIA,10,0.84,0.0,2.0,0.73
00-0036182,Nick Westbrook-Ikhine,WR,MIA,15,0.58,0.0,1.5,0.47
00-0036187,Reggie Gilliam,RB,BUF,11,0.0,0.0,0.0,0.0
00-0036187,Reggie Gilliam,RB,BUF,12,0.55,0.0,0.19,0.0
00-0036187,Reggie Gilliam,RB,BUF,18,5.74,2.0,2.13,0.7
00-0036196,Gabe Davis,WR,BUF,11,6.52,4.0,6.52,4.0
00-0036196,Gabe Davis,WR,BUF,12,3.0,2.0,5.29,3.3
00-0036196,Gabe Davis,WR,BUF,13,1.75,0.0,4.05,2.15
00-0036196,Gabe Davis,WR,BUF,14,3.02,2.0,3.69,2.09
00-0036196,Gabe Davis,WR,BUF,17,1.67,0.0,2.98,1.36
00-0036196,Gabe Davis,WR,BUF,18,8.86,10.0,5.04,4.38
00-0036212,Tua Tagovailoa,QB,MIA,1,10.49,4.0,10.49,4.0
00-0036212,Tua Tagovailoa,QB,MIA,2,10.77,18.0,10.59,8.9
00-0036212,Tua Tagovailoa,QB,MIA,3,14.5,12.0,11.96,9.98
00-0036212,Tua Tagovailoa,QB,MIA,4,14.71,15.0,12.92,11.74
00-0036212,Tua Tagovailoa,QB,MIA,5,18.88,22.0,15.01,15.33
00-0036212,Tua Tagovailoa,QB,MIA,6,12.57,6.0,14.15,12.07
00-0036212,Tua Tagovailoa,QB,MIA,7,7.03,-2.0,11.66,7.14
00-0036212,Tua Tagovailoa,QB,MIA,8,11.35,24.0,11.55,13.04
00-0036212,Tua Tagovailoa,QB,MIA,9,14.49,8.0,12.58,11.28
00-0036212,Tua Tagovailoa,QB,MIA,10,9.66,9.0,11.56,10.48
00-0036212,Tua Tagovailoa,QB,MIA,11,11.86,6.0,11.67,8.91
00-0036212,Tua Tagovailoa,QB,MIA,13,12.24,4.0,11.87,7.19
00-0036212,Tua Tagovailoa,QB,MIA,14,8.98,9.0,10.86,7.83
00-0036212,Tua Tagovailoa,QB,MIA,15,11.58,16.0,11.11,10.69
00-0036223,Jonathan Taylor,RB,IND,1,16.7,9.0,16.7,9.0
00-0036223,Jonathan Taylor,RB,IND,2,16.5,27.0,16.63,15.3
00-0036223,Jonathan Taylor,RB,IND,3,20.71,29.0,18.06,20.09
00-0036223,Jonathan Taylor,RB,IND,4,12.74,9.0,16.2,16.21
00-0036223,Jonathan Taylor,RB,IND,5,25.11,28.0,19.32,20.34
00-0036223,Jonathan Taylor,RB,IND,6,20.57,19.0,19.76,19.87
00-0036223,Jonathan Taylor,RB,IND,7,11.27,30.0,16.78,23.42
00-0036223,Jonathan Taylor,RB,IND,8,9.06,35.0,14.08,27.47
00-0036223,Jonathan Taylor,RB,IND,9,9.67,5.0,12.54,19.61
00-0036223,Jonathan Taylor,RB,IND,10,23.13,46.0,16.25,28.84
00-0036223,Jonathan Taylor,RB,IND,12,13.15,5.0,15.16,20.5
00-0036223,Jonathan Taylor,RB,IND,13,13.95,11.0,14.74,17.17
00-0036223,Jonathan Taylor,RB,IND,14,13.34,11.0,14.25,15.01
00-0036223,Jonathan Taylor,RB,IND,15,13.69,9.0,14.05,12.91
00-0036223,Jonathan Taylor,RB,IND,16,13.6,13.0,13.89,12.94
00-0036223,Jonathan Taylor,RB,IND,17,18.69,14.0,15.57,13.31
00-0036223,Jonathan Taylor,RB,IND,18,7.95,3.0,12.91,9.7
00-0036232,Harrison Bryant,TE,HOU,2,1.31,0.0,1.31,0.0
00-0036232,Harrison Bryant,TE,HOU,5,1.51,0.0,1.38,0.0
00-0036232,Harrison Bryant,TE,HOU,8,2.3,0.0,1.7,0.0
00-0036232,Harrison Bryant,TE,HOU,9,1.27,0.0,1.55,0.0
00-0036244,Colby Parkinson,TE,LA,1,2.29,-3.0,2.29,-3.0
00-0036244,Colby Parkinson,TE,LA,4,1.33,1.0,1.95,-1.6
00-0036244,Colby Parkinson,TE,LA,5,2.79,0.0,2.24,-1.04
00-0036244,Colby Parkinson,TE,LA,7,2.98,4.0,2.5,0.72
00-0036244,Colby Parkinson,TE,LA,9,2.51,1.0,2.5,0.82
00-0036244,Colby Parkinson,TE,LA,10,6.92,10.0,4.05,4.03
00-0036244,Colby Parkinson,TE,LA,11,2.9,7.0,3.65,5.07
00-0036244,Colby Parkinson,TE,LA,12,6.46,10.0,4.63,6.8
00-0036244,Colby Parkinson,TE,LA,13,5.96,2.0,5.1,5.12
00-0036244,Colby Parkinson,TE,LA,14,9.6,9.0,6.67,6.48
00-0036244,Colby Parkinson,TE,LA,15,13.35,19.0,9.01,10.86
00-0036244,Colby Parkinson,TE,LA,16,2.73,2.0,6.81,7.76
00-0036244,Colby Parkinson,TE,LA,17,6.46,5.0,6.69,6.79
00-0036244,Colby Parkinson,TE,LA,18,13.55,15.0,9.09,9.67
00-0036252,Michael Pittman,WR,IND,1,7.54,14.0,7.54,14.0
00-0036252,Michael Pittman,WR,IND,2,4.38,4.0,6.44,10.5
00-0036252,Michael Pittman,WR,IND,3,5.98,13.0,6.28,11.38
00-0036252,Michael Pittman,WR,IND,4,13.92,10.0,8.95,10.89
00-0036252,Michael Pittman,WR,IND,5,6.91,9.0,8.24,10.23
00-0036252,Michael Pittman,WR,IND,6,2.65,2.0,6.28,7.35
00-0036252,Michael Pittman,WR,IND,7,10.89,13.0,7.89,9.33
00-0036252,Michael Pittman,WR,IND,8,9.41,15.0,8.42,11.31
00-0036252,Michael Pittman,WR,IND,9,11.68,11.0,9.56,11.2
00-0036252,Michael Pittman,WR,IND,10,1.63,1.0,6.79,7.63
00-0036252,Michael Pittman,WR,IND,12,10.53,8.0,8.1,7.76
00-0036252,Michael Pittman,WR,IND,13,3.85,1.0,6.61,5.39
00-0036252,Michael Pittman,WR,IND,14,9.87,7.0,7.75,5.96
00-0036252,Michael Pittman,WR,IND,15,3.66,2.0,6.32,4.57
00-0036252,Michael Pittman,WR,IND,16,4.73,3.0,5.76,4.02
00-0036252,Michael Pittman,WR,IND,17,4.29,1.0,5.25,2.96
00-0036252,Michael Pittman,WR,IND,18,5.41,1.0,5.3,2.28
00-0036259,Jauan Jennings,WR,SF,1,7.41,1.0,7.41,1.0
00-0036259,Jauan Jennings,WR,SF,2,9.09,14.0,8.0,5.55
00-0036259,Jauan Jennings,WR,SF,4,6.29,4.0,7.4,5.01
00-0036259,Jauan Jennings,WR,SF,6,3.29,0.0,5.96,3.25
00-0036259,Jauan Jennings,WR,SF,7,5.84,3.0,5.92,3.17
00-0036259,Jauan Jennings,WR,SF,8,8.8,4.0,6.93,3.46
00-0036259,Jauan Jennings,WR,SF,9,6.46,10.0,6.76,5.75
00-0036259,Jauan Jennings,WR,SF,10,10.45,11.0,8.05,7.59
00-0036259,Jauan Jennings,WR,SF,11,7.98,5.0,8.03,6.68
00-0036259,Jauan Jennings,WR,SF,12,7.46,10.0,7.83,7.84
00-0036259,Jauan Jennings,WR,SF,13,6.99,9.0,7.54,8.25
00-0036259,Jauan Jennings,WR,SF,15,11.71,15.0,9.0,10.61
00-0036259,Jauan Jennings,WR,SF,16,9.62,13.0,9.21,11.45
00-0036259,Jauan Jennings,WR,SF,17,4.21,10.0,7.46,10.94
00-0036259,Jauan Jennings,WR,SF,18,4.39,3.0,6.39,8.16
00-0036264,Jordan Love,QB,GB,1,16.47,15.0,16.47,15.0
00-0036264,Jordan Love,QB,GB,2,24.13,20.0,19.15,16.75
00-0036264,Jordan Love,QB,GB,3,10.25,10.0,16.03,14.39
00-0036264,Jordan Love,QB,GB,4,22.37,25.0,18.25,18.1
00-0036264,Jordan Love,QB,GB,6,13.23,14.0,16.49,16.67
00-0036264,Jordan Love,QB,GB,7,14.57,13.0,15.82,15.38
00-0036264,Jordan Love,QB,GB,8,15.65,27.0,15.76,19.45
00-0036264,Jordan Love,QB,GB,9,13.41,8.0,14.94,15.44
00-0036264,Jordan Love,QB,GB,10,13.12,7.0,14.3,12.49
00-0036264,Jordan Love,QB,GB,11,11.76,16.0,13.41,13.72
00-0036264,Jordan Love,QB,GB,12,8.48,6.0,11.69,11.02
00-0036264,Jordan Love,QB,GB,13,24.72,25.0,16.25,15.91
00-0036264,Jordan Love,QB,GB,14,10.79,18.0,14.34,16.64
00-0036264,Jordan Love,QB,GB,15,19.63,13.0,16.19,15.37
00-0036264,Jordan Love,QB,GB,16,9.22,3.0,13.75,11.04
00-0036265,AJ Dillon,RB,PHI,1,1.58,1.0,1.58,1.0
00-0036265,AJ Dillon,RB,PHI,2,1.74,1.0,1.64,1.0
00-0036265,AJ Dillon,RB,PHI,4,1.6,1.0,1.62,1.0
00-0036265,AJ Dillon,RB,PHI,5,1.13,1.0,1.45,1.0
00-0036265,AJ Dillon,RB,PHI,6,1.94,-1.0,1.62,0.3
00-0036265,AJ Dillon,RB,PHI,18,1.46,0.0,1.57,0.2
00-0036275,D'Andre Swift,RB,CHI,1,12.63,6.0,12.63,6.0
00-0036275,D'Andre Swift,RB,CHI,2,8.71,10.0,11.26,7.4
00-0036275,D'Andre Swift,RB,CHI,3,9.42,7.0,10.61,7.26
00-0036275,D'Andre Swift,RB,CHI,4,14.95,11.0,12.13,8.57
00-0036275,D'Andre Swift,RB,CHI,6,8.98,22.0,11.03,13.27
00-0036275,D'Andre Swift,RB,CHI,7,14.04,19.0,12.09,15.28
00-0036275,D'Andre Swift,RB,CHI,8,12.41,12.0,12.2,14.13
00-0036275,D'Andre Swift,RB,CHI,10,13.42,9.0,12.63,12.33
00-0036275,D'Andre Swift,RB,CHI,11,12.07,9.0,12.43,11.17
00-0036275,D'Andre Swift,RB,CHI,12,6.65,0.0,10.41,7.26
00-0036275,D'Andre Swift,RB,CHI,13,11.52,19.0,10.8,11.37
00-0036275,D'Andre Swift,RB,CHI,14,12.65,7.0,11.45,9.84
00-0036275,D'Andre Swift,RB,CHI,15,12.56,20.0,11.84,13.4
00-0036275,D'Andre Swift,RB,CHI,16,9.87,6.0,11.15,10.81
00-0036275,D'Andre Swift,RB,CHI,17,8.54,19.0,10.24,13.67
00-0036275,D'Andre Swift,RB,CHI,18,7.7,4.0,9.35,10.29
00-0036290,Cole Kmet,TE,CHI,1,3.88,3.0,3.88,3.0
00-0036290,Cole Kmet,TE,CHI,2,1.74,2.0,3.13,2.65
00-0036290,Cole Kmet,TE,CHI,3,3.08,7.0,3.11,4.17
00-0036290,Cole Kmet,TE,CHI,4,11.36,4.0,6.0,4.11
00-0036290,Cole Kmet,TE,CHI,6,1.94,0.0,4.58,2.67
00-0036290,Cole Kmet,TE,CHI,7,1.39,1.0,3.46,2.09
00-0036290,Cole Kmet,TE,CHI,9,2.54,1.0,3.14,1.71
00-0036290,Cole Kmet,TE,CHI,10,2.06,0.0,2.76,1.11
00-0036290,Cole Kmet,TE,CHI,11,4.23,4.0,3.27,2.12
00-0036290,Cole Kmet,TE,CHI,12,0.64,0.0,2.35,1.38
00-0036290,Cole Kmet,TE,CHI,13,3.51,9.0,2.76,4.05
00-0036290,Cole Kmet,TE,CHI,14,5.0,4.0,3.54,4.03
00-0036290,Cole Kmet,TE,CHI,15,3.97,2.0,3.69,3.32
00-0036290,Cole Kmet,TE,CHI,16,1.95,1.0,3.08,2.51
00-0036290,Cole Kmet,TE,CHI,17,2.48,1.0,2.87,1.98
00-0036290,Cole Kmet,TE,CHI,18,1.71,3.0,2.46,2.34
00-0036309,Darnell Mooney,WR,ATL,2,6.74,2.0,6.74,2.0
00-0036309,Darnell Mooney,WR,ATL,3,10.37,4.0,8.01,2.7
00-0036309,Darnell Mooney,WR,ATL,4,1.1,1.0,5.6,2.1
00-0036309,Darnell Mooney,WR,ATL,7,6.28,6.0,5.83,3.47
00-0036309,Darnell Mooney,WR,ATL,8,4.81,1.0,5.47,2.6
00-0036309,Darnell Mooney,WR,ATL,9,1.94,1.0,4.24,2.04
00-0036309,Darnell Mooney,WR,ATL,10,8.06,1.0,5.58,1.68
00-0036309,Darnell Mooney,WR,ATL,11,7.93,3.0,6.4,2.14
00-0036309,Darnell Mooney,WR,ATL,12,5.18,13.0,5.97,5.94
00-0036309,Darnell Mooney,WR,ATL,13,5.37,2.0,5.76,4.56
00-0036309,Darnell Mooney,WR,ATL,14,5.88,0.0,5.8,2.97
00-0036309,Darnell Mooney,WR,ATL,15,6.57,3.0,6.07,2.98
00-0036309,Darnell Mooney,WR,ATL,16,2.11,2.0,4.68,2.64
00-0036309,Darnell Mooney,WR,ATL,17,3.69,3.0,4.33,2.76
00-0036309,Darnell Mooney,WR,ATL,18,8.65,2.0,5.84,2.5
00-0036322,Justin Jefferson,WR,MIN,1,9.3,10.0,9.3,10.0
00-0036322,Justin Jefferson,WR,MIN,2,8.51,8.0,9.02,9.3
00-0036322,Justin Jefferson,WR,MIN,3,6.56,7.0,8.16,8.5
00-0036322,Justin Jefferson,WR,MIN,4,10.22,12.0,8.88,9.72
00-0036322,Justin Jefferson,WR,MIN,5,11.93,12.0,9.95,10.52
00-0036322,Justin Jefferson,WR,MIN,7,12.86,7.0,10.97,9.29
00-0036322,Justin Jefferson,WR,MIN,8,8.1,7.0,9.96,8.49
00-0036322,Justin Jefferson,WR,MIN,9,12.62,10.0,10.89,9.02
00-0036322,Justin Jefferson,WR,MIN,10,21.62,3.0,14.65,6.91
00-0036322,Justin Jefferson,WR,MIN,11,7.86,6.0,12.27,6.59
00-0036322,Justin Jefferson,WR,MIN,12,5.2,4.0,9.79,5.68
00-0036322,Justin Jefferson,WR,MIN,13,4.75,0.0,8.03,3.7
00-0036322,Justin Jefferson,WR,MIN,14,4.66,1.0,6.85,2.75
00-0036322,Justin Jefferson,WR,MIN,15,14.06,2.0,9.37,2.49
00-0036322,Justin Jefferson,WR,MIN,16,6.12,8.0,8.24,4.42
00-0036322,Justin Jefferson,WR,MIN,17,6.03,3.0,7.46,3.92
00-0036322,Justin Jefferson,WR,MIN,18,10.5,10.0,8.53,6.05
00-0036328,Antonio Gibson,RB,NE,1,1.11,0.0,1.11,0.0
00-0036328,Antonio Gibson,RB,NE,2,2.99,8.0,1.77,2.8
00-0036328,Antonio Gibson,RB,NE,3,2.97,0.0,2.19,1.82
00-0036328,Antonio Gibson,RB,NE,4,7.52,8.0,4.06,3.98
00-0036328,Antonio Gibson,RB,NE,5,3.13,2.0,3.73,3.29
00-0036331,Devin Duvernay,WR,CHI,8,5.29,0.0,5.29,0.0
00-0036331,Devin Duvernay,WR,CHI,14,1.29,2.0,3.89,0.7
00-0036331,Devin Duvernay,WR,CHI,17,0.54,0.0,2.72,0.45
00-0036332,Josiah Deguara,TE,ARI,12,0.72,0.0,0.72,0.0
00-0036332,Josiah Deguara,TE,ARI,14,0.72,0.0,0.72,0.0
00-0036332,Josiah Deguara,TE,ARI,16,0.71,0.0,0.72,0.0
00-0036332,Josiah Deguara,TE,ARI,18,2.72,7.0,1.42,2.45
00-0036355,Justin Herbert,QB,LAC,1,22.86,27.0,22.86,27.0
00-0036355,Justin Herbert,QB,LAC,2,14.88,18.0,20.07,23.85
00-0036355,Justin Herbert,QB,LAC,3,26.89,14.0,22.45,20.4
00-0036355,Justin Herbert,QB,LAC,4,10.95,12.0,18.43,17.46
00-0036355,Justin Herbert,QB,LAC,5,16.23,14.0,17.66,16.25
00-0036355,Justin Herbert,QB,LAC,6,18.82,18.0,18.07,16.86
00-0036355,Justin Herbert,QB,LAC,7,30.18,27.0,22.31,20.41
00-0036355,Justin Herbert,QB,LAC,8,22.33,25.0,22.31,22.02
00-0036355,Justin Herbert,QB,LAC,9,26.36,27.0,23.73,23.76
00-0036355,Justin Herbert,QB,LAC,10,13.41,13.0,20.12,19.99
00-0036355,Justin Herbert,QB,LAC,11,6.51,3.0,15.36,14.05
00-0036355,Justin Herbert,QB,LAC,13,16.36,12.0,15.71,13.33
00-0036355,Justin Herbert,QB,LAC,14,18.78,11.0,16.78,12.51
00-0036355,Justin Herbert,QB,LAC,15,10.42,10.0,14.56,11.63
00-0036355,Justin Herbert,QB,LAC,16,22.99,30.0,17.51,18.06
00-0036355,Justin Herbert,QB,LAC,17,21.49,14.0,18.9,16.64
00-0036358,CeeDee Lamb,WR,DAL,1,14.17,11.0,14.17,11.0
00-0036358,CeeDee Lamb,WR,DAL,2,9.96,11.0,12.7,11.0
00-0036358,CeeDee Lamb,WR,DAL,7,8.66,17.0,11.29,13.1
00-0036358,CeeDee Lamb,WR,DAL,8,14.81,7.0,12.52,10.96
00-0036358,CeeDee Lamb,WR,DAL,9,14.57,8.0,13.24,9.93
00-0036358,CeeDee Lamb,WR,DAL,11,11.65,12.0,12.68,10.65
00-0036358,CeeDee Lamb,WR,DAL,12,16.64,7.0,14.06,9.37
00-0036358,CeeDee Lamb,WR,DAL,13,12.0,17.0,13.34,12.04
00-0036358,CeeDee Lamb,WR,DAL,14,10.07,12.0,12.2,12.03
00-0036358,CeeDee Lamb,WR,DAL,15,14.81,11.0,13.11,11.67
00-0036358,CeeDee Lamb,WR,DAL,16,6.74,5.0,10.88,9.33
00-0036358,CeeDee Lamb,WR,DAL,17,13.86,4.0,11.92,7.47
00-0036358,CeeDee Lamb,WR,DAL,18,0.62,0.0,7.97,4.85
00-0036360,Clyde Edwards-Helaire,RB,KC,9,1.1,0.0,1.1,0.0
00-0036360,Clyde Edwards-Helaire,RB,KC,12,3.52,0.0,1.94,0.0
00-0036389,Jalen Hurts,QB,PHI,1,18.38,24.0,18.38,24.0
00-0036389,Jalen Hurts,QB,PHI,2,14.45,11.0,17.01,19.45
00-0036389,Jalen Hurts,QB,PHI,3,25.08,29.0,19.83,22.79
00-0036389,Jalen Hurts,QB,PHI,4,17.81,19.0,19.12,21.47
00-0036389,Jalen Hurts,QB,PHI,5,16.28,19.0,18.13,20.6
00-0036389,Jalen Hurts,QB,PHI,6,30.15,20.0,22.34,20.39
00-0036389,Jalen Hurts,QB,PHI,7,11.44,24.0,18.52,21.65
00-0036389,Jalen Hurts,QB,PHI,8,13.38,25.0,16.72,22.83
00-0036389,Jalen Hurts,QB,PHI,10,13.68,11.0,15.66,18.69
00-0036389,Jalen Hurts,QB,PHI,11,19.89,14.0,17.14,17.05
00-0036389,Jalen Hurts,QB,PHI,12,27.87,30.0,20.9,21.58
00-0036389,Jalen Hurts,QB,PHI,13,13.69,16.0,18.37,19.63
00-0036389,Jalen Hurts,QB,PHI,14,17.71,-1.0,18.14,12.41
00-0036389,Jalen Hurts,QB,PHI,15,17.2,22.0,17.81,15.76
00-0036389,Jalen Hurts,QB,PHI,16,21.89,19.0,19.24,16.9
00-0036389,Jalen Hurts,QB,PHI,17,14.74,8.0,17.66,13.78
00-0036407,Jerry Jeudy,WR,CLE,1,7.68,6.0,7.68,6.0
00-0036407,Jerry Jeudy,WR,CLE,2,7.84,5.0,7.73,5.65
00-0036407,Jerry Jeudy,WR,CLE,3,4.64,1.0,6.65,4.02
00-0036407,Jerry Jeudy,WR,CLE,4,9.37,4.0,7.6,4.01
00-0036407,Jerry Jeudy,WR,CLE,5,4.18,1.0,6.4,2.96
00-0036407,Jerry Jeudy,WR,CLE,6,10.84,4.0,7.96,3.32
00-0036407,Jerry Jeudy,WR,CLE,7,3.15,1.0,6.27,2.51
00-0036407,Jerry Jeudy,WR,CLE,8,4.13,0.0,5.52,1.63
00-0036407,Jerry Jeudy,WR,CLE,10,10.66,13.0,7.32,5.61
00-0036407,Jerry Jeudy,WR,CLE,11,5.08,2.0,6.54,4.35
00-0036407,Jerry Jeudy,WR,CLE,12,2.46,1.0,5.11,3.18
00-0036407,Jerry Jeudy,WR,CLE,13,3.48,2.0,4.54,2.76
00-0036407,Jerry Jeudy,WR,CLE,14,4.7,13.0,4.6,6.35
00-0036407,Jerry Jeudy,WR,CLE,15,3.6,2.0,4.25,4.83
00-0036407,Jerry Jeudy,WR,CLE,16,3.04,1.0,3.82,3.49
00-0036407,Jerry Jeudy,WR,CLE,17,6.73,5.0,4.84,4.02
00-0036407,Jerry Jeudy,WR,CLE,18,7.38,1.0,5.73,2.96
00-0036410,Tee Higgins,WR,CIN,1,4.11,3.0,4.11,3.0
00-0036410,Tee Higgins,WR,CIN,2,9.46,11.0,5.98,5.8
00-0036410,Tee Higgins,WR,CIN,3,2.41,1.0,4.73,4.12
00-0036410,Tee Higgins,WR,CIN,4,7.78,3.0,5.8,3.73
00-0036410,Tee Higgins,WR,CIN,5,9.36,8.0,7.04,5.22
00-0036410,Tee Higgins,WR,CIN,6,6.88,6.0,6.99,5.5
00-0036410,Tee Higgins,WR,CIN,7,11.68,15.0,8.63,8.82
00-0036410,Tee Higgins,WR,CIN,8,4.25,10.0,7.1,9.23
00-0036410,Tee Higgins,WR,CIN,9,11.79,26.0,8.74,15.1
00-0036410,Tee Higgins,WR,CIN,11,8.75,12.0,8.74,14.02
00-0036410,Tee Higgins,WR,CIN,12,4.4,3.0,7.22,10.16
00-0036410,Tee Higgins,WR,CIN,14,14.81,21.0,9.88,13.95
00-0036410,Tee Higgins,WR,CIN,16,4.81,11.0,8.1,12.92
00-0036410,Tee Higgins,WR,CIN,17,7.07,5.0,7.74,10.15
00-0036410,Tee Higgins,WR,CIN,18,11.91,12.0,9.2,10.8
00-0036414,Cam Akers,RB,MIN,3,2.7,1.0,2.7,1.0
00-0036414,Cam Akers,RB,MIN,5,0.43,5.0,1.91,2.4
00-0036415,Van Jefferson,WR,TEN,2,1.13,1.0,1.13,1.0
00-0036415,Van Jefferson,WR,TEN,3,0.47,0.0,0.9,0.65
00-0036415,Van Jefferson,WR,TEN,4,0.52,0.0,0.77,0.42
00-0036415,Van Jefferson,WR,TEN,6,7.48,7.0,3.12,2.72
00-0036415,Van Jefferson,WR,TEN,7,2.65,4.0,2.95,3.17
00-0036415,Van Jefferson,WR,TEN,8,8.45,0.0,4.87,2.06
00-0036415,Van Jefferson,WR,TEN,9,5.34,2.0,5.04,2.04
00-0036415,Van Jefferson,WR,TEN,11,7.09,8.0,5.76,4.13
00-0036415,Van Jefferson,WR,TEN,12,0.63,1.0,3.96,3.03
00-0036415,Van Jefferson,WR,TEN,13,3.2,2.0,3.69,2.67
00-0036415,Van Jefferson,WR,TEN,14,2.17,1.0,3.16,2.09
00-0036415,Van Jefferson,WR,TEN,15,5.98,4.0,4.15,2.76
00-0036415,Van Jefferson,WR,TEN,16,1.63,2.0,3.27,2.49
00-0036415,Van Jefferson,WR,TEN,17,2.76,4.0,3.09,3.02
00-0036422,Adam Trautman,TE,DEN,1,0.83,0.0,0.83,0.0
00-0036422,Adam Trautman,TE,DEN,2,4.87,7.0,2.24,2.45
00-0036422,Adam Trautman,TE,DEN,4,2.13,3.0,2.2,2.64
00-0036422,Adam Trautman,TE,DEN,5,0.71,1.0,1.68,2.07
00-0036422,Adam Trautman,TE,DEN,9,1.34,2.0,1.56,2.04
00-0036422,Adam Trautman,TE,DEN,10,0.59,0.0,1.22,1.33
00-0036422,Adam Trautman,TE,DEN,11,0.5,0.0,0.97,0.86
00-0036422,Adam Trautman,TE,DEN,13,3.27,4.0,1.77,1.96
00-0036422,Adam Trautman,TE,DEN,14,1.67,1.0,1.74,1.62
00-0036422,Adam Trautman,TE,DEN,16,2.14,1.0,1.88,1.41
00-0036422,Adam Trautman,TE,DEN,17,1.9,2.0,1.89,1.61
00-0036423,Albert Okwuegbunam,TE,LV,5,5.36,3.0,5.36,3.0
00-0036425,DeeJay Dallas,RB,CAR,6,0.69,0.0,0.69,0.0
00-0036425,DeeJay Dallas,RB,JAX,17,1.72,2.0,1.05,0.7
00-0036427,Tyler Johnson,WR,NYJ,1,1.6,3.0,1.6,3.0
00-0036427,Tyler Johnson,WR,NYJ,2,1.27,0.0,1.48,1.95
00-0036427,Tyler Johnson,WR,NYJ,3,2.6,3.0,1.87,2.32
00-0036427,Tyler Johnson,WR,NYJ,6,0.51,0.0,1.4,1.51
00-0036427,Tyler Johnson,WR,NYJ,7,2.64,6.0,1.83,3.08
00-0036427,Tyler Johnson,WR,NYJ,8,6.83,12.0,3.58,6.2
00-0036427,Tyler Johnson,WR,NYJ,10,0.41,0.0,2.47,4.03
00-0036427,Tyler Johnson,WR,NYJ,16,0.49,0.0,1.78,2.62
00-0036427,Tyler Johnson,WR,NYJ,17,0.51,0.0,1.33,1.7
00-0036429,Charlie Woerner,TE,ATL,3,0.41,-1.0,0.41,-1.0
00-0036429,Charlie Woerner,TE,ATL,7,0.59,0.0,0.48,-0.65
00-0036429,Charlie Woerner,TE,ATL,10,0.75,1.0,0.57,-0.07
00-0036429,Charlie Woerner,TE,ATL,12,2.11,2.0,1.11,0.65
00-0036429,Charlie Woerner,TE,ATL,15,1.57,1.0,1.27,0.77
00-0036429,Charlie Woerner,TE,ATL,16,0.63,0.0,1.05,0.5
00-0036442,Joe Burrow,QB,CIN,1,13.6,8.0,13.6,8.0
00-0036442,Joe Burrow,QB,CIN,2,6.91,7.0,11.26,7.65
00-0036442,Joe Burrow,QB,CIN,13,29.75,18.0,17.73,11.27
00-0036442,Joe Burrow,QB,CIN,14,15.87,23.0,17.08,15.38
00-0036442,Joe Burrow,QB,CIN,15,16.52,5.0,16.88,11.75
00-0036442,Joe Burrow,QB,CIN,16,17.44,28.0,17.08,17.43
00-0036442,Joe Burrow,QB,CIN,17,20.33,20.0,18.22,18.33
00-0036442,Joe Burrow,QB,CIN,18,18.32,20.0,18.25,18.92
00-0036497,Tim Jones,WR,JAX,9,0.64,1.0,0.64,1.0
00-0036534,Shane Zylstra,TE,DET,16,7.27,2.0,7.27,2.0
00-0036550,Rashod Bateman,WR,BAL,1,3.57,1.0,3.57,1.0
00-0036550,Rashod Bateman,WR,BAL,2,3.42,1.0,3.52,1.0
00-0036550,Rashod Bateman,WR,BAL,3,9.7,12.0,5.68,4.85
00-0036550,Rashod Bateman,WR,BAL,4,2.1,2.0,4.43,3.85
00-0036550,Rashod Bateman,WR,BAL,5,3.37,0.0,4.06,2.5
00-0036550,Rashod Bateman,WR,BAL,6,0.37,0.0,2.77,1.63
00-0036550,Rashod Bateman,WR,BAL,8,5.9,5.0,3.86,2.81
00-0036550,Rashod Bateman,WR,BAL,9,5.57,7.0,4.46,4.28
00-0036550,Rashod Bateman,WR,BAL,10,4.27,3.0,4.39,3.83
00-0036550,Rashod Bateman,WR,BAL,13,1.54,0.0,3.39,2.49
00-0036550,Rashod Bateman,WR,BAL,14,3.42,2.0,3.4,2.32
00-0036550,Rashod Bateman,WR,BAL,16,1.74,0.0,2.82,1.51
00-0036550,Rashod Bateman,WR,BAL,17,0.66,0.0,2.06,0.98
00-0036554,Nico Collins,WR,HOU,1,3.75,2.0,3.75,2.0
00-0036554,Nico Collins,WR,HOU,2,16.5,11.0,8.21,5.15
00-0036554,Nico Collins,WR,HOU,3,10.59,14.0,9.04,8.25
00-0036554,Nico Collins,WR,HOU,4,5.46,7.0,7.79,7.81
00-0036554,Nico Collins,WR,HOU,5,7.87,11.0,7.82,8.93
00-0036554,Nico Collins,WR,HOU,7,8.98,2.0,8.22,6.5
00-0036554,Nico Collins,WR,HOU,9,12.34,7.0,9.66,6.68
00-0036554,Nico Collins,WR,HOU,10,20.97,15.0,13.62,9.59
00-0036554,Nico Collins,WR,HOU,11,11.22,15.0,12.78,11.48
00-0036554,Nico Collins,WR,HOU,12,3.12,5.0,9.4,9.21
00-0036554,Nico Collins,WR,HOU,13,16.5,15.0,11.89,11.24
00-0036554,Nico Collins,WR,HOU,14,8.84,12.0,10.82,11.51
00-0036554,Nico Collins,WR,HOU,15,9.1,20.0,10.22,14.48
00-0036554,Nico Collins,WR,HOU,16,10.2,5.0,10.21,11.16
00-0036554,Nico Collins,WR,HOU,17,4.39,5.0,8.17,9.0
00-0036555,Chuba Hubbard,RB,CAR,1,11.03,14.0,11.03,14.0
00-0036555,Chuba Hubbard,RB,CAR,2,10.67,12.0,10.9,13.3
00-0036555,Chuba Hubbard,RB,CAR,3,14.1,7.0,12.02,11.09
00-0036555,Chuba Hubbard,RB,CAR,4,6.11,6.0,9.95,9.31
00-0036555,Chuba Hubbard,RB,CAR,7,7.73,5.0,9.17,7.8
00-0036555,Chuba Hubbard,RB,CAR,8,7.87,9.0,8.72,8.22
00-0036555,Chuba Hubbard,RB,CAR,9,4.33,1.0,7.18,5.69
00-0036555,Chuba Hubbard,RB,CAR,10,2.23,1.0,5.45,4.05
00-0036555,Chuba Hubbard,RB,CAR,11,4.44,2.0,5.09,3.33
00-0036555,Chuba Hubbard,RB,CAR,12,5.19,3.0,5.13,3.22
00-0036555,Chuba Hubbard,RB,CAR,13,9.84,18.0,6.78,8.39
00-0036555,Chuba Hubbard,RB,CAR,15,5.15,2.0,6.21,6.15
00-0036555,Chuba Hubbard,RB,CAR,16,5.53,2.0,5.97,4.7
00-0036555,Chuba Hubbard,RB,CAR,17,3.5,-1.0,5.1,2.71
00-0036555,Chuba Hubbard,RB,CAR,18,4.12,1.0,4.76,2.11
00-0036567,Elijah Mitchell,RB,KC,11,1.38,0.0,1.38,0.0
00-0036590,Quintin Morris,TE,JAX,11,3.27,1.0,3.27,1.0
00-0036590,Quintin Morris,TE,JAX,13,2.11,1.0,2.87,1.0
00-0036590,Quintin Morris,TE,JAX,15,1.56,2.0,2.41,1.35
00-0036590,Quintin Morris,TE,JAX,16,0.54,0.0,1.75,0.88
00-0036590,Quintin Morris,TE,JAX,18,4.17,6.0,2.6,2.67
00-0036613,Jaylen Waddle,WR,MIA,1,4.63,3.0,4.63,3.0
00-0036613,Jaylen Waddle,WR,MIA,2,8.12,12.0,5.85,6.15
00-0036613,Jaylen Waddle,WR,MIA,3,5.94,9.0,5.88,7.15
00-0036613,Jaylen Waddle,WR,MIA,4,6.49,4.0,6.1,6.05
00-0036613,Jaylen Waddle,WR,MIA,5,10.48,17.0,7.63,9.88
00-0036613,Jaylen Waddle,WR,MIA,6,9.08,9.0,8.14,9.57
00-0036613,Jaylen Waddle,WR,MIA,7,5.17,1.0,7.1,6.57
00-0036613,Jaylen Waddle,WR,MIA,8,6.57,15.0,6.91,9.52
00-0036613,Jaylen Waddle,WR,MIA,9,9.11,8.0,7.68,8.99
00-0036613,Jaylen Waddle,WR,MIA,10,10.32,14.0,8.6,10.74
00-0036613,Jaylen Waddle,WR,MIA,11,10.18,5.0,9.16,8.73
00-0036613,Jaylen Waddle,WR,MIA,13,7.17,4.0,8.46,7.08
00-0036613,Jaylen Waddle,WR,MIA,14,8.81,13.0,8.58,9.15
00-0036613,Jaylen Waddle,WR,MIA,15,3.99,2.0,6.98,6.65
00-0036613,Jaylen Waddle,WR,MIA,16,9.59,7.0,7.89,6.77
00-0036613,Jaylen Waddle,WR,MIA,17,1.76,0.0,5.74,4.4
00-0036620,Dee Eskridge,WR,MIA,1,1.86,0.0,1.86,0.0
00-0036620,Dee Eskridge,WR,MIA,2,0.77,0.0,1.48,0.0
00-0036620,Dee Eskridge,WR,MIA,6,0.79,0.0,1.24,0.0
00-0036620,Dee Eskridge,WR,MIA,7,1.12,2.0,1.2,0.7
00-0036620,Dee Eskridge,WR,MIA,9,0.7,0.0,1.02,0.45
00-0036626,Dyami Brown,WR,JAX,1,6.09,5.0,6.09,5.0
00-0036626,Dyami Brown,WR,JAX,2,11.51,11.0,7.99,7.1
00-0036626,Dyami Brown,WR,JAX,3,4.11,0.0,6.63,4.62
00-0036626,Dyami Brown,WR,JAX,5,5.06,1.0,6.08,3.35
00-0036626,Dyami Brown,WR,JAX,6,5.75,1.0,5.96,2.53
00-0036626,Dyami Brown,WR,JAX,7,4.61,5.0,5.49,3.39
00-0036626,Dyami Brown,WR,JAX,9,12.21,2.0,7.84,2.91
00-0036626,Dyami Brown,WR,JAX,10,3.59,0.0,6.35,1.89
00-0036626,Dyami Brown,WR,JAX,11,2.34,0.0,4.95,1.23
00-0036626,Dyami Brown,WR,JAX,15,0.68,-2.0,3.46,0.1
00-0036626,Dyami Brown,WR,JAX,18,2.11,0.0,2.98,0.06
00-0036628,John Bates,TE,WAS,5,0.67,0.0,0.67,0.0
00-0036628,John Bates,TE,WAS,7,3.01,0.0,1.49,0.0
00-0036628,John Bates,TE,WAS,8,0.9,2.0,1.28,0.7
00-0036628,John Bates,TE,WAS,9,3.09,2.0,1.92,1.15
00-0036628,John Bates,TE,WAS,10,1.33,0.0,1.71,0.75
00-0036628,John Bates,TE,WAS,13,1.02,0.0,1.47,0.49
00-0036628,John Bates,TE,WAS,15,1.22,1.0,1.38,0.67
00-0036628,John Bates,TE,WAS,16,0.96,0.0,1.23,0.43
00-0036628,John Bates,TE,WAS,18,3.54,7.0,2.04,2.73
00-0036630,Tylan Wallace,WR,BAL,2,4.05,8.0,4.05,8.0
00-0036630,Tylan Wallace,WR,BAL,3,2.81,0.0,3.62,5.2
00-0036630,Tylan Wallace,WR,BAL,4,1.8,1.0,2.98,3.73
00-0036630,Tylan Wallace,WR,BAL,8,0.76,0.0,2.2,2.42
00-0036630,Tylan Wallace,WR,BAL,11,1.55,0.0,1.98,1.58
00-0036630,Tylan Wallace,WR,BAL,12,1.32,0.0,1.74,1.02
00-0036637,Noah Gray,TE,KC,1,0.57,0.0,0.57,0.0
00-0036637,Noah Gray,TE,KC,2,4.38,0.0,1.9,0.0
00-0036637,Noah Gray,TE,KC,3,3.71,1.0,2.54,0.35
00-0036637,Noah Gray,TE,KC,4,0.59,0.0,1.85,0.23
00-0036637,Noah Gray,TE,KC,6,1.36,2.0,1.68,0.85
00-0036637,Noah Gray,TE,KC,7,1.14,2.0,1.49,1.25
00-0036637,Noah Gray,TE,KC,8,7.06,2.0,3.44,1.51
00-0036637,Noah Gray,TE,KC,9,1.28,0.0,2.68,0.98
00-0036637,Noah Gray,TE,KC,11,2.37,0.0,2.58,0.64
00-0036637,Noah Gray,TE,KC,12,3.47,2.0,2.89,1.12
00-0036637,Noah Gray,TE,KC,14,2.21,1.0,2.65,1.08
00-0036637,Noah Gray,TE,KC,17,0.48,0.0,1.89,0.7
00-0036637,Noah Gray,TE,KC,18,3.38,3.0,2.41,1.5
00-0036679,Shane Buechele,QB,KC,18,4.6,3.0,4.6,3.0
00-0036741,Jack Stoll,TE,NO,3,3.75,8.0,3.75,8.0
00-0036741,Jack Stoll,TE,NO,4,0.59,0.0,2.64,5.2
00-0036741,Jack Stoll,TE,NO,7,0.77,0.0,1.99,3.38
00-0036741,Jack Stoll,TE,NO,8,0.56,0.0,1.49,2.2
00-0036741,Jack Stoll,TE,NO,12,0.44,0.0,1.12,1.43
00-0036741,Jack Stoll,TE,NO,14,0.33,0.0,0.84,0.93
00-0036741,Jack Stoll,TE,NO,15,0.53,0.0,0.73,0.6
00-0036741,Jack Stoll,TE,NO,16,1.3,0.0,0.93,0.39
00-0036754,Brock Wright,TE,DET,2,3.76,8.0,3.76,8.0
00-0036754,Brock Wright,TE,DET,5,5.09,6.0,4.22,7.3
00-0036754,Brock Wright,TE,DET,7,2.61,2.0,3.66,5.45
00-0036754,Brock Wright,TE,DET,9,0.56,1.0,2.57,3.89
00-0036754,Brock Wright,TE,DET,10,0.69,0.0,1.92,2.53
00-0036754,Brock Wright,TE,DET,11,4.05,0.0,2.66,1.64
00-0036754,Brock Wright,TE,DET,12,3.13,2.0,2.83,1.77
00-0036755,Jaret Patterson,RB,LAC,8,5.11,3.0,5.11,3.0
00-0036755,Jaret Patterson,RB,LAC,9,5.18,4.0,5.14,3.35
00-0036755,Jaret Patterson,RB,LAC,10,0.42,0.0,3.49,2.18
00-0036755,Jaret Patterson,RB,LAC,13,11.39,11.0,6.25,5.27
00-0036755,Jaret Patterson,RB,LAC,17,0.51,0.0,4.24,3.42
00-0036755,Jaret Patterson,RB,LAC,18,5.5,2.0,4.68,2.92
00-0036825,Feleipe Franks,TE,ATL,6,0.28,0.0,0.28,0.0
00-0036825,Feleipe Franks,TE,ATL,12,0.35,0.0,0.31,0.0
00-0036841,Austin Trammell,WR,JAX,9,1.79,0.0,1.79,0.0
00-0036841,Austin Trammell,WR,JAX,10,3.31,3.0,2.32,1.05
00-0036841,Austin Trammell,WR,JAX,11,1.09,1.0,1.89,1.03
00-0036841,Austin Trammell,WR,JAX,12,0.85,0.0,1.53,0.67
00-0036841,Austin Trammell,WR,JAX,13,6.35,0.0,3.22,0.44
00-0036842,Kene Nwangwu,RB,NYJ,17,7.62,3.0,7.62,3.0
00-0036842,Kene Nwangwu,RB,NYJ,18,3.65,1.0,6.23,2.3
00-0036849,Tutu Atwell,WR,LA,1,0.72,0.0,0.72,0.0
00-0036849,Tutu Atwell,WR,LA,2,0.87,0.0,0.77,0.0
00-0036849,Tutu Atwell,WR,LA,3,0.61,0.0,0.72,0.0
00-0036849,Tutu Atwell,WR,LA,4,2.08,14.0,1.19,4.9
00-0036849,Tutu Atwell,WR,LA,5,7.79,7.0,3.5,5.63
00-0036849,Tutu Atwell,WR,LA,15,2.14,0.0,3.02,3.66
00-0036849,Tutu Atwell,WR,LA,17,1.51,0.0,2.49,2.38
00-0036849,Tutu Atwell,WR,LA,18,4.12,1.0,3.06,1.9
00-0036862,Ben Skowronek,WR,PIT,1,0.87,8.0,0.87,8.0
00-0036862,Ben Skowronek,WR,PIT,4,2.71,0.0,1.51,5.2
00-0036862,Ben Skowronek,WR,PIT,8,0.75,1.0,1.25,3.73
00-0036862,Ben Skowronek,WR,PIT,12,0.94,2.0,1.14,3.12
00-0036862,Ben Skowronek,WR,PIT,13,0.56,0.0,0.94,2.03
00-0036862,Ben Skowronek,WR,PIT,14,1.04,1.0,0.97,1.67
00-0036875,Rhamondre Stevenson,RB,NE,1,6.15,2.0,6.15,2.0
00-0036875,Rhamondre Stevenson,RB,NE,2,8.76,15.0,7.07,6.55
00-0036875,Rhamondre Stevenson,RB,NE,3,6.07,0.0,6.72,4.26
00-0036875,Rhamondre Stevenson,RB,NE,4,5.71,3.0,6.37,3.82
00-0036875,Rhamondre Stevenson,RB,NE,5,7.05,12.0,6.6,6.68
00-0036875,Rhamondre Stevenson,RB,NE,6,11.86,1.0,8.44,4.69
00-0036875,Rhamondre Stevenson,RB,NE,7,11.87,14.0,9.64,7.95
00-0036875,Rhamondre Stevenson,RB,NE,8,11.87,4.0,10.42,6.57
00-0036875,Rhamondre Stevenson,RB,NE,12,10.47,0.0,10.44,4.27
00-0036875,Rhamondre Stevenson,RB,NE,13,8.79,8.0,9.86,5.57
00-0036875,Rhamondre Stevenson,RB,NE,15,5.93,7.0,8.49,6.07
00-0036875,Rhamondre Stevenson,RB,NE,16,7.72,15.0,8.22,9.2
00-0036875,Rhamondre Stevenson,RB,NE,17,12.76,21.0,9.81,13.33
00-0036875,Rhamondre Stevenson,RB,NE,18,9.1,33.0,9.56,20.21
00-0036876,Kylen Granson,TE,PHI,1,0.63,0.0,0.63,0.0
00-0036876,Kylen Granson,TE,PHI,2,0.6,0.0,0.62,0.0
00-0036876,Kylen Granson,TE,PHI,11,1.95,0.0,1.08,0.0
00-0036876,Kylen Granson,TE,PHI,18,3.82,3.0,2.04,1.05
00-0036887,Luke Farrell,TE,SF,1,0.79,0.0,0.79,0.0
00-0036887,Luke Farrell,TE,SF,2,2.59,7.0,1.42,2.45
00-0036887,Luke Farrell,TE,SF,4,1.33,0.0,1.39,1.59
00-0036887,Luke Farrell,TE,SF,5,1.79,0.0,1.53,1.04
00-0036887,Luke Farrell,TE,SF,7,0.86,1.0,1.29,1.02
00-0036887,Luke Farrell,TE,SF,9,0.94,0.0,1.17,0.66
00-0036887,Luke Farrell,TE,SF,10,2.0,7.0,1.46,2.88
00-0036887,Luke Farrell,TE,SF,12,0.51,0.0,1.13,1.87
00-0036887,Luke Farrell,TE,SF,13,3.65,0.0,2.01,1.22
00-0036893,Najee Harris,RB,LAC,1,1.36,0.0,1.36,0.0
00-0036893,Najee Harris,RB,LAC,2,5.09,4.0,2.67,1.4
00-0036893,Najee Harris,RB,LAC,3,2.52,2.0,2.62,1.61
00-0036894,Pat Freiermuth,TE,PIT,1,2.24,2.0,2.24,2.0
00-0036894,Pat Freiermuth,TE,PIT,2,5.07,3.0,3.23,2.35
00-0036894,Pat Freiermuth,TE,PIT,3,2.08,0.0,2.83,1.53
00-0036894,Pat Freiermuth,TE,PIT,6,0.6,1.0,2.05,1.34
00-0036894,Pat Freiermuth,TE,PIT,7,6.39,23.0,3.57,8.92
00-0036894,Pat Freiermuth,TE,PIT,8,2.51,1.0,3.2,6.15
00-0036894,Pat Freiermuth,TE,PIT,9,5.27,8.0,3.92,6.8
00-0036894,Pat Freiermuth,TE,PIT,10,1.87,3.0,3.21,5.47
00-0036894,Pat Freiermuth,TE,PIT,11,0.5,1.0,2.26,3.9
00-0036894,Pat Freiermuth,TE,PIT,12,4.29,7.0,2.97,4.99
00-0036894,Pat Freiermuth,TE,PIT,14,2.9,0.0,2.95,3.24
00-0036894,Pat Freiermuth,TE,PIT,15,5.38,4.0,3.8,3.51
00-0036894,Pat Freiermuth,TE,PIT,16,2.54,2.0,3.36,2.98
00-0036894,Pat Freiermuth,TE,PIT,17,3.62,6.0,3.45,4.04
00-0036894,Pat Freiermuth,TE,PIT,18,5.72,5.0,4.24,4.37
00-0036898,Davis Mills,QB,HOU,5,2.02,0.0,2.02,0.0
00-0036898,Davis Mills,QB,HOU,9,14.11,5.0,6.25,1.75
00-0036898,Davis Mills,QB,HOU,10,23.33,27.0,12.23,10.59
00-0036898,Davis Mills,QB,HOU,11,18.73,15.0,14.5,12.13
00-0036898,Davis Mills,QB,HOU,12,17.76,14.0,15.64,12.79
00-0036898,Davis Mills,QB,HOU,18,3.14,2.0,11.27,9.01
00-0036900,Ja'Marr Chase,WR,CIN,1,5.9,2.0,5.9,2.0
00-0036900,Ja'Marr Chase,WR,CIN,2,16.82,22.0,9.72,9.0
00-0036900,Ja'Marr Chase,WR,CIN,3,4.64,3.0,7.94,6.9
00-0036900,Ja'Marr Chase,WR,CIN,4,5.68,2.0,7.15,5.19
00-0036900,Ja'Marr Chase,WR,CIN,5,10.25,23.0,8.24,11.42
00-0036900,Ja'Marr Chase,WR,CIN,6,10.33,14.0,8.97,12.32
00-0036900,Ja'Marr Chase,WR,CIN,7,23.18,22.0,13.94,15.71
00-0036900,Ja'Marr Chase,WR,CIN,8,15.93,9.0,14.64,13.36
00-0036900,Ja'Marr Chase,WR,CIN,9,10.19,11.0,13.08,12.53
00-0036900,Ja'Marr Chase,WR,CIN,11,10.46,3.0,12.16,9.2
00-0036900,Ja'Marr Chase,WR,CIN,13,15.4,11.0,13.3,9.83
00-0036900,Ja'Marr Chase,WR,CIN,14,6.61,4.0,10.95,7.79
00-0036900,Ja'Marr Chase,WR,CIN,15,15.91,13.0,12.69,9.61
00-0036900,Ja'Marr Chase,WR,CIN,16,10.04,10.0,11.76,9.75
00-0036900,Ja'Marr Chase,WR,CIN,17,10.66,18.0,11.37,12.64
00-0036900,Ja'Marr Chase,WR,CIN,18,10.59,15.0,11.1,13.46
00-0036906,Khalil Herbert,RB,NYJ,15,1.39,0.0,1.39,0.0
00-0036906,Khalil Herbert,RB,NYJ,17,1.99,0.0,1.6,0.0
00-0036906,Khalil Herbert,RB,NYJ,18,7.63,4.0,3.71,1.4
00-0036912,DeVonta Smith,WR,PHI,1,1.78,1.0,1.78,1.0
00-0036912,DeVonta Smith,WR,PHI,2,6.43,5.0,3.41,2.4
00-0036912,DeVonta Smith,WR,PHI,3,9.51,12.0,5.54,5.76
00-0036912,DeVonta Smith,WR,PHI,4,2.11,2.0,4.34,4.44
00-0036912,DeVonta Smith,WR,PHI,5,9.51,11.0,6.15,6.74
00-0036912,DeVonta Smith,WR,PHI,6,3.94,4.0,5.38,5.78
00-0036912,DeVonta Smith,WR,PHI,7,13.04,24.0,8.06,12.16
00-0036912,DeVonta Smith,WR,PHI,8,11.2,8.0,9.16,10.7
00-0036912,DeVonta Smith,WR,PHI,10,7.65,12.0,8.63,11.16
00-0036912,DeVonta Smith,WR,PHI,11,6.68,0.0,7.95,7.25
00-0036912,DeVonta Smith,WR,PHI,12,14.51,8.0,10.24,7.51
00-0036912,DeVonta Smith,WR,PHI,13,6.09,4.0,8.79,6.28
00-0036912,DeVonta Smith,WR,PHI,14,7.11,3.0,8.2,5.13
00-0036912,DeVonta Smith,WR,PHI,15,2.64,5.0,6.25,5.09
00-0036912,DeVonta Smith,WR,PHI,16,10.64,10.0,7.79,6.81
00-0036912,DeVonta Smith,WR,PHI,17,5.27,2.0,6.91,5.12
00-0036912,DeVonta Smith,WR,PHI,18,4.08,5.0,5.92,5.08
00-0036919,Kenny Gainwell,RB,PIT,1,5.55,1.0,5.55,1.0
00-0036919,Kenny Gainwell,RB,PIT,2,6.62,3.0,5.93,1.7
00-0036919,Kenny Gainwell,RB,PIT,3,6.67,8.0,6.19,3.9
00-0036919,Kenny Gainwell,RB,PIT,4,20.99,24.0,11.37,10.94
00-0036919,Kenny Gainwell,RB,PIT,6,6.21,3.0,9.56,8.16
00-0036919,Kenny Gainwell,RB,PIT,7,3.02,1.0,7.27,5.65
00-0036919,Kenny Gainwell,RB,PIT,8,3.97,1.0,6.12,4.03
00-0036919,Kenny Gainwell,RB,PIT,9,5.71,2.0,5.97,3.32
00-0036919,Kenny Gainwell,RB,PIT,10,2.29,0.0,4.68,2.16
00-0036919,Kenny Gainwell,RB,PIT,11,16.53,22.0,8.83,9.1
00-0036919,Kenny Gainwell,RB,PIT,12,10.84,12.0,9.53,10.12
00-0036919,Kenny Gainwell,RB,PIT,13,5.41,4.0,8.09,7.98
00-0036919,Kenny Gainwell,RB,PIT,14,14.07,9.0,10.18,8.33
00-0036919,Kenny Gainwell,RB,PIT,15,12.14,12.0,10.87,9.62
00-0036919,Kenny Gainwell,RB,PIT,16,10.26,18.0,10.66,12.55
00-0036919,Kenny Gainwell,RB,PIT,17,5.52,3.0,8.86,9.21
00-0036919,Kenny Gainwell,RB,PIT,18,13.41,13.0,10.45,10.54
00-0036924,Michael Carter,RB,ARI,4,0.46,0.0,0.46,0.0
00-0036924,Michael Carter,RB,ARI,5,16.08,13.0,5.93,4.55
00-0036924,Michael Carter,RB,ARI,6,9.83,6.0,7.29,5.06
00-0036924,Michael Carter,RB,ARI,7,5.1,3.0,6.53,4.34
00-0036924,Michael Carter,RB,ARI,10,1.98,0.0,4.94,2.82
00-0036924,Michael Carter,RB,ARI,11,6.25,2.0,5.4,2.53
00-0036924,Michael Carter,RB,ARI,12,5.85,5.0,5.55,3.4
00-0036924,Michael Carter,RB,ARI,13,5.73,5.0,5.62,3.96
00-0036924,Michael Carter,RB,ARI,14,5.53,2.0,5.59,3.27
00-0036924,Michael Carter,RB,ARI,15,11.29,8.0,7.58,4.93
00-0036924,Michael Carter,RB,ARI,16,6.33,6.0,7.14,5.3
00-0036924,Michael Carter,RB,ARI,17,5.9,3.0,6.71,4.5
00-0036924,Michael Carter,RB,ARI,18,4.9,3.0,6.07,3.97
00-0036945,Justin Fields,QB,NYJ,1,21.84,28.0,21.84,28.0
00-0036945,Justin Fields,QB,NYJ,2,6.43,3.0,16.45,19.25
00-0036945,Justin Fields,QB,NYJ,4,12.53,27.0,15.08,21.96
00-0036945,Justin Fields,QB,NYJ,5,22.02,25.0,17.51,23.03
00-0036945,Justin Fields,QB,NYJ,6,7.9,4.0,14.14,16.37
00-0036945,Justin Fields,QB,NYJ,7,6.27,3.0,11.39,11.69
00-0036945,Justin Fields,QB,NYJ,8,22.7,20.0,15.35,14.6
00-0036945,Justin Fields,QB,NYJ,10,6.41,6.0,12.22,11.59
00-0036945,Justin Fields,QB,NYJ,11,18.48,18.0,14.41,13.83
00-0036959,Michael Bandy,WR,DEN,9,0.61,-1.0,0.61,-1.0
00-0036959,Michael Bandy,WR,DEN,15,0.82,8.0,0.68,2.15
00-0036959,Michael Bandy,WR,DEN,17,1.41,1.0,0.94,1.75
00-0036963,Amon-Ra St. Brown,WR,DET,1,6.88,4.0,6.88,4.0
00-0036963,Amon-Ra St. Brown,WR,DET,2,20.41,29.0,11.61,12.75
00-0036963,Amon-Ra St. Brown,WR,DET,3,10.77,13.0,11.32,12.84
00-0036963,Amon-Ra St. Brown,WR,DET,4,9.87,19.0,10.81,14.99
00-0036963,Amon-Ra St. Brown,WR,DET,5,8.63,10.0,10.05,13.25
00-0036963,Amon-Ra St. Brown,WR,DET,6,8.29,4.0,9.43,10.01
00-0036963,Amon-Ra St. Brown,WR,DET,7,10.03,14.0,9.64,11.41
00-0036963,Amon-Ra St. Brown,WR,DET,9,16.15,9.0,11.92,10.56
00-0036963,Amon-Ra St. Brown,WR,DET,10,12.0,11.0,11.95,10.72
00-0036963,Amon-Ra St. Brown,WR,DET,11,13.75,4.0,12.58,8.37
00-0036963,Amon-Ra St. Brown,WR,DET,12,15.75,20.0,13.69,12.44
00-0036963,Amon-Ra St. Brown,WR,DET,13,0.36,0.0,9.03,8.08
00-0036963,Amon-Ra St. Brown,WR,DET,14,8.12,9.0,8.71,8.4
00-0036963,Amon-Ra St. Brown,WR,DET,15,25.39,28.0,14.55,15.26
00-0036963,Amon-Ra St. Brown,WR,DET,16,13.55,5.0,14.2,11.67
00-0036963,Amon-Ra St. Brown,WR,DET,17,11.42,6.0,13.23,9.69
00-0036963,Amon-Ra St. Brown,WR,DET,18,17.54,13.0,14.74,10.85
00-0036970,Kyle Pitts,TE,ATL,1,5.2,5.0,5.2,5.0
00-0036970,Kyle Pitts,TE,ATL,2,4.01,3.0,4.78,4.3
00-0036970,Kyle Pitts,TE,ATL,3,4.32,3.0,4.62,3.84
00-0036970,Kyle Pitts,TE,ATL,4,5.05,13.0,4.77,7.05
00-0036970,Kyle Pitts,TE,ATL,6,3.71,1.0,4.4,4.93
00-0036970,Kyle Pitts,TE,ATL,7,7.9,6.0,5.62,5.31
00-0036970,Kyle Pitts,TE,ATL,8,6.19,5.0,5.82,5.2
00-0036970,Kyle Pitts,TE,ATL,9,7.01,3.0,6.24,4.43
00-0036970,Kyle Pitts,TE,ATL,10,8.7,3.0,7.1,3.93
00-0036970,Kyle Pitts,TE,ATL,11,1.96,1.0,5.3,2.9
00-0036970,Kyle Pitts,TE,ATL,12,5.33,2.0,5.31,2.59
00-0036970,Kyle Pitts,TE,ATL,13,4.9,8.0,5.16,4.48
00-0036970,Kyle Pitts,TE,ATL,14,9.0,9.0,6.51,6.06
00-0036970,Kyle Pitts,TE,ATL,15,13.53,34.0,8.96,15.84
00-0036970,Kyle Pitts,TE,ATL,16,11.46,11.0,9.84,14.15
00-0036970,Kyle Pitts,TE,ATL,17,2.6,1.0,7.3,9.55
00-0036970,Kyle Pitts,TE,ATL,18,7.6,5.0,7.41,7.95
00-0036971,Trevor Lawrence,QB,JAX,1,15.54,10.0,15.54,10.0
00-0036971,Trevor Lawrence,QB,JAX,2,28.17,18.0,19.96,12.8
00-0036971,Trevor Lawrence,QB,JAX,3,15.11,6.0,18.26,10.42
00-0036971,Trevor Lawrence,QB,JAX,4,14.13,10.0,16.81,10.27
00-0036971,Trevor Lawrence,QB,JAX,5,29.35,25.0,21.2,15.43
00-0036971,Trevor Lawrence,QB,JAX,6,14.36,18.0,18.81,16.33
00-0036971,Trevor Lawrence,QB,JAX,7,18.39,16.0,18.66,16.21
00-0036971,Trevor Lawrence,QB,JAX,9,31.52,20.0,23.16,17.54
00-0036971,Trevor Lawrence,QB,JAX,10,15.14,9.0,20.36,14.55
00-0036971,Trevor Lawrence,QB,JAX,11,16.65,14.0,19.06,14.36
00-0036971,Trevor Lawrence,QB,JAX,12,21.42,16.0,19.88,14.93
00-0036971,Trevor Lawrence,QB,JAX,13,17.9,21.0,19.19,17.06
00-0036971,Trevor Lawrence,QB,JAX,14,22.71,18.0,20.42,17.39
00-0036971,Trevor Lawrence,QB,JAX,15,26.24,44.0,22.46,26.7
00-0036971,Trevor Lawrence,QB,JAX,16,27.72,31.0,24.3,28.21
00-0036971,Trevor Lawrence,QB,JAX,17,25.38,22.0,24.68,26.03
00-0036971,Trevor Lawrence,QB,JAX,18,18.18,23.0,22.4,24.97
00-0036972,Mac Jones,QB,SF,2,15.12,21.0,15.12,21.0
00-0036972,Mac Jones,QB,SF,3,16.68,12.0,15.66,17.85
00-0036972,Mac Jones,QB,SF,5,22.52,21.0,18.06,18.95
00-0036972,Mac Jones,QB,SF,6,18.71,10.0,18.29,15.82
00-0036972,Mac Jones,QB,SF,7,9.87,5.0,15.34,12.03
00-0036972,Mac Jones,QB,SF,8,14.39,17.0,15.01,13.77
00-0036972,Mac Jones,QB,SF,9,15.71,15.0,15.25,14.2
00-0036972,Mac Jones,QB,SF,10,17.69,22.0,16.11,16.93
00-0036972,Mac Jones,QB,SF,11,-0.3,-1.0,10.36,10.66
00-0036972,Mac Jones,QB,SF,13,0.06,0.0,6.76,6.93
00-0036972,Mac Jones,QB,SF,16,-0.3,-1.0,4.29,4.15
00-0036973,Travis Etienne,RB,JAX,1,10.16,15.0,10.16,15.0
00-0036973,Travis Etienne,RB,JAX,2,10.91,14.0,10.42,14.65
00-0036973,Travis Etienne,RB,JAX,3,8.64,11.0,9.8,13.37
00-0036973,Travis Etienne,RB,JAX,4,10.78,18.0,10.14,14.99
00-0036973,Travis Etienne,RB,JAX,5,9.6,4.0,9.95,11.14
00-0036973,Travis Etienne,RB,JAX,6,8.68,4.0,9.51,8.64
00-0036973,Travis Etienne,RB,JAX,7,5.68,5.0,8.17,7.37
00-0036973,Travis Etienne,RB,JAX,9,24.16,11.0,13.77,8.64
00-0036973,Travis Etienne,RB,JAX,10,14.72,12.0,14.1,9.82
00-0036973,Travis Etienne,RB,JAX,11,17.96,19.0,15.45,13.03
00-0036973,Travis Etienne,RB,JAX,12,10.44,17.0,13.7,14.42
00-0036973,Travis Etienne,RB,JAX,13,7.2,3.0,11.42,10.42
00-0036973,Travis Etienne,RB,JAX,14,12.36,19.0,11.75,13.42
00-0036973,Travis Etienne,RB,JAX,15,16.73,28.0,13.49,18.53
00-0036973,Travis Etienne,RB,JAX,16,11.41,12.0,12.76,16.24
00-0036973,Travis Etienne,RB,JAX,17,10.79,8.0,12.07,13.36
00-0036973,Travis Etienne,RB,JAX,18,10.44,3.0,11.5,9.73
00-0036980,Elijah Moore,WR,BUF,1,1.14,0.0,1.14,0.0
00-0036980,Elijah Moore,WR,BUF,2,4.65,9.0,2.37,3.15
00-0036980,Elijah Moore,WR,BUF,3,3.06,4.0,2.61,3.45
00-0036980,Elijah Moore,WR,BUF,4,0.69,0.0,1.94,2.24
00-0036980,Elijah Moore,WR,BUF,6,1.94,0.0,1.94,1.46
00-0036980,Elijah Moore,WR,BUF,8,5.03,1.0,3.02,1.3
00-0036980,Elijah Moore,WR,BUF,9,1.59,2.0,2.52,1.54
00-0036980,Elijah Moore,WR,BUF,10,1.89,-1.0,2.3,0.65
00-0036980,Elijah Moore,WR,BUF,12,2.78,-1.0,2.47,0.07
00-0036988,Josh Palmer,WR,BUF,1,10.01,6.0,10.01,6.0
00-0036988,Josh Palmer,WR,BUF,2,4.21,4.0,7.98,5.3
00-0036988,Josh Palmer,WR,BUF,3,0.76,0.0,5.45,3.45
00-0036988,Josh Palmer,WR,BUF,4,2.75,2.0,4.51,2.94
00-0036988,Josh Palmer,WR,BUF,5,2.54,3.0,3.82,2.96
00-0036988,Josh Palmer,WR,BUF,6,3.76,6.0,3.8,4.02
00-0036988,Josh Palmer,WR,BUF,11,5.37,1.0,4.35,2.97
00-0036988,Josh Palmer,WR,BUF,12,4.53,2.0,4.41,2.63
00-0036988,Josh Palmer,WR,BUF,15,2.29,1.0,3.67,2.06
00-0036988,Josh Palmer,WR,BUF,16,0.53,0.0,2.57,1.34
00-0036988,Josh Palmer,WR,BUF,17,2.09,1.0,2.4,1.22
00-0036988,Josh Palmer,WR,BUF,18,5.74,0.0,3.57,0.79
00-0036997,Javonte Williams,RB,DAL,1,14.85,18.0,14.85,18.0
00-0036997,Javonte Williams,RB,DAL,2,14.36,18.0,14.68,18.0
00-0036997,Javonte Williams,RB,DAL,3,9.98,6.0,13.03,13.8
00-0036997,Javonte Williams,RB,DAL,4,19.84,15.0,15.42,14.22
00-0036997,Javonte Williams,RB,DAL,5,14.44,25.0,15.08,17.99
00-0036997,Javonte Williams,RB,DAL,6,15.09,2.0,15.08,12.4
00-0036997,Javonte Williams,RB,DAL,7,16.66,17.0,15.63,14.01
00-0036997,Javonte Williams,RB,DAL,8,16.87,16.0,16.07,14.7
00-0036997,Javonte Williams,RB,DAL,9,10.03,6.0,13.95,11.66
00-0036997,Javonte Williams,RB,DAL,11,12.81,9.0,13.55,10.73
00-0036997,Javonte Williams,RB,DAL,12,15.21,9.0,14.14,10.12
00-0036997,Javonte Williams,RB,DAL,13,14.06,13.0,14.11,11.13
00-0036997,Javonte Williams,RB,DAL,14,17.38,12.0,15.26,11.43
00-0036997,Javonte Williams,RB,DAL,15,13.6,15.0,14.68,12.68
00-0036997,Javonte Williams,RB,DAL,16,6.55,3.0,11.83,9.29
00-0036997,Javonte Williams,RB,DAL,17,9.74,11.0,11.1,9.89
00-0037004,Hunter Long,TE,JAX,1,3.43,6.0,3.43,6.0
00-0037004,Hunter Long,TE,JAX,3,1.83,1.0,2.87,4.25
00-0037004,Hunter Long,TE,JAX,4,6.48,8.0,4.13,5.56
00-0037004,Hunter Long,TE,JAX,5,0.62,0.0,2.91,3.62
00-0037004,Hunter Long,TE,JAX,6,1.9,1.0,2.55,2.7
00-0037004,Hunter Long,TE,JAX,7,1.7,1.0,2.26,2.11
00-0037004,Hunter Long,TE,JAX,9,3.54,0.0,2.7,1.37
00-0037005,Tommy Tremble,TE,CAR,1,0.52,0.0,0.52,0.0
00-0037005,Tommy Tremble,TE,CAR,2,2.23,2.0,1.12,0.7
00-0037005,Tommy Tremble,TE,CAR,3,2.11,1.0,1.47,0.8
00-0037005,Tommy Tremble,TE,CAR,4,8.26,10.0,3.85,4.02
00-0037005,Tommy Tremble,TE,CAR,5,1.75,0.0,3.11,2.62
00-0037005,Tommy Tremble,TE,CAR,6,2.59,3.0,2.93,2.75
00-0037005,Tommy Tremble,TE,CAR,7,0.38,0.0,2.04,1.79
00-0037005,Tommy Tremble,TE,CAR,8,0.57,0.0,1.53,1.16
00-0037005,Tommy Tremble,TE,CAR,9,0.77,0.0,1.26,0.76
00-0037005,Tommy Tremble,TE,CAR,11,1.13,5.0,1.22,2.24
00-0037005,Tommy Tremble,TE,CAR,13,1.28,0.0,1.24,1.46
00-0037005,Tommy Tremble,TE,CAR,15,3.64,1.0,2.08,1.3
00-0037005,Tommy Tremble,TE,CAR,16,0.36,0.0,1.47,0.84
00-0037005,Tommy Tremble,TE,CAR,17,0.76,0.0,1.22,0.55
00-0037005,Tommy Tremble,TE,CAR,18,3.36,9.0,1.97,3.51
00-0037012,Trey Lance,QB,LAC,5,1.7,2.0,1.7,2.0
00-0037012,Trey Lance,QB,LAC,11,4.83,1.0,2.79,1.65
00-0037012,Trey Lance,QB,LAC,13,1.47,0.0,2.33,1.07
00-0037012,Trey Lance,QB,LAC,18,15.47,7.0,6.93,3.15
00-0037013,Zach Wilson,QB,MIA,1,2.66,1.0,2.66,1.0
00-0037013,Zach Wilson,QB,MIA,8,0.43,0.0,1.88,0.65
00-0037013,Zach Wilson,QB,MIA,14,-0.2,-1.0,1.15,0.07
00-0037013,Zach Wilson,QB,MIA,18,0.05,0.0,0.77,0.05
00-0037015,Sal Cannella,TE,CLE,17,2.31,1.0,2.31,1.0
00-0037015,Sal Cannella,TE,CLE,18,2.29,0.0,2.3,0.65
00-0037085,Tyler Badie,RB,DEN,1,5.16,1.0,5.16,1.0
00-0037085,Tyler Badie,RB,DEN,2,1.6,1.0,3.92,1.0
00-0037085,Tyler Badie,RB,DEN,4,1.17,1.0,2.95,1.0
00-0037085,Tyler Badie,RB,DEN,5,1.17,1.0,2.33,1.0
00-0037085,Tyler Badie,RB,DEN,7,0.74,1.0,1.77,1.0
00-0037085,Tyler Badie,RB,DEN,8,0.44,0.0,1.31,0.65
00-0037085,Tyler Badie,RB,DEN,9,1.57,0.0,1.4,0.42
00-0037085,Tyler Badie,RB,DEN,10,0.61,0.0,1.12,0.27
00-0037085,Tyler Badie,RB,DEN,11,0.6,0.0,0.94,0.18
00-0037085,Tyler Badie,RB,DEN,13,3.92,1.0,1.98,0.47
00-0037085,Tyler Badie,RB,DEN,14,2.66,1.0,2.22,0.65
00-0037085,Tyler Badie,RB,DEN,15,0.38,0.0,1.58,0.42
00-0037085,Tyler Badie,RB,DEN,16,1.86,0.0,1.68,0.28
00-0037085,Tyler Badie,RB,DEN,18,4.47,1.0,2.65,0.53
00-0037086,Grant Calcaterra,TE,PHI,2,1.39,0.0,1.39,0.0
00-0037086,Grant Calcaterra,TE,PHI,4,1.33,1.0,1.37,0.35
00-0037086,Grant Calcaterra,TE,PHI,5,1.3,1.0,1.34,0.58
00-0037086,Grant Calcaterra,TE,PHI,10,2.01,0.0,1.58,0.38
00-0037086,Grant Calcaterra,TE,PHI,12,0.77,0.0,1.29,0.24
00-0037086,Grant Calcaterra,TE,PHI,15,0.66,0.0,1.07,0.16
00-0037086,Grant Calcaterra,TE,PHI,17,0.84,0.0,0.99,0.1
00-0037086,Grant Calcaterra,TE,PHI,18,5.47,8.0,2.56,2.87
00-0037093,Dareke Young,WR,SEA,3,1.13,1.0,1.13,1.0
00-0037093,Dareke Young,WR,SEA,5,1.37,3.0,1.22,1.7
00-0037093,Dareke Young,WR,SEA,17,0.75,0.0,1.05,1.1
00-0037098,Samori Toure,WR,NO,18,2.55,0.0,2.55,0.0
00-0037112,Jake Tonges,TE,SF,1,3.01,7.0,3.01,7.0
00-0037112,Jake Tonges,TE,SF,2,2.84,3.0,2.95,5.6
00-0037112,Jake Tonges,TE,SF,3,2.44,2.0,2.77,4.34
00-0037112,Jake Tonges,TE,SF,4,5.23,11.0,3.63,6.67
00-0037112,Jake Tonges,TE,SF,5,9.72,10.0,5.76,7.84
00-0037112,Jake Tonges,TE,SF,6,5.71,5.0,5.74,6.84
00-0037112,Jake Tonges,TE,SF,8,3.14,6.0,4.83,6.55
00-0037112,Jake Tonges,TE,SF,16,3.7,0.0,4.44,4.26
00-0037112,Jake Tonges,TE,SF,17,11.31,12.0,6.84,6.97
00-0037120,Tyler Goodson,RB,IND,3,0.72,0.0,0.72,0.0
00-0037120,Tyler Goodson,RB,IND,4,0.68,0.0,0.71,0.0
00-0037120,Tyler Goodson,RB,IND,8,0.91,0.0,0.78,0.0
00-0037120,Tyler Goodson,RB,IND,9,4.04,0.0,1.92,0.0
00-0037120,Tyler Goodson,RB,IND,10,0.59,0.0,1.45,0.0
00-0037120,Tyler Goodson,RB,IND,16,1.6,0.0,1.51,0.0
00-0037120,Tyler Goodson,RB,IND,18,0.46,0.0,1.14,0.0
00-0037132,Britain Covey,WR,PHI,18,2.13,2.0,2.13,2.0
00-0037157,Bam Knight,RB,ARI,5,7.15,8.0,7.15,8.0
00-0037157,Bam Knight,RB,ARI,6,10.69,11.0,8.39,9.05
00-0037157,Bam Knight,RB,ARI,7,10.21,5.0,9.02,7.63
00-0037157,Bam Knight,RB,ARI,9,11.15,4.0,9.77,6.36
00-0037157,Bam Knight,RB,ARI,10,11.83,2.0,10.49,4.83
00-0037157,Bam Knight,RB,ARI,11,5.27,10.0,8.66,6.64
00-0037157,Bam Knight,RB,ARI,12,13.73,9.0,10.44,7.47
00-0037157,Bam Knight,RB,ARI,13,9.08,13.0,9.96,9.4
00-0037157,Bam Knight,RB,ARI,14,7.26,2.0,9.02,6.81
00-0037157,Bam Knight,RB,ARI,15,0.42,-1.0,6.01,4.08
00-0037197,Isiah Pacheco,RB,KC,1,3.93,2.0,3.93,2.0
00-0037197,Isiah Pacheco,RB,KC,2,5.8,2.0,4.58,2.0
00-0037197,Isiah Pacheco,RB,KC,3,6.33,4.0,5.2,2.7
00-0037197,Isiah Pacheco,RB,KC,4,7.12,10.0,5.87,5.25
00-0037197,Isiah Pacheco,RB,KC,5,5.2,5.0,5.63,5.17
00-0037197,Isiah Pacheco,RB,KC,6,9.48,5.0,6.98,5.11
00-0037197,Isiah Pacheco,RB,KC,7,10.67,10.0,8.27,6.82
00-0037197,Isiah Pacheco,RB,KC,8,7.03,5.0,7.83,6.18
00-0037197,Isiah Pacheco,RB,KC,13,3.02,2.0,6.15,4.72
00-0037197,Isiah Pacheco,RB,KC,14,4.47,3.0,5.56,4.12
00-0037197,Isiah Pacheco,RB,KC,15,6.97,2.0,6.05,3.38
00-0037197,Isiah Pacheco,RB,KC,16,9.66,7.0,7.32,4.64
00-0037197,Isiah Pacheco,RB,KC,17,4.49,3.0,6.33,4.07
00-0037228,Jaylen Warren,RB,PIT,1,9.48,11.0,9.48,11.0
00-0037228,Jaylen Warren,RB,PIT,2,10.69,12.0,9.91,11.35
00-0037228,Jaylen Warren,RB,PIT,3,18.43,7.0,12.89,9.83
00-0037228,Jaylen Warren,RB,PIT,6,7.47,6.0,11.0,8.49
00-0037228,Jaylen Warren,RB,PIT,7,13.42,15.0,11.84,10.77
00-0037228,Jaylen Warren,RB,PIT,8,8.11,7.0,10.54,9.45
00-0037228,Jaylen Warren,RB,PIT,9,18.0,14.0,13.15,11.04
00-0037228,Jaylen Warren,RB,PIT,10,7.49,9.0,11.17,10.33
00-0037228,Jaylen Warren,RB,PIT,11,5.91,6.0,9.33,8.81
00-0037228,Jaylen Warren,RB,PIT,12,11.81,12.0,10.2,9.93
00-0037228,Jaylen Warren,RB,PIT,13,10.87,9.0,10.44,9.6
00-0037228,Jaylen Warren,RB,PIT,14,7.09,11.0,9.26,10.09
00-0037228,Jaylen Warren,RB,PIT,15,13.21,4.0,10.64,7.96
00-0037228,Jaylen Warren,RB,PIT,16,9.44,26.0,10.22,14.27
00-0037228,Jaylen Warren,RB,PIT,17,5.57,6.0,8.59,11.38
00-0037228,Jaylen Warren,RB,PIT,18,14.22,9.0,10.56,10.55
00-0037231,Kevin Austin Jr.,WR,NO,3,1.03,0.0,1.03,0.0
00-0037231,Kevin Austin Jr.,WR,NO,15,4.25,3.0,2.16,1.05
00-0037231,Kevin Austin Jr.,WR,NO,16,2.26,1.0,2.19,1.03
00-0037231,Kevin Austin Jr.,WR,NO,17,5.92,11.0,3.5,4.52
00-0037231,Kevin Austin Jr.,WR,NO,18,7.42,3.0,4.87,3.99
00-0037238,Drake London,WR,ATL,1,17.34,5.0,17.34,5.0
00-0037238,Drake London,WR,ATL,2,3.77,2.0,12.59,3.95
00-0037238,Drake London,WR,ATL,3,8.24,5.0,11.07,4.32
00-0037238,Drake London,WR,ATL,4,12.56,17.0,11.59,8.76
00-0037238,Drake London,WR,ATL,6,18.3,21.0,13.94,13.04
00-0037238,Drake London,WR,ATL,7,8.22,4.0,11.94,9.88
00-0037238,Drake London,WR,ATL,9,18.87,29.0,14.36,16.57
00-0037238,Drake London,WR,ATL,10,9.41,18.0,12.63,17.07
00-0037238,Drake London,WR,ATL,11,9.04,11.0,11.37,14.95
00-0037238,Drake London,WR,ATL,16,10.61,2.0,11.11,10.41
00-0037238,Drake London,WR,ATL,17,1.52,0.0,7.75,6.77
00-0037238,Drake London,WR,ATL,18,11.7,13.0,9.13,8.95
00-0037239,Chris Olave,WR,NO,1,11.95,5.0,11.95,5.0
00-0037239,Chris Olave,WR,NO,2,10.94,5.0,11.6,5.0
00-0037239,Chris Olave,WR,NO,3,11.1,5.0,11.43,5.0
00-0037239,Chris Olave,WR,NO,4,8.21,6.0,10.3,5.35
00-0037239,Chris Olave,WR,NO,5,9.32,5.0,9.96,5.23
00-0037239,Chris Olave,WR,NO,6,10.22,9.0,10.05,6.55
00-0037239,Chris Olave,WR,NO,7,9.18,21.0,9.75,11.61
00-0037239,Chris Olave,WR,NO,8,11.12,5.0,10.23,9.29
00-0037239,Chris Olave,WR,NO,9,3.41,5.0,7.84,7.79
00-0037239,Chris Olave,WR,NO,10,9.0,16.0,8.25,10.66
00-0037239,Chris Olave,WR,NO,12,12.15,7.0,9.61,9.38
00-0037239,Chris Olave,WR,NO,13,6.98,10.0,8.69,9.6
00-0037239,Chris Olave,WR,NO,14,5.78,3.0,7.67,7.29
00-0037239,Chris Olave,WR,NO,15,10.98,14.0,8.83,9.64
00-0037239,Chris Olave,WR,NO,16,22.57,26.0,13.64,15.36
00-0037239,Chris Olave,WR,NO,17,9.01,17.0,12.02,15.94
00-0037240,Jameson Williams,WR,DET,1,3.95,2.0,3.95,2.0
00-0037240,Jameson Williams,WR,DET,2,8.66,16.0,5.6,6.9
00-0037240,Jameson Williams,WR,DET,3,3.78,4.0,4.96,5.88
00-0037240,Jameson Williams,WR,DET,4,12.12,3.0,7.47,4.88
00-0037240,Jameson Williams,WR,DET,5,1.7,0.0,5.45,3.17
00-0037240,Jameson Williams,WR,DET,6,6.22,12.0,5.72,6.26
00-0037240,Jameson Williams,WR,DET,7,3.74,0.0,5.03,4.07
00-0037240,Jameson Williams,WR,DET,9,6.31,12.0,5.47,6.84
00-0037240,Jameson Williams,WR,DET,10,8.7,17.0,6.6,10.4
00-0037240,Jameson Williams,WR,DET,11,8.7,14.0,7.34,11.66
00-0037240,Jameson Williams,WR,DET,12,2.35,0.0,5.59,7.58
00-0037240,Jameson Williams,WR,DET,13,10.2,19.0,7.2,11.58
00-0037240,Jameson Williams,WR,DET,14,13.32,9.0,9.34,10.67
00-0037240,Jameson Williams,WR,DET,15,15.03,19.0,11.33,13.59
00-0037240,Jameson Williams,WR,DET,16,11.18,7.0,11.28,11.28
00-0037240,Jameson Williams,WR,DET,17,3.17,3.0,8.44,8.38
00-0037240,Jameson Williams,WR,DET,18,7.17,7.0,8.0,7.9
00-0037247,George Pickens,WR,DAL,1,4.58,3.0,4.58,3.0
00-0037247,George Pickens,WR,DAL,2,14.53,12.0,8.06,6.15
00-0037247,George Pickens,WR,DAL,3,13.42,12.0,9.94,8.2
00-0037247,George Pickens,WR,DAL,4,16.07,25.0,12.08,14.08
00-0037247,George Pickens,WR,DAL,5,7.34,11.0,10.42,13.0
00-0037247,George Pickens,WR,DAL,6,12.12,22.0,11.02,16.15
00-0037247,George Pickens,WR,DAL,7,8.46,8.0,10.12,13.3
00-0037247,George Pickens,WR,DAL,8,10.39,7.0,10.22,11.09
00-0037247,George Pickens,WR,DAL,9,8.19,7.0,9.5,9.66
00-0037247,George Pickens,WR,DAL,11,14.43,20.0,11.23,13.28
00-0037247,George Pickens,WR,DAL,12,11.97,20.0,11.49,15.63
00-0037247,George Pickens,WR,DAL,13,13.29,10.0,12.12,13.66
00-0037247,George Pickens,WR,DAL,14,10.61,3.0,11.59,9.93
00-0037247,George Pickens,WR,DAL,15,4.35,3.0,9.05,7.5
00-0037247,George Pickens,WR,DAL,16,13.16,19.0,10.49,11.53
00-0037247,George Pickens,WR,DAL,17,5.43,7.0,8.72,9.94
00-0037247,George Pickens,WR,DAL,18,6.78,0.0,8.04,6.46
00-0037248,James Cook,RB,BUF,1,13.56,15.0,13.56,15.0
00-0037248,James Cook,RB,BUF,2,16.57,25.0,14.62,18.5
00-0037248,James Cook,RB,BUF,3,13.63,17.0,14.27,17.98
00-0037248,James Cook,RB,BUF,4,17.01,18.0,15.23,17.98
00-0037248,James Cook,RB,BUF,5,8.25,4.0,12.79,13.09
00-0037248,James Cook,RB,BUF,6,7.97,8.0,11.1,11.31
00-0037248,James Cook,RB,BUF,8,10.96,33.0,11.05,18.9
00-0037248,James Cook,RB,BUF,9,16.3,12.0,12.89,16.49
00-0037248,James Cook,RB,BUF,10,10.79,5.0,12.16,12.47
00-0037248,James Cook,RB,BUF,11,11.82,16.0,12.04,13.7
00-0037248,James Cook,RB,BUF,12,9.92,18.0,11.3,15.21
00-0037248,James Cook,RB,BUF,13,21.94,15.0,15.02,15.13
00-0037248,James Cook,RB,BUF,14,13.62,9.0,14.53,12.99
00-0037248,James Cook,RB,BUF,15,17.99,28.0,15.74,18.24
00-0037248,James Cook,RB,BUF,16,11.09,24.0,14.11,20.26
00-0037248,James Cook,RB,BUF,17,16.61,7.0,14.99,15.62
00-0037248,James Cook,RB,BUF,18,1.11,1.0,10.13,10.5
00-0037252,Greg Dulcich,TE,MIA,9,4.09,4.0,4.09,4.0
00-0037252,Greg Dulcich,TE,MIA,10,2.56,2.0,3.55,3.3
00-0037252,Greg Dulcich,TE,MIA,11,7.28,1.0,4.86,2.5
00-0037252,Greg Dulcich,TE,MIA,13,2.03,2.0,3.87,2.32
00-0037252,Greg Dulcich,TE,MIA,14,1.87,4.0,3.17,2.91
00-0037252,Greg Dulcich,TE,MIA,15,1.84,4.0,2.7,3.29
00-0037252,Greg Dulcich,TE,MIA,16,2.28,2.0,2.56,2.84
00-0037252,Greg Dulcich,TE,MIA,17,9.66,10.0,5.04,5.35
00-0037252,Greg Dulcich,TE,MIA,18,2.88,3.0,4.28,4.52
00-0037256,Rachaad White,RB,TB,1,1.72,1.0,1.72,1.0
00-0037256,Rachaad White,RB,TB,2,7.91,12.0,3.88,4.85
00-0037256,Rachaad White,RB,TB,3,3.41,1.0,3.72,3.5
00-0037256,Rachaad White,RB,TB,4,5.91,3.0,4.49,3.33
00-0037256,Rachaad White,RB,TB,5,15.27,19.0,8.26,8.81
00-0037256,Rachaad White,RB,TB,6,12.56,14.0,9.76,10.63
00-0037256,Rachaad White,RB,TB,7,9.78,3.0,9.77,7.96
00-0037256,Rachaad White,RB,TB,8,17.38,5.0,12.44,6.92
00-0037256,Rachaad White,RB,TB,10,7.63,4.0,10.75,5.9
00-0037256,Rachaad White,RB,TB,11,6.71,6.0,9.34,5.93
00-0037256,Rachaad White,RB,TB,12,3.71,3.0,7.37,4.91
00-0037256,Rachaad White,RB,TB,13,3.63,2.0,6.06,3.89
00-0037256,Rachaad White,RB,TB,14,7.06,5.0,6.41,4.28
00-0037256,Rachaad White,RB,TB,15,1.14,2.0,4.57,3.48
00-0037256,Rachaad White,RB,TB,16,5.03,5.0,4.73,4.01
00-0037256,Rachaad White,RB,TB,17,3.08,1.0,4.15,2.96
00-0037256,Rachaad White,RB,TB,18,5.27,3.0,4.54,2.97
00-0037258,Dameon Pierce,RB,HOU,1,1.98,0.0,1.98,0.0
00-0037258,Dameon Pierce,RB,HOU,5,2.91,2.0,2.31,0.7
00-0037258,Dameon Pierce,RB,KC,18,1.85,1.0,2.15,0.8
00-0037261,Khalil Shakir,WR,BUF,1,8.09,6.0,8.09,6.0
00-0037261,Khalil Shakir,WR,BUF,2,1.88,1.0,5.92,4.25
00-0037261,Khalil Shakir,WR,BUF,3,2.83,10.0,4.84,6.26
00-0037261,Khalil Shakir,WR,BUF,4,3.48,12.0,4.36,8.27
00-0037261,Khalil Shakir,WR,BUF,5,7.24,4.0,5.37,6.78
00-0037261,Khalil Shakir,WR,BUF,6,4.72,3.0,5.14,5.45
00-0037261,Khalil Shakir,WR,BUF,8,4.8,14.0,5.02,8.45
00-0037261,Khalil Shakir,WR,BUF,9,5.57,4.0,5.21,6.89
00-0037261,Khalil Shakir,WR,BUF,10,7.31,5.0,5.95,6.23
00-0037261,Khalil Shakir,WR,BUF,11,2.32,-1.0,4.68,3.7
00-0037261,Khalil Shakir,WR,BUF,12,6.41,9.0,5.28,5.55
00-0037261,Khalil Shakir,WR,BUF,13,4.78,0.0,5.11,3.61
00-0037261,Khalil Shakir,WR,BUF,14,3.28,7.0,4.47,4.8
00-0037261,Khalil Shakir,WR,BUF,15,4.74,6.0,4.56,5.22
00-0037261,Khalil Shakir,WR,BUF,16,2.74,3.0,3.92,4.44
00-0037261,Khalil Shakir,WR,BUF,17,4.65,3.0,4.18,3.94
00-0037263,Tyler Allgeier,RB,ATL,1,7.73,2.0,7.73,2.0
00-0037263,Tyler Allgeier,RB,ATL,2,9.3,13.0,8.28,5.85
00-0037263,Tyler Allgeier,RB,ATL,3,1.58,0.0,5.93,3.8
00-0037263,Tyler Allgeier,RB,ATL,4,10.71,11.0,7.61,6.32
00-0037263,Tyler Allgeier,RB,ATL,6,6.23,9.0,7.12,7.26
00-0037263,Tyler Allgeier,RB,ATL,7,1.87,1.0,5.28,5.07
00-0037263,Tyler Allgeier,RB,ATL,8,5.67,7.0,5.42,5.74
00-0037263,Tyler Allgeier,RB,ATL,9,0.98,0.0,3.86,3.73
00-0037263,Tyler Allgeier,RB,ATL,10,11.34,17.0,6.48,8.38
00-0037263,Tyler Allgeier,RB,ATL,11,6.16,7.0,6.37,7.9
00-0037263,Tyler Allgeier,RB,ATL,12,6.25,4.0,6.33,6.53
00-0037263,Tyler Allgeier,RB,ATL,13,8.74,11.0,7.17,8.1
00-0037263,Tyler Allgeier,RB,ATL,14,10.14,6.0,8.21,7.36
00-0037263,Tyler Allgeier,RB,ATL,15,1.0,1.0,5.68,5.14
00-0037263,Tyler Allgeier,RB,ATL,16,10.54,6.0,7.38,5.44
00-0037263,Tyler Allgeier,RB,ATL,17,5.5,2.0,6.72,4.23
00-0037263,Tyler Allgeier,RB,ATL,18,4.66,1.0,6.0,3.1
00-0037267,Jerome Ford,RB,CLE,1,7.05,-1.0,7.05,-1.0
00-0037267,Jerome Ford,RB,CLE,2,6.32,5.0,6.79,1.1
00-0037267,Jerome Ford,RB,CLE,3,2.33,1.0,5.23,1.06
00-0037267,Jerome Ford,RB,CLE,4,1.65,-1.0,3.98,0.34
00-0037267,Jerome Ford,RB,CLE,5,5.46,3.0,4.5,1.27
00-0037267,Jerome Ford,RB,CLE,6,3.69,2.0,4.21,1.53
00-0037267,Jerome Ford,RB,CLE,7,2.12,1.0,3.48,1.34
00-0037267,Jerome Ford,RB,CLE,8,1.2,-1.0,2.68,0.52
00-0037267,Jerome Ford,RB,CLE,10,1.21,0.0,2.17,0.34
00-0037267,Jerome Ford,RB,CLE,11,0.6,0.0,1.62,0.22
00-0037267,Jerome Ford,RB,CLE,12,0.65,-1.0,1.28,-0.21
00-0037267,Jerome Ford,RB,CLE,13,1.62,1.0,1.4,0.22
00-0037267,Jerome Ford,RB,CLE,14,1.47,1.0,1.42,0.49
00-0037276,Ty Chandler,RB,MIN,17,3.18,2.0,3.18,2.0
00-0037276,Ty Chandler,RB,MIN,18,11.54,3.0,6.1,2.35
00-0037282,James Mitchell,TE,CAR,4,1.38,1.0,1.38,1.0
00-0037282,James Mitchell,TE,CAR,5,0.52,1.0,1.08,1.0
00-0037291,Jalen Nailor,WR,MIN,1,1.93,2.0,1.93,2.0
00-0037291,Jalen Nailor,WR,MIN,2,6.97,3.0,3.69,2.35
00-0037291,Jalen Nailor,WR,MIN,3,6.47,3.0,4.66,2.58
00-0037291,Jalen Nailor,WR,MIN,4,9.59,8.0,6.39,4.48
00-0037291,Jalen Nailor,WR,MIN,5,3.79,3.0,5.48,3.96
00-0037291,Jalen Nailor,WR,MIN,7,7.46,3.0,6.17,3.62
00-0037291,Jalen Nailor,WR,MIN,8,0.63,0.0,4.23,2.36
00-0037291,Jalen Nailor,WR,MIN,9,5.37,1.0,4.63,1.88
00-0037291,Jalen Nailor,WR,MIN,10,7.04,18.0,5.47,7.52
00-0037291,Jalen Nailor,WR,MIN,11,1.1,1.0,3.94,5.24
00-0037291,Jalen Nailor,WR,MIN,12,1.29,0.0,3.01,3.41
00-0037291,Jalen Nailor,WR,MIN,13,1.29,0.0,2.41,2.21
00-0037291,Jalen Nailor,WR,MIN,14,2.43,3.0,2.42,2.49
00-0037291,Jalen Nailor,WR,MIN,15,10.19,15.0,5.14,6.87
00-0037291,Jalen Nailor,WR,MIN,16,1.79,0.0,3.96,4.46
00-0037291,Jalen Nailor,WR,MIN,17,0.53,0.0,2.76,2.9
00-0037291,Jalen Nailor,WR,MIN,18,2.87,4.0,2.8,3.29
00-0037292,Andrew Ogletree,TE,IND,8,0.82,0.0,0.82,0.0
00-0037292,Andrew Ogletree,TE,IND,12,3.44,6.0,1.73,2.1
00-0037292,Andrew Ogletree,TE,IND,13,1.04,0.0,1.49,1.36
00-0037292,Andrew Ogletree,TE,IND,16,2.18,1.0,1.73,1.24
00-0037306,John FitzPatrick,TE,GB,1,0.57,0.0,0.57,0.0
00-0037306,John FitzPatrick,TE,GB,3,4.24,7.0,1.85,2.45
00-0037306,John FitzPatrick,TE,GB,7,0.53,0.0,1.39,1.59
00-0037306,John FitzPatrick,TE,GB,8,0.63,0.0,1.13,1.04
00-0037306,John FitzPatrick,TE,GB,11,1.64,0.0,1.3,0.67
00-0037306,John FitzPatrick,TE,GB,12,0.59,1.0,1.06,0.79
00-0037306,John FitzPatrick,TE,GB,13,3.53,0.0,1.92,0.51
00-0037306,John FitzPatrick,TE,GB,14,1.21,1.0,1.67,0.68
00-0037306,John FitzPatrick,TE,GB,15,2.56,1.0,1.98,0.79
00-0037306,John FitzPatrick,TE,GB,16,0.43,0.0,1.44,0.52
00-0037324,Chris Oladokun,QB,KC,16,6.66,4.0,6.66,4.0
00-0037324,Chris Oladokun,QB,KC,17,7.64,7.0,7.0,5.05
00-0037324,Chris Oladokun,QB,KC,18,5.76,-2.0,6.57,2.58
00-0037329,Brittain Brown,RB,CHI,9,3.54,9.0,3.54,9.0
00-0037340,Zaire Mitchell-Paden,TE,BAL,2,3.97,0.0,3.97,0.0
00-0037340,Zaire Mitchell-Paden,TE,BAL,5,0.64,0.0,2.81,0.0
00-0037340,Zaire Mitchell-Paden,TE,NO,10,0.73,1.0,2.08,0.35
00-0037348,Tanner Conner,TE,MIA,1,5.25,2.0,5.25,2.0
00-0037348,Tanner Conner,TE,MIA,3,1.11,1.0,3.8,1.65
00-0037348,Tanner Conner,TE,MIA,5,1.64,1.0,3.05,1.42
00-0037348,Tanner Conner,TE,MIA,6,0.9,0.0,2.29,0.92
00-0037348,Tanner Conner,TE,MIA,7,3.08,2.0,2.57,1.3
00-0037348,Tanner Conner,TE,MIA,8,1.34,0.0,2.14,0.85
00-0037348,Tanner Conner,TE,MIA,9,1.39,0.0,1.87,0.55
00-0037475,Stone Smartt,TE,NYJ,14,1.07,0.0,1.07,0.0
00-0037475,Stone Smartt,TE,NYJ,16,2.6,3.0,1.61,1.05
00-0037475,Stone Smartt,TE,NYJ,17,1.73,1.0,1.65,1.03
00-0037487,Deven Thompkins,WR,ATL,13,2.27,2.0,2.27,2.0
00-0037487,Deven Thompkins,WR,ATL,14,0.51,0.0,1.66,1.3
00-0037524,Tay Martin,WR,WAS,4,1.06,1.0,1.06,1.0
00-0037524,Tay Martin,WR,WAS,5,0.65,0.0,0.92,0.65
00-0037525,Jordan Mason,RB,MIN,1,8.47,6.0,8.47,6.0
00-0037525,Jordan Mason,RB,MIN,2,5.91,3.0,7.57,4.95
00-0037525,Jordan Mason,RB,MIN,3,12.38,23.0,9.25,11.27
00-0037525,Jordan Mason,RB,MIN,4,12.12,6.0,10.26,9.42
00-0037525,Jordan Mason,RB,MIN,5,9.75,9.0,10.08,9.28
00-0037525,Jordan Mason,RB,MIN,7,11.46,11.0,10.56,9.88
00-0037525,Jordan Mason,RB,MIN,8,2.5,0.0,7.74,6.42
00-0037525,Jordan Mason,RB,MIN,9,8.63,3.0,8.05,5.22
00-0037525,Jordan Mason,RB,MIN,10,2.58,2.0,6.14,4.1
00-0037525,Jordan Mason,RB,MIN,11,3.08,10.0,5.07,6.16
00-0037525,Jordan Mason,RB,MIN,12,3.17,4.0,4.4,5.41
00-0037525,Jordan Mason,RB,MIN,13,2.98,4.0,3.91,4.91
00-0037525,Jordan Mason,RB,MIN,14,8.66,11.0,5.57,7.04
00-0037525,Jordan Mason,RB,MIN,15,5.36,2.0,5.5,5.28
00-0037525,Jordan Mason,RB,MIN,16,1.29,0.0,4.03,3.43
00-0037525,Jordan Mason,RB,MIN,18,7.53,9.0,5.25,5.38
00-0037539,Lucas Krull,TE,DEN,1,1.36,0.0,1.36,0.0
00-0037539,Lucas Krull,TE,DEN,3,1.63,0.0,1.45,0.0
00-0037545,Rashid Shaheed,WR,NO,1,8.2,3.0,8.2,3.0
00-0037545,Rashid Shaheed,WR,NO,2,5.93,11.0,7.41,5.8
00-0037545,Rashid Shaheed,WR,NO,3,5.53,4.0,6.75,5.17
00-0037545,Rashid Shaheed,WR,NO,4,8.04,4.0,7.2,4.76
00-0037545,Rashid Shaheed,WR,NO,5,5.35,17.0,6.55,9.04
00-0037545,Rashid Shaheed,WR,NO,6,5.23,2.0,6.09,6.58
00-0037545,Rashid Shaheed,WR,NO,7,7.56,4.0,6.61,5.68
00-0037545,Rashid Shaheed,WR,NO,8,9.66,5.0,7.67,5.44
00-0037545,Rashid Shaheed,WR,NO,9,7.9,6.0,7.75,5.64
00-0037545,Rashid Shaheed,WR,SEA,10,2.2,2.0,5.81,4.36
00-0037545,Rashid Shaheed,WR,SEA,11,6.81,2.0,6.16,3.54
00-0037545,Rashid Shaheed,WR,SEA,12,3.86,0.0,5.35,2.3
00-0037545,Rashid Shaheed,WR,SEA,13,2.53,0.0,4.36,1.49
00-0037545,Rashid Shaheed,WR,SEA,14,5.16,12.0,4.64,5.17
00-0037545,Rashid Shaheed,WR,SEA,15,9.55,6.0,6.36,5.46
00-0037545,Rashid Shaheed,WR,SEA,16,1.19,9.0,4.55,6.7
00-0037545,Rashid Shaheed,WR,SEA,17,0.76,0.0,3.22,4.35
00-0037545,Rashid Shaheed,WR,SEA,18,0.5,0.0,2.27,2.83
00-0037557,Ronnie Rivers,RB,LA,14,3.94,4.0,3.94,4.0
00-0037557,Ronnie Rivers,RB,LA,17,0.45,0.0,2.72,2.6
00-0037563,Malik Davis,RB,DAL,8,1.06,0.0,1.06,0.0
00-0037563,Malik Davis,RB,DAL,9,0.42,0.0,0.84,0.0
00-0037563,Malik Davis,RB,DAL,11,4.58,2.0,2.15,0.7
00-0037563,Malik Davis,RB,DAL,12,1.43,2.0,1.9,1.15
00-0037563,Malik Davis,RB,DAL,13,1.45,10.0,1.74,4.25
00-0037563,Malik Davis,RB,DAL,14,1.48,0.0,1.65,2.76
00-0037563,Malik Davis,RB,DAL,15,11.2,9.0,4.99,4.95
00-0037563,Malik Davis,RB,DAL,16,3.92,2.0,4.62,3.91
00-0037563,Malik Davis,RB,DAL,17,13.12,10.0,7.59,6.04
00-0037594,Julius Chestnut,RB,TEN,1,1.69,0.0,1.69,0.0
00-0037594,Julius Chestnut,RB,TEN,3,2.02,2.0,1.81,0.7
00-0037594,Julius Chestnut,RB,TEN,4,1.48,0.0,1.69,0.45
00-0037594,Julius Chestnut,RB,TEN,5,0.87,0.0,1.4,0.3
00-0037594,Julius Chestnut,RB,TEN,8,0.96,0.0,1.25,0.19
00-0037594,Julius Chestnut,RB,TEN,12,0.87,0.0,1.12,0.12
00-0037594,Julius Chestnut,RB,TEN,16,0.22,0.0,0.8,0.08
00-0037614,John Metchie III,WR,PHI,2,0.51,0.0,0.51,0.0
00-0037614,John Metchie III,WR,PHI,3,0.64,0.0,0.55,0.0
00-0037614,John Metchie III,WR,PHI,4,1.14,1.0,0.76,0.35
00-0037614,John Metchie III,WR,NYJ,10,1.15,-1.0,0.9,-0.12
00-0037614,John Metchie III,WR,NYJ,11,3.09,10.0,1.66,3.42
00-0037614,John Metchie III,WR,NYJ,12,4.64,12.0,2.71,6.42
00-0037614,John Metchie III,WR,NYJ,13,6.95,0.0,4.19,4.18
00-0037614,John Metchie III,WR,NYJ,14,6.92,3.0,5.15,3.76
00-0037614,John Metchie III,WR,NYJ,15,3.7,2.0,4.64,3.15
00-0037614,John Metchie III,WR,NYJ,16,3.99,0.0,4.41,2.05
00-0037614,John Metchie III,WR,NYJ,17,1.87,4.0,3.52,2.73
00-0037614,John Metchie III,WR,NYJ,18,2.04,2.0,3.0,2.47
00-0037617,Hassan Haskins,RB,LAC,5,3.1,1.0,3.1,1.0
00-0037617,Hassan Haskins,RB,LAC,6,3.42,1.0,3.21,1.0
00-0037617,Hassan Haskins,RB,LAC,7,1.48,0.0,2.61,0.65
00-0037617,Hassan Haskins,RB,LAC,16,2.0,1.0,2.4,0.77
00-0037617,Hassan Haskins,RB,LAC,18,0.56,0.0,1.75,0.5
00-0037654,Tucker Fisk,TE,LAC,3,1.42,0.0,1.42,0.0
00-0037654,Tucker Fisk,TE,LAC,4,0.57,0.0,1.12,0.0
00-0037654,Tucker Fisk,TE,LAC,9,0.64,1.0,0.95,0.35
00-0037654,Tucker Fisk,TE,LAC,10,0.71,0.0,0.87,0.23
00-0037664,Alec Pierce,WR,IND,1,6.58,3.0,6.58,3.0
00-0037664,Alec Pierce,WR,IND,2,6.3,6.0,6.48,4.05
00-0037664,Alec Pierce,WR,IND,3,8.23,6.0,7.09,4.73
00-0037664,Alec Pierce,WR,IND,6,5.71,4.0,6.61,4.48
00-0037664,Alec Pierce,WR,IND,7,16.85,9.0,10.19,6.06
00-0037664,Alec Pierce,WR,IND,8,9.02,6.0,9.78,6.04
00-0037664,Alec Pierce,WR,IND,9,15.75,11.0,11.87,7.78
00-0037664,Alec Pierce,WR,IND,10,9.32,14.0,10.98,9.95
00-0037664,Alec Pierce,WR,IND,12,4.6,2.0,8.74,7.17
00-0037664,Alec Pierce,WR,IND,13,8.73,13.0,8.74,9.21
00-0037664,Alec Pierce,WR,IND,14,8.49,8.0,8.65,8.79
00-0037664,Alec Pierce,WR,IND,15,0.94,1.0,5.95,6.06
00-0037664,Alec Pierce,WR,IND,16,7.95,20.0,6.65,10.94
00-0037664,Alec Pierce,WR,IND,17,6.85,0.0,6.72,7.11
00-0037664,Alec Pierce,WR,IND,18,9.39,25.0,7.66,13.37
00-0037666,Jalen Tolbert,WR,DAL,1,3.37,0.0,3.37,0.0
00-0037666,Jalen Tolbert,WR,DAL,2,3.28,1.0,3.34,0.35
00-0037666,Jalen Tolbert,WR,DAL,3,8.05,4.0,4.99,1.63
00-0037666,Jalen Tolbert,WR,DAL,4,7.16,6.0,5.75,3.16
00-0037666,Jalen Tolbert,WR,DAL,5,1.45,0.0,4.24,2.05
00-0037666,Jalen Tolbert,WR,DAL,6,0.55,0.0,2.95,1.33
00-0037666,Jalen Tolbert,WR,DAL,7,3.08,1.0,3.0,1.22
00-0037666,Jalen Tolbert,WR,DAL,8,2.67,10.0,2.88,4.29
00-0037666,Jalen Tolbert,WR,DAL,11,0.88,0.0,2.18,2.79
00-0037666,Jalen Tolbert,WR,DAL,17,10.25,3.0,5.0,2.86
00-0037666,Jalen Tolbert,WR,DAL,18,0.99,0.0,3.6,1.86
00-0037740,Garrett Wilson,WR,NYJ,1,7.6,15.0,7.6,15.0
00-0037740,Garrett Wilson,WR,NYJ,2,7.12,5.0,7.44,11.5
00-0037740,Garrett Wilson,WR,NYJ,3,9.91,14.0,8.3,12.38
00-0037740,Garrett Wilson,WR,NYJ,4,7.49,14.0,8.02,12.94
00-0037740,Garrett Wilson,WR,NYJ,5,10.96,13.0,9.05,12.96
00-0037740,Garrett Wilson,WR,NYJ,6,5.08,1.0,7.66,8.78
00-0037740,Garrett Wilson,WR,NYJ,10,3.08,0.0,6.06,5.7
00-0037741,Jahan Dotson,WR,PHI,1,3.11,5.0,3.11,5.0
00-0037741,Jahan Dotson,WR,PHI,2,0.45,0.0,2.18,3.25
00-0037741,Jahan Dotson,WR,PHI,3,2.29,0.0,2.22,2.11
00-0037741,Jahan Dotson,WR,PHI,5,4.56,2.0,3.04,2.07
00-0037741,Jahan Dotson,WR,PHI,6,1.93,1.0,2.65,1.7
00-0037741,Jahan Dotson,WR,PHI,8,3.29,10.0,2.87,4.6
00-0037741,Jahan Dotson,WR,PHI,10,0.56,0.0,2.06,2.99
00-0037741,Jahan Dotson,WR,PHI,11,1.92,4.0,2.01,3.34
00-0037741,Jahan Dotson,WR,PHI,12,0.99,0.0,1.65,2.17
00-0037741,Jahan Dotson,WR,PHI,13,2.68,1.0,2.01,1.76
00-0037741,Jahan Dotson,WR,PHI,14,4.72,0.0,2.96,1.15
00-0037741,Jahan Dotson,WR,PHI,16,2.06,1.0,2.65,1.09
00-0037741,Jahan Dotson,WR,PHI,17,1.79,0.0,2.35,0.71
00-0037741,Jahan Dotson,WR,PHI,18,10.4,4.0,5.16,1.86
00-0037742,Treylon Burks,WR,WAS,9,1.15,1.0,1.15,1.0
00-0037742,Treylon Burks,WR,WAS,10,2.89,5.0,1.76,2.4
00-0037742,Treylon Burks,WR,WAS,13,6.53,6.0,3.43,3.66
00-0037742,Treylon Burks,WR,WAS,14,0.91,0.0,2.55,2.38
00-0037742,Treylon Burks,WR,WAS,15,2.65,0.0,2.58,1.55
00-0037742,Treylon Burks,WR,WAS,16,6.76,3.0,4.05,2.06
00-0037742,Treylon Burks,WR,WAS,17,3.29,1.0,3.78,1.69
00-0037742,Treylon Burks,WR,WAS,18,4.92,1.0,4.18,1.45
00-0037744,Trey McBride,TE,ARI,1,8.32,6.0,8.32,6.0
00-0037744,Trey McBride,TE,ARI,2,6.74,7.0,7.77,6.35
00-0037744,Trey McBride,TE,ARI,3,10.29,10.0,8.65,7.63
00-0037744,Trey McBride,TE,ARI,4,9.78,5.0,9.05,6.71
00-0037744,Trey McBride,TE,ARI,5,8.19,4.0,8.75,5.76
00-0037744,Trey McBride,TE,ARI,6,16.93,13.0,11.61,8.29
00-0037744,Trey McBride,TE,ARI,7,13.62,19.0,12.31,12.04
00-0037744,Trey McBride,TE,ARI,9,15.1,11.0,13.29,11.68
00-0037744,Trey McBride,TE,ARI,10,14.2,18.0,13.61,13.89
00-0037744,Trey McBride,TE,ARI,11,11.52,17.0,12.88,14.98
00-0037744,Trey McBride,TE,ARI,12,8.0,7.0,11.17,12.19
00-0037744,Trey McBride,TE,ARI,13,10.47,14.0,10.92,12.82
00-0037744,Trey McBride,TE,ARI,14,9.65,5.0,10.48,10.08
00-0037744,Trey McBride,TE,ARI,15,13.32,25.0,11.47,15.3
00-0037744,Trey McBride,TE,ARI,16,8.57,2.0,10.46,10.65
00-0037744,Trey McBride,TE,ARI,17,12.69,13.0,11.24,11.47
00-0037744,Trey McBride,TE,ARI,18,6.28,6.0,9.5,9.56
00-0037745,Velus Jones Jr.,WR,SEA,14,2.09,3.0,2.09,3.0
00-0037746,Brian Robinson,RB,SF,1,5.7,3.0,5.7,3.0
00-0037746,Brian Robinson,RB,SF,2,3.68,1.0,4.99,2.3
00-0037746,Brian Robinson,RB,SF,3,1.5,2.0,3.77,2.2
00-0037746,Brian Robinson,RB,SF,4,2.45,2.0,3.31,2.13
00-0037746,Brian Robinson,RB,SF,5,2.22,1.0,2.92,1.73
00-0037746,Brian Robinson,RB,SF,6,3.29,0.0,3.05,1.13
00-0037746,Brian Robinson,RB,SF,7,4.06,3.0,3.4,1.78
00-0037746,Brian Robinson,RB,SF,9,2.29,11.0,3.01,5.01
00-0037746,Brian Robinson,RB,SF,10,7.58,10.0,4.61,6.76
00-0037746,Brian Robinson,RB,SF,11,5.24,2.0,4.83,5.09
00-0037746,Brian Robinson,RB,SF,12,5.81,4.0,5.17,4.71
00-0037746,Brian Robinson,RB,SF,13,3.97,2.0,4.75,3.76
00-0037746,Brian Robinson,RB,SF,15,4.52,2.0,4.67,3.14
00-0037746,Brian Robinson,RB,SF,16,5.27,2.0,4.88,2.74
00-0037746,Brian Robinson,RB,SF,17,3.15,2.0,4.27,2.48
00-0037746,Brian Robinson,RB,SF,18,0.88,0.0,3.08,1.61
00-0037755,Jelani Woods,TE,NYJ,16,1.34,0.0,1.34,0.0
00-0037755,Jelani Woods,TE,NYJ,17,0.52,0.0,1.05,0.0
00-0037801,KaVontae Turpin,WR,DAL,1,2.59,1.0,2.59,1.0
00-0037801,KaVontae Turpin,WR,DAL,2,6.69,10.0,4.03,4.15
00-0037801,KaVontae Turpin,WR,DAL,3,5.76,6.0,4.63,4.8
00-0037801,KaVontae Turpin,WR,DAL,4,4.23,3.0,4.49,4.17
00-0037801,KaVontae Turpin,WR,DAL,7,0.62,1.0,3.14,3.06
00-0037801,KaVontae Turpin,WR,DAL,8,2.99,-1.0,3.09,1.64
00-0037801,KaVontae Turpin,WR,DAL,9,2.82,1.0,2.99,1.42
00-0037801,KaVontae Turpin,WR,DAL,11,1.75,0.0,2.56,0.92
00-0037801,KaVontae Turpin,WR,DAL,12,3.12,2.0,2.76,1.3
00-0037801,KaVontae Turpin,WR,DAL,13,3.12,5.0,2.88,2.59
00-0037801,KaVontae Turpin,WR,DAL,14,2.16,2.0,2.63,2.39
00-0037801,KaVontae Turpin,WR,DAL,15,2.46,1.0,2.57,1.9
00-0037801,KaVontae Turpin,WR,DAL,16,8.59,2.0,4.68,1.94
00-0037801,KaVontae Turpin,WR,DAL,17,1.77,14.0,3.66,6.16
00-0037801,KaVontae Turpin,WR,DAL,18,2.24,0.0,3.16,4.0
00-0037805,Jeremy Ruckert,TE,NYJ,1,1.54,1.0,1.54,1.0
00-0037805,Jeremy Ruckert,TE,NYJ,2,3.06,6.0,2.07,2.75
00-0037805,Jeremy Ruckert,TE,NYJ,4,0.53,2.0,1.53,2.49
00-0037805,Jeremy Ruckert,TE,NYJ,5,2.79,2.0,1.97,2.32
00-0037805,Jeremy Ruckert,TE,NYJ,7,0.44,0.0,1.44,1.51
00-0037805,Jeremy Ruckert,TE,NYJ,8,0.78,2.0,1.21,1.68
00-0037805,Jeremy Ruckert,TE,NYJ,10,0.57,0.0,0.98,1.09
00-0037805,Jeremy Ruckert,TE,NYJ,11,2.98,2.0,1.68,1.41
00-0037805,Jeremy Ruckert,TE,NYJ,13,1.17,1.0,1.5,1.27
00-0037805,Jeremy Ruckert,TE,NYJ,14,1.75,1.0,1.59,1.17
00-0037805,Jeremy Ruckert,TE,NYJ,15,1.02,1.0,1.39,1.11
00-0037805,Jeremy Ruckert,TE,NYJ,16,2.05,1.0,1.62,1.07
00-0037805,Jeremy Ruckert,TE,NYJ,17,2.73,0.0,2.01,0.7
00-0037809,Chig Okonkwo,TE,TEN,1,2.58,1.0,2.58,1.0
00-0037809,Chig Okonkwo,TE,TEN,2,3.88,3.0,3.03,1.7
00-0037809,Chig Okonkwo,TE,TEN,3,4.82,6.0,3.66,3.2
00-0037809,Chig Okonkwo,TE,TEN,4,1.67,0.0,2.96,2.08
00-0037809,Chig Okonkwo,TE,TEN,5,3.3,4.0,3.08,2.75
00-0037809,Chig Okonkwo,TE,TEN,6,3.78,4.0,3.33,3.19
00-0037809,Chig Okonkwo,TE,TEN,7,1.98,0.0,2.86,2.07
00-0037809,Chig Okonkwo,TE,TEN,8,4.13,5.0,3.3,3.1
00-0037809,Chig Okonkwo,TE,TEN,9,1.19,1.0,2.56,2.36
00-0037809,Chig Okonkwo,TE,TEN,11,2.46,5.0,2.53,3.29
00-0037809,Chig Okonkwo,TE,TEN,12,2.49,4.0,2.52,3.54
00-0037809,Chig Okonkwo,TE,TEN,13,4.27,2.0,3.13,3.0
00-0037809,Chig Okonkwo,TE,TEN,14,1.05,2.0,2.4,2.65
00-0037809,Chig Okonkwo,TE,TEN,15,5.11,3.0,3.35,2.77
00-0037809,Chig Okonkwo,TE,TEN,16,5.71,10.0,4.18,5.3
00-0037809,Chig Okonkwo,TE,TEN,17,5.39,11.0,4.6,7.3
00-0037809,Chig Okonkwo,TE,TEN,18,2.82,0.0,3.98,4.74
00-0037816,Romeo Doubs,WR,GB,1,9.51,6.0,9.51,6.0
00-0037816,Romeo Doubs,WR,GB,2,8.66,8.0,9.21,6.7
00-0037816,Romeo Doubs,WR,GB,3,1.32,2.0,6.45,5.06
00-0037816,Romeo Doubs,WR,GB,4,15.66,23.0,9.67,11.34
00-0037816,Romeo Doubs,WR,GB,6,8.6,5.0,9.3,9.12
00-0037816,Romeo Doubs,WR,GB,7,10.86,7.0,9.84,8.38
00-0037816,Romeo Doubs,WR,GB,8,7.57,6.0,9.05,7.54
00-0037816,Romeo Doubs,WR,GB,9,11.34,9.0,9.85,8.05
00-0037816,Romeo Doubs,WR,GB,10,4.07,0.0,7.83,5.24
00-0037816,Romeo Doubs,WR,GB,11,6.85,5.0,7.49,5.15
00-0037816,Romeo Doubs,WR,GB,12,2.21,2.0,5.64,4.05
00-0037816,Romeo Doubs,WR,GB,13,7.03,8.0,6.12,5.43
00-0037816,Romeo Doubs,WR,GB,14,2.98,0.0,5.02,3.53
00-0037816,Romeo Doubs,WR,GB,15,4.76,3.0,4.93,3.35
00-0037816,Romeo Doubs,WR,GB,16,9.2,14.0,6.43,7.07
00-0037816,Romeo Doubs,WR,GB,17,2.76,6.0,5.14,6.7
00-0037834,Brock Purdy,QB,SF,1,22.12,16.0,22.12,16.0
00-0037834,Brock Purdy,QB,SF,4,18.25,17.0,20.77,16.35
00-0037834,Brock Purdy,QB,SF,11,19.41,19.0,20.29,17.28
00-0037834,Brock Purdy,QB,SF,12,14.14,6.0,18.14,13.33
00-0037834,Brock Purdy,QB,SF,13,18.34,16.0,18.21,14.26
00-0037834,Brock Purdy,QB,SF,15,23.28,25.0,19.98,18.02
00-0037834,Brock Purdy,QB,SF,16,29.16,30.0,23.19,22.21
00-0037834,Brock Purdy,QB,SF,17,27.33,36.0,24.64,27.04
00-0037834,Brock Purdy,QB,SF,18,9.52,5.0,19.35,19.33
00-0037837,Calvin Austin III,WR,PIT,1,7.78,13.0,7.78,13.0
00-0037837,Calvin Austin III,WR,PIT,2,5.21,2.0,6.88,9.15
00-0037837,Calvin Austin III,WR,PIT,3,6.51,9.0,6.75,9.1
00-0037837,Calvin Austin III,WR,PIT,4,1.19,1.0,4.81,6.26
00-0037837,Calvin Austin III,WR,PIT,8,4.03,2.0,4.53,4.77
00-0037837,Calvin Austin III,WR,PIT,9,5.52,5.0,4.88,4.85
00-0037837,Calvin Austin III,WR,PIT,10,6.09,1.0,5.3,3.5
00-0037837,Calvin Austin III,WR,PIT,11,0.59,0.0,3.65,2.28
00-0037837,Calvin Austin III,WR,PIT,12,3.32,3.0,3.54,2.53
00-0037837,Calvin Austin III,WR,PIT,13,2.08,0.0,3.03,1.64
00-0037837,Calvin Austin III,WR,PIT,14,1.69,3.0,2.56,2.12
00-0037837,Calvin Austin III,WR,PIT,15,0.75,0.0,1.92,1.38
00-0037837,Calvin Austin III,WR,PIT,16,0.82,0.0,1.54,0.9
00-0037837,Calvin Austin III,WR,PIT,18,7.96,11.0,3.78,4.43
00-0037838,Isaiah Likely,TE,BAL,5,0.95,1.0,0.95,1.0
00-0037838,Isaiah Likely,TE,BAL,6,1.2,0.0,1.04,0.65
00-0037838,Isaiah Likely,TE,BAL,8,1.43,0.0,1.18,0.42
00-0037838,Isaiah Likely,TE,BAL,9,7.35,6.0,3.34,2.37
00-0037838,Isaiah Likely,TE,BAL,10,3.16,1.0,3.28,1.89
00-0037838,Isaiah Likely,TE,BAL,11,2.45,1.0,2.99,1.58
00-0037838,Isaiah Likely,TE,BAL,12,2.7,1.0,2.89,1.38
00-0037838,Isaiah Likely,TE,BAL,13,6.07,7.0,4.0,3.35
00-0037838,Isaiah Likely,TE,BAL,14,8.71,8.0,5.65,4.97
00-0037838,Isaiah Likely,TE,BAL,17,2.02,2.0,4.38,3.93
00-0037838,Isaiah Likely,TE,BAL,18,1.19,3.0,3.26,3.61
00-0037840,Kyren Williams,RB,LA,1,14.06,12.0,14.06,12.0
00-0037840,Kyren Williams,RB,LA,2,10.54,7.0,12.83,10.25
00-0037840,Kyren Williams,RB,LA,3,14.19,16.0,13.3,12.26
00-0037840,Kyren Williams,RB,LA,4,8.69,6.0,11.69,10.07
00-0037840,Kyren Williams,RB,LA,5,17.54,22.0,13.74,14.25
00-0037840,Kyren Williams,RB,LA,6,11.48,14.0,12.95,14.16
00-0037840,Kyren Williams,RB,LA,7,11.97,6.0,12.61,11.3
00-0037840,Kyren Williams,RB,LA,9,22.0,17.0,15.89,13.3
00-0037840,Kyren Williams,RB,LA,10,11.46,20.0,14.34,15.64
00-0037840,Kyren Williams,RB,LA,11,10.85,15.0,13.12,15.42
00-0037840,Kyren Williams,RB,LA,12,6.18,4.0,10.69,11.42
00-0037840,Kyren Williams,RB,LA,13,8.85,13.0,10.05,11.97
00-0037840,Kyren Williams,RB,LA,14,12.06,15.0,10.75,13.03
00-0037840,Kyren Williams,RB,LA,15,11.62,20.0,11.05,15.47
00-0037840,Kyren Williams,RB,LA,16,16.71,8.0,13.03,12.86
00-0037840,Kyren Williams,RB,LA,17,9.11,12.0,11.66,12.56
00-0037840,Kyren Williams,RB,LA,18,13.4,8.0,12.27,10.96
00-0038040,Zamir White,RB,LV,1,1.62,0.0,1.62,0.0
00-0038040,Zamir White,RB,LV,2,2.63,0.0,1.97,0.0
00-0038040,Zamir White,RB,LV,3,3.96,1.0,2.67,0.35
00-0038040,Zamir White,RB,LV,17,0.45,0.0,1.89,0.23
00-0038040,Zamir White,RB,LV,18,1.31,0.0,1.69,0.15
00-0038041,Jake Ferguson,TE,DAL,1,5.33,2.0,5.33,2.0
00-0038041,Jake Ferguson,TE,DAL,2,10.46,7.0,7.13,3.75
00-0038041,Jake Ferguson,TE,DAL,3,11.98,8.0,8.83,5.24
00-0038041,Jake Ferguson,TE,DAL,4,6.89,10.0,8.15,6.9
00-0038041,Jake Ferguson,TE,DAL,5,12.38,16.0,9.63,10.09
00-0038041,Jake Ferguson,TE,DAL,6,5.8,9.0,8.29,9.71
00-0038041,Jake Ferguson,TE,DAL,7,11.06,14.0,9.26,11.21
00-0038041,Jake Ferguson,TE,DAL,8,1.41,0.0,6.51,7.29
00-0038041,Jake Ferguson,TE,DAL,9,10.63,3.0,7.95,5.79
00-0038041,Jake Ferguson,TE,DAL,11,6.84,7.0,7.56,6.21
00-0038041,Jake Ferguson,TE,DAL,12,8.45,6.0,7.87,6.14
00-0038041,Jake Ferguson,TE,DAL,13,7.13,3.0,7.61,5.04
00-0038041,Jake Ferguson,TE,DAL,14,8.49,5.0,7.92,5.03
00-0038041,Jake Ferguson,TE,DAL,15,4.49,1.0,6.72,3.62
00-0038041,Jake Ferguson,TE,DAL,16,3.28,1.0,5.52,2.7
00-0038041,Jake Ferguson,TE,DAL,17,5.94,6.0,5.66,3.86
00-0038041,Jake Ferguson,TE,DAL,18,4.08,0.0,5.11,2.51
00-0038046,Charlie Kolar,TE,BAL,3,3.74,2.0,3.74,2.0
00-0038046,Charlie Kolar,TE,BAL,5,0.93,1.0,2.76,1.65
00-0038046,Charlie Kolar,TE,BAL,6,0.35,0.0,1.91,1.07
00-0038046,Charlie Kolar,TE,BAL,8,1.56,7.0,1.79,3.15
00-0038046,Charlie Kolar,TE,BAL,9,5.18,8.0,2.98,4.85
00-0038046,Charlie Kolar,TE,BAL,10,1.65,2.0,2.51,3.85
00-0038046,Charlie Kolar,TE,BAL,11,0.72,0.0,1.88,2.5
00-0038046,Charlie Kolar,TE,BAL,13,1.42,1.0,1.72,1.98
00-0038046,Charlie Kolar,TE,BAL,14,1.17,1.0,1.53,1.63
00-0038046,Charlie Kolar,TE,BAL,16,1.08,1.0,1.37,1.41
00-0038046,Charlie Kolar,TE,BAL,17,0.7,0.0,1.14,0.92
00-0038090,Skyy Moore,WR,SF,3,0.96,1.0,0.96,1.0
00-0038090,Skyy Moore,WR,SF,4,0.81,0.0,0.91,0.65
00-0038090,Skyy Moore,WR,SF,5,0.66,0.0,0.82,0.42
00-0038090,Skyy Moore,WR,SF,7,0.61,1.0,0.75,0.62
00-0038090,Skyy Moore,WR,SF,8,1.72,0.0,1.09,0.41
00-0038090,Skyy Moore,WR,SF,9,1.23,2.0,1.14,0.96
00-0038090,Skyy Moore,WR,SF,10,1.25,1.0,1.18,0.98
00-0038090,Skyy Moore,WR,SF,16,1.37,2.0,1.25,1.33
00-0038090,Skyy Moore,WR,SF,17,0.64,1.0,1.03,1.22
00-0038102,Kenny Pickett,QB,LV,7,0.49,-2.0,0.49,-2.0
00-0038102,Kenny Pickett,QB,LV,10,0.2,0.0,0.39,-1.3
00-0038102,Kenny Pickett,QB,LV,14,5.41,7.0,2.15,1.6
00-0038102,Kenny Pickett,QB,LV,15,5.31,0.0,3.25,1.04
00-0038102,Kenny Pickett,QB,LV,17,0.44,0.0,2.27,0.68
00-0038102,Kenny Pickett,QB,LV,18,1.89,-2.0,2.14,-0.26
00-0038104,Tyquan Thornton,WR,KC,1,5.6,4.0,5.6,4.0
00-0038104,Tyquan Thornton,WR,KC,2,6.72,11.0,5.99,6.45
00-0038104,Tyquan Thornton,WR,KC,3,14.93,13.0,9.12,8.74
00-0038104,Tyquan Thornton,WR,KC,4,6.06,7.0,8.05,8.13
00-0038104,Tyquan Thornton,WR,KC,5,9.4,9.0,8.52,8.44
00-0038104,Tyquan Thornton,WR,KC,7,3.39,3.0,6.73,6.53
00-0038104,Tyquan Thornton,WR,KC,9,1.91,0.0,5.04,4.25
00-0038104,Tyquan Thornton,WR,KC,11,3.58,6.0,4.53,4.86
00-0038104,Tyquan Thornton,WR,KC,12,1.83,0.0,3.58,3.16
00-0038104,Tyquan Thornton,WR,KC,14,3.55,1.0,3.57,2.4
00-0038104,Tyquan Thornton,WR,KC,15,4.51,4.0,3.9,2.96
00-0038115,Daniel Bellinger,TE,NYG,1,1.68,1.0,1.68,1.0
00-0038115,Daniel Bellinger,TE,NYG,3,0.48,0.0,1.26,0.65
00-0038115,Daniel Bellinger,TE,NYG,4,1.04,1.0,1.18,0.77
00-0038115,Daniel Bellinger,TE,NYG,5,5.54,5.0,2.71,2.25
00-0038115,Daniel Bellinger,TE,NYG,7,7.03,14.0,4.22,6.36
00-0038115,Daniel Bellinger,TE,NYG,8,1.39,2.0,3.23,4.84
00-0038115,Daniel Bellinger,TE,NYG,10,4.69,0.0,3.74,3.14
00-0038115,Daniel Bellinger,TE,NYG,11,0.51,0.0,2.61,2.04
00-0038115,Daniel Bellinger,TE,NYG,12,2.2,0.0,2.47,1.33
00-0038115,Daniel Bellinger,TE,NYG,15,3.41,3.0,2.8,1.91
00-0038115,Daniel Bellinger,TE,NYG,17,3.19,1.0,2.94,1.59
00-0038115,Daniel Bellinger,TE,NYG,18,1.01,9.0,2.26,4.19
00-0038117,Wan'Dale Robinson,WR,NYG,1,7.1,5.0,7.1,5.0
00-0038117,Wan'Dale Robinson,WR,NYG,2,11.28,20.0,8.57,10.25
00-0038117,Wan'Dale Robinson,WR,NYG,3,4.79,2.0,7.25,7.36
00-0038117,Wan'Dale Robinson,WR,NYG,4,5.58,1.0,6.66,5.14
00-0038117,Wan'Dale Robinson,WR,NYG,5,5.92,3.0,6.4,4.39
00-0038117,Wan'Dale Robinson,WR,NYG,6,6.28,14.0,6.36,7.75
00-0038117,Wan'Dale Robinson,WR,NYG,7,9.09,9.0,7.31,8.19
00-0038117,Wan'Dale Robinson,WR,NYG,8,3.59,4.0,6.01,6.72
00-0038117,Wan'Dale Robinson,WR,NYG,9,7.22,4.0,6.43,5.77
00-0038117,Wan'Dale Robinson,WR,NYG,10,7.64,6.0,6.86,5.85
00-0038117,Wan'Dale Robinson,WR,NYG,11,6.97,3.0,6.89,4.85
00-0038117,Wan'Dale Robinson,WR,NYG,12,15.9,21.0,10.05,10.5
00-0038117,Wan'Dale Robinson,WR,NYG,13,4.85,3.0,8.23,7.88
00-0038117,Wan'Dale Robinson,WR,NYG,15,11.11,11.0,9.24,8.97
00-0038117,Wan'Dale Robinson,WR,NYG,16,5.5,1.0,7.93,6.18
00-0038117,Wan'Dale Robinson,WR,NYG,17,12.06,11.0,9.37,7.87
00-0038120,Breece Hall,RB,NYJ,1,11.9,13.0,11.9,13.0
00-0038120,Breece Hall,RB,NYJ,2,6.48,2.0,10.01,9.15
00-0038120,Breece Hall,RB,NYJ,3,11.05,5.0,10.37,7.7
00-0038120,Breece Hall,RB,NYJ,4,10.91,11.0,10.56,8.85
00-0038120,Breece Hall,RB,NYJ,5,13.34,13.0,11.53,10.3
00-0038120,Breece Hall,RB,NYJ,6,10.64,5.0,11.22,8.45
00-0038120,Breece Hall,RB,NYJ,7,7.35,4.0,9.87,6.89
00-0038120,Breece Hall,RB,NYJ,8,14.5,30.0,11.49,14.98
00-0038120,Breece Hall,RB,NYJ,10,10.44,18.0,11.12,16.04
00-0038120,Breece Hall,RB,NYJ,11,8.26,5.0,10.12,12.17
00-0038120,Breece Hall,RB,NYJ,12,9.26,9.0,9.82,11.06
00-0038120,Breece Hall,RB,NYJ,13,13.19,12.0,11.0,11.39
00-0038120,Breece Hall,RB,NYJ,14,8.44,4.0,10.1,8.8
00-0038120,Breece Hall,RB,NYJ,15,6.84,3.0,8.96,6.77
00-0038120,Breece Hall,RB,NYJ,16,8.66,5.0,8.85,6.15
00-0038120,Breece Hall,RB,NYJ,17,9.15,18.0,8.96,10.3
00-0038124,Christian Watson,WR,GB,8,5.48,8.0,5.48,8.0
00-0038124,Christian Watson,WR,GB,9,4.67,5.0,5.2,6.95
00-0038124,Christian Watson,WR,GB,10,5.3,4.0,5.23,5.92
00-0038124,Christian Watson,WR,GB,11,9.14,16.0,6.6,9.45
00-0038124,Christian Watson,WR,GB,12,6.37,4.0,6.52,7.54
00-0038124,Christian Watson,WR,GB,13,17.32,14.0,10.3,9.8
00-0038124,Christian Watson,WR,GB,14,5.71,20.0,8.69,13.37
00-0038124,Christian Watson,WR,GB,15,8.36,2.0,8.58,9.39
00-0038124,Christian Watson,WR,GB,16,12.31,1.0,9.88,6.45
00-0038124,Christian Watson,WR,GB,17,5.85,17.0,8.47,10.15
00-0038128,Malik Willis,QB,GB,11,3.59,5.0,3.59,5.0
00-0038128,Malik Willis,QB,GB,12,0.31,0.0,2.44,3.25
00-0038128,Malik Willis,QB,GB,16,14.41,12.0,6.63,6.31
00-0038128,Malik Willis,QB,GB,17,15.63,31.0,9.78,14.95
00-0038129,Cade Otton,TE,TB,1,2.67,0.0,2.67,0.0
00-0038129,Cade Otton,TE,TB,2,3.57,2.0,2.99,0.7
00-0038129,Cade Otton,TE,TB,4,2.5,0.0,2.81,0.45
00-0038129,Cade Otton,TE,TB,5,5.02,8.0,3.59,3.1
00-0038129,Cade Otton,TE,TB,6,4.17,5.0,3.79,3.76
00-0038129,Cade Otton,TE,TB,7,6.86,6.0,4.87,4.55
00-0038129,Cade Otton,TE,TB,8,3.89,4.0,4.52,4.35
00-0038129,Cade Otton,TE,TB,10,9.42,8.0,6.24,5.63
00-0038129,Cade Otton,TE,TB,11,6.26,2.0,6.25,4.36
00-0038129,Cade Otton,TE,TB,12,4.62,2.0,5.68,3.53
00-0038129,Cade Otton,TE,TB,13,1.43,0.0,4.19,2.3
00-0038129,Cade Otton,TE,TB,14,3.9,1.0,4.09,1.84
00-0038129,Cade Otton,TE,TB,16,1.42,1.0,3.15,1.55
00-0038129,Cade Otton,TE,TB,17,2.72,3.0,3.0,2.06
00-0038129,Cade Otton,TE,TB,18,8.91,15.0,5.07,6.59
00-0038134,Kenneth Walker III,RB,SEA,1,6.6,2.0,6.6,2.0
00-0038134,Kenneth Walker III,RB,SEA,2,6.53,17.0,6.58,7.25
00-0038134,Kenneth Walker III,RB,SEA,3,14.55,16.0,9.37,10.31
00-0038134,Kenneth Walker III,RB,SEA,4,11.67,10.0,10.17,10.2
00-0038134,Kenneth Walker III,RB,SEA,5,7.41,8.0,9.21,9.43
00-0038134,Kenneth Walker III,RB,SEA,6,5.83,3.0,8.02,7.18
00-0038134,Kenneth Walker III,RB,SEA,7,9.69,6.0,8.61,6.77
00-0038134,Kenneth Walker III,RB,SEA,9,10.7,5.0,9.34,6.15
00-0038134,Kenneth Walker III,RB,SEA,10,10.92,6.0,9.89,6.1
00-0038134,Kenneth Walker III,RB,SEA,11,12.68,16.0,10.87,9.56
00-0038134,Kenneth Walker III,RB,SEA,12,13.4,10.0,11.75,9.72
00-0038134,Kenneth Walker III,RB,SEA,13,10.01,6.0,11.14,8.42
00-0038134,Kenneth Walker III,RB,SEA,14,10.38,1.0,10.87,5.82
00-0038134,Kenneth Walker III,RB,SEA,15,5.28,1.0,8.92,4.13
00-0038134,Kenneth Walker III,RB,SEA,16,7.58,22.0,8.45,10.39
00-0038134,Kenneth Walker III,RB,SEA,17,9.91,5.0,8.96,8.5
00-0038134,Kenneth Walker III,RB,SEA,18,10.81,12.0,9.61,9.73
00-0038359,Xavier Smith,WR,LA,1,1.98,3.0,1.98,3.0
00-0038359,Xavier Smith,WR,LA,7,3.7,1.0,2.58,2.3
00-0038359,Xavier Smith,WR,LA,9,3.88,1.0,3.03,1.85
00-0038359,Xavier Smith,WR,LA,10,0.74,1.0,2.23,1.55
00-0038359,Xavier Smith,WR,LA,11,1.53,0.0,1.98,1.01
00-0038359,Xavier Smith,WR,LA,13,3.65,8.0,2.57,3.45
00-0038359,Xavier Smith,WR,LA,14,0.8,0.0,1.95,2.25
00-0038359,Xavier Smith,WR,LA,16,2.68,5.0,2.2,3.21
00-0038359,Xavier Smith,WR,LA,17,7.12,6.0,3.92,4.19
00-0038359,Xavier Smith,WR,LA,18,3.1,0.0,3.63,2.72
00-0038393,Dontayvion Wicks,WR,GB,1,2.54,3.0,2.54,3.0
00-0038393,Dontayvion Wicks,WR,GB,2,12.36,4.0,5.97,3.35
00-0038393,Dontayvion Wicks,WR,GB,3,3.19,2.0,5.0,2.88
00-0038393,Dontayvion Wicks,WR,GB,4,4.17,1.0,4.71,2.22
00-0038393,Dontayvion Wicks,WR,GB,6,1.41,1.0,3.56,1.79
00-0038393,Dontayvion Wicks,WR,GB,7,2.54,0.0,3.2,1.17
00-0038393,Dontayvion Wicks,WR,GB,10,6.23,3.0,4.26,1.81
00-0038393,Dontayvion Wicks,WR,GB,11,1.36,0.0,3.24,1.17
00-0038393,Dontayvion Wicks,WR,GB,12,3.58,3.0,3.36,1.81
00-0038393,Dontayvion Wicks,WR,GB,13,12.33,21.0,6.5,8.53
00-0038393,Dontayvion Wicks,WR,GB,15,1.77,0.0,4.84,5.54
00-0038393,Dontayvion Wicks,WR,GB,16,1.24,1.0,3.58,3.95
00-0038393,Dontayvion Wicks,WR,GB,17,0.74,0.0,2.59,2.57
00-0038394,Will Mallory,TE,IND,17,1.44,1.0,1.44,1.0
00-0038397,Evan Hull,RB,NO,13,2.21,1.0,2.21,1.0
00-0038397,Evan Hull,RB,NO,14,0.89,0.0,1.75,0.65
00-0038397,Evan Hull,RB,NO,15,2.25,1.0,1.92,0.77
00-0038397,Evan Hull,RB,NO,16,2.71,0.0,2.2,0.5
00-0038397,Evan Hull,RB,NO,17,0.94,0.0,1.76,0.33
00-0038397,Evan Hull,RB,NO,18,0.92,1.0,1.47,0.56
00-0038400,Tanner McKee,QB,PHI,8,-0.3,-1.0,-0.3,-1.0
00-0038400,Tanner McKee,QB,PHI,15,1.93,1.0,0.48,-0.3
00-0038400,Tanner McKee,QB,PHI,16,-0.2,-1.0,0.24,-0.55
00-0038400,Tanner McKee,QB,PHI,18,20.39,11.0,7.29,3.5
00-0038416,Tyson Bagent,QB,CHI,2,1.66,1.0,1.66,1.0
00-0038416,Tyson Bagent,QB,CHI,9,0.13,0.0,1.12,0.65
00-0038440,Zavier Scott,RB,MIN,3,5.12,5.0,5.12,5.0
00-0038440,Zavier Scott,RB,MIN,4,7.54,10.0,5.97,6.75
00-0038440,Zavier Scott,RB,MIN,5,2.26,-1.0,4.67,4.04
00-0038440,Zavier Scott,RB,MIN,7,3.56,0.0,4.28,2.62
00-0038440,Zavier Scott,RB,MIN,8,2.25,1.0,3.57,2.06
00-0038440,Zavier Scott,RB,MIN,13,1.88,1.0,2.98,1.69
00-0038440,Zavier Scott,RB,MIN,14,1.85,1.0,2.58,1.45
00-0038440,Zavier Scott,RB,MIN,16,1.48,0.0,2.2,0.94
00-0038440,Zavier Scott,RB,MIN,18,3.52,0.0,2.66,0.61
00-0038454,Keaton Mitchell,RB,BAL,5,2.17,0.0,2.17,0.0
00-0038454,Keaton Mitchell,RB,BAL,8,2.49,4.0,2.28,1.4
00-0038454,Keaton Mitchell,RB,BAL,9,3.89,1.0,2.85,1.26
00-0038454,Keaton Mitchell,RB,BAL,10,2.72,3.0,2.8,1.87
00-0038454,Keaton Mitchell,RB,BAL,11,5.34,5.0,3.69,2.96
00-0038454,Keaton Mitchell,RB,BAL,12,1.9,1.0,3.06,2.28
00-0038454,Keaton Mitchell,RB,BAL,13,2.98,8.0,3.03,4.28
00-0038454,Keaton Mitchell,RB,BAL,14,3.16,7.0,3.08,5.23
00-0038454,Keaton Mitchell,RB,BAL,15,5.28,6.0,3.85,5.5
00-0038454,Keaton Mitchell,RB,BAL,16,5.03,1.0,4.26,3.93
00-0038454,Keaton Mitchell,RB,BAL,17,7.15,3.0,5.27,3.6
00-0038454,Keaton Mitchell,RB,BAL,18,1.2,0.0,3.85,2.34
00-0038458,Owen Wright,RB,TB,12,1.67,0.0,1.67,0.0
00-0038465,Malik Heath,WR,GB,2,1.71,3.0,1.71,3.0
00-0038465,Malik Heath,WR,GB,4,0.53,0.0,1.3,1.95
00-0038465,Malik Heath,WR,GB,8,1.82,2.0,1.48,1.97
00-0038465,Malik Heath,WR,GB,9,0.59,1.0,1.17,1.63
00-0038465,Malik Heath,WR,GB,13,0.65,0.0,0.99,1.06
00-0038488,Brady Russell,RB,SEA,15,0.61,0.0,0.61,0.0
00-0038492,Jason Brownlee,WR,KC,1,2.19,0.0,2.19,0.0
00-0038496,Xavier Gipson,WR,PHI,8,0.47,0.0,0.47,0.0
00-0038496,Xavier Gipson,WR,PHI,12,0.69,-2.0,0.55,-0.7
00-0038519,Nikko Remigio,WR,KC,2,1.12,2.0,1.12,2.0
00-0038519,Nikko Remigio,WR,KC,3,0.8,1.0,1.01,1.65
00-0038542,Bijan Robinson,RB,ATL,1,14.16,18.0,14.16,18.0
00-0038542,Bijan Robinson,RB,ATL,2,16.38,16.0,14.93,17.3
00-0038542,Bijan Robinson,RB,ATL,3,9.84,10.0,13.15,14.75
00-0038542,Bijan Robinson,RB,ATL,4,14.67,23.0,13.68,17.63
00-0038542,Bijan Robinson,RB,ATL,6,16.32,29.0,14.61,21.61
00-0038542,Bijan Robinson,RB,ATL,7,12.95,15.0,14.03,19.3
00-0038542,Bijan Robinson,RB,ATL,8,6.52,2.0,11.4,13.24
00-0038542,Bijan Robinson,RB,ATL,9,12.74,9.0,11.87,11.76
00-0038542,Bijan Robinson,RB,ATL,10,9.57,8.0,11.06,10.44
00-0038542,Bijan Robinson,RB,ATL,11,24.94,25.0,15.92,15.54
00-0038542,Bijan Robinson,RB,ATL,12,8.83,12.0,13.44,14.3
00-0038542,Bijan Robinson,RB,ATL,13,20.35,25.0,15.86,18.04
00-0038542,Bijan Robinson,RB,ATL,14,10.92,6.0,14.13,13.83
00-0038542,Bijan Robinson,RB,ATL,15,18.34,21.0,15.6,16.34
00-0038542,Bijan Robinson,RB,ATL,16,20.5,22.0,17.31,18.32
00-0038542,Bijan Robinson,RB,ATL,17,21.8,34.0,18.88,23.81
00-0038542,Bijan Robinson,RB,ATL,18,10.39,4.0,15.91,16.88
00-0038543,Jaxon Smith-Njigba,WR,SEA,1,13.14,10.0,13.14,10.0
00-0038543,Jaxon Smith-Njigba,WR,SEA,2,8.59,10.0,11.55,10.0
00-0038543,Jaxon Smith-Njigba,WR,SEA,3,9.87,15.0,10.96,11.75
00-0038543,Jaxon Smith-Njigba,WR,SEA,4,7.57,8.0,9.77,10.44
00-0038543,Jaxon Smith-Njigba,WR,SEA,5,10.77,19.0,10.12,13.43
00-0038543,Jaxon Smith-Njigba,WR,SEA,6,14.82,22.0,11.77,16.43
00-0038543,Jaxon Smith-Njigba,WR,SEA,7,15.61,18.0,13.11,16.98
00-0038543,Jaxon Smith-Njigba,WR,SEA,9,10.36,13.0,12.15,15.59
00-0038543,Jaxon Smith-Njigba,WR,SEA,10,9.61,15.0,11.26,15.38
00-0038543,Jaxon Smith-Njigba,WR,SEA,11,13.86,11.0,12.17,13.85
00-0038543,Jaxon Smith-Njigba,WR,SEA,12,16.04,28.0,13.52,18.8
00-0038543,Jaxon Smith-Njigba,WR,SEA,13,2.68,2.0,9.73,12.92
00-0038543,Jaxon Smith-Njigba,WR,SEA,14,16.28,20.0,12.02,15.4
00-0038543,Jaxon Smith-Njigba,WR,SEA,15,7.48,11.0,10.43,13.86
00-0038543,Jaxon Smith-Njigba,WR,SEA,16,15.37,15.0,12.16,14.26
00-0038543,Jaxon Smith-Njigba,WR,SEA,17,11.98,7.0,12.1,11.72
00-0038543,Jaxon Smith-Njigba,WR,SEA,18,10.33,8.0,11.48,10.42
00-0038544,Quentin Johnston,WR,LAC,1,12.89,19.0,12.89,19.0
00-0038544,Quentin Johnston,WR,LAC,2,9.02,12.0,11.53,16.55
00-0038544,Quentin Johnston,WR,LAC,3,13.2,8.0,12.12,13.56
00-0038544,Quentin Johnston,WR,LAC,4,10.84,15.0,11.67,14.06
00-0038544,Quentin Johnston,WR,LAC,5,4.64,2.0,9.21,9.84
00-0038544,Quentin Johnston,WR,LAC,7,9.19,9.0,9.2,9.55
00-0038544,Quentin Johnston,WR,LAC,9,9.22,11.0,9.21,10.06
00-0038544,Quentin Johnston,WR,LAC,10,7.54,4.0,8.62,7.94
00-0038544,Quentin Johnston,WR,LAC,11,3.53,0.0,6.84,5.16
00-0038544,Quentin Johnston,WR,LAC,13,3.03,8.0,5.51,6.15
00-0038544,Quentin Johnston,WR,LAC,14,2.05,0.0,4.3,4.0
00-0038544,Quentin Johnston,WR,LAC,16,9.5,16.0,6.12,8.2
00-0038544,Quentin Johnston,WR,LAC,17,8.37,9.0,6.91,8.48
00-0038547,Luke Schoonmaker,TE,DAL,1,1.23,0.0,1.23,0.0
00-0038547,Luke Schoonmaker,TE,DAL,2,1.89,0.0,1.46,0.0
00-0038547,Luke Schoonmaker,TE,DAL,3,0.74,0.0,1.21,0.0
00-0038547,Luke Schoonmaker,TE,DAL,4,1.47,0.0,1.3,0.0
00-0038547,Luke Schoonmaker,TE,DAL,5,2.25,0.0,1.63,0.0
00-0038547,Luke Schoonmaker,TE,DAL,6,3.68,0.0,2.35,0.0
00-0038547,Luke Schoonmaker,TE,DAL,8,1.97,2.0,2.22,0.7
00-0038547,Luke Schoonmaker,TE,DAL,9,1.65,1.0,2.02,0.8
00-0038547,Luke Schoonmaker,TE,DAL,12,1.4,0.0,1.8,0.52
00-0038547,Luke Schoonmaker,TE,DAL,13,0.78,0.0,1.44,0.34
00-0038547,Luke Schoonmaker,TE,DAL,14,1.4,1.0,1.43,0.57
00-0038547,Luke Schoonmaker,TE,DAL,15,0.62,2.0,1.15,1.07
00-0038547,Luke Schoonmaker,TE,DAL,17,1.26,1.0,1.19,1.05
00-0038547,Luke Schoonmaker,TE,DAL,18,0.47,1.0,0.94,1.03
00-0038551,Kendre Miller,RB,NO,1,2.23,2.0,2.23,2.0
00-0038551,Kendre Miller,RB,NO,2,3.39,0.0,2.63,1.3
00-0038551,Kendre Miller,RB,NO,3,4.21,2.0,3.19,1.54
00-0038551,Kendre Miller,RB,NO,4,5.07,12.0,3.84,5.2
00-0038551,Kendre Miller,RB,NO,5,5.66,4.0,4.48,4.78
00-0038551,Kendre Miller,RB,NO,6,4.32,3.0,4.42,4.16
00-0038551,Kendre Miller,RB,NO,7,0.47,0.0,3.04,2.7
00-0038555,Tank Bigsby,RB,JAX,1,2.66,1.0,2.66,1.0
00-0038555,Tank Bigsby,RB,PHI,7,0.89,0.0,2.04,0.65
00-0038555,Tank Bigsby,RB,PHI,8,4.78,10.0,3.0,3.92
00-0038555,Tank Bigsby,RB,PHI,10,1.61,0.0,2.51,2.55
00-0038555,Tank Bigsby,RB,PHI,11,2.05,3.0,2.35,2.71
00-0038555,Tank Bigsby,RB,PHI,12,0.52,0.0,1.71,1.76
00-0038555,Tank Bigsby,RB,PHI,14,0.42,0.0,1.26,1.14
00-0038555,Tank Bigsby,RB,PHI,15,17.68,5.0,7.0,2.49
00-0038555,Tank Bigsby,RB,PHI,16,2.19,9.0,5.32,4.77
00-0038555,Tank Bigsby,RB,PHI,17,2.02,0.0,4.16,3.1
00-0038555,Tank Bigsby,RB,PHI,18,15.66,16.0,8.19,7.62
00-0038558,Darnell Washington,TE,PIT,2,1.49,2.0,1.49,2.0
00-0038558,Darnell Washington,TE,PIT,4,2.36,2.0,1.79,2.0
00-0038558,Darnell Washington,TE,PIT,6,4.46,6.0,2.73,3.4
00-0038558,Darnell Washington,TE,PIT,7,7.7,6.0,4.47,4.31
00-0038558,Darnell Washington,TE,PIT,9,11.01,4.0,6.76,4.2
00-0038558,Darnell Washington,TE,PIT,10,1.25,1.0,4.83,3.08
00-0038558,Darnell Washington,TE,PIT,11,3.39,6.0,4.32,4.1
00-0038558,Darnell Washington,TE,PIT,12,1.5,2.0,3.33,3.37
00-0038558,Darnell Washington,TE,PIT,13,4.07,4.0,3.59,3.59
00-0038558,Darnell Washington,TE,PIT,14,0.49,1.0,2.51,2.68
00-0038558,Darnell Washington,TE,PIT,15,2.17,2.0,2.39,2.44
00-0038558,Darnell Washington,TE,PIT,16,4.24,1.0,3.04,1.94
00-0038558,Darnell Washington,TE,PIT,17,0.96,1.0,2.31,1.61
00-0038559,Michael Wilson,WR,ARI,1,5.62,0.0,5.62,0.0
00-0038559,Michael Wilson,WR,ARI,2,3.83,7.0,4.99,2.45
00-0038559,Michael Wilson,WR,ARI,3,1.72,0.0,3.85,1.59
00-0038559,Michael Wilson,WR,ARI,4,4.9,1.0,4.21,1.39
00-0038559,Michael Wilson,WR,ARI,5,4.33,1.0,4.26,1.25
00-0038559,Michael Wilson,WR,ARI,6,6.11,4.0,4.91,2.21
00-0038559,Michael Wilson,WR,ARI,7,3.69,4.0,4.48,2.84
00-0038559,Michael Wilson,WR,ARI,9,4.66,6.0,4.54,3.94
00-0038559,Michael Wilson,WR,ARI,10,6.89,3.0,5.36,3.61
00-0038559,Michael Wilson,WR,ARI,11,17.42,18.0,9.58,8.65
00-0038559,Michael Wilson,WR,ARI,12,15.27,11.0,11.57,9.47
00-0038559,Michael Wilson,WR,ARI,13,8.66,3.0,10.55,7.21
00-0038559,Michael Wilson,WR,ARI,14,19.56,26.0,13.71,13.78
00-0038559,Michael Wilson,WR,ARI,15,12.93,11.0,13.43,12.81
00-0038559,Michael Wilson,WR,ARI,16,4.05,11.0,10.15,12.18
00-0038559,Michael Wilson,WR,ARI,17,7.94,14.0,9.38,12.81
00-0038559,Michael Wilson,WR,ARI,18,11.57,15.0,10.14,13.58
00-0038563,Tre Tucker,WR,LV,1,5.22,11.0,5.22,11.0
00-0038563,Tre Tucker,WR,LV,2,8.26,1.0,6.28,7.5
00-0038563,Tre Tucker,WR,LV,3,11.96,32.0,8.27,16.07
00-0038563,Tre Tucker,WR,LV,4,2.68,1.0,6.31,10.8
00-0038563,Tre Tucker,WR,LV,5,7.57,6.0,6.75,9.12
00-0038563,Tre Tucker,WR,LV,6,4.29,7.0,5.89,8.38
00-0038563,Tre Tucker,WR,LV,7,3.48,3.0,5.05,6.5
00-0038563,Tre Tucker,WR,LV,9,3.0,3.0,4.33,5.27
00-0038563,Tre Tucker,WR,LV,10,2.94,2.0,3.85,4.13
00-0038563,Tre Tucker,WR,LV,11,9.78,10.0,5.92,6.18
00-0038563,Tre Tucker,WR,LV,12,10.54,2.0,7.54,4.72
00-0038563,Tre Tucker,WR,LV,13,2.06,2.0,5.62,3.77
00-0038563,Tre Tucker,WR,LV,14,4.97,2.0,5.39,3.15
00-0038563,Tre Tucker,WR,LV,15,1.72,0.0,4.11,2.05
00-0038563,Tre Tucker,WR,LV,16,5.5,5.0,4.59,3.08
00-0038563,Tre Tucker,WR,LV,17,5.02,4.0,4.74,3.4
00-0038563,Tre Tucker,WR,LV,18,8.01,3.0,5.89,3.26
00-0038573,Derius Davis,WR,LAC,1,0.66,0.0,0.66,0.0
00-0038573,Derius Davis,WR,LAC,3,0.69,-2.0,0.67,-0.7
00-0038573,Derius Davis,WR,LAC,10,0.48,0.0,0.6,-0.45
00-0038573,Derius Davis,WR,LAC,11,1.64,0.0,0.97,-0.3
00-0038573,Derius Davis,WR,LAC,18,0.63,0.0,0.85,-0.19
00-0038576,Charlie Jones,WR,CIN,12,2.45,0.0,2.45,0.0
00-0038579,Aidan O'Connell,QB,LV,18,7.98,4.0,7.98,4.0
00-0038582,Clayton Tune,QB,GB,17,1.29,-2.0,1.29,-2.0
00-0038582,Clayton Tune,QB,GB,18,4.54,3.0,2.43,-0.25
00-0038589,Josh Whyle,TE,GB,11,3.46,6.0,3.46,6.0
00-0038589,Josh Whyle,TE,GB,12,0.72,0.0,2.5,3.9
00-0038589,Josh Whyle,TE,GB,13,0.87,0.0,1.93,2.54
00-0038589,Josh Whyle,TE,GB,14,1.22,2.0,1.68,2.35
00-0038589,Josh Whyle,TE,GB,17,0.65,0.0,1.32,1.53
00-0038589,Josh Whyle,TE,GB,18,0.52,0.0,1.04,0.99
00-0038597,Chase Brown,RB,CIN,1,15.08,10.0,15.08,10.0
00-0038597,Chase Brown,RB,CIN,2,12.19,5.0,14.07,8.25
00-0038597,Chase Brown,RB,CIN,3,10.53,1.0,12.83,5.71
00-0038597,Chase Brown,RB,CIN,4,6.4,7.0,10.58,6.16
00-0038597,Chase Brown,RB,CIN,5,8.75,4.0,9.94,5.41
00-0038597,Chase Brown,RB,CIN,6,5.98,6.0,8.55,5.61
00-0038597,Chase Brown,RB,CIN,7,9.14,9.0,8.76,6.8
00-0038597,Chase Brown,RB,CIN,8,12.44,22.0,10.04,12.12
00-0038597,Chase Brown,RB,CIN,9,18.62,10.0,13.05,11.38
00-0038597,Chase Brown,RB,CIN,11,13.56,11.0,13.23,11.25
00-0038597,Chase Brown,RB,CIN,12,11.36,12.0,12.57,11.51
00-0038597,Chase Brown,RB,CIN,13,12.65,10.0,12.6,10.98
00-0038597,Chase Brown,RB,CIN,14,11.3,15.0,12.15,12.39
00-0038597,Chase Brown,RB,CIN,15,11.16,8.0,11.8,10.85
00-0038597,Chase Brown,RB,CIN,16,12.55,28.0,12.06,16.85
00-0038597,Chase Brown,RB,CIN,17,21.45,26.0,15.35,20.05
00-0038597,Chase Brown,RB,CIN,18,13.14,14.0,14.58,17.94
00-0038606,Parker Washington,WR,JAX,2,5.02,7.0,5.02,7.0
00-0038606,Parker Washington,WR,JAX,3,12.63,3.0,7.69,5.6
00-0038606,Parker Washington,WR,JAX,4,3.08,5.0,6.07,5.39
00-0038606,Parker Washington,WR,JAX,5,3.85,7.0,5.3,5.95
00-0038606,Parker Washington,WR,JAX,6,4.17,2.0,4.9,4.57
00-0038606,Parker Washington,WR,JAX,7,13.34,6.0,7.86,5.07
00-0038606,Parker Washington,WR,JAX,9,8.43,9.0,8.06,6.45
00-0038606,Parker Washington,WR,JAX,10,11.24,14.0,9.17,9.09
00-0038606,Parker Washington,WR,JAX,11,1.76,2.0,6.58,6.61
00-0038606,Parker Washington,WR,JAX,12,10.6,13.0,7.99,8.85
00-0038606,Parker Washington,WR,JAX,13,2.9,2.0,6.21,6.45
00-0038606,Parker Washington,WR,JAX,15,3.21,5.0,5.16,5.94
00-0038606,Parker Washington,WR,JAX,16,12.9,20.0,7.87,10.86
00-0038606,Parker Washington,WR,JAX,17,12.79,10.0,9.59,10.56
00-0038606,Parker Washington,WR,JAX,18,12.48,14.0,10.6,11.76
00-0038608,Kayshon Boutte,WR,NE,1,10.11,10.0,10.11,10.0
00-0038608,Kayshon Boutte,WR,NE,2,2.5,7.0,7.45,8.95
00-0038608,Kayshon Boutte,WR,NE,3,5.06,2.0,6.61,6.52
00-0038608,Kayshon Boutte,WR,NE,4,4.04,1.0,5.71,4.59
00-0038608,Kayshon Boutte,WR,NE,5,2.83,4.0,4.7,4.38
00-0038608,Kayshon Boutte,WR,NE,6,8.21,21.0,5.93,10.2
00-0038608,Kayshon Boutte,WR,NE,7,3.2,11.0,4.98,10.48
00-0038608,Kayshon Boutte,WR,NE,8,7.1,13.0,5.72,11.36
00-0038608,Kayshon Boutte,WR,NE,9,1.29,0.0,4.17,7.38
00-0038608,Kayshon Boutte,WR,NE,12,1.58,1.0,3.26,5.15
00-0038608,Kayshon Boutte,WR,NE,13,8.52,9.0,5.1,6.5
00-0038608,Kayshon Boutte,WR,NE,15,1.23,3.0,3.75,5.27
00-0038608,Kayshon Boutte,WR,NE,16,4.6,1.0,4.04,3.78
00-0038608,Kayshon Boutte,WR,NE,18,4.83,2.0,4.32,3.16
00-0038611,Chris Rodriguez Jr.,RB,WAS,3,7.37,3.0,7.37,3.0
00-0038611,Chris Rodriguez Jr.,RB,WAS,4,3.44,5.0,6.0,3.7
00-0038611,Chris Rodriguez Jr.,RB,WAS,5,3.73,0.0,5.21,2.41
00-0038611,Chris Rodriguez Jr.,RB,WAS,7,3.37,7.0,4.56,4.01
00-0038611,Chris Rodriguez Jr.,RB,WAS,8,0.51,0.0,3.15,2.61
00-0038611,Chris Rodriguez Jr.,RB,WAS,9,8.46,12.0,5.01,5.9
00-0038611,Chris Rodriguez Jr.,RB,WAS,10,5.93,7.0,5.33,6.28
00-0038611,Chris Rodriguez Jr.,RB,WAS,11,11.27,7.0,7.41,6.53
00-0038611,Chris Rodriguez Jr.,RB,WAS,13,8.83,10.0,7.91,7.75
00-0038611,Chris Rodriguez Jr.,RB,WAS,14,5.79,5.0,7.17,6.79
00-0038611,Chris Rodriguez Jr.,RB,WAS,16,13.93,12.0,9.53,8.61
00-0038611,Chris Rodriguez Jr.,RB,WAS,18,18.1,13.0,12.53,10.15
00-0038618,Xavier Hutchinson,WR,HOU,1,2.73,3.0,2.73,3.0
00-0038618,Xavier Hutchinson,WR,HOU,2,3.05,2.0,2.85,2.65
00-0038618,Xavier Hutchinson,WR,HOU,3,1.82,1.0,2.49,2.07
00-0038618,Xavier Hutchinson,WR,HOU,4,1.92,1.0,2.29,1.7
00-0038618,Xavier Hutchinson,WR,HOU,5,6.24,13.0,3.67,5.65
00-0038618,Xavier Hutchinson,WR,HOU,7,6.91,1.0,4.81,4.02
00-0038618,Xavier Hutchinson,WR,HOU,8,5.79,12.0,5.15,6.82
00-0038618,Xavier Hutchinson,WR,HOU,9,4.66,3.0,4.98,5.48
00-0038618,Xavier Hutchinson,WR,HOU,11,5.35,4.0,5.11,4.96
00-0038618,Xavier Hutchinson,WR,HOU,12,1.41,0.0,3.81,3.23
00-0038618,Xavier Hutchinson,WR,HOU,13,8.43,3.0,5.43,3.15
00-0038618,Xavier Hutchinson,WR,HOU,14,1.19,0.0,3.95,2.05
00-0038618,Xavier Hutchinson,WR,HOU,15,1.37,1.0,3.04,1.68
00-0038618,Xavier Hutchinson,WR,HOU,16,1.64,0.0,2.55,1.09
00-0038618,Xavier Hutchinson,WR,HOU,17,3.35,2.0,2.83,1.41
00-0038618,Xavier Hutchinson,WR,HOU,18,8.12,8.0,4.68,3.72
00-0038619,Andrei Iosivas,WR,CIN,2,4.77,1.0,4.77,1.0
00-0038619,Andrei Iosivas,WR,CIN,4,1.79,2.0,3.73,1.35
00-0038619,Andrei Iosivas,WR,CIN,5,8.49,8.0,5.39,3.68
00-0038619,Andrei Iosivas,WR,CIN,6,2.27,0.0,4.3,2.39
00-0038619,Andrei Iosivas,WR,CIN,7,4.5,4.0,4.37,2.95
00-0038619,Andrei Iosivas,WR,CIN,8,3.15,0.0,3.94,1.92
00-0038619,Andrei Iosivas,WR,CIN,9,10.65,12.0,6.29,5.45
00-0038619,Andrei Iosivas,WR,CIN,11,2.52,2.0,4.97,4.24
00-0038619,Andrei Iosivas,WR,CIN,12,8.35,6.0,6.16,4.86
00-0038619,Andrei Iosivas,WR,CIN,13,5.84,8.0,6.05,5.96
00-0038619,Andrei Iosivas,WR,CIN,14,2.19,1.0,4.7,4.22
00-0038619,Andrei Iosivas,WR,CIN,15,1.38,0.0,3.54,2.74
00-0038619,Andrei Iosivas,WR,CIN,16,1.21,2.0,2.72,2.48
00-0038619,Andrei Iosivas,WR,CIN,17,6.6,4.0,4.08,3.01
00-0038619,Andrei Iosivas,WR,CIN,18,2.2,1.0,3.42,2.31
00-0038621,DeMario Douglas,WR,NE,1,9.88,5.0,9.88,5.0
00-0038621,DeMario Douglas,WR,NE,2,0.66,0.0,6.66,3.25
00-0038621,DeMario Douglas,WR,NE,3,3.78,0.0,5.65,2.11
00-0038621,DeMario Douglas,WR,NE,5,3.93,1.0,5.05,1.72
00-0038621,DeMario Douglas,WR,NE,6,4.64,13.0,4.9,5.67
00-0038621,DeMario Douglas,WR,NE,7,3.3,1.0,4.34,4.04
00-0038621,DeMario Douglas,WR,NE,8,2.8,4.0,3.8,4.02
00-0038621,DeMario Douglas,WR,NE,9,10.4,16.0,6.11,8.22
00-0038621,DeMario Douglas,WR,NE,10,2.13,3.0,4.72,6.39
00-0038621,DeMario Douglas,WR,NE,11,2.71,2.0,4.02,4.85
00-0038621,DeMario Douglas,WR,NE,12,2.29,4.0,3.41,4.55
00-0038621,DeMario Douglas,WR,NE,13,2.8,3.0,3.2,4.01
00-0038621,DeMario Douglas,WR,NE,15,0.99,0.0,2.42,2.61
00-0038621,DeMario Douglas,WR,NE,16,1.44,0.0,2.08,1.69
00-0038621,DeMario Douglas,WR,NE,17,2.57,1.0,2.25,1.45
00-0038621,DeMario Douglas,WR,NE,18,3.34,2.0,2.63,1.64
00-0038640,Jalen Brooks,WR,ARI,14,2.7,3.0,2.7,3.0
00-0038640,Jalen Brooks,WR,ARI,15,2.35,-1.0,2.58,1.6
00-0038643,Brayden Willis,TE,SF,2,0.57,0.0,0.57,0.0
00-0038647,Ronnie Bell,WR,NO,18,6.46,8.0,6.46,8.0
00-0038658,Adrian Martinez,QB,SF,9,-0.1,-1.0,-0.1,-1.0
00-0038679,Tyrell Shavers,WR,BUF,2,2.21,0.0,2.21,0.0
00-0038679,Tyrell Shavers,WR,BUF,3,1.68,2.0,2.02,0.7
00-0038679,Tyrell Shavers,WR,BUF,5,1.36,0.0,1.79,0.45
00-0038679,Tyrell Shavers,WR,BUF,6,4.51,2.0,2.74,1.0
00-0038679,Tyrell Shavers,WR,BUF,9,0.57,0.0,1.98,0.65
00-0038679,Tyrell Shavers,WR,BUF,10,1.14,2.0,1.69,1.12
00-0038679,Tyrell Shavers,WR,BUF,11,6.3,15.0,3.3,5.98
00-0038679,Tyrell Shavers,WR,BUF,14,1.2,1.0,2.57,4.24
00-0038679,Tyrell Shavers,WR,BUF,16,2.56,2.0,2.56,3.45
00-0038679,Tyrell Shavers,WR,BUF,17,2.99,3.0,2.71,3.29
00-0038685,Chris Brooks,RB,GB,1,1.28,0.0,1.28,0.0
00-0038685,Chris Brooks,RB,GB,2,2.64,2.0,1.76,0.7
00-0038685,Chris Brooks,RB,GB,4,0.65,0.0,1.37,0.45
00-0038685,Chris Brooks,RB,GB,6,0.49,0.0,1.06,0.3
00-0038685,Chris Brooks,RB,GB,7,1.56,0.0,1.24,0.19
00-0038685,Chris Brooks,RB,GB,9,1.09,2.0,1.19,0.82
00-0038685,Chris Brooks,RB,GB,11,0.49,0.0,0.94,0.54
00-0038685,Chris Brooks,RB,GB,12,4.57,2.0,2.21,1.05
00-0038685,Chris Brooks,RB,GB,13,1.4,0.0,1.93,0.68
00-0038685,Chris Brooks,RB,GB,14,0.61,0.0,1.47,0.44
00-0038685,Chris Brooks,RB,GB,15,2.31,1.0,1.76,0.64
00-0038685,Chris Brooks,RB,GB,16,0.38,0.0,1.28,0.41
00-0038685,Chris Brooks,RB,GB,17,1.18,1.0,1.24,0.62
00-0038685,Chris Brooks,RB,GB,18,6.5,6.0,3.08,2.5
00-0038705,Emari Demercado,RB,ARI,3,2.79,0.0,2.79,0.0
00-0038705,Emari Demercado,RB,ARI,4,3.57,7.0,3.06,2.45
00-0038705,Emari Demercado,RB,ARI,5,1.6,6.0,2.55,3.69
00-0038705,Emari Demercado,RB,ARI,6,1.43,0.0,2.16,2.4
00-0038705,Emari Demercado,RB,ARI,9,8.16,6.0,4.26,3.66
00-0038705,Emari Demercado,RB,ARI,10,7.24,10.0,5.3,5.88
00-0038705,Emari Demercado,RB,ARI,11,3.96,1.0,4.83,4.17
00-0038705,Emari Demercado,RB,ARI,15,2.56,0.0,4.04,2.71
00-0038705,Emari Demercado,RB,ARI,16,3.81,3.0,3.96,2.81
00-0038705,Emari Demercado,RB,ARI,17,5.22,1.0,4.4,2.18
00-0038705,Emari Demercado,RB,ARI,18,2.68,4.0,3.8,2.82
00-0038710,Blake Whiteheart,TE,CLE,4,1.65,0.0,1.65,0.0
00-0038710,Blake Whiteheart,TE,CLE,6,0.4,0.0,1.22,0.0
00-0038710,Blake Whiteheart,TE,CLE,7,0.61,0.0,1.0,0.0
00-0038710,Blake Whiteheart,TE,CLE,14,0.64,0.0,0.87,0.0
00-0038710,Blake Whiteheart,TE,CLE,17,0.53,0.0,0.75,0.0
00-0038710,Blake Whiteheart,TE,CLE,18,0.76,0.0,0.75,0.0
00-0038720,Julian Hill,TE,MIA,1,0.0,2.0,0.0,2.0
00-0038720,Julian Hill,TE,MIA,3,0.48,0.0,0.17,1.3
00-0038720,Julian Hill,TE,MIA,4,1.32,1.0,0.57,1.2
00-0038720,Julian Hill,TE,MIA,5,5.56,2.0,2.32,1.48
00-0038720,Julian Hill,TE,MIA,6,2.19,3.0,2.27,2.01
00-0038720,Julian Hill,TE,MIA,7,0.92,0.0,1.8,1.31
00-0038720,Julian Hill,TE,MIA,11,0.64,1.0,1.39,1.2
00-0038720,Julian Hill,TE,MIA,13,1.09,0.0,1.29,0.78
00-0038720,Julian Hill,TE,MIA,15,1.21,2.0,1.26,1.21
00-0038720,Julian Hill,TE,MIA,17,1.41,1.0,1.31,1.13
00-0038720,Julian Hill,TE,MIA,18,0.67,0.0,1.09,0.74
00-0038728,Jared Wayne,WR,HOU,8,2.04,2.0,2.04,2.0
00-0038738,Hunter Luepke,RB,DAL,4,1.16,0.0,1.16,0.0
00-0038738,Hunter Luepke,RB,DAL,5,0.61,1.0,0.97,0.35
00-0038738,Hunter Luepke,RB,DAL,6,4.48,6.0,2.2,2.33
00-0038738,Hunter Luepke,RB,DAL,7,0.9,0.0,1.74,1.51
00-0038738,Hunter Luepke,RB,DAL,8,0.25,0.0,1.22,0.98
00-0038738,Hunter Luepke,RB,DAL,11,3.01,3.0,1.85,1.69
00-0038738,Hunter Luepke,RB,DAL,12,0.66,0.0,1.43,1.1
00-0038738,Hunter Luepke,RB,DAL,15,3.15,2.0,2.03,1.41
00-0038738,Hunter Luepke,RB,DAL,16,1.65,1.0,1.9,1.27
00-0038738,Hunter Luepke,RB,DAL,17,4.96,4.0,2.97,2.22
00-0038738,Hunter Luepke,RB,DAL,18,3.0,1.0,2.98,1.8
00-0038752,Jake Bobo,WR,SEA,4,1.27,1.0,1.27,1.0
00-0038752,Jake Bobo,WR,SEA,7,0.52,0.0,1.01,0.65
00-0038783,Nate Adkins,TE,DEN,4,1.87,0.0,1.87,0.0
00-0038783,Nate Adkins,TE,DEN,5,0.58,0.0,1.42,0.0
00-0038783,Nate Adkins,TE,DEN,6,2.56,8.0,1.82,2.8
00-0038783,Nate Adkins,TE,DEN,7,1.69,2.0,1.77,2.52
00-0038783,Nate Adkins,TE,DEN,8,3.58,0.0,2.4,1.64
00-0038783,Nate Adkins,TE,DEN,16,0.81,0.0,1.85,1.06
00-0038794,Jaleel McLaughlin,RB,DEN,6,1.1,0.0,1.1,0.0
00-0038794,Jaleel McLaughlin,RB,DEN,11,4.56,6.0,2.31,2.1
00-0038794,Jaleel McLaughlin,RB,DEN,13,4.04,2.0,2.92,2.06
00-0038794,Jaleel McLaughlin,RB,DEN,14,2.67,2.0,2.83,2.04
00-0038794,Jaleel McLaughlin,RB,DEN,15,0.88,0.0,2.15,1.33
00-0038794,Jaleel McLaughlin,RB,DEN,16,2.4,3.0,2.24,1.91
00-0038794,Jaleel McLaughlin,RB,DEN,17,3.77,4.0,2.77,2.64
00-0038794,Jaleel McLaughlin,RB,DEN,18,4.63,5.0,3.42,3.47
00-0038797,Emanuel Wilson,RB,GB,1,0.5,0.0,0.5,0.0
00-0038797,Emanuel Wilson,RB,GB,3,3.12,2.0,1.42,0.7
00-0038797,Emanuel Wilson,RB,GB,4,6.47,7.0,3.18,2.9
00-0038797,Emanuel Wilson,RB,GB,6,2.08,0.0,2.8,1.89
00-0038797,Emanuel Wilson,RB,GB,7,3.89,0.0,3.18,1.23
00-0038797,Emanuel Wilson,RB,GB,8,10.28,8.0,5.66,3.6
00-0038797,Emanuel Wilson,RB,GB,9,6.05,1.0,5.8,2.69
00-0038797,Emanuel Wilson,RB,GB,10,0.91,0.0,4.09,1.75
00-0038797,Emanuel Wilson,RB,GB,11,7.29,12.0,5.21,5.34
00-0038797,Emanuel Wilson,RB,GB,12,23.86,23.0,11.74,11.52
00-0038797,Emanuel Wilson,RB,GB,13,1.79,1.0,8.26,7.84
00-0038797,Emanuel Wilson,RB,GB,14,2.67,1.0,6.3,5.44
00-0038797,Emanuel Wilson,RB,GB,15,1.11,0.0,4.49,3.54
00-0038797,Emanuel Wilson,RB,GB,16,6.8,8.0,5.29,5.1
00-0038797,Emanuel Wilson,RB,GB,17,2.07,1.0,4.17,3.67
00-0038797,Emanuel Wilson,RB,GB,18,9.65,4.0,6.09,3.78
00-0038809,Ben Sims,TE,MIN,14,0.59,0.0,0.59,0.0
00-0038809,Ben Sims,TE,MIN,17,0.49,0.0,0.56,0.0
00-0038809,Ben Sims,TE,MIN,18,5.45,1.0,2.27,0.35
00-0038824,Ryan Miller,WR,TB,1,1.28,0.0,1.28,0.0
00-0038824,Ryan Miller,WR,TB,2,2.55,8.0,1.73,2.8
00-0038824,Ryan Miller,WR,TB,3,1.37,0.0,1.6,1.82
00-0038824,Ryan Miller,WR,TB,7,1.01,1.0,1.4,1.53
00-0038839,Mitchell Tinsley,WR,CIN,2,1.98,7.0,1.98,7.0
00-0038839,Mitchell Tinsley,WR,CIN,3,0.48,0.0,1.46,4.55
00-0038839,Mitchell Tinsley,WR,CIN,4,1.9,0.0,1.61,2.96
00-0038839,Mitchell Tinsley,WR,CIN,9,3.23,2.0,2.18,2.62
00-0038839,Mitchell Tinsley,WR,CIN,12,7.24,8.0,3.95,4.5
00-0038839,Mitchell Tinsley,WR,CIN,13,12.17,2.0,6.82,3.63
00-0038839,Mitchell Tinsley,WR,CIN,15,3.83,1.0,5.78,2.71
00-0038839,Mitchell Tinsley,WR,CIN,16,1.44,0.0,4.26,1.76
00-0038840,Brycen Tremayne,WR,CAR,2,4.07,4.0,4.07,4.0
00-0038840,Brycen Tremayne,WR,CAR,3,1.29,1.0,3.1,2.95
00-0038840,Brycen Tremayne,WR,CAR,4,3.19,3.0,3.13,2.97
00-0038840,Brycen Tremayne,WR,CAR,5,0.89,0.0,2.35,1.93
00-0038840,Brycen Tremayne,WR,CAR,9,0.76,0.0,1.79,1.25
00-0038840,Brycen Tremayne,WR,CAR,11,1.47,1.0,1.68,1.16
00-0038840,Brycen Tremayne,WR,CAR,17,1.16,0.0,1.5,0.76
00-0038840,Brycen Tremayne,WR,CAR,18,1.56,2.0,1.52,1.19
00-0038891,Shedrick Jackson,WR,LV,14,2.04,8.0,2.04,8.0
00-0038891,Shedrick Jackson,WR,LV,17,2.6,2.0,2.24,5.9
00-0038891,Shedrick Jackson,WR,LV,18,1.46,1.0,1.97,4.19
00-0038896,Jacob Saylors,RB,DET,4,0.84,1.0,0.84,1.0
00-0038911,Malik Cunningham,WR,DET,14,0.71,0.0,0.71,0.0
00-0038933,Dalton Kincaid,TE,BUF,1,5.41,10.0,5.41,10.0
00-0038933,Dalton Kincaid,TE,BUF,2,6.63,3.0,5.84,7.55
00-0038933,Dalton Kincaid,TE,BUF,3,7.51,12.0,6.42,9.11
00-0038933,Dalton Kincaid,TE,BUF,4,2.92,8.0,5.19,8.72
00-0038933,Dalton Kincaid,TE,BUF,5,7.29,10.0,5.93,9.17
00-0038933,Dalton Kincaid,TE,BUF,8,3.22,2.0,4.98,6.66
00-0038933,Dalton Kincaid,TE,BUF,9,6.88,16.0,5.64,9.93
00-0038933,Dalton Kincaid,TE,BUF,10,3.91,3.0,5.04,7.5
00-0038933,Dalton Kincaid,TE,BUF,14,6.15,10.0,5.43,8.38
00-0038933,Dalton Kincaid,TE,BUF,15,6.24,3.0,5.71,6.5
00-0038933,Dalton Kincaid,TE,BUF,16,1.93,0.0,4.39,4.22
00-0038933,Dalton Kincaid,TE,BUF,18,3.09,4.0,3.93,4.14
00-0038935,Brenton Strange,TE,JAX,1,4.2,5.0,4.2,5.0
00-0038935,Brenton Strange,TE,JAX,2,4.74,1.0,4.39,3.6
00-0038935,Brenton Strange,TE,JAX,3,5.72,6.0,4.86,4.44
00-0038935,Brenton Strange,TE,JAX,4,5.1,4.0,4.94,4.29
00-0038935,Brenton Strange,TE,JAX,5,0.57,2.0,3.41,3.49
00-0038935,Brenton Strange,TE,JAX,12,5.92,9.0,4.29,5.42
00-0038935,Brenton Strange,TE,JAX,13,5.87,10.0,4.84,7.02
00-0038935,Brenton Strange,TE,JAX,14,6.25,2.0,5.33,5.26
00-0038935,Brenton Strange,TE,JAX,15,3.13,2.0,4.56,4.12
00-0038935,Brenton Strange,TE,JAX,16,8.34,9.0,5.88,5.83
00-0038935,Brenton Strange,TE,JAX,17,3.84,5.0,5.17,5.54
00-0038935,Brenton Strange,TE,JAX,18,6.58,11.0,5.66,7.45
00-0038938,Jalin Hyatt,WR,NYG,5,4.19,0.0,4.19,0.0
00-0038938,Jalin Hyatt,WR,NYG,6,3.51,1.0,3.95,0.35
00-0038938,Jalin Hyatt,WR,NYG,7,1.47,0.0,3.08,0.23
00-0038938,Jalin Hyatt,WR,NYG,11,5.82,1.0,4.04,0.5
00-0038938,Jalin Hyatt,WR,NYG,15,1.11,0.0,3.01,0.32
00-0038951,Sean Tucker,RB,TB,1,0.47,0.0,0.47,0.0
00-0038951,Sean Tucker,RB,TB,5,3.42,-1.0,1.5,-0.35
00-0038951,Sean Tucker,RB,TB,6,3.53,8.0,2.21,2.57
00-0038951,Sean Tucker,RB,TB,7,1.24,0.0,1.87,1.67
00-0038951,Sean Tucker,RB,TB,8,15.0,10.0,6.47,4.59
00-0038951,Sean Tucker,RB,TB,10,4.97,4.0,5.94,4.38
00-0038951,Sean Tucker,RB,TB,11,12.98,31.0,8.41,13.7
00-0038951,Sean Tucker,RB,TB,12,6.47,4.0,7.73,10.3
00-0038951,Sean Tucker,RB,TB,13,0.8,0.0,5.3,6.7
00-0038951,Sean Tucker,RB,TB,14,7.22,8.0,5.98,7.15
00-0038951,Sean Tucker,RB,TB,15,8.57,6.0,6.88,6.75
00-0038951,Sean Tucker,RB,TB,16,9.42,6.0,7.77,6.49
00-0038951,Sean Tucker,RB,TB,17,4.89,0.0,6.76,4.22
00-0038951,Sean Tucker,RB,TB,18,2.11,-1.0,5.13,2.39
00-0038953,Dylan Drummond,WR,ATL,12,2.12,1.0,2.12,1.0
00-0038953,Dylan Drummond,WR,ATL,13,2.07,0.0,2.1,0.65
00-0038953,Dylan Drummond,WR,ATL,14,6.65,2.0,3.69,1.12
00-0038953,Dylan Drummond,WR,ATL,15,0.0,0.0,2.4,0.73
00-0038976,Marvin Mims Jr.,WR,DEN,1,4.04,-1.0,4.04,-1.0
00-0038976,Marvin Mims Jr.,WR,DEN,2,2.96,8.0,3.67,2.15
00-0038976,Marvin Mims Jr.,WR,DEN,3,5.32,0.0,4.24,1.4
00-0038976,Marvin Mims Jr.,WR,DEN,4,5.35,13.0,4.63,5.46
00-0038976,Marvin Mims Jr.,WR,DEN,5,5.21,1.0,4.83,3.9
00-0038976,Marvin Mims Jr.,WR,DEN,6,5.14,2.0,4.94,3.23
00-0038976,Marvin Mims Jr.,WR,DEN,7,7.55,9.0,5.86,5.25
00-0038976,Marvin Mims Jr.,WR,DEN,8,2.88,1.0,4.81,3.76
00-0038976,Marvin Mims Jr.,WR,DEN,11,0.59,0.0,3.34,2.45
00-0038976,Marvin Mims Jr.,WR,DEN,13,1.69,0.0,2.76,1.59
00-0038976,Marvin Mims Jr.,WR,DEN,14,1.78,6.0,2.42,3.13
00-0038976,Marvin Mims Jr.,WR,DEN,15,6.72,2.0,3.92,2.74
00-0038976,Marvin Mims Jr.,WR,DEN,16,2.77,2.0,3.52,2.48
00-0038976,Marvin Mims Jr.,WR,DEN,17,2.74,1.0,3.25,1.96
00-0038976,Marvin Mims Jr.,WR,DEN,18,1.33,1.0,2.58,1.62
00-0038979,Cedric Tillman,WR,CLE,1,9.53,11.0,9.53,11.0
00-0038979,Cedric Tillman,WR,CLE,2,6.84,8.0,8.59,9.95
00-0038979,Cedric Tillman,WR,CLE,3,2.31,2.0,6.39,7.17
00-0038979,Cedric Tillman,WR,CLE,4,2.39,0.0,4.99,4.66
00-0038979,Cedric Tillman,WR,CLE,10,4.07,1.0,4.67,3.38
00-0038979,Cedric Tillman,WR,CLE,11,3.46,5.0,4.24,3.95
00-0038979,Cedric Tillman,WR,CLE,12,4.23,0.0,4.24,2.56
00-0038979,Cedric Tillman,WR,CLE,13,0.42,0.0,2.9,1.67
00-0038979,Cedric Tillman,WR,CLE,14,2.82,2.0,2.87,1.78
00-0038979,Cedric Tillman,WR,CLE,16,0.59,0.0,2.08,1.16
00-0038979,Cedric Tillman,WR,CLE,17,0.99,4.0,1.7,2.15
00-0038979,Cedric Tillman,WR,CLE,18,2.26,2.0,1.89,2.1
00-0038994,Jordan Addison,WR,MIN,4,7.17,11.0,7.17,11.0
00-0038994,Jordan Addison,WR,MIN,5,5.91,10.0,6.73,10.65
00-0038994,Jordan Addison,WR,MIN,7,14.7,12.0,9.52,11.12
00-0038994,Jordan Addison,WR,MIN,8,5.42,8.0,8.08,10.03
00-0038994,Jordan Addison,WR,MIN,9,8.12,5.0,8.1,8.27
00-0038994,Jordan Addison,WR,MIN,10,12.16,3.0,9.52,6.43
00-0038994,Jordan Addison,WR,MIN,11,10.26,8.0,9.78,6.98
00-0038994,Jordan Addison,WR,MIN,12,0.55,0.0,6.55,4.53
00-0038994,Jordan Addison,WR,MIN,13,9.08,3.0,7.43,4.0
00-0038994,Jordan Addison,WR,MIN,14,10.68,6.0,8.57,4.7
00-0038994,Jordan Addison,WR,MIN,15,2.36,6.0,6.4,5.15
00-0038994,Jordan Addison,WR,MIN,16,3.83,2.0,5.5,4.05
00-0038994,Jordan Addison,WR,MIN,17,2.13,12.0,4.32,6.83
00-0038994,Jordan Addison,WR,MIN,18,5.61,0.0,4.77,4.44
00-0038996,Tucker Kraft,TE,GB,1,6.46,7.0,6.46,7.0
00-0038996,Tucker Kraft,TE,GB,2,8.63,18.0,7.22,10.85
00-0038996,Tucker Kraft,TE,GB,3,2.33,2.0,5.51,7.75
00-0038996,Tucker Kraft,TE,GB,4,3.98,5.0,4.97,6.79
00-0038996,Tucker Kraft,TE,GB,6,2.24,10.0,4.02,7.91
00-0038996,Tucker Kraft,TE,GB,7,8.82,11.0,5.7,8.99
00-0038996,Tucker Kraft,TE,GB,8,5.6,26.0,5.66,14.95
00-0038996,Tucker Kraft,TE,GB,9,1.89,2.0,4.34,10.41
00-0038997,Josh Downs,WR,IND,1,2.16,1.0,2.16,1.0
00-0038997,Josh Downs,WR,IND,2,7.51,5.0,4.03,2.4
00-0038997,Josh Downs,WR,IND,3,3.47,3.0,3.84,2.61
00-0038997,Josh Downs,WR,IND,4,3.09,2.0,3.58,2.4
00-0038997,Josh Downs,WR,IND,5,6.42,5.0,4.57,3.31
00-0038997,Josh Downs,WR,IND,6,6.84,10.0,5.37,5.65
00-0038997,Josh Downs,WR,IND,8,4.75,9.0,5.15,6.82
00-0038997,Josh Downs,WR,IND,9,9.17,9.0,6.56,7.58
00-0038997,Josh Downs,WR,IND,10,1.24,0.0,4.7,4.93
00-0038997,Josh Downs,WR,IND,12,4.95,1.0,4.78,3.55
00-0038997,Josh Downs,WR,IND,13,3.84,4.0,4.46,3.71
00-0038997,Josh Downs,WR,IND,14,2.87,2.0,3.9,3.11
00-0038997,Josh Downs,WR,IND,15,3.83,7.0,3.88,4.47
00-0038997,Josh Downs,WR,IND,16,8.05,6.0,5.34,5.01
00-0038997,Josh Downs,WR,IND,17,5.19,3.0,5.28,4.3
00-0038997,Josh Downs,WR,IND,18,3.62,5.0,4.7,4.55
00-0039021,Roschon Johnson,RB,CHI,6,0.43,0.0,0.43,0.0
00-0039021,Roschon Johnson,RB,CHI,7,0.55,1.0,0.47,0.35
00-0039032,Tyjae Spears,RB,TEN,5,1.75,1.0,1.75,1.0
00-0039032,Tyjae Spears,RB,TEN,6,5.12,4.0,2.93,2.05
00-0039032,Tyjae Spears,RB,TEN,7,4.82,3.0,3.59,2.38
00-0039032,Tyjae Spears,RB,TEN,8,8.25,13.0,5.22,6.1
00-0039032,Tyjae Spears,RB,TEN,9,5.54,5.0,5.33,5.71
00-0039032,Tyjae Spears,RB,TEN,11,4.26,3.0,4.96,4.76
00-0039032,Tyjae Spears,RB,TEN,12,5.58,2.0,5.18,3.8
00-0039032,Tyjae Spears,RB,TEN,13,4.31,1.0,4.87,2.82
00-0039032,Tyjae Spears,RB,TEN,14,6.58,3.0,5.47,2.88
00-0039032,Tyjae Spears,RB,TEN,15,3.74,3.0,4.87,2.92
00-0039032,Tyjae Spears,RB,TEN,16,12.22,16.0,7.44,7.5
00-0039032,Tyjae Spears,RB,TEN,17,3.75,-1.0,6.15,4.52
00-0039032,Tyjae Spears,RB,TEN,18,4.84,1.0,5.69,3.29
00-0039040,De'Von Achane,RB,MIA,1,5.88,13.0,5.88,13.0
00-0039040,De'Von Achane,RB,MIA,2,12.22,18.0,8.09,14.75
00-0039040,De'Von Achane,RB,MIA,3,12.46,8.0,9.62,12.39
00-0039040,De'Von Achane,RB,MIA,4,13.77,15.0,11.07,13.3
00-0039040,De'Von Achane,RB,MIA,5,12.01,10.0,11.4,12.15
00-0039040,De'Von Achane,RB,MIA,6,14.7,26.0,12.55,17.0
00-0039040,De'Von Achane,RB,MIA,7,8.68,9.0,11.2,14.2
00-0039040,De'Von Achane,RB,MIA,8,17.29,14.0,13.33,14.13
00-0039040,De'Von Achane,RB,MIA,9,17.25,9.0,14.7,12.33
00-0039040,De'Von Achane,RB,MIA,10,15.87,34.0,15.11,19.92
00-0039040,De'Von Achane,RB,MIA,11,20.07,16.0,16.85,18.55
00-0039040,De'Von Achane,RB,MIA,13,14.05,19.0,15.87,18.7
00-0039040,De'Von Achane,RB,MIA,14,4.76,16.0,11.98,17.76
00-0039040,De'Von Achane,RB,MIA,15,10.25,12.0,11.38,15.74
00-0039040,De'Von Achane,RB,MIA,16,9.23,14.0,10.62,15.13
00-0039040,De'Von Achane,RB,MIA,17,11.25,10.0,10.84,13.34
00-0039041,Elijah Higgins,TE,ARI,1,1.35,0.0,1.35,0.0
00-0039041,Elijah Higgins,TE,ARI,2,5.02,4.0,2.63,1.4
00-0039041,Elijah Higgins,TE,ARI,3,0.75,0.0,1.97,0.91
00-0039041,Elijah Higgins,TE,ARI,5,1.3,1.0,1.74,0.94
00-0039041,Elijah Higgins,TE,ARI,6,1.56,3.0,1.67,1.66
00-0039041,Elijah Higgins,TE,ARI,7,0.62,0.0,1.3,1.08
00-0039041,Elijah Higgins,TE,ARI,9,2.01,3.0,1.55,1.75
00-0039041,Elijah Higgins,TE,ARI,10,2.69,1.0,1.95,1.49
00-0039041,Elijah Higgins,TE,ARI,11,2.12,-1.0,2.01,0.62
00-0039041,Elijah Higgins,TE,ARI,13,1.1,1.0,1.69,0.75
00-0039041,Elijah Higgins,TE,ARI,14,0.56,0.0,1.29,0.49
00-0039041,Elijah Higgins,TE,ARI,15,1.55,0.0,1.38,0.32
00-0039041,Elijah Higgins,TE,ARI,16,6.42,9.0,3.14,3.36
00-0039041,Elijah Higgins,TE,ARI,17,1.06,0.0,2.41,2.18
00-0039041,Elijah Higgins,TE,ARI,18,2.35,2.0,2.39,2.12
00-0039050,Payne Durham,TE,TB,2,0.59,0.0,0.59,0.0
00-0039050,Payne Durham,TE,TB,10,0.47,0.0,0.55,0.0
00-0039050,Payne Durham,TE,TB,13,0.59,1.0,0.56,0.35
00-0039050,Payne Durham,TE,TB,18,3.32,0.0,1.53,0.23
00-0039062,Jonathan Mingo,WR,DAL,14,1.47,0.0,1.47,0.0
00-0039062,Jonathan Mingo,WR,DAL,15,1.4,2.0,1.45,0.7
00-0039062,Jonathan Mingo,WR,DAL,16,1.35,0.0,1.41,0.45
00-0039062,Jonathan Mingo,WR,DAL,17,1.13,0.0,1.31,0.3
00-0039062,Jonathan Mingo,WR,DAL,18,0.78,0.0,1.13,0.19
00-0039064,Zay Flowers,WR,BAL,1,11.46,20.0,11.46,20.0
00-0039064,Zay Flowers,WR,BAL,2,12.71,7.0,11.9,15.45
00-0039064,Zay Flowers,WR,BAL,3,2.08,1.0,8.46,10.39
00-0039064,Zay Flowers,WR,BAL,4,6.44,7.0,7.75,9.21
00-0039064,Zay Flowers,WR,BAL,5,4.13,7.0,6.48,8.43
00-0039064,Zay Flowers,WR,BAL,6,8.07,2.0,7.04,6.18
00-0039064,Zay Flowers,WR,BAL,8,10.86,6.0,8.38,6.12
00-0039064,Zay Flowers,WR,BAL,9,5.46,6.0,7.35,6.08
00-0039064,Zay Flowers,WR,BAL,10,4.59,7.0,6.39,6.4
00-0039064,Zay Flowers,WR,BAL,11,5.07,7.0,5.93,6.61
00-0039064,Zay Flowers,WR,BAL,12,7.39,6.0,6.44,6.4
00-0039064,Zay Flowers,WR,BAL,13,7.83,-2.0,6.92,3.46
00-0039064,Zay Flowers,WR,BAL,14,11.5,12.0,8.52,6.45
00-0039064,Zay Flowers,WR,BAL,15,8.82,12.0,8.63,8.39
00-0039064,Zay Flowers,WR,BAL,16,7.91,13.0,8.38,10.0
00-0039064,Zay Flowers,WR,BAL,17,5.99,9.0,7.54,9.65
00-0039064,Zay Flowers,WR,BAL,18,7.11,25.0,7.39,15.02
00-0039065,Sam LaPorta,TE,DET,1,7.06,7.0,7.06,7.0
00-0039065,Sam LaPorta,TE,DET,2,2.49,2.0,5.46,5.25
00-0039065,Sam LaPorta,TE,DET,3,4.36,3.0,5.07,4.46
00-0039065,Sam LaPorta,TE,DET,4,3.81,3.0,4.63,3.95
00-0039065,Sam LaPorta,TE,DET,5,6.2,15.0,5.18,7.82
00-0039065,Sam LaPorta,TE,DET,6,7.02,11.0,5.82,8.93
00-0039065,Sam LaPorta,TE,DET,7,2.33,1.0,4.6,6.16
00-0039065,Sam LaPorta,TE,DET,9,7.74,15.0,5.7,9.25
00-0039065,Sam LaPorta,TE,DET,10,4.05,5.0,5.12,7.76
00-0039066,Michael Mayer,TE,LV,1,3.81,3.0,3.81,3.0
00-0039066,Michael Mayer,TE,LV,2,1.15,0.0,2.88,1.95
00-0039066,Michael Mayer,TE,LV,3,0.34,0.0,1.99,1.27
00-0039066,Michael Mayer,TE,LV,6,6.81,11.0,3.68,4.67
00-0039066,Michael Mayer,TE,LV,7,1.14,1.0,2.79,3.39
00-0039066,Michael Mayer,TE,LV,9,6.28,2.0,4.01,2.9
00-0039066,Michael Mayer,TE,LV,10,4.03,2.0,4.02,2.59
00-0039066,Michael Mayer,TE,LV,11,2.6,1.0,3.52,2.03
00-0039066,Michael Mayer,TE,LV,12,0.59,1.0,2.49,1.67
00-0039066,Michael Mayer,TE,LV,16,2.48,1.0,2.49,1.44
00-0039066,Michael Mayer,TE,LV,17,6.39,8.0,3.86,3.73
00-0039066,Michael Mayer,TE,LV,18,4.01,4.0,3.91,3.83
00-0039067,Rashee Rice,WR,KC,7,14.57,16.0,14.57,16.0
00-0039067,Rashee Rice,WR,KC,8,9.29,16.0,12.72,16.0
00-0039067,Rashee Rice,WR,KC,9,10.09,14.0,11.8,15.3
00-0039067,Rashee Rice,WR,KC,11,7.37,3.0,10.25,11.0
00-0039067,Rashee Rice,WR,KC,12,14.55,16.0,11.75,12.75
00-0039067,Rashee Rice,WR,KC,13,20.34,21.0,14.76,15.64
00-0039067,Rashee Rice,WR,KC,14,4.7,3.0,11.24,11.21
00-0039067,Rashee Rice,WR,KC,15,6.88,5.0,9.71,9.04
00-0039074,Davis Allen,TE,LA,1,4.81,7.0,4.81,7.0
00-0039074,Davis Allen,TE,LA,2,2.26,6.0,3.92,6.65
00-0039074,Davis Allen,TE,LA,3,0.57,0.0,2.75,4.32
00-0039074,Davis Allen,TE,LA,4,0.69,0.0,2.03,2.81
00-0039074,Davis Allen,TE,LA,5,1.5,2.0,1.84,2.53
00-0039074,Davis Allen,TE,LA,6,1.35,0.0,1.67,1.64
00-0039074,Davis Allen,TE,LA,7,0.7,0.0,1.33,1.07
00-0039074,Davis Allen,TE,LA,9,6.71,3.0,3.21,1.74
00-0039074,Davis Allen,TE,LA,10,3.99,6.0,3.48,3.23
00-0039074,Davis Allen,TE,LA,12,3.36,2.0,3.44,2.8
00-0039074,Davis Allen,TE,LA,13,0.83,0.0,2.53,1.82
00-0039074,Davis Allen,TE,LA,14,1.5,2.0,2.17,1.88
00-0039074,Davis Allen,TE,LA,15,3.05,1.0,2.48,1.57
00-0039074,Davis Allen,TE,LA,16,5.73,3.0,3.61,2.07
00-0039074,Davis Allen,TE,LA,18,1.85,0.0,3.0,1.35
00-0039075,Puka Nacua,WR,LA,1,11.36,13.0,11.36,13.0
00-0039075,Puka Nacua,WR,LA,2,10.06,19.0,10.9,15.1
00-0039075,Puka Nacua,WR,LA,3,13.18,11.0,11.7,13.67
00-0039075,Puka Nacua,WR,LA,4,15.64,23.0,13.08,16.93
00-0039075,Puka Nacua,WR,LA,5,12.97,14.0,13.04,15.91
00-0039075,Puka Nacua,WR,LA,6,4.65,2.0,10.1,11.04
00-0039075,Puka Nacua,WR,LA,9,13.52,15.0,11.3,12.43
00-0039075,Puka Nacua,WR,LA,10,4.48,12.0,8.91,12.28
00-0039075,Puka Nacua,WR,LA,11,8.01,6.0,8.6,10.08
00-0039075,Puka Nacua,WR,LA,12,14.16,9.0,10.54,9.7
00-0039075,Puka Nacua,WR,LA,13,10.09,7.0,10.39,8.76
00-0039075,Puka Nacua,WR,LA,14,13.46,28.0,11.46,15.49
00-0039075,Puka Nacua,WR,LA,15,13.98,18.0,12.34,16.37
00-0039075,Puka Nacua,WR,LA,16,19.51,34.0,14.85,22.54
00-0039075,Puka Nacua,WR,LA,17,11.67,10.0,13.74,18.15
00-0039075,Puka Nacua,WR,LA,18,15.45,15.0,14.34,17.05
00-0039139,Jahmyr Gibbs,RB,DET,1,11.48,4.0,11.48,4.0
00-0039139,Jahmyr Gibbs,RB,DET,2,11.63,16.0,11.54,8.2
00-0039139,Jahmyr Gibbs,RB,DET,3,22.35,21.0,15.32,12.68
00-0039139,Jahmyr Gibbs,RB,DET,4,11.03,15.0,13.82,13.49
00-0039139,Jahmyr Gibbs,RB,DET,5,9.03,14.0,12.14,13.67
00-0039139,Jahmyr Gibbs,RB,DET,6,12.18,6.0,12.16,10.99
00-0039139,Jahmyr Gibbs,RB,DET,7,12.6,33.0,12.31,18.69
00-0039139,Jahmyr Gibbs,RB,DET,9,7.27,2.0,10.55,12.85
00-0039139,Jahmyr Gibbs,RB,DET,10,13.68,35.0,11.64,20.6
00-0039139,Jahmyr Gibbs,RB,DET,11,12.5,13.0,11.94,17.94
00-0039139,Jahmyr Gibbs,RB,DET,12,19.58,43.0,14.62,26.71
00-0039139,Jahmyr Gibbs,RB,DET,13,13.74,7.0,14.31,19.81
00-0039139,Jahmyr Gibbs,RB,DET,14,16.89,29.0,15.21,23.03
00-0039139,Jahmyr Gibbs,RB,DET,15,11.67,5.0,13.98,16.72
00-0039139,Jahmyr Gibbs,RB,DET,16,19.47,12.0,15.9,15.07
00-0039139,Jahmyr Gibbs,RB,DET,17,10.92,4.0,14.16,11.19
00-0039139,Jahmyr Gibbs,RB,DET,18,15.13,17.0,14.5,13.23
00-0039144,Luke Musgrave,TE,GB,1,0.53,0.0,0.53,0.0
00-0039144,Luke Musgrave,TE,GB,2,2.41,3.0,1.18,1.05
00-0039144,Luke Musgrave,TE,GB,4,0.89,0.0,1.08,0.68
00-0039144,Luke Musgrave,TE,GB,6,2.38,0.0,1.54,0.44
00-0039144,Luke Musgrave,TE,GB,8,0.7,0.0,1.24,0.29
00-0039144,Luke Musgrave,TE,GB,9,1.85,3.0,1.45,1.24
00-0039144,Luke Musgrave,TE,GB,10,2.09,2.0,1.68,1.5
00-0039144,Luke Musgrave,TE,GB,11,0.92,-1.0,1.41,0.63
00-0039144,Luke Musgrave,TE,GB,12,1.52,0.0,1.45,0.41
00-0039144,Luke Musgrave,TE,GB,13,1.65,2.0,1.52,0.97
00-0039144,Luke Musgrave,TE,GB,14,4.12,2.0,2.43,1.33
00-0039144,Luke Musgrave,TE,GB,15,5.08,5.0,3.36,2.61
00-0039144,Luke Musgrave,TE,GB,16,3.05,3.0,3.25,2.75
00-0039146,Jayden Reed,WR,GB,1,7.54,10.0,7.54,10.0
00-0039146,Jayden Reed,WR,GB,14,5.0,5.0,6.65,8.25
00-0039146,Jayden Reed,WR,GB,15,4.05,5.0,5.74,7.11
00-0039146,Jayden Reed,WR,GB,16,3.47,3.0,4.95,5.67
00-0039146,Jayden Reed,WR,GB,17,2.72,4.0,4.17,5.09
00-0039150,Bryce Young,QB,CAR,1,16.15,8.0,16.15,8.0
00-0039150,Bryce Young,QB,CAR,2,26.49,21.0,19.77,12.55
00-0039150,Bryce Young,QB,CAR,3,17.06,10.0,18.82,11.66
00-0039150,Bryce Young,QB,CAR,4,9.8,10.0,15.66,11.08
00-0039150,Bryce Young,QB,CAR,5,13.31,11.0,14.84,11.05
00-0039150,Bryce Young,QB,CAR,6,11.97,17.0,13.83,13.13
00-0039150,Bryce Young,QB,CAR,7,12.14,10.0,13.24,12.04
00-0039150,Bryce Young,QB,CAR,9,9.68,2.0,11.99,8.52
00-0039150,Bryce Young,QB,CAR,10,7.68,0.0,10.49,5.54
00-0039150,Bryce Young,QB,CAR,11,18.54,30.0,13.3,14.1
00-0039150,Bryce Young,QB,CAR,12,18.69,7.0,15.19,11.62
00-0039150,Bryce Young,QB,CAR,13,8.29,22.0,12.77,15.25
00-0039150,Bryce Young,QB,CAR,15,14.05,14.0,13.22,14.81
00-0039150,Bryce Young,QB,CAR,16,15.95,17.0,14.18,15.58
00-0039150,Bryce Young,QB,CAR,17,11.96,8.0,13.4,12.93
00-0039150,Bryce Young,QB,CAR,18,12.56,15.0,13.1,13.65
00-0039163,C.J. Stroud,QB,HOU,1,10.75,8.0,10.75,8.0
00-0039163,C.J. Stroud,QB,HOU,2,16.85,14.0,12.89,10.1
00-0039163,C.J. Stroud,QB,HOU,3,14.58,10.0,13.48,10.07
00-0039163,C.J. Stroud,QB,HOU,4,12.91,18.0,13.28,12.84
00-0039163,C.J. Stroud,QB,HOU,5,16.84,28.0,14.53,18.15
00-0039163,C.J. Stroud,QB,HOU,7,22.8,13.0,17.42,16.35
00-0039163,C.J. Stroud,QB,HOU,8,20.67,21.0,18.56,17.97
00-0039163,C.J. Stroud,QB,HOU,9,6.5,4.0,14.34,13.08
00-0039163,C.J. Stroud,QB,HOU,13,19.63,9.0,16.19,11.65
00-0039163,C.J. Stroud,QB,HOU,14,11.06,12.0,14.4,11.78
00-0039163,C.J. Stroud,QB,HOU,15,23.48,23.0,17.57,15.7
00-0039163,C.J. Stroud,QB,HOU,16,13.51,11.0,16.15,14.06
00-0039163,C.J. Stroud,QB,HOU,17,9.78,13.0,13.92,13.69
00-0039163,C.J. Stroud,QB,HOU,18,12.47,16.0,13.41,14.5
00-0039164,Anthony Richardson,QB,IND,3,0.0,-1.0,0.0,-1.0
00-0039164,Anthony Richardson,QB,IND,5,1.86,0.0,0.65,-0.65
00-0039165,Zach Charbonnet,RB,SEA,1,11.14,10.0,11.14,10.0
00-0039165,Zach Charbonnet,RB,SEA,2,7.29,1.0,9.79,6.85
00-0039165,Zach Charbonnet,RB,SEA,4,14.15,9.0,11.32,7.6
00-0039165,Zach Charbonnet,RB,SEA,5,6.72,10.0,9.71,8.44
00-0039165,Zach Charbonnet,RB,SEA,6,8.84,3.0,9.41,6.54
00-0039165,Zach Charbonnet,RB,SEA,7,15.65,16.0,11.59,9.85
00-0039165,Zach Charbonnet,RB,SEA,9,4.87,4.0,9.24,7.8
00-0039165,Zach Charbonnet,RB,SEA,10,11.37,14.0,9.99,9.97
00-0039165,Zach Charbonnet,RB,SEA,11,7.62,4.0,9.16,7.88
00-0039165,Zach Charbonnet,RB,SEA,12,6.43,9.0,8.2,8.27
00-0039165,Zach Charbonnet,RB,SEA,13,10.1,11.0,8.87,9.23
00-0039165,Zach Charbonnet,RB,SEA,14,7.88,6.0,8.52,8.1
00-0039165,Zach Charbonnet,RB,SEA,15,5.1,3.0,7.33,6.31
00-0039165,Zach Charbonnet,RB,SEA,16,8.67,13.0,7.8,8.65
00-0039165,Zach Charbonnet,RB,SEA,17,20.8,24.0,12.35,14.02
00-0039165,Zach Charbonnet,RB,SEA,18,13.67,15.0,12.81,14.37
00-0039266,Kendall Milton,RB,CIN,11,0.9,0.0,0.9,0.0
00-0039299,George Holani,RB,SEA,3,6.41,1.0,6.41,1.0
00-0039299,George Holani,RB,SEA,9,1.35,0.0,4.64,0.65
00-0039299,George Holani,RB,SEA,10,4.63,9.0,4.64,3.57
00-0039299,George Holani,RB,SEA,11,0.88,0.0,3.32,2.32
00-0039337,Malik Nabers,WR,NYG,1,15.6,7.0,15.6,7.0
00-0039337,Malik Nabers,WR,NYG,2,16.87,28.0,16.05,14.35
00-0039337,Malik Nabers,WR,NYG,3,8.83,1.0,13.52,9.68
00-0039337,Malik Nabers,WR,NYG,4,2.75,2.0,9.75,6.99
00-0039338,Brock Bowers,TE,LV,1,7.33,10.0,7.33,10.0
00-0039338,Brock Bowers,TE,LV,2,7.55,3.0,7.41,7.55
00-0039338,Brock Bowers,TE,LV,3,4.78,5.0,6.49,6.66
00-0039338,Brock Bowers,TE,LV,4,5.8,4.0,6.25,5.73
00-0039338,Brock Bowers,TE,LV,9,19.28,30.0,10.81,14.22
00-0039338,Brock Bowers,TE,LV,10,2.71,2.0,7.97,9.94
00-0039338,Brock Bowers,TE,LV,11,13.31,7.0,9.84,8.91
00-0039338,Brock Bowers,TE,LV,12,7.34,5.0,8.96,7.54
00-0039338,Brock Bowers,TE,LV,13,7.91,18.0,8.59,11.2
00-0039338,Brock Bowers,TE,LV,14,7.54,10.0,8.23,10.78
00-0039338,Brock Bowers,TE,LV,15,3.62,2.0,6.61,7.71
00-0039338,Brock Bowers,TE,LV,16,4.84,9.0,5.99,8.16
00-0039342,Xavier Legette,WR,CAR,1,8.2,1.0,8.2,1.0
00-0039342,Xavier Legette,WR,CAR,2,9.23,-1.0,8.56,0.3
00-0039342,Xavier Legette,WR,CAR,5,5.57,9.0,7.51,3.34
00-0039342,Xavier Legette,WR,CAR,6,1.08,1.0,5.26,2.52
00-0039342,Xavier Legette,WR,CAR,7,12.85,15.0,7.92,6.89
00-0039342,Xavier Legette,WR,CAR,8,2.54,1.0,6.03,4.83
00-0039342,Xavier Legette,WR,CAR,9,3.78,2.0,5.24,3.84
00-0039342,Xavier Legette,WR,CAR,10,1.45,0.0,3.91,2.5
00-0039342,Xavier Legette,WR,CAR,11,9.21,14.0,5.77,6.52
00-0039342,Xavier Legette,WR,CAR,12,4.47,2.0,5.31,4.94
00-0039342,Xavier Legette,WR,CAR,13,1.74,0.0,4.06,3.21
00-0039342,Xavier Legette,WR,CAR,15,2.42,3.0,3.49,3.14
00-0039342,Xavier Legette,WR,CAR,16,2.06,1.0,2.99,2.39
00-0039342,Xavier Legette,WR,CAR,17,0.55,0.0,2.13,1.55
00-0039342,Xavier Legette,WR,CAR,18,3.69,2.0,2.68,1.71
00-0039355,Luke McCaffrey,WR,WAS,2,1.22,3.0,1.22,3.0
00-0039355,Luke McCaffrey,WR,WAS,3,2.51,11.0,1.67,5.8
00-0039355,Luke McCaffrey,WR,WAS,4,5.51,8.0,3.02,6.57
00-0039355,Luke McCaffrey,WR,WAS,5,4.88,5.0,3.67,6.02
00-0039355,Luke McCaffrey,WR,WAS,6,1.38,9.0,2.87,7.06
00-0039355,Luke McCaffrey,WR,WAS,7,2.7,0.0,2.81,4.59
00-0039355,Luke McCaffrey,WR,WAS,8,2.31,2.0,2.63,3.68
00-0039356,Ja'Tavion Sanders,TE,CAR,1,3.45,2.0,3.45,2.0
00-0039356,Ja'Tavion Sanders,TE,CAR,2,9.31,5.0,5.5,3.05
00-0039356,Ja'Tavion Sanders,TE,CAR,3,1.61,1.0,4.14,2.33
00-0039356,Ja'Tavion Sanders,TE,CAR,7,3.36,0.0,3.86,1.52
00-0039356,Ja'Tavion Sanders,TE,CAR,8,1.88,1.0,3.17,1.34
00-0039356,Ja'Tavion Sanders,TE,CAR,9,0.73,0.0,2.32,0.87
00-0039356,Ja'Tavion Sanders,TE,CAR,10,3.08,3.0,2.58,1.61
00-0039356,Ja'Tavion Sanders,TE,CAR,11,2.64,2.0,2.6,1.75
00-0039356,Ja'Tavion Sanders,TE,CAR,12,0.71,0.0,1.94,1.14
00-0039356,Ja'Tavion Sanders,TE,CAR,15,1.33,0.0,1.73,0.74
00-0039356,Ja'Tavion Sanders,TE,CAR,16,3.56,6.0,2.37,2.58
00-0039359,Cade Stover,TE,HOU,1,2.26,2.0,2.26,2.0
00-0039359,Cade Stover,TE,HOU,12,1.38,0.0,1.95,1.3
00-0039359,Cade Stover,TE,HOU,13,4.51,1.0,2.85,1.2
00-0039359,Cade Stover,TE,HOU,15,3.21,2.0,2.97,1.48
00-0039359,Cade Stover,TE,HOU,16,1.82,0.0,2.57,0.96
00-0039359,Cade Stover,TE,HOU,18,1.21,0.0,2.09,0.62
00-0039361,Bucky Irving,RB,TB,1,10.92,9.0,10.92,9.0
00-0039361,Bucky Irving,RB,TB,2,11.33,12.0,11.07,10.05
00-0039361,Bucky Irving,RB,TB,3,16.07,9.0,12.82,9.68
00-0039361,Bucky Irving,RB,TB,4,10.36,20.0,11.96,13.29
00-0039361,Bucky Irving,RB,TB,13,10.18,14.0,11.33,13.54
00-0039361,Bucky Irving,RB,TB,14,9.53,13.0,10.7,13.35
00-0039361,Bucky Irving,RB,TB,15,10.83,7.0,10.75,11.13
00-0039361,Bucky Irving,RB,TB,16,9.2,7.0,10.21,9.68
00-0039361,Bucky Irving,RB,TB,17,8.2,2.0,9.5,6.99
00-0039361,Bucky Irving,RB,TB,18,14.98,9.0,11.42,7.7
00-0039364,Sione Vaki,RB,DET,10,0.56,0.0,0.56,0.0
00-0039373,Audric Estimé,RB,NO,14,1.52,1.0,1.52,1.0
00-0039373,Audric Estimé,RB,NO,15,3.05,4.0,2.06,2.05
00-0039373,Audric Estimé,RB,NO,16,5.44,2.0,3.24,2.03
00-0039373,Audric Estimé,RB,NO,17,6.9,15.0,4.52,6.57
00-0039373,Audric Estimé,RB,NO,18,20.55,10.0,10.13,7.77
00-0039376,Spencer Rattler,QB,NO,1,22.25,10.0,22.25,10.0
00-0039376,Spencer Rattler,QB,NO,2,17.58,21.0,20.61,13.85
00-0039376,Spencer Rattler,QB,NO,3,14.29,11.0,18.4,12.85
00-0039376,Spencer Rattler,QB,NO,4,17.82,13.0,18.2,12.9
00-0039376,Spencer Rattler,QB,NO,5,15.38,15.0,17.21,13.64
00-0039376,Spencer Rattler,QB,NO,6,11.09,11.0,15.07,12.71
00-0039376,Spencer Rattler,QB,NO,7,12.96,10.0,14.33,11.76
00-0039376,Spencer Rattler,QB,NO,8,7.56,2.0,11.96,8.35
00-0039376,Spencer Rattler,QB,NO,15,0.25,0.0,7.86,5.43
00-0039379,Jamari Thrash,WR,CLE,1,0.75,0.0,0.75,0.0
00-0039379,Jamari Thrash,WR,CLE,2,0.48,0.0,0.66,0.0
00-0039379,Jamari Thrash,WR,CLE,3,2.06,0.0,1.15,0.0
00-0039379,Jamari Thrash,WR,CLE,5,0.83,2.0,1.04,0.7
00-0039379,Jamari Thrash,WR,CLE,6,1.56,1.0,1.22,0.8
00-0039379,Jamari Thrash,WR,CLE,7,2.05,2.0,1.51,1.22
00-0039379,Jamari Thrash,WR,CLE,8,1.8,3.0,1.61,1.85
00-0039379,Jamari Thrash,WR,CLE,10,0.48,0.0,1.21,1.2
00-0039384,Tyrone Tracy Jr.,RB,NYG,1,7.19,3.0,7.19,3.0
00-0039384,Tyrone Tracy Jr.,RB,NYG,2,5.44,4.0,6.58,3.35
00-0039384,Tyrone Tracy Jr.,RB,NYG,3,5.24,2.0,6.11,2.88
00-0039384,Tyrone Tracy Jr.,RB,NYG,6,2.12,0.0,4.71,1.87
00-0039384,Tyrone Tracy Jr.,RB,NYG,7,4.29,10.0,4.56,4.72
00-0039384,Tyrone Tracy Jr.,RB,NYG,8,6.87,4.0,5.37,4.47
00-0039384,Tyrone Tracy Jr.,RB,NYG,9,5.11,2.0,5.28,3.6
00-0039384,Tyrone Tracy Jr.,RB,NYG,10,8.71,7.0,6.48,4.79
00-0039384,Tyrone Tracy Jr.,RB,NYG,11,10.75,13.0,7.98,7.66
00-0039384,Tyrone Tracy Jr.,RB,NYG,12,15.15,12.0,10.49,9.18
00-0039384,Tyrone Tracy Jr.,RB,NYG,13,5.36,2.0,8.69,6.67
00-0039384,Tyrone Tracy Jr.,RB,NYG,15,11.72,21.0,9.75,11.68
00-0039384,Tyrone Tracy Jr.,RB,NYG,16,9.86,7.0,9.79,10.04
00-0039384,Tyrone Tracy Jr.,RB,NYG,17,12.57,5.0,10.76,8.28
00-0039384,Tyrone Tracy Jr.,RB,NYG,18,20.44,19.0,14.15,12.03
00-0039391,Kimani Vidal,RB,LAC,5,5.16,1.0,5.16,1.0
00-0039391,Kimani Vidal,RB,LAC,6,15.66,19.0,8.84,7.3
00-0039391,Kimani Vidal,RB,LAC,7,8.83,3.0,8.83,5.79
00-0039391,Kimani Vidal,RB,LAC,8,19.65,18.0,12.62,10.07
00-0039391,Kimani Vidal,RB,LAC,9,9.5,3.0,11.53,7.59
00-0039391,Kimani Vidal,RB,LAC,10,16.86,16.0,13.39,10.54
00-0039391,Kimani Vidal,RB,LAC,11,3.19,0.0,9.82,6.85
00-0039391,Kimani Vidal,RB,LAC,13,21.1,19.0,13.77,11.1
00-0039391,Kimani Vidal,RB,LAC,14,10.26,10.0,12.54,10.72
00-0039391,Kimani Vidal,RB,LAC,15,6.03,4.0,10.26,8.37
00-0039391,Kimani Vidal,RB,LAC,16,2.19,1.0,7.44,5.79
00-0039391,Kimani Vidal,RB,LAC,18,1.93,0.0,5.51,3.76
00-0039394,Casey Washington,WR,ATL,1,6.44,3.0,6.44,3.0
00-0039394,Casey Washington,WR,ATL,4,4.9,1.0,5.9,2.3
00-0039394,Casey Washington,WR,ATL,6,2.92,0.0,4.86,1.5
00-0039394,Casey Washington,WR,ATL,7,2.38,1.0,3.99,1.32
00-0039394,Casey Washington,WR,ATL,8,0.97,2.0,2.93,1.56
00-0039398,Joe Milton III,QB,DAL,3,3.59,-1.0,3.59,-1.0
00-0039398,Joe Milton III,QB,DAL,8,1.56,6.0,2.88,1.45
00-0039398,Joe Milton III,QB,DAL,16,1.19,-2.0,2.29,0.24
00-0039398,Joe Milton III,QB,DAL,18,9.91,4.0,4.95,1.56
00-0039405,Jawhar Jordan,RB,HOU,15,11.93,11.0,11.93,11.0
00-0039405,Jawhar Jordan,RB,HOU,16,11.16,6.0,11.66,9.25
00-0039405,Jawhar Jordan,RB,HOU,17,4.02,3.0,8.99,7.06
00-0039405,Jawhar Jordan,RB,HOU,18,3.17,0.0,6.95,4.59
00-0039407,Dylan Laube,RB,LV,2,1.18,1.0,1.18,1.0
00-0039407,Dylan Laube,RB,LV,3,1.94,0.0,1.44,0.65
00-0039407,Dylan Laube,RB,LV,7,1.7,0.0,1.53,0.42
00-0039407,Dylan Laube,RB,LV,15,1.1,0.0,1.38,0.27
00-0039410,Ryan Flournoy,WR,DAL,3,2.47,2.0,2.47,2.0
00-0039410,Ryan Flournoy,WR,DAL,4,2.13,2.0,2.35,2.0
00-0039410,Ryan Flournoy,WR,DAL,5,9.33,12.0,4.79,5.5
00-0039410,Ryan Flournoy,WR,DAL,6,6.99,3.0,5.56,4.62
00-0039410,Ryan Flournoy,WR,DAL,8,1.42,0.0,4.11,3.01
00-0039410,Ryan Flournoy,WR,DAL,9,3.87,7.0,4.02,4.4
00-0039410,Ryan Flournoy,WR,DAL,11,3.72,6.0,3.92,4.96
00-0039410,Ryan Flournoy,WR,DAL,12,0.99,0.0,2.9,3.23
00-0039410,Ryan Flournoy,WR,DAL,13,2.88,3.0,2.89,3.15
00-0039410,Ryan Flournoy,WR,DAL,14,18.73,17.0,8.43,8.0
00-0039410,Ryan Flournoy,WR,DAL,15,3.93,4.0,6.86,6.6
00-0039410,Ryan Flournoy,WR,DAL,16,3.29,7.0,5.61,6.74
00-0039410,Ryan Flournoy,WR,DAL,18,5.67,6.0,5.63,6.48
00-0039424,Devaughn Vele,WR,NO,1,4.11,1.0,4.11,1.0
00-0039424,Devaughn Vele,WR,NO,2,2.83,6.0,3.66,2.75
00-0039424,Devaughn Vele,WR,NO,5,1.13,1.0,2.77,2.14
00-0039424,Devaughn Vele,WR,NO,8,4.47,1.0,3.37,1.74
00-0039424,Devaughn Vele,WR,NO,10,3.29,1.0,3.34,1.48
00-0039424,Devaughn Vele,WR,NO,12,8.83,3.0,5.26,2.01
00-0039424,Devaughn Vele,WR,NO,13,7.73,15.0,6.13,6.56
00-0039424,Devaughn Vele,WR,NO,14,4.22,4.0,5.46,5.66
00-0039424,Devaughn Vele,WR,NO,15,6.18,6.0,5.71,5.78
00-0039451,Isaiah Williams,WR,NYJ,8,3.14,5.0,3.14,5.0
00-0039451,Isaiah Williams,WR,NYJ,10,0.41,6.0,2.19,5.35
00-0039451,Isaiah Williams,WR,NYJ,11,3.71,0.0,2.72,3.48
00-0039451,Isaiah Williams,WR,NYJ,13,0.72,0.0,2.02,2.26
00-0039451,Isaiah Williams,WR,NYJ,14,2.01,8.0,2.01,4.27
00-0039451,Isaiah Williams,WR,NYJ,15,4.23,5.0,2.79,4.53
00-0039451,Isaiah Williams,WR,NYJ,16,1.96,2.0,2.5,3.64
00-0039451,Isaiah Williams,WR,NYJ,17,3.68,3.0,2.91,3.42
00-0039451,Isaiah Williams,WR,NYJ,18,3.42,2.0,3.09,2.92
00-0039458,Brenden Bates,TE,HOU,5,2.19,2.0,2.19,2.0
00-0039458,Brenden Bates,TE,CLE,16,1.91,0.0,2.09,1.3
00-0039458,Brenden Bates,TE,CLE,17,0.92,1.0,1.68,1.2
00-0039458,Brenden Bates,TE,CLE,18,0.71,0.0,1.34,0.78
00-0039491,Jalen Coker,WR,CAR,7,2.3,0.0,2.3,0.0
00-0039491,Jalen Coker,WR,CAR,8,2.4,3.0,2.34,1.05
00-0039491,Jalen Coker,WR,CAR,9,0.9,0.0,1.84,0.68
00-0039491,Jalen Coker,WR,CAR,10,2.33,2.0,2.01,1.14
00-0039491,Jalen Coker,WR,CAR,11,3.79,7.0,2.63,3.19
00-0039491,Jalen Coker,WR,CAR,12,4.27,3.0,3.21,3.13
00-0039491,Jalen Coker,WR,CAR,13,7.14,13.0,4.58,6.58
00-0039491,Jalen Coker,WR,CAR,15,5.05,10.0,4.75,7.78
00-0039491,Jalen Coker,WR,CAR,16,6.53,4.0,5.37,6.46
00-0039491,Jalen Coker,WR,CAR,17,1.11,1.0,3.88,4.55
00-0039491,Jalen Coker,WR,CAR,18,7.31,10.0,5.08,6.46
00-0039521,Xavier Weaver,WR,ARI,4,1.98,0.0,1.98,0.0
00-0039521,Xavier Weaver,WR,ARI,11,2.82,1.0,2.28,0.35
00-0039521,Xavier Weaver,WR,ARI,12,6.77,0.0,3.85,0.23
00-0039521,Xavier Weaver,WR,ARI,13,0.85,0.0,2.8,0.15
00-0039521,Xavier Weaver,WR,ARI,16,1.54,1.0,2.36,0.45
00-0039521,Xavier Weaver,WR,ARI,17,2.89,2.0,2.54,0.99
00-0039530,Brevyn Spann-Ford,TE,DAL,1,1.48,0.0,1.48,0.0
00-0039530,Brevyn Spann-Ford,TE,DAL,2,0.54,0.0,1.15,0.0
00-0039530,Brevyn Spann-Ford,TE,DAL,6,0.63,0.0,0.97,0.0
00-0039530,Brevyn Spann-Ford,TE,DAL,8,0.72,0.0,0.88,0.0
00-0039530,Brevyn Spann-Ford,TE,DAL,11,1.91,0.0,1.24,0.0
00-0039530,Brevyn Spann-Ford,TE,DAL,12,2.24,6.0,1.59,2.1
00-0039530,Brevyn Spann-Ford,TE,DAL,14,1.17,0.0,1.44,1.36
00-0039530,Brevyn Spann-Ford,TE,DAL,15,0.95,0.0,1.27,0.89
00-0039530,Brevyn Spann-Ford,TE,DAL,17,2.1,3.0,1.56,1.63
00-0039530,Brevyn Spann-Ford,TE,DAL,18,3.67,3.0,2.3,2.11
00-0039577,Kedon Slovis,QB,ARI,10,0.22,0.0,0.22,0.0
00-0039577,Kedon Slovis,QB,ARI,12,0.25,-1.0,0.23,-0.35
00-0039589,Kameron Johnson,WR,TB,5,0.78,0.0,0.78,0.0
00-0039589,Kameron Johnson,WR,TB,6,4.49,12.0,2.08,4.2
00-0039589,Kameron Johnson,WR,TB,7,0.96,0.0,1.69,2.73
00-0039589,Kameron Johnson,WR,TB,10,1.89,1.0,1.76,2.12
00-0039589,Kameron Johnson,WR,TB,14,1.34,0.0,1.61,1.38
00-0039603,British Brooks,RB,HOU,5,0.69,1.0,0.69,1.0
00-0039603,British Brooks,RB,HOU,9,8.14,0.0,3.3,0.65
00-0039603,British Brooks,RB,HOU,18,6.77,6.0,4.51,2.52
00-0039623,Mason Tipton,WR,NO,7,1.11,0.0,1.11,0.0
00-0039623,Mason Tipton,WR,NO,8,2.01,0.0,1.43,0.0
00-0039623,Mason Tipton,WR,NO,12,3.96,3.0,2.31,1.05
00-0039623,Mason Tipton,WR,NO,13,3.21,1.0,2.63,1.03
00-0039623,Mason Tipton,WR,NO,15,2.45,-1.0,2.57,0.32
00-0039623,Mason Tipton,WR,NO,16,4.81,3.0,3.35,1.26
00-0039631,Cam Grandy,TE,CIN,3,0.54,0.0,0.54,0.0
00-0039631,Cam Grandy,TE,CIN,16,0.9,0.0,0.66,0.0
00-0039648,David Martin-Robinson,TE,TEN,6,3.48,6.0,3.48,6.0
00-0039648,David Martin-Robinson,TE,TEN,14,0.35,0.0,2.38,3.9
00-0039648,David Martin-Robinson,TE,TEN,17,0.87,0.0,1.85,2.54
00-0039648,David Martin-Robinson,TE,TEN,18,2.27,1.0,2.0,2.0
00-0039650,Bryce Oliver,WR,TEN,1,0.7,0.0,0.7,0.0
00-0039686,Colson Yankoff,TE,WAS,11,0.74,0.0,0.74,0.0
00-0039686,Colson Yankoff,TE,WAS,13,0.86,1.0,0.78,0.35
00-0039686,Colson Yankoff,TE,WAS,14,0.63,0.0,0.73,0.23
00-0039732,Bo Nix,QB,DEN,1,17.01,6.0,17.01,6.0
00-0039732,Bo Nix,QB,DEN,2,17.76,20.0,17.27,10.9
00-0039732,Bo Nix,QB,DEN,3,17.25,13.0,17.26,11.64
00-0039732,Bo Nix,QB,DEN,4,23.61,25.0,19.48,16.31
00-0039732,Bo Nix,QB,DEN,5,13.98,17.0,17.56,16.55
00-0039732,Bo Nix,QB,DEN,6,14.1,12.0,16.35,14.96
00-0039732,Bo Nix,QB,DEN,7,30.13,39.0,21.17,23.37
00-0039732,Bo Nix,QB,DEN,8,24.39,22.0,22.3,22.89
00-0039732,Bo Nix,QB,DEN,9,15.7,17.0,19.99,20.83
00-0039732,Bo Nix,QB,DEN,10,13.09,5.0,17.57,15.29
00-0039732,Bo Nix,QB,DEN,11,14.44,11.0,16.48,13.79
00-0039732,Bo Nix,QB,DEN,13,17.31,15.0,16.77,14.21
00-0039732,Bo Nix,QB,DEN,14,21.18,15.0,18.31,14.49
00-0039732,Bo Nix,QB,DEN,15,17.76,29.0,18.12,19.57
00-0039732,Bo Nix,QB,DEN,16,22.66,15.0,19.71,17.97
00-0039732,Bo Nix,QB,DEN,17,20.92,19.0,20.13,18.33
00-0039732,Bo Nix,QB,DEN,18,13.73,9.0,17.89,15.06
00-0039737,Tip Reiman,TE,ARI,1,0.75,1.0,0.75,1.0
00-0039737,Tip Reiman,TE,ARI,3,2.11,0.0,1.22,0.65
00-0039737,Tip Reiman,TE,ARI,5,0.97,0.0,1.13,0.42
00-0039738,Blake Corum,RB,LA,1,1.25,1.0,1.25,1.0
00-0039738,Blake Corum,RB,LA,2,5.32,10.0,2.67,4.15
00-0039738,Blake Corum,RB,LA,3,3.69,5.0,3.03,4.45
00-0039738,Blake Corum,RB,LA,4,6.99,1.0,4.42,3.24
00-0039738,Blake Corum,RB,LA,5,2.42,1.0,3.72,2.46
00-0039738,Blake Corum,RB,LA,6,2.78,2.0,3.39,2.3
00-0039738,Blake Corum,RB,LA,7,8.1,3.0,5.04,2.54
00-0039738,Blake Corum,RB,LA,9,7.77,5.0,5.99,3.4
00-0039738,Blake Corum,RB,LA,10,10.08,5.0,7.42,3.96
00-0039738,Blake Corum,RB,LA,11,12.28,0.0,9.12,2.58
00-0039738,Blake Corum,RB,LA,12,3.66,2.0,7.21,2.37
00-0039738,Blake Corum,RB,LA,13,6.33,14.0,6.9,6.44
00-0039738,Blake Corum,RB,LA,14,9.52,24.0,7.82,12.59
00-0039738,Blake Corum,RB,LA,15,7.06,13.0,7.55,12.73
00-0039738,Blake Corum,RB,LA,16,12.77,11.0,9.38,12.13
00-0039738,Blake Corum,RB,LA,17,2.98,1.0,7.14,8.23
00-0039738,Blake Corum,RB,LA,18,8.21,6.0,7.51,7.45
00-0039739,Roman Wilson,WR,PIT,2,1.69,0.0,1.69,0.0
00-0039739,Roman Wilson,WR,PIT,6,0.62,1.0,1.31,0.35
00-0039739,Roman Wilson,WR,PIT,7,1.12,1.0,1.24,0.58
00-0039739,Roman Wilson,WR,PIT,8,5.77,13.0,2.83,4.93
00-0039739,Roman Wilson,WR,PIT,9,1.52,-2.0,2.37,2.5
00-0039739,Roman Wilson,WR,PIT,10,2.37,9.0,2.37,4.78
00-0039739,Roman Wilson,WR,PIT,11,2.55,1.0,2.43,3.45
00-0039739,Roman Wilson,WR,PIT,12,4.68,0.0,3.22,2.25
00-0039739,Roman Wilson,WR,PIT,13,1.03,0.0,2.45,1.46
00-0039746,Will Shipley,RB,PHI,1,1.45,2.0,1.45,2.0
00-0039746,Will Shipley,RB,PHI,4,0.7,0.0,1.18,1.3
00-0039746,Will Shipley,RB,PHI,5,1.64,0.0,1.34,0.85
00-0039746,Will Shipley,RB,PHI,7,0.63,0.0,1.09,0.55
00-0039746,Will Shipley,RB,PHI,8,1.73,0.0,1.31,0.36
00-0039746,Will Shipley,RB,PHI,10,3.94,2.0,2.23,0.93
00-0039746,Will Shipley,RB,PHI,13,0.87,1.0,1.75,0.96
00-0039746,Will Shipley,RB,PHI,14,0.57,0.0,1.34,0.62
00-0039746,Will Shipley,RB,PHI,16,0.57,-2.0,1.07,-0.3
00-0039746,Will Shipley,RB,PHI,17,1.25,0.0,1.13,-0.19
00-0039746,Will Shipley,RB,PHI,18,2.47,1.0,1.6,0.22
00-0039751,Jordan Whittington,WR,LA,1,1.47,0.0,1.47,0.0
00-0039751,Jordan Whittington,WR,LA,2,2.36,4.0,1.78,1.4
00-0039751,Jordan Whittington,WR,LA,3,3.53,0.0,2.39,0.91
00-0039751,Jordan Whittington,WR,LA,4,0.72,0.0,1.81,0.59
00-0039751,Jordan Whittington,WR,LA,5,2.69,3.0,2.12,1.43
00-0039751,Jordan Whittington,WR,LA,6,2.9,2.0,2.39,1.63
00-0039751,Jordan Whittington,WR,LA,7,3.76,0.0,2.87,1.06
00-0039751,Jordan Whittington,WR,LA,11,0.83,0.0,2.15,0.69
00-0039751,Jordan Whittington,WR,LA,12,2.14,1.0,2.15,0.8
00-0039751,Jordan Whittington,WR,LA,13,1.54,0.0,1.93,0.52
00-0039751,Jordan Whittington,WR,LA,14,0.64,0.0,1.48,0.34
00-0039751,Jordan Whittington,WR,LA,15,0.41,0.0,1.11,0.22
00-0039751,Jordan Whittington,WR,LA,16,0.8,1.0,1.0,0.49
00-0039754,Devin Culp,TE,TB,15,3.36,6.0,3.36,6.0
00-0039757,Terrell Jennings,RB,NE,7,1.81,1.0,1.81,1.0
00-0039757,Terrell Jennings,RB,NE,8,0.67,1.0,1.41,1.0
00-0039757,Terrell Jennings,RB,NE,9,7.54,9.0,3.56,3.8
00-0039757,Terrell Jennings,RB,NE,10,1.59,0.0,2.87,2.47
00-0039757,Terrell Jennings,RB,NE,12,3.05,0.0,2.93,1.61
00-0039792,Devontez Walker,WR,BAL,2,6.18,14.0,6.18,14.0
00-0039792,Devontez Walker,WR,BAL,3,2.08,3.0,4.75,10.15
00-0039792,Devontez Walker,WR,BAL,12,1.38,3.0,3.57,7.65
00-0039792,Devontez Walker,WR,BAL,13,3.44,0.0,3.52,4.97
00-0039792,Devontez Walker,WR,BAL,18,1.87,10.0,2.94,6.73
00-0039793,AJ Barner,TE,SEA,1,1.54,0.0,1.54,0.0
00-0039793,AJ Barner,TE,SEA,2,4.79,8.0,2.67,2.8
00-0039793,AJ Barner,TE,SEA,3,1.75,2.0,2.35,2.52
00-0039793,AJ Barner,TE,SEA,4,5.17,9.0,3.34,4.79
00-0039793,AJ Barner,TE,SEA,5,8.77,17.0,5.24,9.06
00-0039793,AJ Barner,TE,SEA,6,3.38,7.0,4.59,8.34
00-0039793,AJ Barner,TE,SEA,7,2.67,0.0,3.92,5.42
00-0039793,AJ Barner,TE,SEA,9,9.21,8.0,5.77,6.32
00-0039793,AJ Barner,TE,SEA,10,0.59,0.0,3.96,4.11
00-0039793,AJ Barner,TE,SEA,11,8.91,7.0,5.69,5.12
00-0039793,AJ Barner,TE,SEA,12,5.92,1.0,5.77,3.68
00-0039793,AJ Barner,TE,SEA,13,3.93,3.0,5.13,3.44
00-0039793,AJ Barner,TE,SEA,14,6.68,2.0,5.67,2.94
00-0039793,AJ Barner,TE,SEA,15,3.15,2.0,4.79,2.61
00-0039793,AJ Barner,TE,SEA,16,5.84,10.0,5.16,5.2
00-0039793,AJ Barner,TE,SEA,17,1.95,10.0,4.03,6.88
00-0039793,AJ Barner,TE,SEA,18,1.97,1.0,3.31,4.82
00-0039794,Braelon Allen,RB,NYJ,1,3.56,6.0,3.56,6.0
00-0039794,Braelon Allen,RB,NYJ,2,4.52,1.0,3.9,4.25
00-0039794,Braelon Allen,RB,NYJ,3,4.71,4.0,4.18,4.16
00-0039794,Braelon Allen,RB,NYJ,4,2.19,0.0,3.48,2.71
00-0039796,Rasheen Ali,RB,BAL,1,0.64,0.0,0.64,0.0
00-0039796,Rasheen Ali,RB,BAL,11,0.54,1.0,0.61,0.35
00-0039796,Rasheen Ali,RB,BAL,13,2.46,1.0,1.26,0.58
00-0039796,Rasheen Ali,RB,BAL,14,2.99,1.0,1.86,0.73
00-0039796,Rasheen Ali,RB,BAL,15,1.33,9.0,1.68,3.62
00-0039796,Rasheen Ali,RB,BAL,16,1.13,0.0,1.49,2.35
00-0039796,Rasheen Ali,RB,BAL,17,1.69,0.0,1.56,1.53
00-0039796,Rasheen Ali,RB,BAL,18,0.52,0.0,1.2,0.99
00-0039798,Isaiah Davis,RB,NYJ,1,1.53,1.0,1.53,1.0
00-0039798,Isaiah Davis,RB,NYJ,2,2.12,0.0,1.74,0.65
00-0039798,Isaiah Davis,RB,NYJ,4,3.75,1.0,2.44,0.77
00-0039798,Isaiah Davis,RB,NYJ,5,3.41,2.0,2.78,1.2
00-0039798,Isaiah Davis,RB,NYJ,6,1.56,-1.0,2.35,0.43
00-0039798,Isaiah Davis,RB,NYJ,7,2.95,3.0,2.56,1.33
00-0039798,Isaiah Davis,RB,NYJ,8,7.2,12.0,4.19,5.06
00-0039798,Isaiah Davis,RB,NYJ,10,1.81,1.0,3.35,3.64
00-0039798,Isaiah Davis,RB,NYJ,11,2.0,1.0,2.88,2.72
00-0039798,Isaiah Davis,RB,NYJ,12,2.09,0.0,2.6,1.77
00-0039798,Isaiah Davis,RB,NYJ,13,0.48,0.0,1.86,1.15
00-0039798,Isaiah Davis,RB,NYJ,14,0.49,2.0,1.38,1.45
00-0039798,Isaiah Davis,RB,NYJ,15,5.1,11.0,2.68,4.79
00-0039798,Isaiah Davis,RB,NYJ,16,3.59,5.0,3.0,4.86
00-0039798,Isaiah Davis,RB,NYJ,17,2.42,1.0,2.8,3.51
00-0039816,Anthony Gould,WR,IND,7,0.56,0.0,0.56,0.0
00-0039816,Anthony Gould,WR,IND,14,0.47,0.0,0.53,0.0
00-0039824,Jared Wiley,TE,KC,13,0.65,0.0,0.65,0.0
00-0039847,Theo Johnson,TE,NYG,1,1.74,0.0,1.74,0.0
00-0039847,Theo Johnson,TE,NYG,2,5.08,3.0,2.91,1.05
00-0039847,Theo Johnson,TE,NYG,3,2.3,1.0,2.7,1.03
00-0039847,Theo Johnson,TE,NYG,4,6.78,7.0,4.13,3.12
00-0039847,Theo Johnson,TE,NYG,5,11.44,15.0,6.69,7.28
00-0039847,Theo Johnson,TE,NYG,6,3.35,2.0,5.52,5.43
00-0039847,Theo Johnson,TE,NYG,7,4.77,12.0,5.26,7.73
00-0039847,Theo Johnson,TE,NYG,8,3.63,2.0,4.69,5.72
00-0039847,Theo Johnson,TE,NYG,9,5.59,8.0,5.0,6.52
00-0039847,Theo Johnson,TE,NYG,10,8.5,7.0,6.23,6.69
00-0039847,Theo Johnson,TE,NYG,11,2.83,3.0,5.04,5.4
00-0039847,Theo Johnson,TE,NYG,12,11.35,7.0,7.25,5.96
00-0039847,Theo Johnson,TE,NYG,13,7.51,2.0,7.34,4.57
00-0039847,Theo Johnson,TE,NYG,15,3.4,7.0,5.96,5.42
00-0039847,Theo Johnson,TE,NYG,16,1.69,0.0,4.46,3.52
00-0039849,Marvin Harrison Jr.,WR,ARI,1,9.37,13.0,9.37,13.0
00-0039849,Marvin Harrison Jr.,WR,ARI,2,6.81,2.0,8.47,9.15
00-0039849,Marvin Harrison Jr.,WR,ARI,3,6.17,4.0,7.66,7.35
00-0039849,Marvin Harrison Jr.,WR,ARI,4,9.81,12.0,8.41,8.98
00-0039849,Marvin Harrison Jr.,WR,ARI,5,8.87,9.0,8.58,8.98
00-0039849,Marvin Harrison Jr.,WR,ARI,6,1.75,3.0,6.19,6.89
00-0039849,Marvin Harrison Jr.,WR,ARI,7,7.12,5.0,6.51,6.23
00-0039849,Marvin Harrison Jr.,WR,ARI,9,13.25,15.0,8.87,9.3
00-0039849,Marvin Harrison Jr.,WR,ARI,10,16.96,11.0,11.7,9.89
00-0039849,Marvin Harrison Jr.,WR,ARI,13,7.32,6.0,10.17,8.53
00-0039849,Marvin Harrison Jr.,WR,ARI,16,6.67,1.0,8.95,5.9
00-0039849,Marvin Harrison Jr.,WR,ARI,17,0.91,0.0,6.13,3.83
00-0039851,Drake Maye,QB,NE,1,20.83,14.0,20.83,14.0
00-0039851,Drake Maye,QB,NE,2,18.15,26.0,19.89,18.2
00-0039851,Drake Maye,QB,NE,3,20.6,18.0,20.14,18.13
00-0039851,Drake Maye,QB,NE,4,17.05,23.0,19.06,19.83
00-0039851,Drake Maye,QB,NE,5,17.85,11.0,18.64,16.74
00-0039851,Drake Maye,QB,NE,6,15.25,26.0,17.45,19.98
00-0039851,Drake Maye,QB,NE,7,17.32,22.0,17.4,20.69
00-0039851,Drake Maye,QB,NE,8,17.31,26.0,17.37,22.55
00-0039851,Drake Maye,QB,NE,9,19.07,16.0,17.97,20.26
00-0039851,Drake Maye,QB,NE,10,25.04,17.0,20.44,19.12
00-0039851,Drake Maye,QB,NE,11,17.69,15.0,19.48,17.68
00-0039851,Drake Maye,QB,NE,12,28.44,15.0,22.61,16.74
00-0039851,Drake Maye,QB,NE,13,23.44,20.0,22.9,17.88
00-0039851,Drake Maye,QB,NE,15,14.95,20.0,20.12,18.62
00-0039851,Drake Maye,QB,NE,16,23.47,23.0,21.29,20.15
00-0039851,Drake Maye,QB,NE,17,17.93,32.0,20.12,24.3
00-0039851,Drake Maye,QB,NE,18,13.8,15.0,17.91,21.05
00-0039855,Jalen McMillan,WR,TB,15,4.21,3.0,4.21,3.0
00-0039855,Jalen McMillan,WR,TB,16,2.9,1.0,3.76,2.3
00-0039855,Jalen McMillan,WR,TB,17,9.03,11.0,5.6,5.34
00-0039855,Jalen McMillan,WR,TB,18,0.63,1.0,3.86,3.82
00-0039868,Troy Franklin,WR,DEN,1,5.5,4.0,5.5,4.0
00-0039868,Troy Franklin,WR,DEN,2,10.58,15.0,7.28,7.85
00-0039868,Troy Franklin,WR,DEN,3,4.0,0.0,6.13,5.1
00-0039868,Troy Franklin,WR,DEN,4,12.58,5.0,8.39,5.07
00-0039868,Troy Franklin,WR,DEN,5,4.4,5.0,6.99,5.04
00-0039868,Troy Franklin,WR,DEN,6,3.61,-1.0,5.81,2.93
00-0039868,Troy Franklin,WR,DEN,7,14.54,9.0,8.86,5.05
00-0039868,Troy Franklin,WR,DEN,8,14.13,20.0,10.71,10.28
00-0039868,Troy Franklin,WR,DEN,9,12.98,3.0,11.5,7.74
00-0039868,Troy Franklin,WR,DEN,10,12.09,10.0,11.71,8.53
00-0039868,Troy Franklin,WR,DEN,11,9.98,8.0,11.1,8.34
00-0039868,Troy Franklin,WR,DEN,13,2.76,2.0,8.18,6.12
00-0039868,Troy Franklin,WR,DEN,14,3.06,1.0,6.39,4.33
00-0039868,Troy Franklin,WR,DEN,15,7.2,14.0,6.67,7.71
00-0039868,Troy Franklin,WR,DEN,16,4.89,6.0,6.05,7.11
00-0039868,Troy Franklin,WR,DEN,17,2.22,1.0,4.71,4.97
00-0039868,Troy Franklin,WR,DEN,18,2.76,0.0,4.03,3.23
00-0039874,Jaylen Wright,RB,MIA,8,5.01,2.0,5.01,2.0
00-0039874,Jaylen Wright,RB,MIA,10,2.57,1.0,4.15,1.65
00-0039874,Jaylen Wright,RB,MIA,11,0.48,0.0,2.87,1.07
00-0039874,Jaylen Wright,RB,MIA,13,1.66,1.0,2.45,1.05
00-0039874,Jaylen Wright,RB,MIA,14,16.71,16.0,7.44,6.28
00-0039874,Jaylen Wright,RB,MIA,15,0.95,0.0,5.17,4.08
00-0039874,Jaylen Wright,RB,MIA,16,8.5,10.0,6.34,6.15
00-0039874,Jaylen Wright,RB,MIA,17,2.49,5.0,4.99,5.75
00-0039874,Jaylen Wright,RB,MIA,18,11.89,1.0,7.4,4.09
00-0039875,Ray Davis,RB,BUF,1,1.34,-1.0,1.34,-1.0
00-0039875,Ray Davis,RB,BUF,2,4.64,2.0,2.5,0.05
00-0039875,Ray Davis,RB,BUF,3,1.06,0.0,2.0,0.03
00-0039875,Ray Davis,RB,BUF,4,0.53,0.0,1.48,0.02
00-0039875,Ray Davis,RB,BUF,5,1.39,0.0,1.45,0.01
00-0039875,Ray Davis,RB,BUF,6,1.34,7.0,1.41,2.46
00-0039875,Ray Davis,RB,BUF,8,9.21,1.0,4.14,1.95
00-0039875,Ray Davis,RB,BUF,10,5.01,-1.0,4.44,0.92
00-0039875,Ray Davis,RB,BUF,13,4.02,6.0,4.3,2.7
00-0039875,Ray Davis,RB,BUF,15,0.55,1.0,2.99,2.1
00-0039875,Ray Davis,RB,BUF,16,3.01,3.0,3.0,2.42
00-0039875,Ray Davis,RB,BUF,17,1.02,1.0,2.3,1.92
00-0039875,Ray Davis,RB,BUF,18,16.3,23.0,7.2,9.3
00-0039880,Malik Washington,WR,MIA,1,4.99,2.0,4.99,2.0
00-0039880,Malik Washington,WR,MIA,2,3.49,8.0,4.46,4.1
00-0039880,Malik Washington,WR,MIA,3,5.79,3.0,4.93,3.71
00-0039880,Malik Washington,WR,MIA,4,3.78,1.0,4.53,2.76
00-0039880,Malik Washington,WR,MIA,5,5.23,0.0,4.77,1.8
00-0039880,Malik Washington,WR,MIA,6,4.64,2.0,4.72,1.87
00-0039880,Malik Washington,WR,MIA,7,4.7,3.0,4.71,2.26
00-0039880,Malik Washington,WR,MIA,8,4.36,9.0,4.59,4.62
00-0039880,Malik Washington,WR,MIA,9,4.25,3.0,4.47,4.05
00-0039880,Malik Washington,WR,MIA,10,5.78,6.0,4.93,4.74
00-0039880,Malik Washington,WR,MIA,11,2.19,4.0,3.97,4.48
00-0039880,Malik Washington,WR,MIA,13,4.51,3.0,4.16,3.96
00-0039880,Malik Washington,WR,MIA,14,4.88,1.0,4.41,2.92
00-0039880,Malik Washington,WR,MIA,15,0.48,1.0,3.04,2.25
00-0039880,Malik Washington,WR,MIA,16,1.5,8.0,2.5,4.26
00-0039880,Malik Washington,WR,MIA,17,4.8,0.0,3.31,2.77
00-0039880,Malik Washington,WR,MIA,18,6.08,8.0,4.28,4.6
00-0039884,Tahj Washington,WR,MIA,9,2.33,-1.0,2.33,-1.0
00-0039884,Tahj Washington,WR,MIA,18,3.73,2.0,2.82,0.05
00-0039890,Adonai Mitchell,WR,IND,1,2.1,2.0,2.1,2.0
00-0039890,Adonai Mitchell,WR,IND,2,6.98,2.0,3.8,2.0
00-0039890,Adonai Mitchell,WR,IND,3,1.16,0.0,2.88,1.3
00-0039890,Adonai Mitchell,WR,IND,4,5.38,7.0,3.75,3.29
00-0039890,Adonai Mitchell,WR,IND,5,1.81,0.0,3.07,2.14
00-0039890,Adonai Mitchell,WR,IND,7,0.67,0.0,2.23,1.39
00-0039890,Adonai Mitchell,WR,IND,8,0.75,0.0,1.71,0.9
00-0039890,Adonai Mitchell,WR,IND,9,0.79,0.0,1.39,0.59
00-0039890,Adonai Mitchell,WR,NYJ,11,6.43,1.0,3.15,0.73
00-0039890,Adonai Mitchell,WR,NYJ,12,9.31,4.0,5.31,1.88
00-0039890,Adonai Mitchell,WR,NYJ,13,12.47,16.0,7.81,6.82
00-0039890,Adonai Mitchell,WR,NYJ,14,6.47,2.0,7.35,5.13
00-0039890,Adonai Mitchell,WR,NYJ,15,8.61,10.0,7.79,6.84
00-0039890,Adonai Mitchell,WR,NYJ,16,4.5,4.0,6.64,5.84
00-0039890,Adonai Mitchell,WR,NYJ,17,7.12,2.0,6.81,4.5
00-0039890,Adonai Mitchell,WR,NYJ,18,2.09,0.0,5.16,2.92
00-0039893,Brian Thomas Jr.,WR,JAX,1,9.53,7.0,9.53,7.0
00-0039893,Brian Thomas Jr.,WR,JAX,2,19.41,4.0,12.99,5.95
00-0039893,Brian Thomas Jr.,WR,JAX,3,5.66,5.0,10.42,5.62
00-0039893,Brian Thomas Jr.,WR,JAX,4,7.29,4.0,9.33,5.05
00-0039893,Brian Thomas Jr.,WR,JAX,5,7.67,8.0,8.75,6.08
00-0039893,Brian Thomas Jr.,WR,JAX,6,9.66,15.0,9.07,9.2
00-0039893,Brian Thomas Jr.,WR,JAX,7,6.65,3.0,8.22,7.03
00-0039893,Brian Thomas Jr.,WR,JAX,9,6.86,5.0,7.74,6.32
00-0039893,Brian Thomas Jr.,WR,JAX,13,2.8,2.0,6.01,4.81
00-0039893,Brian Thomas Jr.,WR,JAX,14,10.57,8.0,7.61,5.93
00-0039893,Brian Thomas Jr.,WR,JAX,15,14.66,12.0,10.08,8.05
00-0039893,Brian Thomas Jr.,WR,JAX,16,1.92,1.0,7.22,5.58
00-0039893,Brian Thomas Jr.,WR,JAX,17,9.37,3.0,7.98,4.68
00-0039893,Brian Thomas Jr.,WR,JAX,18,6.18,4.0,7.35,4.44
00-0039894,Xavier Worthy,WR,KC,1,1.12,0.0,1.12,0.0
00-0039894,Xavier Worthy,WR,KC,4,12.26,11.0,5.02,3.85
00-0039894,Xavier Worthy,WR,KC,5,12.58,4.0,7.67,3.9
00-0039894,Xavier Worthy,WR,KC,6,6.65,8.0,7.31,5.34
00-0039894,Xavier Worthy,WR,KC,7,5.21,4.0,6.58,4.87
00-0039894,Xavier Worthy,WR,KC,8,6.89,5.0,6.69,4.91
00-0039894,Xavier Worthy,WR,KC,9,7.58,2.0,7.0,3.89
00-0039894,Xavier Worthy,WR,KC,11,5.6,2.0,6.51,3.23
00-0039894,Xavier Worthy,WR,KC,12,7.92,5.0,7.0,3.85
00-0039894,Xavier Worthy,WR,KC,13,8.27,7.0,7.44,4.95
00-0039894,Xavier Worthy,WR,KC,14,3.71,5.0,6.14,4.97
00-0039894,Xavier Worthy,WR,KC,15,4.3,3.0,5.5,4.28
00-0039894,Xavier Worthy,WR,KC,16,3.41,4.0,4.77,4.18
00-0039894,Xavier Worthy,WR,KC,17,2.47,0.0,3.96,2.72
00-0039901,Keon Coleman,WR,BUF,1,12.94,17.0,12.94,17.0
00-0039901,Keon Coleman,WR,BUF,2,2.88,2.0,9.42,11.75
00-0039901,Keon Coleman,WR,BUF,3,4.14,2.0,7.57,8.34
00-0039901,Keon Coleman,WR,BUF,4,4.79,4.0,6.59,6.82
00-0039901,Keon Coleman,WR,BUF,5,9.94,6.0,7.77,6.53
00-0039901,Keon Coleman,WR,BUF,6,4.91,1.0,6.77,4.6
00-0039901,Keon Coleman,WR,BUF,8,3.72,3.0,5.7,4.04
00-0039901,Keon Coleman,WR,BUF,9,1.53,1.0,4.24,2.97
00-0039901,Keon Coleman,WR,BUF,10,10.68,10.0,6.5,5.43
00-0039901,Keon Coleman,WR,BUF,13,4.84,6.0,5.92,5.63
00-0039901,Keon Coleman,WR,BUF,14,4.03,1.0,5.26,4.01
00-0039901,Keon Coleman,WR,BUF,18,9.06,6.0,6.59,4.71
00-0039910,Jayden Daniels,QB,WAS,1,21.62,19.0,21.62,19.0
00-0039910,Jayden Daniels,QB,WAS,2,17.48,19.0,20.17,19.0
00-0039910,Jayden Daniels,QB,WAS,5,20.86,16.0,20.41,17.95
00-0039910,Jayden Daniels,QB,WAS,6,19.02,21.0,19.92,19.02
00-0039910,Jayden Daniels,QB,WAS,7,17.45,17.0,19.06,18.31
00-0039910,Jayden Daniels,QB,WAS,9,17.3,15.0,18.44,17.15
00-0039910,Jayden Daniels,QB,WAS,14,13.26,2.0,16.63,11.85
00-0039912,Ben Sinnott,TE,WAS,2,0.67,0.0,0.67,0.0
00-0039912,Ben Sinnott,TE,WAS,8,0.52,2.0,0.61,0.7
00-0039912,Ben Sinnott,TE,WAS,10,1.99,6.0,1.1,2.55
00-0039912,Ben Sinnott,TE,WAS,14,0.49,0.0,0.88,1.66
00-0039912,Ben Sinnott,TE,WAS,15,1.51,3.0,1.1,2.13
00-0039912,Ben Sinnott,TE,WAS,16,1.41,0.0,1.21,1.38
00-0039912,Ben Sinnott,TE,WAS,17,3.52,2.0,2.02,1.6
00-0039912,Ben Sinnott,TE,WAS,18,1.05,0.0,1.68,1.04
00-0039915,Ladd McConkey,WR,LAC,1,10.9,7.0,10.9,7.0
00-0039915,Ladd McConkey,WR,LAC,2,3.64,4.0,8.36,5.95
00-0039915,Ladd McConkey,WR,LAC,3,6.86,4.0,7.83,5.27
00-0039915,Ladd McConkey,WR,LAC,4,4.57,1.0,6.69,3.77
00-0039915,Ladd McConkey,WR,LAC,5,10.07,9.0,7.87,5.6
00-0039915,Ladd McConkey,WR,LAC,6,9.77,16.0,8.54,9.24
00-0039915,Ladd McConkey,WR,LAC,7,15.72,6.0,11.05,8.11
00-0039915,Ladd McConkey,WR,LAC,8,11.22,14.0,11.11,10.17
00-0039915,Ladd McConkey,WR,LAC,9,5.34,5.0,9.09,8.36
00-0039915,Ladd McConkey,WR,LAC,10,6.64,16.0,8.23,11.03
00-0039915,Ladd McConkey,WR,LAC,11,2.98,1.0,6.4,7.52
00-0039915,Ladd McConkey,WR,LAC,13,9.78,9.0,7.58,8.04
00-0039915,Ladd McConkey,WR,LAC,14,5.96,1.0,7.01,5.58
00-0039915,Ladd McConkey,WR,LAC,15,1.65,2.0,5.14,4.32
00-0039915,Ladd McConkey,WR,LAC,16,8.84,10.0,6.43,6.31
00-0039915,Ladd McConkey,WR,LAC,17,3.86,3.0,5.53,5.15
00-0039916,Ricky Pearsall,WR,SF,1,11.04,10.0,11.04,10.0
00-0039916,Ricky Pearsall,WR,SF,2,7.34,4.0,9.75,7.9
00-0039916,Ricky Pearsall,WR,SF,3,13.09,11.0,10.92,8.98
00-0039916,Ricky Pearsall,WR,SF,4,4.9,4.0,8.81,7.24
00-0039916,Ricky Pearsall,WR,SF,11,2.11,0.0,6.47,4.71
00-0039916,Ricky Pearsall,WR,SF,12,5.91,0.0,6.27,3.06
00-0039916,Ricky Pearsall,WR,SF,13,2.99,1.0,5.12,2.34
00-0039916,Ricky Pearsall,WR,SF,15,7.94,9.0,6.11,4.67
00-0039916,Ricky Pearsall,WR,SF,17,9.13,8.0,7.17,5.84
00-0039917,Michael Penix Jr.,QB,ATL,1,22.41,23.0,22.41,23.0
00-0039917,Michael Penix Jr.,QB,ATL,2,10.67,4.0,18.3,16.35
00-0039917,Michael Penix Jr.,QB,ATL,3,13.27,2.0,16.54,11.33
00-0039917,Michael Penix Jr.,QB,ATL,4,12.81,18.0,15.24,13.66
00-0039917,Michael Penix Jr.,QB,ATL,6,14.02,14.0,14.81,13.78
00-0039917,Michael Penix Jr.,QB,ATL,7,13.0,11.0,14.18,12.81
00-0039917,Michael Penix Jr.,QB,ATL,9,20.02,21.0,16.22,15.67
00-0039917,Michael Penix Jr.,QB,ATL,10,12.76,10.0,15.01,13.69
00-0039917,Michael Penix Jr.,QB,ATL,11,6.55,7.0,12.05,11.35
00-0039918,Caleb Williams,QB,CHI,1,19.38,23.0,19.38,23.0
00-0039918,Caleb Williams,QB,CHI,2,16.2,16.0,18.27,20.55
00-0039918,Caleb Williams,QB,CHI,3,18.5,28.0,18.35,23.16
00-0039918,Caleb Williams,QB,CHI,4,22.79,11.0,19.9,18.9
00-0039918,Caleb Williams,QB,CHI,6,16.33,19.0,18.65,18.94
00-0039918,Caleb Williams,QB,CHI,7,11.24,3.0,16.06,13.36
00-0039918,Caleb Williams,QB,CHI,8,24.79,11.0,19.11,12.53
00-0039918,Caleb Williams,QB,CHI,9,27.4,36.0,22.01,20.75
00-0039918,Caleb Williams,QB,CHI,10,21.91,24.0,21.98,21.89
00-0039918,Caleb Williams,QB,CHI,11,17.75,9.0,20.5,17.38
00-0039918,Caleb Williams,QB,CHI,12,17.05,21.0,19.29,18.64
00-0039918,Caleb Williams,QB,CHI,13,16.97,9.0,18.48,15.27
00-0039918,Caleb Williams,QB,CHI,14,20.32,14.0,19.12,14.82
00-0039918,Caleb Williams,QB,CHI,15,13.89,18.0,17.29,15.94
00-0039918,Caleb Williams,QB,CHI,16,18.06,21.0,17.56,17.71
00-0039918,Caleb Williams,QB,CHI,17,23.67,22.0,19.7,19.21
00-0039918,Caleb Williams,QB,CHI,18,16.4,16.0,18.54,18.09
00-0039919,Rome Odunze,WR,CHI,1,9.74,9.0,9.74,9.0
00-0039919,Rome Odunze,WR,CHI,2,16.59,24.0,12.14,14.25
00-0039919,Rome Odunze,WR,CHI,3,8.77,12.0,10.96,13.46
00-0039919,Rome Odunze,WR,CHI,4,10.96,12.0,10.96,12.95
00-0039919,Rome Odunze,WR,CHI,6,6.06,3.0,9.24,9.47
00-0039919,Rome Odunze,WR,CHI,7,5.36,3.0,7.89,7.2
00-0039919,Rome Odunze,WR,CHI,8,12.35,11.0,9.45,8.53
00-0039919,Rome Odunze,WR,CHI,9,6.23,0.0,8.32,5.55
00-0039919,Rome Odunze,WR,CHI,10,14.9,14.0,10.62,8.51
00-0039919,Rome Odunze,WR,CHI,11,11.06,4.0,10.78,6.93
00-0039919,Rome Odunze,WR,CHI,12,9.94,5.0,10.48,6.25
00-0039919,Rome Odunze,WR,CHI,13,6.34,0.0,9.03,4.06
00-0039920,Malachi Corley,WR,CLE,5,0.63,1.0,0.63,1.0
00-0039920,Malachi Corley,WR,CLE,7,1.08,1.0,0.79,1.0
00-0039920,Malachi Corley,WR,CLE,8,0.7,3.0,0.76,1.7
00-0039920,Malachi Corley,WR,CLE,10,1.32,3.0,0.96,2.15
00-0039920,Malachi Corley,WR,CLE,11,0.96,0.0,0.96,1.4
00-0039920,Malachi Corley,WR,CLE,12,1.3,-1.0,1.08,0.56
00-0039920,Malachi Corley,WR,CLE,13,0.62,0.0,0.92,0.36
00-0039920,Malachi Corley,WR,CLE,14,3.56,0.0,1.84,0.24
00-0039920,Malachi Corley,WR,CLE,15,0.5,1.0,1.37,0.5
00-0039920,Malachi Corley,WR,CLE,16,4.28,4.0,2.39,1.73
00-0039920,Malachi Corley,WR,CLE,17,0.52,0.0,1.74,1.12
00-0039920,Malachi Corley,WR,CLE,18,3.87,3.0,2.48,1.78
00-0039921,Trey Benson,RB,ARI,1,5.42,6.0,5.42,6.0
00-0039921,Trey Benson,RB,ARI,2,6.54,4.0,5.81,5.3
00-0039921,Trey Benson,RB,ARI,3,9.16,4.0,6.98,4.85
00-0039921,Trey Benson,RB,ARI,4,6.86,4.0,6.94,4.55
00-0039923,J.J. McCarthy,QB,MIN,1,10.3,21.0,10.3,21.0
00-0039923,J.J. McCarthy,QB,MIN,2,12.54,2.0,11.08,14.35
00-0039923,J.J. McCarthy,QB,MIN,9,19.37,18.0,13.98,15.63
00-0039923,J.J. McCarthy,QB,MIN,10,26.34,13.0,18.31,14.71
00-0039923,J.J. McCarthy,QB,MIN,11,13.56,6.0,16.64,11.66
00-0039923,J.J. McCarthy,QB,MIN,12,5.04,0.0,12.58,7.58
00-0039923,J.J. McCarthy,QB,MIN,14,16.58,19.0,13.98,11.58
00-0039923,J.J. McCarthy,QB,MIN,15,25.85,23.0,18.14,15.57
00-0039923,J.J. McCarthy,QB,MIN,16,6.71,8.0,14.14,12.92
00-0039923,J.J. McCarthy,QB,MIN,18,12.51,7.0,13.57,10.85
00-0040009,Savion Williams,WR,GB,1,0.85,0.0,0.85,0.0
00-0040009,Savion Williams,WR,GB,2,1.38,2.0,1.03,0.7
00-0040009,Savion Williams,WR,GB,3,1.54,-1.0,1.21,0.1
00-0040009,Savion Williams,WR,GB,4,2.59,2.0,1.7,0.77
00-0040009,Savion Williams,WR,GB,6,0.76,0.0,1.37,0.5
00-0040009,Savion Williams,WR,GB,8,1.42,6.0,1.38,2.42
00-0040009,Savion Williams,WR,GB,9,2.66,-1.0,1.83,1.23
00-0040009,Savion Williams,WR,GB,10,1.03,0.0,1.55,0.8
00-0040009,Savion Williams,WR,GB,11,0.96,3.0,1.35,1.57
00-0040009,Savion Williams,WR,GB,12,0.74,0.0,1.13,1.02
00-0040009,Savion Williams,WR,GB,16,1.33,0.0,1.2,0.66
00-0040021,Phil Mafah,RB,DAL,18,6.7,8.0,6.7,8.0
00-0040024,Darius Cooper,WR,PHI,12,1.21,0.0,1.21,0.0
00-0040024,Darius Cooper,WR,PHI,14,1.1,1.0,1.17,0.35
00-0040024,Darius Cooper,WR,PHI,15,2.18,2.0,1.52,0.93
00-0040024,Darius Cooper,WR,PHI,17,0.54,0.0,1.18,0.6
00-0040024,Darius Cooper,WR,PHI,18,5.62,3.0,2.73,1.44
00-0040039,Amar Johnson,RB,LAC,11,1.49,0.0,1.49,0.0
00-0040058,Nick Kallerup,TE,SEA,10,3.53,0.0,3.53,0.0
00-0040067,Jacardia Wright,RB,SEA,3,2.22,2.0,2.22,2.0
00-0040078,Brashard Smith,RB,KC,2,0.99,0.0,0.99,0.0
00-0040078,Brashard Smith,RB,KC,3,1.9,1.0,1.31,0.35
00-0040078,Brashard Smith,RB,KC,4,5.68,2.0,2.84,0.93
00-0040078,Brashard Smith,RB,KC,5,3.43,3.0,3.04,1.65
00-0040078,Brashard Smith,RB,KC,6,3.26,2.0,3.12,1.77
00-0040078,Brashard Smith,RB,KC,7,14.81,7.0,7.21,3.6
00-0040078,Brashard Smith,RB,KC,8,1.72,0.0,5.29,2.34
00-0040078,Brashard Smith,RB,KC,9,2.29,0.0,4.24,1.52
00-0040078,Brashard Smith,RB,KC,11,3.33,0.0,3.92,0.99
00-0040078,Brashard Smith,RB,KC,12,4.27,3.0,4.04,1.69
00-0040078,Brashard Smith,RB,KC,14,0.75,0.0,2.89,1.1
00-0040078,Brashard Smith,RB,KC,15,1.95,0.0,2.56,0.72
00-0040078,Brashard Smith,RB,KC,16,0.53,0.0,1.85,0.47
00-0040078,Brashard Smith,RB,KC,17,3.15,6.0,2.31,2.4
00-0040078,Brashard Smith,RB,KC,18,7.96,5.0,4.29,3.31
00-0040122,Ashton Jeanty,RB,LV,1,11.23,9.0,11.23,9.0
00-0040122,Ashton Jeanty,RB,LV,2,7.5,4.0,9.93,7.25
00-0040122,Ashton Jeanty,RB,LV,3,7.87,6.0,9.21,6.81
00-0040122,Ashton Jeanty,RB,LV,4,16.01,30.0,11.59,14.93
00-0040122,Ashton Jeanty,RB,LV,5,11.32,10.0,11.49,13.2
00-0040122,Ashton Jeanty,RB,LV,6,19.91,14.0,14.44,13.48
00-0040122,Ashton Jeanty,RB,LV,7,3.29,3.0,10.54,9.81
00-0040122,Ashton Jeanty,RB,LV,9,14.15,14.0,11.8,11.28
00-0040122,Ashton Jeanty,RB,LV,10,12.03,12.0,11.88,11.53
00-0040122,Ashton Jeanty,RB,LV,11,7.37,2.0,10.3,8.2
00-0040122,Ashton Jeanty,RB,LV,12,14.12,16.0,11.64,10.93
00-0040122,Ashton Jeanty,RB,LV,13,13.84,6.0,12.41,9.2
00-0040122,Ashton Jeanty,RB,LV,14,7.42,3.0,10.66,7.03
00-0040122,Ashton Jeanty,RB,LV,15,7.13,3.0,9.43,5.62
00-0040122,Ashton Jeanty,RB,LV,16,12.67,30.0,10.56,14.15
00-0040122,Ashton Jeanty,RB,LV,17,10.4,7.0,10.5,11.65
00-0040122,Ashton Jeanty,RB,LV,18,16.3,8.0,12.53,10.37
00-0040124,Tetairoa McMillan,WR,CAR,1,9.5,6.0,9.5,6.0
00-0040124,Tetairoa McMillan,WR,CAR,2,10.33,10.0,9.79,7.4
00-0040124,Tetairoa McMillan,WR,CAR,3,10.96,4.0,10.2,6.21
00-0040124,Tetairoa McMillan,WR,CAR,4,7.83,6.0,9.37,6.14
00-0040124,Tetairoa McMillan,WR,CAR,5,7.38,7.0,8.67,6.44
00-0040124,Tetairoa McMillan,WR,CAR,6,8.0,14.0,8.44,9.09
00-0040124,Tetairoa McMillan,WR,CAR,7,3.76,3.0,6.8,6.96
00-0040124,Tetairoa McMillan,WR,CAR,8,11.15,9.0,8.32,7.67
00-0040124,Tetairoa McMillan,WR,CAR,9,7.11,4.0,7.9,6.39
00-0040124,Tetairoa McMillan,WR,CAR,10,6.85,6.0,7.53,6.25
00-0040124,Tetairoa McMillan,WR,CAR,11,14.8,25.0,10.07,12.81
00-0040124,Tetairoa McMillan,WR,CAR,12,8.03,9.0,9.36,11.48
00-0040124,Tetairoa McMillan,WR,CAR,13,3.04,10.0,7.15,10.96
00-0040124,Tetairoa McMillan,WR,CAR,15,4.15,2.0,6.1,7.82
00-0040124,Tetairoa McMillan,WR,CAR,16,9.74,13.0,7.37,9.64
00-0040124,Tetairoa McMillan,WR,CAR,17,3.7,0.0,6.09,6.26
00-0040124,Tetairoa McMillan,WR,CAR,18,6.65,6.0,6.28,6.17
00-0040126,Colston Loveland,TE,CHI,1,1.25,1.0,1.25,1.0
00-0040126,Colston Loveland,TE,CHI,2,1.32,0.0,1.28,0.65
00-0040126,Colston Loveland,TE,CHI,3,4.77,3.0,2.5,1.47
00-0040126,Colston Loveland,TE,CHI,6,3.01,1.0,2.68,1.31
00-0040126,Colston Loveland,TE,CHI,7,3.85,2.0,3.09,1.55
00-0040126,Colston Loveland,TE,CHI,8,6.27,3.0,4.2,2.06
00-0040126,Colston Loveland,TE,CHI,9,9.97,23.0,6.22,9.39
00-0040126,Colston Loveland,TE,CHI,10,3.67,5.0,5.33,7.85
00-0040126,Colston Loveland,TE,CHI,11,5.25,4.0,5.3,6.5
00-0040126,Colston Loveland,TE,CHI,12,5.36,10.0,5.32,7.73
00-0040126,Colston Loveland,TE,CHI,13,5.49,2.0,5.38,5.72
00-0040126,Colston Loveland,TE,CHI,14,7.1,8.0,5.98,6.52
00-0040126,Colston Loveland,TE,CHI,15,7.03,5.0,6.35,5.99
00-0040126,Colston Loveland,TE,CHI,16,6.2,3.0,6.3,4.94
00-0040126,Colston Loveland,TE,CHI,17,11.62,15.0,8.16,8.46
00-0040126,Colston Loveland,TE,CHI,18,15.51,15.0,10.73,10.75
00-0040128,Tyler Warren,TE,IND,1,10.33,7.0,10.33,7.0
00-0040128,Tyler Warren,TE,IND,2,7.21,7.0,9.24,7.0
00-0040128,Tyler Warren,TE,IND,3,3.39,3.0,7.19,5.6
00-0040128,Tyler Warren,TE,IND,4,10.69,13.0,8.42,8.19
00-0040128,Tyler Warren,TE,IND,5,6.35,10.0,7.7,8.82
00-0040128,Tyler Warren,TE,IND,6,12.22,12.0,9.28,9.94
00-0040128,Tyler Warren,TE,IND,7,8.54,12.0,9.02,10.66
00-0040128,Tyler Warren,TE,IND,8,5.48,5.0,7.78,8.68
00-0040128,Tyler Warren,TE,IND,9,12.08,2.0,9.29,6.34
00-0040128,Tyler Warren,TE,IND,10,8.42,9.0,8.98,7.27
00-0040128,Tyler Warren,TE,IND,12,6.68,4.0,8.18,6.13
00-0040128,Tyler Warren,TE,IND,13,4.95,8.0,7.05,6.78
00-0040128,Tyler Warren,TE,IND,14,10.45,1.0,8.24,4.76
00-0040128,Tyler Warren,TE,IND,15,3.86,1.0,6.71,3.44
00-0040128,Tyler Warren,TE,IND,16,8.43,3.0,7.31,3.29
00-0040128,Tyler Warren,TE,IND,17,4.23,4.0,6.23,3.54
00-0040128,Tyler Warren,TE,IND,18,7.04,2.0,6.52,3.0
00-0040129,Emeka Egbuka,WR,TB,1,8.93,18.0,8.93,18.0
00-0040129,Emeka Egbuka,WR,TB,2,8.07,8.0,8.63,14.5
00-0040129,Emeka Egbuka,WR,TB,3,7.58,8.0,8.26,12.23
00-0040129,Emeka Egbuka,WR,TB,4,11.18,16.0,9.28,13.55
00-0040129,Emeka Egbuka,WR,TB,5,9.59,24.0,9.39,17.21
00-0040129,Emeka Egbuka,WR,TB,6,4.4,2.0,7.64,11.88
00-0040129,Emeka Egbuka,WR,TB,7,17.39,5.0,11.05,9.47
00-0040129,Emeka Egbuka,WR,TB,8,13.89,3.0,12.04,7.21
00-0040129,Emeka Egbuka,WR,TB,10,16.31,17.0,13.54,10.64
00-0040129,Emeka Egbuka,WR,TB,11,8.35,4.0,11.72,8.31
00-0040129,Emeka Egbuka,WR,TB,12,10.19,3.0,11.18,6.45
00-0040129,Emeka Egbuka,WR,TB,13,8.64,4.0,10.29,5.59
00-0040129,Emeka Egbuka,WR,TB,14,9.79,1.0,10.12,3.99
00-0040129,Emeka Egbuka,WR,TB,15,9.81,6.0,10.01,4.69
00-0040129,Emeka Egbuka,WR,TB,16,2.23,4.0,7.29,4.45
00-0040129,Emeka Egbuka,WR,TB,17,4.81,2.0,6.42,3.59
00-0040129,Emeka Egbuka,WR,TB,18,4.42,0.0,5.72,2.33
00-0040130,Jayden Higgins,WR,HOU,1,3.58,3.0,3.58,3.0
00-0040130,Jayden Higgins,WR,HOU,2,0.67,2.0,2.56,2.65
00-0040130,Jayden Higgins,WR,HOU,3,0.65,0.0,1.89,1.72
00-0040130,Jayden Higgins,WR,HOU,4,2.52,8.0,2.11,3.92
00-0040130,Jayden Higgins,WR,HOU,5,3.49,3.0,2.59,3.6
00-0040130,Jayden Higgins,WR,HOU,7,3.92,0.0,3.06,2.34
00-0040130,Jayden Higgins,WR,HOU,8,11.42,9.0,5.98,4.67
00-0040130,Jayden Higgins,WR,HOU,9,0.59,0.0,4.1,3.04
00-0040130,Jayden Higgins,WR,HOU,10,8.02,10.0,5.47,5.47
00-0040130,Jayden Higgins,WR,HOU,11,8.66,5.0,6.59,5.31
00-0040130,Jayden Higgins,WR,HOU,12,11.45,9.0,8.29,6.6
00-0040130,Jayden Higgins,WR,HOU,13,4.23,6.0,6.87,6.39
00-0040130,Jayden Higgins,WR,HOU,14,5.11,3.0,6.25,5.2
00-0040130,Jayden Higgins,WR,HOU,15,0.43,0.0,4.21,3.38
00-0040130,Jayden Higgins,WR,HOU,16,2.62,1.0,3.65,2.55
00-0040130,Jayden Higgins,WR,HOU,17,5.0,14.0,4.12,6.56
00-0040130,Jayden Higgins,WR,HOU,18,6.09,8.0,4.81,7.06
00-0040131,Kyle Williams,WR,NE,1,0.93,1.0,0.93,1.0
00-0040131,Kyle Williams,WR,NE,3,0.8,0.0,0.88,0.65
00-0040131,Kyle Williams,WR,NE,4,0.68,-1.0,0.81,0.07
00-0040131,Kyle Williams,WR,NE,6,2.7,0.0,1.47,0.05
00-0040131,Kyle Williams,WR,NE,7,1.06,0.0,1.33,0.03
00-0040131,Kyle Williams,WR,NE,9,0.98,0.0,1.21,0.02
00-0040131,Kyle Williams,WR,NE,10,3.15,13.0,1.89,4.56
00-0040131,Kyle Williams,WR,NE,11,4.49,0.0,2.8,2.97
00-0040131,Kyle Williams,WR,NE,12,0.7,1.0,2.06,2.28
00-0040131,Kyle Williams,WR,NE,13,1.99,9.0,2.04,4.63
00-0040131,Kyle Williams,WR,NE,16,3.14,10.0,2.42,6.51
00-0040131,Kyle Williams,WR,NE,17,4.63,2.0,3.2,4.93
00-0040131,Kyle Williams,WR,NE,18,0.9,0.0,2.39,3.21
00-0040134,Pat Bryant,WR,DEN,2,1.87,1.0,1.87,1.0
00-0040134,Pat Bryant,WR,DEN,4,3.1,0.0,2.3,0.65
00-0040134,Pat Bryant,WR,DEN,6,1.44,2.0,2.0,1.12
00-0040134,Pat Bryant,WR,DEN,7,3.08,0.0,2.38,0.73
00-0040134,Pat Bryant,WR,DEN,8,6.67,10.0,3.88,3.97
00-0040134,Pat Bryant,WR,DEN,9,3.72,2.0,3.82,3.28
00-0040134,Pat Bryant,WR,DEN,10,1.79,4.0,3.11,3.53
00-0040134,Pat Bryant,WR,DEN,11,5.38,8.0,3.9,5.1
00-0040134,Pat Bryant,WR,DEN,13,6.14,4.0,4.69,4.71
00-0040134,Pat Bryant,WR,DEN,14,3.35,3.0,4.22,4.11
00-0040134,Pat Bryant,WR,DEN,16,7.2,4.0,5.26,4.07
00-0040134,Pat Bryant,WR,DEN,18,4.94,3.0,5.15,3.7
00-0040138,Jaylin Noel,WR,HOU,1,1.29,0.0,1.29,0.0
00-0040138,Jaylin Noel,WR,HOU,3,0.49,0.0,1.01,0.0
00-0040138,Jaylin Noel,WR,HOU,4,1.05,-1.0,1.03,-0.35
00-0040138,Jaylin Noel,WR,HOU,5,6.04,7.0,2.78,2.22
00-0040138,Jaylin Noel,WR,HOU,7,6.5,7.0,4.08,3.89
00-0040138,Jaylin Noel,WR,HOU,8,6.08,6.0,4.78,4.63
00-0040138,Jaylin Noel,WR,HOU,9,1.1,-1.0,3.49,2.66
00-0040138,Jaylin Noel,WR,HOU,10,2.95,3.0,3.3,2.78
00-0040138,Jaylin Noel,WR,HOU,11,0.43,1.0,2.3,2.16
00-0040138,Jaylin Noel,WR,HOU,12,2.83,0.0,2.49,1.4
00-0040138,Jaylin Noel,WR,HOU,13,1.16,0.0,2.02,0.91
00-0040138,Jaylin Noel,WR,HOU,14,1.79,1.0,1.94,0.94
00-0040138,Jaylin Noel,WR,HOU,17,5.92,11.0,3.33,4.46
00-0040138,Jaylin Noel,WR,HOU,18,0.86,1.0,2.47,3.25
00-0040142,Kaleb Johnson,RB,PIT,1,0.51,-1.0,0.51,-1.0
00-0040142,Kaleb Johnson,RB,PIT,2,0.43,0.0,0.48,-0.65
00-0040142,Kaleb Johnson,RB,PIT,4,4.19,2.0,1.78,0.28
00-0040142,Kaleb Johnson,RB,PIT,6,2.74,1.0,2.12,0.53
00-0040142,Kaleb Johnson,RB,PIT,9,1.4,0.0,1.86,0.34
00-0040142,Kaleb Johnson,RB,PIT,10,0.87,0.0,1.52,0.22
00-0040142,Kaleb Johnson,RB,PIT,11,2.94,1.0,2.02,0.5
00-0040142,Kaleb Johnson,RB,PIT,13,1.27,0.0,1.75,0.32
00-0040142,Kaleb Johnson,RB,PIT,14,0.88,0.0,1.45,0.21
00-0040142,Kaleb Johnson,RB,PIT,15,1.16,0.0,1.35,0.14
00-0040154,Tai Felton,WR,MIN,3,0.88,0.0,0.88,0.0
00-0040154,Tai Felton,WR,MIN,14,0.83,1.0,0.86,0.35
00-0040154,Tai Felton,WR,MIN,16,0.7,0.0,0.81,0.23
00-0040162,Dylan Sampson,RB,CLE,1,11.43,8.0,11.43,8.0
00-0040162,Dylan Sampson,RB,CLE,2,5.32,7.0,9.29,7.65
00-0040162,Dylan Sampson,RB,CLE,3,0.67,0.0,6.28,4.97
00-0040162,Dylan Sampson,RB,CLE,4,1.0,-1.0,4.43,2.88
00-0040162,Dylan Sampson,RB,CLE,5,1.41,-1.0,3.37,1.52
00-0040162,Dylan Sampson,RB,CLE,6,2.32,2.0,3.01,1.69
00-0040162,Dylan Sampson,RB,CLE,7,2.29,0.0,2.75,1.1
00-0040162,Dylan Sampson,RB,CLE,8,5.35,2.0,3.66,1.41
00-0040162,Dylan Sampson,RB,CLE,10,1.45,-1.0,2.89,0.57
00-0040162,Dylan Sampson,RB,CLE,11,1.23,1.0,2.31,0.72
00-0040162,Dylan Sampson,RB,CLE,12,4.49,13.0,3.07,5.02
00-0040162,Dylan Sampson,RB,CLE,13,1.85,2.0,2.64,3.96
00-0040162,Dylan Sampson,RB,CLE,14,5.18,4.0,3.53,3.98
00-0040162,Dylan Sampson,RB,CLE,17,6.96,2.0,4.73,3.28
00-0040162,Dylan Sampson,RB,CLE,18,7.25,4.0,5.61,3.53
00-0040164,Jaylin Lane,WR,WAS,1,2.0,1.0,2.0,1.0
00-0040164,Jaylin Lane,WR,WAS,2,2.66,0.0,2.23,0.65
00-0040164,Jaylin Lane,WR,WAS,3,3.2,5.0,2.57,2.17
00-0040164,Jaylin Lane,WR,WAS,4,3.91,1.0,3.04,1.76
00-0040164,Jaylin Lane,WR,WAS,5,2.23,1.0,2.76,1.5
00-0040164,Jaylin Lane,WR,WAS,6,2.98,3.0,2.83,2.02
00-0040164,Jaylin Lane,WR,WAS,7,7.47,6.0,4.46,3.41
00-0040164,Jaylin Lane,WR,WAS,8,1.44,0.0,3.4,2.22
00-0040164,Jaylin Lane,WR,WAS,9,3.74,0.0,3.52,1.44
00-0040164,Jaylin Lane,WR,WAS,10,2.02,4.0,3.0,2.34
00-0040164,Jaylin Lane,WR,WAS,11,1.17,1.0,2.36,1.87
00-0040164,Jaylin Lane,WR,WAS,13,1.17,0.0,1.94,1.22
00-0040164,Jaylin Lane,WR,WAS,15,1.97,6.0,1.95,2.89
00-0040170,Elic Ayomanor,WR,TEN,1,6.84,1.0,6.84,1.0
00-0040170,Elic Ayomanor,WR,TEN,2,5.69,11.0,6.44,4.5
00-0040170,Elic Ayomanor,WR,TEN,3,7.4,9.0,6.77,6.08
00-0040170,Elic Ayomanor,WR,TEN,4,6.36,4.0,6.63,5.35
00-0040170,Elic Ayomanor,WR,TEN,5,3.08,1.0,5.39,3.83
00-0040170,Elic Ayomanor,WR,TEN,6,4.12,2.0,4.94,3.19
00-0040170,Elic Ayomanor,WR,TEN,7,3.65,2.0,4.49,2.77
00-0040170,Elic Ayomanor,WR,TEN,8,9.94,5.0,6.4,3.55
00-0040170,Elic Ayomanor,WR,TEN,9,5.72,4.0,6.16,3.71
00-0040170,Elic Ayomanor,WR,TEN,11,4.76,1.0,5.67,2.76
00-0040170,Elic Ayomanor,WR,TEN,13,4.53,0.0,5.27,1.79
00-0040170,Elic Ayomanor,WR,TEN,14,2.54,7.0,4.31,3.62
00-0040170,Elic Ayomanor,WR,TEN,15,1.14,1.0,3.2,2.7
00-0040170,Elic Ayomanor,WR,TEN,16,4.73,5.0,3.74,3.51
00-0040170,Elic Ayomanor,WR,TEN,17,9.93,9.0,5.9,5.43
00-0040170,Elic Ayomanor,WR,TEN,18,8.46,5.0,6.8,5.28
00-0040172,Jordan Watkins,WR,SF,8,1.83,0.0,1.83,0.0
00-0040172,Jordan Watkins,WR,SF,9,1.58,1.0,1.74,0.35
00-0040179,DJ Giddens,RB,IND,1,9.2,4.0,9.2,4.0
00-0040179,DJ Giddens,RB,IND,2,0.62,0.0,6.2,2.6
00-0040179,DJ Giddens,RB,IND,3,0.39,0.0,4.17,1.69
00-0040179,DJ Giddens,RB,IND,5,2.79,2.0,3.68,1.8
00-0040179,DJ Giddens,RB,IND,18,3.88,3.0,3.75,2.22
00-0040184,KeAndre Lambert-Smith,WR,LAC,1,2.62,0.0,2.62,0.0
00-0040184,KeAndre Lambert-Smith,WR,LAC,6,2.09,0.0,2.44,0.0
00-0040184,KeAndre Lambert-Smith,WR,LAC,9,2.45,0.0,2.44,0.0
00-0040184,KeAndre Lambert-Smith,WR,LAC,15,1.81,7.0,2.22,2.45
00-0040184,KeAndre Lambert-Smith,WR,LAC,16,0.45,1.0,1.6,1.94
00-0040184,KeAndre Lambert-Smith,WR,LAC,17,0.96,0.0,1.37,1.26
00-0040184,KeAndre Lambert-Smith,WR,LAC,18,3.85,2.0,2.24,1.52
00-0040187,Mitchell Evans,TE,CAR,2,0.7,0.0,0.7,0.0
00-0040187,Mitchell Evans,TE,CAR,3,0.99,0.0,0.8,0.0
00-0040187,Mitchell Evans,TE,CAR,4,4.49,8.0,2.09,2.8
00-0040187,Mitchell Evans,TE,CAR,5,3.16,6.0,2.46,3.92
00-0040187,Mitchell Evans,TE,CAR,6,1.66,2.0,2.18,3.25
00-0040187,Mitchell Evans,TE,CAR,7,3.04,2.0,2.48,2.81
00-0040187,Mitchell Evans,TE,CAR,10,1.0,0.0,1.96,1.83
00-0040187,Mitchell Evans,TE,CAR,11,2.01,2.0,1.98,1.89
00-0040187,Mitchell Evans,TE,CAR,12,3.44,0.0,2.49,1.23
00-0040187,Mitchell Evans,TE,CAR,13,1.67,2.0,2.2,1.5
00-0040187,Mitchell Evans,TE,CAR,16,2.23,2.0,2.21,1.67
00-0040187,Mitchell Evans,TE,CAR,17,1.12,0.0,1.83,1.09
00-0040187,Mitchell Evans,TE,CAR,18,1.21,0.0,1.61,0.71
00-0040189,Oronde Gadsden II,TE,LAC,3,10.61,4.0,10.61,4.0
00-0040189,Oronde Gadsden II,TE,LAC,4,2.11,1.0,7.63,2.95
00-0040189,Oronde Gadsden II,TE,LAC,5,0.71,1.0,5.21,2.27
00-0040189,Oronde Gadsden II,TE,LAC,6,7.6,4.0,6.05,2.87
00-0040189,Oronde Gadsden II,TE,LAC,7,9.15,22.0,7.13,9.57
00-0040189,Oronde Gadsden II,TE,LAC,8,6.33,13.0,6.85,10.77
00-0040189,Oronde Gadsden II,TE,LAC,9,5.3,6.0,6.31,9.1
00-0040189,Oronde Gadsden II,TE,LAC,10,6.44,1.0,6.35,6.26
00-0040189,Oronde Gadsden II,TE,LAC,11,4.66,4.0,5.76,5.47
00-0040189,Oronde Gadsden II,TE,LAC,13,3.13,2.0,4.84,4.26
00-0040189,Oronde Gadsden II,TE,LAC,14,3.42,0.0,4.34,2.77
00-0040189,Oronde Gadsden II,TE,LAC,15,6.03,6.0,4.93,3.9
00-0040189,Oronde Gadsden II,TE,LAC,16,0.72,0.0,3.46,2.53
00-0040189,Oronde Gadsden II,TE,LAC,17,10.46,9.0,5.91,4.8
00-0040189,Oronde Gadsden II,TE,LAC,18,1.4,2.0,4.33,3.82
00-0040194,Jackson Hawes,TE,BUF,1,1.96,2.0,1.96,2.0
00-0040194,Jackson Hawes,TE,BUF,2,0.74,0.0,1.53,1.3
00-0040194,Jackson Hawes,TE,BUF,3,3.53,6.0,2.23,2.94
00-0040194,Jackson Hawes,TE,BUF,4,0.78,1.0,1.72,2.26
00-0040194,Jackson Hawes,TE,BUF,8,3.64,1.0,2.39,1.82
00-0040194,Jackson Hawes,TE,BUF,9,2.04,1.0,2.27,1.53
00-0040194,Jackson Hawes,TE,BUF,10,4.47,8.0,3.04,3.8
00-0040194,Jackson Hawes,TE,BUF,12,1.34,2.0,2.45,3.17
00-0040194,Jackson Hawes,TE,BUF,13,0.61,1.0,1.8,2.41
00-0040194,Jackson Hawes,TE,BUF,14,3.71,6.0,2.47,3.67
00-0040194,Jackson Hawes,TE,BUF,15,0.66,0.0,1.83,2.38
00-0040194,Jackson Hawes,TE,BUF,16,1.27,2.0,1.64,2.25
00-0040194,Jackson Hawes,TE,BUF,18,0.62,0.0,1.28,1.46
00-0040198,Ollie Gordon II,RB,MIA,1,2.04,-1.0,2.04,-1.0
00-0040198,Ollie Gordon II,RB,MIA,2,0.83,0.0,1.62,-0.65
00-0040198,Ollie Gordon II,RB,MIA,3,8.04,9.0,3.87,2.73
00-0040198,Ollie Gordon II,RB,MIA,4,4.26,1.0,4.0,2.12
00-0040198,Ollie Gordon II,RB,MIA,5,1.65,-1.0,3.18,1.03
00-0040198,Ollie Gordon II,RB,MIA,6,1.51,0.0,2.59,0.67
00-0040198,Ollie Gordon II,RB,MIA,7,3.1,1.0,2.77,0.79
00-0040198,Ollie Gordon II,RB,MIA,8,6.62,12.0,4.12,4.71
00-0040198,Ollie Gordon II,RB,MIA,9,1.75,0.0,3.29,3.06
00-0040198,Ollie Gordon II,RB,MIA,10,0.46,-1.0,2.3,1.64
00-0040198,Ollie Gordon II,RB,MIA,11,11.15,10.0,5.4,4.57
00-0040198,Ollie Gordon II,RB,MIA,13,1.29,1.0,3.96,3.32
00-0040198,Ollie Gordon II,RB,MIA,14,2.49,7.0,3.45,4.61
00-0040198,Ollie Gordon II,RB,MIA,15,0.83,0.0,2.53,2.99
00-0040198,Ollie Gordon II,RB,MIA,16,0.37,-1.0,1.78,1.6
00-0040198,Ollie Gordon II,RB,MIA,18,6.3,0.0,3.36,1.04
00-0040202,Devin Neal,RB,NO,1,0.86,0.0,0.86,0.0
00-0040202,Devin Neal,RB,NO,7,0.46,0.0,0.72,0.0
00-0040202,Devin Neal,RB,NO,8,1.8,1.0,1.1,0.35
00-0040202,Devin Neal,RB,NO,9,2.44,1.0,1.57,0.58
00-0040202,Devin Neal,RB,NO,10,3.46,2.0,2.23,1.08
00-0040202,Devin Neal,RB,NO,12,6.83,5.0,3.84,2.45
00-0040202,Devin Neal,RB,NO,13,7.88,6.0,5.26,3.69
00-0040202,Devin Neal,RB,NO,14,10.92,14.0,7.24,7.3
00-0040202,Devin Neal,RB,NO,15,5.1,8.0,6.49,7.54
00-0040205,Kalel Mullings,RB,TEN,15,0.34,0.0,0.34,0.0
00-0040205,Kalel Mullings,RB,TEN,16,0.29,0.0,0.32,0.0
00-0040205,Kalel Mullings,RB,TEN,17,0.28,0.0,0.31,0.0
00-0040206,Riley Leonard,QB,IND,8,1.05,0.0,1.05,0.0
00-0040206,Riley Leonard,QB,IND,14,14.12,9.0,5.62,3.15
00-0040206,Riley Leonard,QB,IND,16,0.19,0.0,3.72,2.05
00-0040206,Riley Leonard,QB,IND,17,0.49,-2.0,2.59,0.63
00-0040206,Riley Leonard,QB,IND,18,21.52,19.0,9.22,7.06
00-0040208,Tahj Brooks,RB,CIN,3,2.55,1.0,2.55,1.0
00-0040208,Tahj Brooks,RB,CIN,9,0.57,0.0,1.86,0.65
00-0040208,Tahj Brooks,RB,CIN,11,0.42,0.0,1.36,0.42
00-0040208,Tahj Brooks,RB,CIN,12,1.56,0.0,1.43,0.27
00-0040208,Tahj Brooks,RB,CIN,16,1.77,0.0,1.55,0.18
00-0040208,Tahj Brooks,RB,CIN,17,2.15,1.0,1.76,0.47
00-0040218,Jimmy Horn Jr.,WR,CAR,5,3.66,3.0,3.66,3.0
00-0040218,Jimmy Horn Jr.,WR,CAR,6,2.19,4.0,3.14,3.35
00-0040218,Jimmy Horn Jr.,WR,CAR,7,2.6,0.0,2.96,2.18
00-0040218,Jimmy Horn Jr.,WR,CAR,8,2.52,0.0,2.8,1.42
00-0040218,Jimmy Horn Jr.,WR,CAR,9,1.65,0.0,2.4,0.92
00-0040218,Jimmy Horn Jr.,WR,CAR,12,0.42,1.0,1.71,0.95
00-0040218,Jimmy Horn Jr.,WR,CAR,15,0.36,0.0,1.24,0.62
00-0040218,Jimmy Horn Jr.,WR,CAR,16,0.78,2.0,1.08,1.1
00-0040218,Jimmy Horn Jr.,WR,CAR,17,1.08,0.0,1.08,0.72
00-0040218,Jimmy Horn Jr.,WR,CAR,18,1.18,1.0,1.11,0.81
00-0040234,Quinn Ewers,QB,MIA,7,1.54,2.0,1.54,2.0
00-0040234,Quinn Ewers,QB,MIA,16,10.35,6.0,4.62,3.4
00-0040234,Quinn Ewers,QB,MIA,17,13.66,13.0,7.78,6.76
00-0040234,Quinn Ewers,QB,MIA,18,10.51,7.0,8.74,6.84
00-0040236,Kyle Monangai,RB,CHI,1,0.89,1.0,0.89,1.0
00-0040236,Kyle Monangai,RB,CHI,2,5.64,2.0,2.56,1.35
00-0040236,Kyle Monangai,RB,CHI,3,3.88,1.0,3.02,1.23
00-0040236,Kyle Monangai,RB,CHI,4,1.93,1.0,2.64,1.15
00-0040236,Kyle Monangai,RB,CHI,6,3.03,3.0,2.77,1.8
00-0040236,Kyle Monangai,RB,CHI,7,12.34,15.0,6.12,6.42
00-0040236,Kyle Monangai,RB,CHI,8,5.95,2.0,6.06,4.87
00-0040236,Kyle Monangai,RB,CHI,9,22.09,19.0,11.67,9.82
00-0040236,Kyle Monangai,RB,CHI,10,4.75,8.0,9.25,9.18
00-0040236,Kyle Monangai,RB,CHI,11,9.82,9.0,9.45,9.12
00-0040236,Kyle Monangai,RB,CHI,12,8.96,10.0,9.28,9.43
00-0040236,Kyle Monangai,RB,CHI,13,11.87,19.0,10.18,12.78
00-0040236,Kyle Monangai,RB,CHI,14,8.25,7.0,9.51,10.76
00-0040236,Kyle Monangai,RB,CHI,15,10.0,3.0,9.68,8.04
00-0040236,Kyle Monangai,RB,CHI,16,6.75,9.0,8.65,8.38
00-0040236,Kyle Monangai,RB,CHI,17,10.18,3.0,9.19,6.49
00-0040236,Kyle Monangai,RB,CHI,18,3.82,4.0,7.31,5.62
00-0040237,Tez Johnson,WR,TB,1,0.71,0.0,0.71,0.0
00-0040237,Tez Johnson,WR,TB,3,1.98,0.0,1.16,0.0
00-0040237,Tez Johnson,WR,TB,4,1.14,0.0,1.15,0.0
00-0040237,Tez Johnson,WR,TB,5,4.06,5.0,2.17,1.75
00-0040237,Tez Johnson,WR,TB,6,5.58,10.0,3.36,4.64
00-0040237,Tez Johnson,WR,TB,7,9.6,11.0,5.55,6.86
00-0040237,Tez Johnson,WR,TB,8,6.44,4.0,5.86,5.86
00-0040237,Tez Johnson,WR,TB,10,7.06,16.0,6.28,9.41
00-0040237,Tez Johnson,WR,TB,11,5.92,0.0,6.15,6.12
00-0040237,Tez Johnson,WR,TB,12,6.82,9.0,6.39,7.13
00-0040237,Tez Johnson,WR,TB,13,2.29,0.0,4.95,4.63
00-0040237,Tez Johnson,WR,TB,15,1.2,0.0,3.64,3.01
00-0040237,Tez Johnson,WR,TB,16,0.58,-1.0,2.57,1.61
00-0040237,Tez Johnson,WR,TB,17,1.85,1.0,2.32,1.39
00-0040237,Tez Johnson,WR,TB,18,2.23,1.0,2.29,1.26
00-0040238,LeQuint Allen Jr.,RB,JAX,1,1.25,0.0,1.25,0.0
00-0040238,LeQuint Allen Jr.,RB,JAX,2,1.32,1.0,1.28,0.35
00-0040238,LeQuint Allen Jr.,RB,JAX,3,0.46,0.0,0.99,0.23
00-0040238,LeQuint Allen Jr.,RB,JAX,4,0.55,0.0,0.84,0.15
00-0040238,LeQuint Allen Jr.,RB,JAX,6,1.51,1.0,1.07,0.45
00-0040238,LeQuint Allen Jr.,RB,JAX,7,0.91,0.0,1.02,0.29
00-0040238,LeQuint Allen Jr.,RB,JAX,9,1.18,1.0,1.07,0.54
00-0040238,LeQuint Allen Jr.,RB,JAX,10,0.66,0.0,0.93,0.35
00-0040238,LeQuint Allen Jr.,RB,JAX,11,2.9,3.0,1.62,1.28
00-0040238,LeQuint Allen Jr.,RB,JAX,12,0.59,0.0,1.26,0.83
00-0040238,LeQuint Allen Jr.,RB,JAX,14,1.3,0.0,1.27,0.54
00-0040238,LeQuint Allen Jr.,RB,JAX,15,2.76,1.0,1.79,0.7
00-0040238,LeQuint Allen Jr.,RB,JAX,16,3.53,1.0,2.4,0.81
00-0040238,LeQuint Allen Jr.,RB,JAX,17,0.42,0.0,1.71,0.52
00-0040242,Jacory Croskey-Merritt,RB,WAS,1,6.49,14.0,6.49,14.0
00-0040242,Jacory Croskey-Merritt,RB,WAS,2,2.78,1.0,5.19,9.45
00-0040242,Jacory Croskey-Merritt,RB,WAS,3,11.15,8.0,7.28,8.94
00-0040242,Jacory Croskey-Merritt,RB,WAS,4,4.79,5.0,6.41,7.56
00-0040242,Jacory Croskey-Merritt,RB,WAS,5,10.01,24.0,7.67,13.32
00-0040242,Jacory Croskey-Merritt,RB,WAS,6,9.24,4.0,8.22,10.06
00-0040242,Jacory Croskey-Merritt,RB,WAS,7,7.68,2.0,8.03,7.24
00-0040242,Jacory Croskey-Merritt,RB,WAS,8,4.36,2.0,6.74,5.4
00-0040242,Jacory Croskey-Merritt,RB,WAS,9,6.74,3.0,6.74,4.56
00-0040242,Jacory Croskey-Merritt,RB,WAS,10,6.59,3.0,6.69,4.02
00-0040242,Jacory Croskey-Merritt,RB,WAS,11,5.56,2.0,6.29,3.31
00-0040242,Jacory Croskey-Merritt,RB,WAS,13,1.87,2.0,4.74,2.85
00-0040242,Jacory Croskey-Merritt,RB,WAS,14,3.47,3.0,4.3,2.9
00-0040242,Jacory Croskey-Merritt,RB,WAS,15,8.74,15.0,5.85,7.14
00-0040242,Jacory Croskey-Merritt,RB,WAS,16,11.36,8.0,7.78,7.44
00-0040242,Jacory Croskey-Merritt,RB,WAS,17,7.56,22.0,7.7,12.54
00-0040242,Jacory Croskey-Merritt,RB,WAS,18,12.77,2.0,9.48,8.85
00-0040244,Moliki Matavao,TE,NO,17,1.2,1.0,1.2,1.0
00-0040259,Gage Larvadain,WR,CLE,6,2.24,2.0,2.24,2.0
00-0040259,Gage Larvadain,WR,CLE,7,0.85,0.0,1.75,1.3
00-0040259,Gage Larvadain,WR,CLE,8,0.79,0.0,1.42,0.85
00-0040259,Gage Larvadain,WR,CLE,11,1.26,0.0,1.36,0.55
00-0040259,Gage Larvadain,WR,CLE,13,2.01,0.0,1.59,0.36
00-0040259,Gage Larvadain,WR,CLE,14,2.01,1.0,1.74,0.58
00-0040259,Gage Larvadain,WR,CLE,15,1.28,0.0,1.57,0.38
00-0040277,Jahdae Walker,WR,CHI,16,5.21,8.0,5.21,8.0
00-0040277,Jahdae Walker,WR,CHI,17,5.53,3.0,5.32,6.25
00-0040277,Jahdae Walker,WR,CHI,18,4.78,9.0,5.13,7.21
00-0040311,Theo Wease Jr.,WR,MIA,16,4.53,3.0,4.53,3.0
00-0040311,Theo Wease Jr.,WR,MIA,17,1.07,12.0,3.32,6.15
00-0040311,Theo Wease Jr.,WR,MIA,18,6.14,4.0,4.3,5.4
00-0040317,Jacoby Jones,WR,WAS,11,0.56,2.0,0.56,2.0
00-0040352,Coleman Owen,WR,IND,16,0.53,0.0,0.53,0.0
00-0040363,Keleki Latu,TE,BUF,11,0.62,0.0,0.62,0.0
00-0040363,Keleki Latu,TE,BUF,18,2.1,3.0,1.14,1.05
00-0040388,Jakobie Keeney-James,WR,GB,18,1.3,1.0,1.3,1.0
00-0040398,Brady Cook,QB,NYJ,14,9.68,2.0,9.68,2.0
00-0040398,Brady Cook,QB,NYJ,15,13.42,8.0,10.99,4.1
00-0040398,Brady Cook,QB,NYJ,16,9.33,3.0,10.41,3.71
00-0040398,Brady Cook,QB,NYJ,17,8.31,4.0,9.67,3.81
00-0040398,Brady Cook,QB,NYJ,18,6.12,8.0,8.43,5.28
00-0040406,Quentin Skinner,WR,NYJ,18,0.45,3.0,0.45,3.0
00-0040429,Josh Williams,RB,TB,8,1.99,1.0,1.99,1.0
00-0040432,Beaux Collins,WR,NYG,5,1.69,0.0,1.69,0.0
00-0040432,Beaux Collins,WR,NYG,7,1.56,0.0,1.65,0.0
00-0040432,Beaux Collins,WR,NYG,8,3.95,1.0,2.45,0.35
00-0040466,Raheim Sanders,RB,CLE,1,7.81,6.0,7.81,6.0
00-0040466,Raheim Sanders,RB,CLE,16,11.12,4.0,8.97,5.3
00-0040466,Raheim Sanders,RB,CLE,17,5.22,3.0,7.66,4.5
00-0040466,Raheim Sanders,RB,CLE,18,3.21,2.0,6.1,3.62
00-0040476,Ulysses Bentley IV,RB,IND,1,0.49,0.0,0.49,0.0
00-0040488,Carter Runyon,TE,LV,7,0.5,0.0,0.5,0.0
00-0040494,Max Brosmer,QB,MIN,3,1.48,1.0,1.48,1.0
00-0040494,Max Brosmer,QB,MIN,5,-0.1,-1.0,0.92,0.3
00-0040494,Max Brosmer,QB,MIN,8,0.81,0.0,0.89,0.2
00-0040494,Max Brosmer,QB,MIN,13,8.26,-4.0,3.47,-1.27
00-0040494,Max Brosmer,QB,MIN,16,2.34,1.0,3.07,-0.48
00-0040494,Max Brosmer,QB,MIN,17,7.5,3.0,4.62,0.74
00-0040494,Max Brosmer,QB,MIN,18,3.28,0.0,4.15,0.48
00-0040509,Ben Yurosek,TE,MIN,8,1.3,0.0,1.3,0.0
00-0040509,Ben Yurosek,TE,MIN,18,0.65,0.0,1.07,0.0
00-0040522,Xavier Restrepo,WR,TEN,12,6.9,2.0,6.9,2.0
00-0040522,Xavier Restrepo,WR,TEN,13,0.92,1.0,4.81,1.65
00-0040534,Ke'Shawn Williams,WR,CIN,16,0.48,0.0,0.48,0.0
00-0040534,Ke'Shawn Williams,WR,CIN,17,0.95,0.0,0.64,0.0
00-0040534,Ke'Shawn Williams,WR,CIN,18,1.1,0.0,0.8,0.0
00-0040547,Nate Carter,RB,ATL,3,3.86,2.0,3.86,2.0
00-0040547,Nate Carter,RB,ATL,8,0.92,1.0,2.83,1.65
00-0040556,Corey Kiner,RB,ARI,15,0.85,1.0,0.85,1.0
00-0040556,Corey Kiner,RB,ARI,16,3.06,3.0,1.63,1.7
00-0040556,Corey Kiner,RB,ARI,17,0.44,0.0,1.21,1.1
00-0040556,Corey Kiner,RB,ARI,18,3.44,2.0,1.99,1.42
00-0040563,Efton Chism III,WR,NE,17,3.32,10.0,3.32,10.0
00-0040563,Efton Chism III,WR,NE,18,1.39,3.0,2.64,7.55
00-0040581,Dont'e Thornton Jr.,WR,LV,1,5.63,4.0,5.63,4.0
00-0040581,Dont'e Thornton Jr.,WR,LV,2,6.05,2.0,5.78,3.3
00-0040581,Dont'e Thornton Jr.,WR,LV,3,3.93,2.0,5.13,2.84
00-0040581,Dont'e Thornton Jr.,WR,LV,4,2.83,0.0,4.33,1.85
00-0040581,Dont'e Thornton Jr.,WR,LV,5,1.81,0.0,3.45,1.2
00-0040581,Dont'e Thornton Jr.,WR,LV,7,2.56,0.0,3.13,0.78
00-0040581,Dont'e Thornton Jr.,WR,LV,10,0.38,0.0,2.17,0.51
00-0040581,Dont'e Thornton Jr.,WR,LV,12,2.29,1.0,2.21,0.68
00-0040581,Dont'e Thornton Jr.,WR,LV,13,1.51,1.0,1.97,0.79
00-0040581,Dont'e Thornton Jr.,WR,LV,17,5.42,1.0,3.17,0.86
00-0040581,Dont'e Thornton Jr.,WR,LV,18,1.77,0.0,2.68,0.56
00-0040582,Arian Smith,WR,NYJ,2,2.68,-1.0,2.68,-1.0
00-0040582,Arian Smith,WR,NYJ,3,1.09,0.0,2.12,-0.65
00-0040582,Arian Smith,WR,NYJ,5,0.57,1.0,1.58,-0.07
00-0040582,Arian Smith,WR,NYJ,6,0.78,0.0,1.3,-0.05
00-0040582,Arian Smith,WR,NYJ,7,3.76,0.0,2.16,-0.03
00-0040582,Arian Smith,WR,NYJ,8,1.3,2.0,1.86,0.68
00-0040582,Arian Smith,WR,NYJ,10,0.66,1.0,1.44,0.79
00-0040582,Arian Smith,WR,NYJ,12,0.73,0.0,1.19,0.51
00-0040582,Arian Smith,WR,NYJ,15,1.53,0.0,1.31,0.33
00-0040582,Arian Smith,WR,NYJ,16,1.41,0.0,1.34,0.22
00-0040582,Arian Smith,WR,NYJ,17,0.27,0.0,0.97,0.14
00-0040582,Arian Smith,WR,NYJ,18,1.65,0.0,1.21,0.09
00-0040583,Woody Marks,RB,HOU,1,1.41,0.0,1.41,0.0
00-0040583,Woody Marks,RB,HOU,2,2.12,4.0,1.65,1.4
00-0040583,Woody Marks,RB,HOU,3,4.25,2.0,2.56,1.61
00-0040583,Woody Marks,RB,HOU,4,12.86,23.0,6.17,9.1
00-0040583,Woody Marks,RB,HOU,5,5.78,2.0,6.03,6.61
00-0040583,Woody Marks,RB,HOU,7,14.86,9.0,9.12,7.45
00-0040583,Woody Marks,RB,HOU,8,8.61,10.0,8.94,8.34
00-0040583,Woody Marks,RB,HOU,9,7.53,2.0,8.45,6.12
00-0040583,Woody Marks,RB,HOU,10,15.03,13.0,10.75,8.53
00-0040583,Woody Marks,RB,HOU,11,13.34,4.0,11.66,6.94
00-0040583,Woody Marks,RB,HOU,12,12.17,6.0,11.84,6.61
00-0040583,Woody Marks,RB,HOU,13,9.39,6.0,10.98,6.4
00-0040583,Woody Marks,RB,HOU,14,16.11,12.0,12.78,8.36
00-0040583,Woody Marks,RB,HOU,15,9.2,3.0,11.52,6.48
00-0040583,Woody Marks,RB,HOU,17,10.48,7.0,11.16,6.66
00-0040583,Woody Marks,RB,HOU,18,7.24,4.0,9.79,5.73
00-0040584,Gunnar Helm,TE,TEN,1,2.71,1.0,2.71,1.0
00-0040584,Gunnar Helm,TE,TEN,2,0.89,0.0,2.08,0.65
00-0040584,Gunnar Helm,TE,TEN,3,1.84,2.0,1.99,1.12
00-0040584,Gunnar Helm,TE,TEN,4,0.88,1.0,1.6,1.08
00-0040584,Gunnar Helm,TE,TEN,5,3.54,3.0,2.28,1.75
00-0040584,Gunnar Helm,TE,TEN,6,3.47,1.0,2.7,1.49
00-0040584,Gunnar Helm,TE,TEN,7,4.44,3.0,3.31,2.02
00-0040584,Gunnar Helm,TE,TEN,8,7.06,8.0,4.62,4.11
00-0040584,Gunnar Helm,TE,TEN,9,0.99,1.0,3.35,3.02
00-0040584,Gunnar Helm,TE,TEN,11,3.03,2.0,3.24,2.66
00-0040584,Gunnar Helm,TE,TEN,12,5.48,5.0,4.02,3.48
00-0040584,Gunnar Helm,TE,TEN,13,6.37,2.0,4.85,2.96
00-0040584,Gunnar Helm,TE,TEN,14,1.19,0.0,3.57,1.93
00-0040584,Gunnar Helm,TE,TEN,15,3.44,10.0,3.52,4.75
00-0040584,Gunnar Helm,TE,TEN,16,2.37,0.0,3.12,3.09
00-0040584,Gunnar Helm,TE,TEN,17,0.94,0.0,2.36,2.01
00-0040586,Jaydon Blue,RB,DAL,5,1.83,0.0,1.83,0.0
00-0040586,Jaydon Blue,RB,DAL,6,1.32,0.0,1.65,0.0
00-0040586,Jaydon Blue,RB,DAL,7,3.94,2.0,2.45,0.7
00-0040586,Jaydon Blue,RB,DAL,8,3.84,2.0,2.94,1.15
00-0040586,Jaydon Blue,RB,DAL,18,12.06,12.0,6.13,4.95
00-0040590,Konata Mumpfield,WR,LA,6,2.02,0.0,2.02,0.0
00-0040590,Konata Mumpfield,WR,LA,7,3.52,6.0,2.54,2.1
00-0040590,Konata Mumpfield,WR,LA,10,1.73,0.0,2.26,1.36
00-0040590,Konata Mumpfield,WR,LA,12,2.44,2.0,2.32,1.59
00-0040590,Konata Mumpfield,WR,LA,14,0.69,0.0,1.75,1.03
00-0040590,Konata Mumpfield,WR,LA,15,1.7,0.0,1.73,0.67
00-0040590,Konata Mumpfield,WR,LA,16,8.11,4.0,3.96,1.84
00-0040590,Konata Mumpfield,WR,LA,17,5.74,1.0,4.59,1.54
00-0040590,Konata Mumpfield,WR,LA,18,0.69,0.0,3.22,1.0
00-0040628,Drake Dabney,TE,GB,18,2.0,0.0,2.0,0.0
00-0040644,Trevor Etienne,RB,CAR,1,0.49,0.0,0.49,0.0
00-0040644,Trevor Etienne,RB,CAR,2,0.44,0.0,0.48,0.0
00-0040644,Trevor Etienne,RB,CAR,4,7.19,3.0,2.83,1.05
00-0040644,Trevor Etienne,RB,CAR,5,2.56,2.0,2.73,1.38
00-0040644,Trevor Etienne,RB,CAR,6,1.97,1.0,2.47,1.25
00-0040644,Trevor Etienne,RB,CAR,8,2.23,1.0,2.38,1.16
00-0040644,Trevor Etienne,RB,CAR,11,0.47,0.0,1.71,0.76
00-0040644,Trevor Etienne,RB,CAR,13,0.55,0.0,1.31,0.49
00-0040646,Jalen Royals,WR,KC,18,3.52,0.0,3.52,0.0
00-0040648,Tory Horton,WR,SEA,2,5.68,9.0,5.68,9.0
00-0040648,Tory Horton,WR,SEA,3,5.28,15.0,5.54,11.1
00-0040648,Tory Horton,WR,SEA,4,3.27,1.0,4.74,7.57
00-0040648,Tory Horton,WR,SEA,5,5.84,9.0,5.13,8.07
00-0040648,Tory Horton,WR,SEA,6,1.94,0.0,4.01,5.24
00-0040648,Tory Horton,WR,SEA,7,5.57,0.0,4.56,3.41
00-0040648,Tory Horton,WR,SEA,9,7.12,16.0,5.45,7.82
00-0040663,Harold Fannin Jr.,TE,CLE,1,8.41,6.0,8.41,6.0
00-0040663,Harold Fannin Jr.,TE,CLE,2,3.99,4.0,6.86,5.3
00-0040663,Harold Fannin Jr.,TE,CLE,3,1.79,2.0,5.09,4.15
00-0040663,Harold Fannin Jr.,TE,CLE,4,4.99,2.0,5.05,3.39
00-0040663,Harold Fannin Jr.,TE,CLE,5,5.07,7.0,5.06,4.66
00-0040663,Harold Fannin Jr.,TE,CLE,6,6.62,8.0,5.61,5.83
00-0040663,Harold Fannin Jr.,TE,CLE,7,3.78,3.0,4.97,4.84
00-0040663,Harold Fannin Jr.,TE,CLE,8,6.91,12.0,5.65,7.34
00-0040663,Harold Fannin Jr.,TE,CLE,10,4.92,4.0,5.4,6.17
00-0040663,Harold Fannin Jr.,TE,CLE,11,3.27,2.0,4.65,4.71
00-0040663,Harold Fannin Jr.,TE,CLE,12,3.97,4.0,4.41,4.46
00-0040663,Harold Fannin Jr.,TE,CLE,13,2.94,8.0,3.9,5.7
00-0040663,Harold Fannin Jr.,TE,CLE,14,8.56,17.0,5.53,9.66
00-0040663,Harold Fannin Jr.,TE,CLE,15,11.64,4.0,7.67,7.68
00-0040663,Harold Fannin Jr.,TE,CLE,16,8.12,15.0,7.82,10.24
00-0040663,Harold Fannin Jr.,TE,CLE,17,2.9,9.0,6.1,9.81
00-0040666,Omarion Hampton,RB,LAC,1,9.84,5.0,9.84,5.0
00-0040666,Omarion Hampton,RB,LAC,2,13.72,2.0,11.2,3.95
00-0040666,Omarion Hampton,RB,LAC,3,16.33,18.0,12.99,8.87
00-0040666,Omarion Hampton,RB,LAC,4,9.06,21.0,11.62,13.11
00-0040666,Omarion Hampton,RB,LAC,5,10.75,6.0,11.32,10.62
00-0040666,Omarion Hampton,RB,LAC,14,11.63,12.0,11.42,11.11
00-0040666,Omarion Hampton,RB,LAC,15,8.56,6.0,10.42,9.32
00-0040666,Omarion Hampton,RB,LAC,16,11.87,15.0,10.93,11.31
00-0040666,Omarion Hampton,RB,LAC,17,13.68,11.0,11.89,11.2
00-0040667,Matthew Golden,WR,GB,1,1.44,1.0,1.44,1.0
00-0040667,Matthew Golden,WR,GB,2,6.65,1.0,3.27,1.0
00-0040667,Matthew Golden,WR,GB,3,4.46,5.0,3.68,2.4
00-0040667,Matthew Golden,WR,GB,4,8.79,5.0,5.47,3.31
00-0040667,Matthew Golden,WR,GB,6,6.67,9.0,5.89,5.3
00-0040667,Matthew Golden,WR,GB,7,2.9,3.0,4.84,4.5
00-0040667,Matthew Golden,WR,GB,8,1.71,0.0,3.75,2.92
00-0040667,Matthew Golden,WR,GB,9,2.93,0.0,3.46,1.9
00-0040667,Matthew Golden,WR,GB,11,3.4,2.0,3.44,1.93
00-0040667,Matthew Golden,WR,GB,14,1.36,0.0,2.71,1.26
00-0040667,Matthew Golden,WR,GB,15,4.27,5.0,3.26,2.57
00-0040667,Matthew Golden,WR,GB,16,2.57,0.0,3.02,1.67
00-0040667,Matthew Golden,WR,GB,17,3.01,1.0,3.01,1.43
00-0040667,Matthew Golden,WR,GB,18,1.4,0.0,2.45,0.93
00-0040668,Shedeur Sanders,QB,CLE,11,5.92,0.0,5.92,0.0
00-0040668,Shedeur Sanders,QB,CLE,12,6.1,9.0,5.98,3.15
00-0040668,Shedeur Sanders,QB,CLE,13,6.37,9.0,6.12,5.2
00-0040668,Shedeur Sanders,QB,CLE,14,17.65,32.0,10.15,14.58
00-0040668,Shedeur Sanders,QB,CLE,15,11.57,3.0,10.65,10.53
00-0040668,Shedeur Sanders,QB,CLE,16,10.42,10.0,10.57,10.34
00-0040668,Shedeur Sanders,QB,CLE,17,9.56,9.0,10.22,9.87
00-0040668,Shedeur Sanders,QB,CLE,18,10.72,4.0,10.39,7.82
00-0040669,Isaac TeSlaa,WR,DET,1,2.18,7.0,2.18,7.0
00-0040669,Isaac TeSlaa,WR,DET,2,1.03,2.0,1.78,5.25
00-0040669,Isaac TeSlaa,WR,DET,3,2.27,0.0,1.95,3.41
00-0040669,Isaac TeSlaa,WR,DET,5,2.98,7.0,2.31,4.67
00-0040669,Isaac TeSlaa,WR,DET,7,3.4,0.0,2.69,3.03
00-0040669,Isaac TeSlaa,WR,DET,10,1.07,1.0,2.12,2.32
00-0040669,Isaac TeSlaa,WR,DET,11,0.93,0.0,1.7,1.51
00-0040669,Isaac TeSlaa,WR,DET,12,0.93,0.0,1.43,0.98
00-0040669,Isaac TeSlaa,WR,DET,13,4.61,9.0,2.55,3.79
00-0040669,Isaac TeSlaa,WR,DET,14,5.81,8.0,3.69,5.26
00-0040669,Isaac TeSlaa,WR,DET,15,2.87,0.0,3.4,3.42
00-0040669,Isaac TeSlaa,WR,DET,16,11.6,11.0,6.27,6.07
00-0040669,Isaac TeSlaa,WR,DET,17,6.35,10.0,6.3,7.45
00-0040669,Isaac TeSlaa,WR,DET,18,1.37,1.0,4.57,5.19
00-0040673,Jalen Milroe,QB,SEA,1,0.48,0.0,0.48,0.0
00-0040673,Jalen Milroe,QB,SEA,3,0.69,0.0,0.55,0.0
00-0040673,Jalen Milroe,QB,SEA,5,0.0,-2.0,0.36,-0.7
00-0040676,Cam Ward,QB,TEN,1,7.9,2.0,7.9,2.0
00-0040676,Cam Ward,QB,TEN,2,13.4,9.0,9.82,4.45
00-0040676,Cam Ward,QB,TEN,3,15.72,11.0,11.89,6.74
00-0040676,Cam Ward,QB,TEN,4,7.91,4.0,10.5,5.78
00-0040676,Cam Ward,QB,TEN,5,11.71,7.0,10.92,6.21
00-0040676,Cam Ward,QB,TEN,6,13.27,6.0,11.74,6.14
00-0040676,Cam Ward,QB,TEN,7,9.11,10.0,10.82,7.49
00-0040676,Cam Ward,QB,TEN,8,18.87,12.0,13.64,9.07
00-0040676,Cam Ward,QB,TEN,9,8.04,5.0,11.68,7.64
00-0040676,Cam Ward,QB,TEN,11,13.36,12.0,12.27,9.17
00-0040676,Cam Ward,QB,TEN,12,19.91,23.0,14.94,14.01
00-0040676,Cam Ward,QB,TEN,13,12.43,5.0,14.07,10.86
00-0040676,Cam Ward,QB,TEN,14,9.61,10.0,12.51,10.56
00-0040676,Cam Ward,QB,TEN,15,12.74,14.0,12.59,11.76
00-0040676,Cam Ward,QB,TEN,16,12.19,17.0,12.45,13.6
00-0040676,Cam Ward,QB,TEN,17,14.79,17.0,13.27,14.79
00-0040676,Cam Ward,QB,TEN,18,4.1,9.0,10.06,12.76
00-0040691,Jaxson Dart,QB,NYG,2,0.7,-1.0,0.7,-1.0
00-0040691,Jaxson Dart,QB,NYG,3,0.7,0.0,0.7,-0.65
00-0040691,Jaxson Dart,QB,NYG,4,19.66,19.0,7.34,6.23
00-0040691,Jaxson Dart,QB,NYG,5,22.19,15.0,12.54,9.3
00-0040691,Jaxson Dart,QB,NYG,6,18.57,22.0,14.65,13.74
00-0040691,Jaxson Dart,QB,NYG,7,17.03,28.0,15.48,18.73
00-0040691,Jaxson Dart,QB,NYG,8,17.47,18.0,16.18,18.48
00-0040691,Jaxson Dart,QB,NYG,9,21.68,26.0,18.1,21.11
00-0040691,Jaxson Dart,QB,NYG,10,20.48,25.0,18.93,22.47
00-0040691,Jaxson Dart,QB,NYG,13,9.02,13.0,15.46,19.16
00-0040691,Jaxson Dart,QB,NYG,15,25.18,21.0,18.86,19.8
00-0040691,Jaxson Dart,QB,NYG,16,4.57,-1.0,13.86,12.52
00-0040691,Jaxson Dart,QB,NYG,17,19.26,24.0,15.75,16.54
00-0040691,Jaxson Dart,QB,NYG,18,21.37,20.0,17.72,17.75
00-0040704,Dillon Gabriel,QB,CLE,2,1.68,4.0,1.68,4.0
00-0040704,Dillon Gabriel,QB,CLE,4,0.3,0.0,1.2,2.6
00-0040704,Dillon Gabriel,QB,CLE,5,16.75,15.0,6.64,6.94
00-0040704,Dillon Gabriel,QB,CLE,6,13.98,8.0,9.21,7.31
00-0040704,Dillon Gabriel,QB,CLE,7,7.41,5.0,8.58,6.5
00-0040704,Dillon Gabriel,QB,CLE,8,14.29,11.0,10.58,8.08
00-0040704,Dillon Gabriel,QB,CLE,10,14.48,19.0,11.94,11.9
00-0040704,Dillon Gabriel,QB,CLE,11,4.66,2.0,9.39,8.43
00-0040704,Dillon Gabriel,QB,CLE,13,0.18,0.0,6.17,5.48
00-0040705,Chimere Dike,WR,TEN,1,2.27,0.0,2.27,0.0
00-0040705,Chimere Dike,WR,TEN,2,6.57,-1.0,3.77,-0.35
00-0040705,Chimere Dike,WR,TEN,3,6.44,0.0,4.71,-0.23
00-0040705,Chimere Dike,WR,TEN,4,0.63,-1.0,3.28,-0.5
00-0040705,Chimere Dike,WR,TEN,5,5.15,1.0,3.94,0.03
00-0040705,Chimere Dike,WR,TEN,6,1.77,0.0,3.18,0.02
00-0040705,Chimere Dike,WR,TEN,7,4.85,12.0,3.76,4.21
00-0040705,Chimere Dike,WR,TEN,8,7.9,9.0,5.21,5.89
00-0040705,Chimere Dike,WR,TEN,9,3.26,6.0,4.53,5.93
00-0040705,Chimere Dike,WR,TEN,11,1.78,1.0,3.57,4.2
00-0040705,Chimere Dike,WR,TEN,12,8.57,16.0,5.32,8.33
00-0040705,Chimere Dike,WR,TEN,13,4.54,-2.0,5.05,4.72
00-0040705,Chimere Dike,WR,TEN,14,7.75,8.0,5.99,5.87
00-0040705,Chimere Dike,WR,TEN,15,5.72,0.0,5.9,3.81
00-0040705,Chimere Dike,WR,TEN,16,6.95,10.0,6.27,5.98
00-0040705,Chimere Dike,WR,TEN,17,5.19,5.0,5.89,5.64
00-0040705,Chimere Dike,WR,TEN,18,2.41,2.0,4.67,4.36
00-0040715,Cam Skattebo,RB,NYG,1,5.66,0.0,5.66,0.0
00-0040715,Cam Skattebo,RB,NYG,2,11.34,11.0,7.65,3.85
00-0040715,Cam Skattebo,RB,NYG,3,9.95,18.0,8.46,8.8
00-0040715,Cam Skattebo,RB,NYG,4,19.77,10.0,12.42,9.22
00-0040715,Cam Skattebo,RB,NYG,5,11.82,7.0,12.21,8.44
00-0040715,Cam Skattebo,RB,NYG,6,16.07,28.0,13.56,15.29
00-0040715,Cam Skattebo,RB,NYG,7,11.14,15.0,12.71,15.19
00-0040715,Cam Skattebo,RB,NYG,8,3.62,8.0,9.53,12.67
00-0040719,Bhayshul Tuten,RB,JAX,1,1.3,1.0,1.3,1.0
00-0040719,Bhayshul Tuten,RB,JAX,2,6.42,13.0,3.09,5.2
00-0040719,Bhayshul Tuten,RB,JAX,3,6.48,8.0,4.28,6.18
00-0040719,Bhayshul Tuten,RB,JAX,4,2.24,1.0,3.56,4.37
00-0040719,Bhayshul Tuten,RB,JAX,5,2.46,0.0,3.18,2.84
00-0040719,Bhayshul Tuten,RB,JAX,6,2.87,2.0,3.07,2.55
00-0040719,Bhayshul Tuten,RB,JAX,7,2.45,2.0,2.85,2.35
00-0040719,Bhayshul Tuten,RB,JAX,9,13.11,7.0,6.44,3.98
00-0040719,Bhayshul Tuten,RB,JAX,10,3.38,0.0,5.37,2.59
00-0040719,Bhayshul Tuten,RB,JAX,11,8.9,13.0,6.61,6.23
00-0040719,Bhayshul Tuten,RB,JAX,12,4.03,1.0,5.7,4.4
00-0040719,Bhayshul Tuten,RB,JAX,13,8.95,7.0,6.84,5.31
00-0040719,Bhayshul Tuten,RB,JAX,14,1.16,-2.0,4.85,2.75
00-0040719,Bhayshul Tuten,RB,JAX,15,2.6,7.0,4.06,4.24
00-0040719,Bhayshul Tuten,RB,JAX,18,4.1,8.0,4.08,5.56
00-0040727,Tre Harris,WR,LAC,1,0.76,1.0,0.76,1.0
00-0040727,Tre Harris,WR,LAC,2,2.99,3.0,1.54,1.7
00-0040727,Tre Harris,WR,LAC,3,1.13,0.0,1.39,1.1
00-0040727,Tre Harris,WR,LAC,4,0.35,0.0,1.03,0.72
00-0040727,Tre Harris,WR,LAC,6,4.65,2.0,2.29,1.17
00-0040727,Tre Harris,WR,LAC,7,2.09,2.0,2.22,1.46
00-0040727,Tre Harris,WR,LAC,8,4.23,6.0,2.93,3.05
00-0040727,Tre Harris,WR,LAC,9,1.65,1.0,2.48,2.33
00-0040727,Tre Harris,WR,LAC,10,1.09,0.0,1.99,1.52
00-0040727,Tre Harris,WR,LAC,11,0.48,1.0,1.46,1.33
00-0040727,Tre Harris,WR,LAC,13,3.73,3.0,2.25,1.92
00-0040727,Tre Harris,WR,LAC,14,2.73,1.0,2.42,1.6
00-0040727,Tre Harris,WR,LAC,15,3.82,4.0,2.91,2.44
00-0040727,Tre Harris,WR,LAC,16,4.3,5.0,3.4,3.33
00-0040727,Tre Harris,WR,LAC,17,1.51,0.0,2.74,2.17
00-0040727,Tre Harris,WR,LAC,18,5.85,2.0,3.83,2.11
00-0040729,Jack Bech,WR,LV,1,0.97,2.0,0.97,2.0
00-0040729,Jack Bech,WR,LV,3,0.73,1.0,0.89,1.65
00-0040729,Jack Bech,WR,LV,5,4.31,2.0,2.09,1.77
00-0040729,Jack Bech,WR,LV,6,0.4,0.0,1.5,1.15
00-0040729,Jack Bech,WR,LV,7,1.18,1.0,1.38,1.1
00-0040729,Jack Bech,WR,LV,10,0.54,0.0,1.09,0.71
00-0040729,Jack Bech,WR,LV,11,0.6,1.0,0.92,0.81
00-0040729,Jack Bech,WR,LV,13,2.21,2.0,1.37,1.23
00-0040729,Jack Bech,WR,LV,14,5.15,5.0,2.69,2.55
00-0040729,Jack Bech,WR,LV,15,1.9,1.0,2.41,2.01
00-0040729,Jack Bech,WR,LV,16,2.57,4.0,2.47,2.7
00-0040729,Jack Bech,WR,LV,18,1.63,0.0,2.18,1.76
00-0040730,RJ Harvey,RB,DEN,1,3.71,6.0,3.71,6.0
00-0040730,RJ Harvey,RB,DEN,2,3.95,1.0,3.79,4.25
00-0040730,RJ Harvey,RB,DEN,3,3.0,1.0,3.52,3.11
00-0040730,RJ Harvey,RB,DEN,4,14.56,15.0,7.38,7.27
00-0040730,RJ Harvey,RB,DEN,5,4.11,2.0,6.24,5.43
00-0040730,RJ Harvey,RB,DEN,6,3.33,2.0,5.22,4.23
00-0040730,RJ Harvey,RB,DEN,7,6.29,6.0,5.6,4.85
00-0040730,RJ Harvey,RB,DEN,8,9.25,22.0,6.88,10.85
00-0040730,RJ Harvey,RB,DEN,9,5.23,11.0,6.3,10.9
00-0040730,RJ Harvey,RB,DEN,10,5.14,0.0,5.89,7.09
00-0040730,RJ Harvey,RB,DEN,11,8.13,5.0,6.68,6.36
00-0040730,RJ Harvey,RB,DEN,13,14.67,17.0,9.47,10.08
00-0040730,RJ Harvey,RB,DEN,14,15.45,15.0,11.56,11.8
00-0040730,RJ Harvey,RB,DEN,15,11.91,10.0,11.69,11.17
00-0040730,RJ Harvey,RB,DEN,16,6.75,18.0,9.96,13.56
00-0040730,RJ Harvey,RB,DEN,17,14.1,13.0,11.41,13.37
00-0040730,RJ Harvey,RB,DEN,18,13.82,2.0,12.25,9.39
00-0040734,TreVeyon Henderson,RB,NE,1,6.38,4.0,6.38,4.0
00-0040734,TreVeyon Henderson,RB,NE,2,2.83,4.0,5.14,4.0
00-0040734,TreVeyon Henderson,RB,NE,3,7.72,3.0,6.04,3.65
00-0040734,TreVeyon Henderson,RB,NE,4,5.28,10.0,5.77,5.87
00-0040734,TreVeyon Henderson,RB,NE,5,4.95,2.0,5.49,4.52
00-0040734,TreVeyon Henderson,RB,NE,6,5.79,2.0,5.59,3.64
00-0040734,TreVeyon Henderson,RB,NE,7,0.88,0.0,3.94,2.36
00-0040734,TreVeyon Henderson,RB,NE,8,6.26,5.0,4.75,3.29
00-0040734,TreVeyon Henderson,RB,NE,9,11.68,8.0,7.18,4.94
00-0040734,TreVeyon Henderson,RB,NE,10,13.35,26.0,9.34,12.31
00-0040734,TreVeyon Henderson,RB,NE,11,18.23,27.0,12.45,17.45
00-0040734,TreVeyon Henderson,RB,NE,12,16.72,7.0,13.95,13.79
00-0040734,TreVeyon Henderson,RB,NE,13,11.07,7.0,12.94,11.42
00-0040734,TreVeyon Henderson,RB,NE,15,11.23,27.0,12.34,16.87
00-0040734,TreVeyon Henderson,RB,NE,16,3.22,0.0,9.15,10.97
00-0040734,TreVeyon Henderson,RB,NE,17,16.41,8.0,11.69,9.93
00-0040734,TreVeyon Henderson,RB,NE,18,11.39,17.0,11.58,12.4
00-0040735,Luther Burden III,WR,CHI,1,0.5,-1.0,0.5,-1.0
00-0040735,Luther Burden III,WR,CHI,2,1.87,0.0,0.98,-0.65
00-0040735,Luther Burden III,WR,CHI,3,6.0,16.0,2.73,5.18
00-0040735,Luther Burden III,WR,CHI,4,1.14,-1.0,2.17,3.02
00-0040735,Luther Burden III,WR,CHI,6,2.8,5.0,2.39,3.71
00-0040735,Luther Burden III,WR,CHI,7,3.78,1.0,2.88,2.76
00-0040735,Luther Burden III,WR,CHI,8,0.45,-1.0,2.03,1.44
00-0040735,Luther Burden III,WR,CHI,10,3.24,5.0,2.45,2.69
00-0040735,Luther Burden III,WR,CHI,11,4.4,2.0,3.13,2.45
00-0040735,Luther Burden III,WR,CHI,12,5.06,5.0,3.81,3.34
00-0040735,Luther Burden III,WR,CHI,13,5.5,3.0,4.4,3.22
00-0040735,Luther Burden III,WR,CHI,14,6.0,6.0,4.96,4.19
00-0040735,Luther Burden III,WR,CHI,15,5.54,8.0,5.16,5.53
00-0040735,Luther Burden III,WR,CHI,17,8.34,19.0,6.27,10.24
00-0040735,Luther Burden III,WR,CHI,18,3.36,4.0,5.25,8.06
00-0040736,Mason Taylor,TE,NYJ,1,1.44,2.0,1.44,2.0
00-0040736,Mason Taylor,TE,NYJ,2,1.46,0.0,1.45,1.3
00-0040736,Mason Taylor,TE,NYJ,3,3.4,1.0,2.13,1.2
00-0040736,Mason Taylor,TE,NYJ,4,5.38,6.0,3.27,2.88
00-0040736,Mason Taylor,TE,NYJ,5,9.73,8.0,5.53,4.67
00-0040736,Mason Taylor,TE,NYJ,6,0.52,0.0,3.77,3.04
00-0040736,Mason Taylor,TE,NYJ,7,3.05,3.0,3.52,3.02
00-0040736,Mason Taylor,TE,NYJ,8,12.06,9.0,6.51,5.11
00-0040736,Mason Taylor,TE,NYJ,10,1.02,0.0,4.59,3.32
00-0040736,Mason Taylor,TE,NYJ,11,2.54,3.0,3.87,3.21
00-0040736,Mason Taylor,TE,NYJ,12,3.43,2.0,3.72,2.79
00-0040736,Mason Taylor,TE,NYJ,13,3.43,2.0,3.62,2.51
00-0040736,Mason Taylor,TE,NYJ,14,5.2,5.0,4.17,3.38
00-0040737,Terrance Ferguson,TE,LA,5,1.09,2.0,1.09,2.0
00-0040737,Terrance Ferguson,TE,LA,6,2.45,0.0,1.57,1.3
00-0040737,Terrance Ferguson,TE,LA,7,7.06,9.0,3.49,4.0
00-0040737,Terrance Ferguson,TE,LA,9,5.32,5.0,4.13,4.35
00-0040737,Terrance Ferguson,TE,LA,10,6.28,3.0,4.88,3.88
00-0040737,Terrance Ferguson,TE,LA,12,1.52,0.0,3.71,2.52
00-0040737,Terrance Ferguson,TE,LA,13,4.6,0.0,4.02,1.64
00-0040737,Terrance Ferguson,TE,LA,14,3.65,0.0,3.89,1.06
00-0040737,Terrance Ferguson,TE,LA,15,2.75,0.0,3.49,0.69
00-0040737,Terrance Ferguson,TE,LA,16,6.36,9.0,4.49,3.6
00-0040737,Terrance Ferguson,TE,LA,17,5.96,11.0,5.01,6.19
00-0040739,Elijah Arroyo,TE,SEA,1,0.82,0.0,0.82,0.0
00-0040739,Elijah Arroyo,TE,SEA,2,2.21,3.0,1.31,1.05
00-0040739,Elijah Arroyo,TE,SEA,3,0.93,0.0,1.18,0.68
00-0040739,Elijah Arroyo,TE,SEA,4,7.59,4.0,3.42,1.84
00-0040739,Elijah Arroyo,TE,SEA,5,0.67,1.0,2.46,1.55
00-0040739,Elijah Arroyo,TE,SEA,6,1.98,0.0,2.29,1.01
00-0040739,Elijah Arroyo,TE,SEA,7,6.69,2.0,3.83,1.35
00-0040739,Elijah Arroyo,TE,SEA,9,4.43,8.0,4.04,3.68
00-0040739,Elijah Arroyo,TE,SEA,10,0.71,0.0,2.88,2.39
00-0040739,Elijah Arroyo,TE,SEA,11,2.19,0.0,2.64,1.55
00-0040739,Elijah Arroyo,TE,SEA,12,0.64,0.0,1.94,1.01
00-0040739,Elijah Arroyo,TE,SEA,13,2.41,0.0,2.1,0.66
00-0040739,Elijah Arroyo,TE,SEA,14,1.59,0.0,1.92,0.43
00-0040743,Tyler Shough,QB,NO,3,0.56,0.0,0.56,0.0
00-0040743,Tyler Shough,QB,NO,8,11.89,4.0,4.52,1.4
00-0040743,Tyler Shough,QB,NO,9,7.38,9.0,5.53,4.06
00-0040743,Tyler Shough,QB,NO,10,9.15,18.0,6.8,8.94
00-0040743,Tyler Shough,QB,NO,12,25.52,7.0,13.35,8.26
00-0040743,Tyler Shough,QB,NO,13,14.4,16.0,13.72,10.97
00-0040743,Tyler Shough,QB,NO,14,10.8,20.0,12.7,14.13
00-0040743,Tyler Shough,QB,NO,15,15.68,17.0,13.74,15.13
00-0040743,Tyler Shough,QB,NO,16,20.59,16.0,16.14,15.44
00-0040743,Tyler Shough,QB,NO,17,12.99,21.0,15.03,17.38
00-0040743,Tyler Shough,QB,NO,18,18.9,21.0,16.39,18.65
00-0040782,Isaiah Bond,WR,CLE,1,0.46,0.0,0.46,0.0
00-0040782,Isaiah Bond,WR,CLE,2,2.56,0.0,1.19,0.0
00-0040782,Isaiah Bond,WR,CLE,3,4.39,1.0,2.31,0.35
00-0040782,Isaiah Bond,WR,CLE,4,5.72,5.0,3.5,1.98
00-0040782,Isaiah Bond,WR,CLE,5,10.78,2.0,6.05,1.99
00-0040782,Isaiah Bond,WR,CLE,6,4.27,0.0,5.43,1.29
00-0040782,Isaiah Bond,WR,CLE,8,4.97,0.0,5.27,0.84
00-0040782,Isaiah Bond,WR,CLE,11,2.05,0.0,4.14,0.55
00-0040782,Isaiah Bond,WR,CLE,12,1.8,5.0,3.32,2.1
00-0040782,Isaiah Bond,WR,CLE,13,2.81,1.0,3.14,1.72
00-0040782,Isaiah Bond,WR,CLE,14,2.5,0.0,2.92,1.12
00-0040782,Isaiah Bond,WR,CLE,15,3.94,8.0,3.27,3.53
00-0040782,Isaiah Bond,WR,CLE,16,0.6,1.0,2.34,2.64
00-0040782,Isaiah Bond,WR,CLE,17,0.9,1.0,1.84,2.07
00-0040782,Isaiah Bond,WR,CLE,18,3.54,1.0,2.43,1.69
00-0040784,Quinshon Judkins,RB,CLE,2,6.45,7.0,6.45,7.0
00-0040784,Quinshon Judkins,RB,CLE,3,13.06,15.0,8.76,9.8
00-0040784,Quinshon Judkins,RB,CLE,4,19.04,17.0,12.36,12.32
00-0040784,Quinshon Judkins,RB,CLE,5,14.01,12.0,12.94,12.21
00-0040784,Quinshon Judkins,RB,CLE,6,6.07,3.0,10.53,8.99
00-0040784,Quinshon Judkins,RB,CLE,7,15.68,26.0,12.33,14.94
00-0040784,Quinshon Judkins,RB,CLE,8,5.65,0.0,10.0,9.71
00-0040784,Quinshon Judkins,RB,CLE,10,11.48,8.0,10.52,9.11
00-0040784,Quinshon Judkins,RB,CLE,11,10.83,5.0,10.63,7.67
00-0040784,Quinshon Judkins,RB,CLE,12,10.39,16.0,10.54,10.59
00-0040784,Quinshon Judkins,RB,CLE,13,12.23,12.0,11.14,11.08
00-0040784,Quinshon Judkins,RB,CLE,14,10.99,7.0,11.09,9.65
00-0040784,Quinshon Judkins,RB,CLE,15,7.63,1.0,9.87,6.62
00-0040784,Quinshon Judkins,RB,CLE,16,8.37,4.0,9.35,5.71
