year,name,pos,adp,rnd,age,rookie,tgt_pg,car_pg,fin_std,fin_po_std,po_wk24_std,fin_half,fin_po_half,po_wk24_half,fin_ppr,fin_po_ppr,po_wk24_ppr
2018,Todd Gurley,RB,1.4,1,24,False,5.8,18.6,1.0,21.0,1,1.0,17.0,1,3.0,15.0,1
2018,LeVeon Bell,RB,2.6,1,26,False,7.133333333333334,21.4,,,0,,,0,,,0
2018,David Johnson,RB,3.4,1,26,False,9.0,11.0,10.0,16.0,2,11.0,14.0,2,10.0,13.0,3
2018,Ezekiel Elliott,RB,3.7,1,23,False,3.8,24.2,5.0,11.0,3,5.0,8.0,3,5.0,4.0,3
2018,Saquon Barkley,RB,5.8,1,21,True,,,2.0,9.0,2,2.0,9.0,2,1.0,9.0,2
2018,Antonio Brown,WR,6.5,1,30,False,11.642857142857142,0.0,2.0,5.0,2,4.0,3.0,2,4.0,3.0,2
2018,Alvin Kamara,RB,6.8,1,23,False,6.25,7.5,4.0,7.0,3,4.0,5.0,3,4.0,6.0,3
2018,Leonard Fournette,RB,7.8,1,23,False,3.6923076923076925,20.615384615384617,36.0,30.0,1,39.0,30.0,1,40.0,29.0,1
2018,Melvin Gordon III,RB,8.8,1,25,False,5.1875,17.75,6.0,50.0,1,6.0,55.0,1,7.0,56.0,1
2018,Kareem Hunt,RB,10.0,1,23,False,3.9375,17.0,8.0,,0,10.0,,0,11.0,,0
2018,DeAndre Hopkins,WR,11.1,1,26,False,11.6,0.0,4.0,1.0,3,2.0,1.0,3,1.0,1.0,3
2018,Odell Beckham Jr.,WR,12.3,2,25,False,10.25,0.25,16.0,,0,15.0,,0,15.0,,0
2018,Dalvin Cook,RB,13.2,2,23,False,4.0,18.5,31.0,5.0,3,30.0,6.0,2,30.0,7.0,3
2018,Christian McCaffrey,RB,14.0,2,22,False,7.0625,7.3125,3.0,3.0,3,3.0,2.0,3,2.0,2.0,3
2018,Julio Jones,WR,15.1,2,29,False,9.25,0.0625,5.0,4.0,2,5.0,5.0,2,5.0,6.0,2
2018,Jordan Howard,RB,15.9,2,23,False,2.0,17.25,17.0,14.0,3,20.0,15.0,2,20.0,17.0,2
2018,Devonta Freeman,RB,17.3,2,26,False,3.357142857142857,14.0,100.0,,0,98.0,,0,98.0,,0
2018,Michael Thomas,WR,18.1,2,28,False,0.0,0.0,,,0,,,0,,,0
2018,Davante Adams,WR,19.1,2,25,False,8.357142857142858,0.0,3.0,7.0,3,3.0,6.0,3,2.0,4.0,3
2018,Keenan Allen,WR,20.7,2,26,False,9.9375,0.125,12.0,35.0,1,12.0,36.0,1,12.0,40.0,1
2018,Joe Mixon,RB,20.8,2,22,False,2.4285714285714284,12.714285714285714,9.0,6.0,2,9.0,7.0,2,9.0,8.0,2
2018,Rob Gronkowski,TE,21.4,2,29,False,8.076923076923077,0.0,10.0,8.0,1,10.0,9.0,1,10.0,8.0,1
2018,A.J. Green,WR,22.8,2,30,False,8.9375,0.0,37.0,,0,37.0,,0,41.0,,0
2018,Derrick Henry,RB,24.5,3,24,False,1.0625,11.0,13.0,1.0,3,14.0,1.0,3,16.0,1.0,3
2018,Alex Collins,RB,25.9,3,24,False,2.4,14.133333333333333,38.0,,0,43.0,,0,45.0,,0
2018,Mike Evans,WR,26.8,3,25,False,9.066666666666666,0.0,6.0,13.0,2,9.0,14.0,2,9.0,13.0,2
2018,Tyreek Hill,WR,27.9,3,24,False,7.0,1.1333333333333333,1.0,23.0,1,1.0,22.0,1,3.0,20.0,1
2018,Stefon Diggs,WR,28.2,3,24,False,6.785714285714286,0.5714285714285714,15.0,21.0,1,11.0,24.0,1,11.0,25.0,1
2018,LeSean McCoy,RB,28.3,3,30,False,4.8125,17.9375,42.0,84.0,0,40.0,84.0,0,39.0,79.0,0
2018,Royce Freeman,RB,29.6,3,22,True,,,45.0,69.0,0,46.0,69.0,0,47.0,73.0,0
2018,T.Y. Hilton,WR,29.8,3,28,False,6.8125,0.0,11.0,6.0,3,13.0,7.0,3,14.0,7.0,3
2018,Aaron Rodgers,QB,30.5,3,34,False,0.0,3.4285714285714284,6.0,1.0,2,6.0,1.0,2,6.0,1.0,2
2018,Jerick McKinnon,RB,31.9,3,26,False,4.25,9.375,,,0,,,0,,,0
2018,Travis Kelce,TE,33.6,3,28,False,8.133333333333333,0.13333333333333333,1.0,4.0,2,1.0,3.0,2,1.0,3.0,3
2018,Lamar Miller,RB,34.7,3,27,False,2.8125,14.875,22.0,53.0,1,22.0,54.0,1,22.0,54.0,1
2018,Doug Baldwin,WR,35.0,3,29,False,7.25,0.125,49.0,9.0,2,45.0,13.0,2,45.0,14.0,2
2018,Kenyan Drake,RB,35.5,3,24,False,3.0,8.3125,21.0,29.0,1,18.0,29.0,1,14.0,27.0,1
2018,Amari Cooper,WR,36.0,3,24,False,6.857142857142857,0.07142857142857142,19.0,3.0,1,18.0,4.0,1,19.0,5.0,1
2018,Adam Thielen,WR,38.2,4,28,False,8.875,0.0625,7.0,41.0,0,7.0,39.0,0,7.0,39.0,0
2018,Jay Ajayi,RB,39.3,4,25,False,2.4285714285714284,14.857142857142858,76.0,,0,78.0,,0,79.0,,0
2018,JuJu Smith-Schuster,WR,40.4,4,21,False,5.642857142857143,0.0,9.0,8.0,1,8.0,8.0,2,8.0,8.0,2
2018,Deshaun Watson,QB,42.4,4,22,False,0.0,5.142857142857143,4.0,2.0,2,4.0,2.0,2,4.0,2.0,2
2018,Larry Fitzgerald,WR,43.0,4,35,False,10.0625,0.0,28.0,25.0,2,27.0,20.0,2,27.0,19.0,2
2018,Marshawn Lynch,RB,43.1,4,32,False,2.066666666666667,13.8,55.0,,0,59.0,,0,60.0,,0
2018,Josh Gordon,WR,43.7,4,27,False,8.4,0.0,38.0,67.0,1,43.0,69.0,1,46.0,70.0,1
2018,Mark Ingram II,RB,44.1,4,28,False,4.4375,14.375,28.0,22.0,1,29.0,21.0,1,32.0,21.0,0
2018,Zach Ertz,TE,44.8,4,27,False,7.857142857142857,0.0,3.0,2.0,1,2.0,2.0,1,2.0,2.0,1
2018,Chris Hogan,WR,46.1,4,30,False,6.555555555555555,0.3333333333333333,68.0,55.0,1,68.0,68.0,1,69.0,80.0,1
2018,Brandin Cooks,WR,48.4,5,24,False,7.125,0.5625,13.0,57.0,0,14.0,51.0,0,13.0,47.0,0
2018,Carlos Hyde,RB,48.5,5,27,False,5.5,15.0,43.0,78.0,0,47.0,81.0,0,49.0,81.0,0
2018,Jimmy Graham,TE,49.7,5,31,False,6.0,0.0,14.0,29.0,0,13.0,26.0,0,11.0,22.0,0
2018,Tom Brady,QB,52.1,5,41,False,0.0,1.5625,13.0,15.0,1,13.0,15.0,1,13.0,15.0,1
2018,Demaryius Thomas,WR,52.2,5,30,False,8.75,0.0,42.0,54.0,0,39.0,50.0,0,36.0,45.0,0
2018,Kerryon Johnson,RB,52.8,5,21,True,,,33.0,,0,33.0,,0,33.0,,0
2018,Jarvis Landry,WR,53.5,5,25,False,10.0625,0.0625,22.0,16.0,1,19.0,18.0,1,18.0,22.0,1
2018,Marquise Goodwin,WR,54.3,5,27,False,6.5625,0.25,75.0,102.0,0,78.0,99.0,0,84.0,97.0,0
2018,Jamaal Williams,RB,55.1,5,23,False,2.2666666666666666,10.2,47.0,12.0,2,44.0,13.0,2,44.0,12.0,2
2018,Allen Robinson II,WR,56.5,5,25,False,1.0,0.0,41.0,43.0,0,40.0,40.0,0,39.0,34.0,0
2018,Russell Wilson,QB,57.9,5,29,False,0.0,5.9375,9.0,7.0,2,9.0,7.0,2,9.0,7.0,2
2018,Rex Burkhead,RB,58.2,5,28,False,3.6,6.4,79.0,61.0,0,79.0,57.0,0,78.0,51.0,0
2018,Marvin Jones Jr.,WR,58.3,5,28,False,6.6875,0.0,56.0,,0,61.0,,0,62.0,,0
2018,Chris Carson,RB,60.6,6,23,False,2.0,12.25,14.0,2.0,3,15.0,4.0,3,15.0,5.0,3
2018,Greg Olsen,TE,61.4,6,33,False,5.428571428571429,0.0,21.0,,0,22.0,,0,25.0,,0
2018,Dion Lewis,RB,61.5,6,27,False,2.1875,11.25,37.0,55.0,0,32.0,47.0,0,27.0,43.0,0
2018,Drew Brees,QB,64.5,6,39,False,0.0,2.0625,8.0,23.0,0,8.0,23.0,0,8.0,23.0,0
2018,Corey Davis,WR,64.6,6,23,False,5.909090909090909,0.0,27.0,78.0,0,29.0,70.0,0,28.0,67.0,0
2018,Golden Tate,WR,67.0,6,30,False,7.5,0.3125,35.0,98.0,0,32.0,91.0,0,29.0,82.0,0
2018,Cam Newton,QB,67.3,6,29,False,0.0,8.6875,12.0,31.0,0,12.0,31.0,0,12.0,31.0,0
2018,Will Fuller,WR,67.6,6,24,False,5.0,0.2,62.0,,0,65.0,,0,67.0,,0
2018,Trey Burton,TE,69.3,6,26,False,2.2142857142857144,0.0,6.0,14.0,1,7.0,11.0,1,8.0,11.0,1
2018,Peyton Barber,RB,70.2,6,24,False,1.3571428571428572,7.714285714285714,26.0,26.0,1,27.0,25.0,1,31.0,26.0,1
2018,Emmanuel Sanders,WR,70.8,6,31,False,7.666666666666667,0.0,25.0,,0,23.0,,0,23.0,,0
2018,Tevin Coleman,RB,71.7,6,25,False,2.6,10.4,20.0,20.0,1,19.0,23.0,1,18.0,25.0,1
2018,Alshon Jeffery,WR,72.3,7,28,False,7.5,0.0,26.0,11.0,2,26.0,11.0,2,26.0,12.0,2
2018,Evan Engram,TE,72.8,7,23,False,7.666666666666667,0.06666666666666667,13.0,5.0,3,14.0,5.0,3,13.0,4.0,3
2018,Rashaad Penny,RB,73.6,7,22,True,,,60.0,74.0,0,66.0,80.0,0,67.0,84.0,0
2018,Julian Edelman,WR,76.2,7,32,False,,,23.0,10.0,3,22.0,9.0,3,20.0,9.0,3
2018,Michael Crabtree,WR,77.5,7,30,False,7.769230769230769,0.0,58.0,97.0,0,54.0,98.0,0,50.0,99.0,0
2018,Kyle Rudolph,TE,77.5,7,28,False,5.0625,0.0,11.0,3.0,1,8.0,4.0,1,7.0,5.0,1
2018,Isaiah Crowell,RB,78.4,7,25,False,2.625,12.875,29.0,92.0,0,31.0,91.0,0,35.0,90.0,0
2018,Sony Michel,RB,79.4,7,23,True,,,25.0,24.0,1,28.0,24.0,1,34.0,33.0,1
2018,Carson Wentz,QB,81.4,7,25,False,0.0,4.923076923076923,23.0,29.0,1,23.0,29.0,1,23.0,29.0,1
2018,Sammy Watkins,WR,81.7,7,25,False,4.666666666666667,0.0,63.0,,0,63.0,,0,63.0,,0
2018,Kirk Cousins,QB,82.1,7,30,False,0.0,3.0625,14.0,12.0,2,14.0,12.0,2,14.0,12.0,2
2018,Delanie Walker,TE,83.3,7,34,False,6.9375,0.125,89.0,,0,91.0,,0,92.0,,0
2018,Marlon Mack,RB,84.3,8,22,False,2.357142857142857,6.642857142857143,19.0,10.0,1,21.0,11.0,1,21.0,14.0,1
2018,Andrew Luck,QB,86.5,8,28,False,,,5.0,8.0,2,5.0,8.0,2,5.0,8.0,2
2018,Adrian Peterson,RB,86.7,8,33,False,1.9,15.6,16.0,32.0,1,17.0,37.0,1,19.0,39.0,0
2018,Aaron Jones Sr.,RB,87.5,8,23,False,1.8,8.1,23.0,42.0,1,23.0,43.0,1,23.0,46.0,1
2018,Ronald Jones,RB,87.5,8,21,True,,,98.0,112.0,0,97.0,109.0,0,93.0,109.0,0
2018,Jordy Nelson,WR,87.7,8,33,False,6.285714285714286,0.0,48.0,32.0,1,41.0,25.0,1,38.0,23.0,2
2018,Devin Funchess,WR,88.6,8,24,False,6.9375,0.0,57.0,117.0,0,57.0,121.0,0,58.0,122.0,0
2018,Chris Thompson,RB,90.7,8,27,False,5.4,6.4,71.0,68.0,0,61.0,67.0,0,57.0,64.0,0
2018,Cooper Kupp,WR,92.6,8,25,False,6.266666666666667,0.0,43.0,,0,46.0,,0,48.0,,0
2018,Jordan Reed,TE,94.3,8,28,False,5.833333333333333,0.0,17.0,74.0,0,15.0,78.0,0,15.0,78.0,0
2018,Tarik Cohen,RB,95.6,8,23,False,4.4375,5.4375,18.0,37.0,0,13.0,31.0,0,12.0,28.0,1
2018,Matthew Stafford,QB,95.9,8,30,False,0.0,1.8125,20.0,28.0,0,20.0,28.0,0,20.0,28.0,0
2018,Jimmy Garoppolo,QB,97.7,9,26,False,0.16666666666666666,2.5,40.0,,0,40.0,,0,40.0,,0
2018,Nelson Agholor,WR,98.2,9,25,False,5.9375,0.0625,40.0,26.0,1,35.0,32.0,1,35.0,35.0,1
2018,Randall Cobb,WR,98.6,9,28,False,6.571428571428571,0.6428571428571429,86.0,49.0,1,83.0,54.0,1,81.0,54.0,1
2018,Mike Williams,WR,99.8,9,23,False,2.5555555555555554,0.0,21.0,14.0,1,25.0,16.0,1,32.0,18.0,1
2018,David Njoku,TE,102.5,9,22,False,3.75,0.0625,9.0,7.0,1,9.0,8.0,1,9.0,9.0,1
2018,LeGarrette Blount,RB,103.1,9,31,False,0.5,10.8125,53.0,76.0,0,56.0,70.0,0,61.0,69.0,0
2018,Kelvin Benjamin,WR,104.4,9,27,False,5.5,0.0,96.0,125.0,0,94.0,130.0,0,95.0,133.0,0
2018,Philip Rivers,QB,104.4,9,36,False,0.0,1.125,10.0,24.0,1,10.0,25.0,1,10.0,25.0,1
2018,Robert Woods,WR,107.0,9,26,False,7.083333333333333,0.16666666666666666,10.0,12.0,2,10.0,10.0,2,10.0,11.0,3
2018,CJ Anderson,RB,108.0,9,27,False,2.5,15.3125,58.0,27.0,1,64.0,35.0,1,68.0,41.0,1
2018,Jamison Crowder,WR,108.4,10,25,False,6.866666666666666,0.4666666666666667,88.0,20.0,1,87.0,23.0,1,88.0,24.0,1
2018,Kenny Stills,WR,109.6,10,26,False,6.5625,0.0,45.0,27.0,1,50.0,31.0,1,53.0,31.0,1
2018,Matt Ryan,QB,109.7,10,33,False,0.0,2.0,2.0,4.0,3,2.0,4.0,3,2.0,4.0,3
2018,Latavius Murray,RB,110.0,10,28,False,1.0625,13.5,32.0,43.0,1,35.0,45.0,1,37.0,52.0,0
2018,Nick Chubb,RB,111.3,10,22,True,,,15.0,15.0,3,16.0,16.0,2,17.0,16.0,2
2018,Ben Roethlisberger,QB,112.5,10,36,False,0.0,1.8666666666666667,3.0,5.0,2,3.0,5.0,2,3.0,5.0,2
2018,Patrick Mahomes,QB,115.8,10,22,False,0.0,7.0,1.0,3.0,3,1.0,3.0,3,1.0,3.0,3
2018,Corey Clement,RB,116.4,10,23,False,1.0,4.933333333333334,65.0,111.0,0,63.0,112.0,0,64.0,112.0,0
2018,Pierre Garcon,WR,116.5,10,32,False,8.375,0.0,108.0,,0,108.0,,0,110.0,,0
2018,Sterling Shepard,WR,118.2,10,25,False,7.636363636363637,0.36363636363636365,31.0,28.0,1,31.0,33.0,1,31.0,33.0,1
2018,DJ Moore,WR,119.4,10,21,True,,,44.0,85.0,0,42.0,75.0,0,40.0,69.0,0
2018,Calvin Ridley,WR,121.0,11,23,True,,,18.0,30.0,1,20.0,35.0,1,22.0,38.0,1
2018,James White,RB,121.1,11,26,False,5.142857142857143,3.0714285714285716,12.0,39.0,1,8.0,41.0,1,8.0,36.0,1
2018,Kenny Golladay,WR,124.5,11,24,False,4.363636363636363,0.09090909090909091,20.0,34.0,1,21.0,28.0,1,21.0,26.0,1
2018,Allen Hurns,WR,125.0,11,26,False,5.6,0.0,99.0,137.0,0,103.0,134.0,0,105.0,131.0,0
2018,Jared Goff,QB,125.2,11,23,False,0.0,1.8666666666666667,7.0,27.0,0,7.0,27.0,0,7.0,27.0,0
2018,John Brown,WR,126.7,11,28,False,5.5,0.1,39.0,68.0,0,44.0,73.0,0,47.0,74.0,0
2018,Ty Montgomery II,RB,127.5,11,25,False,3.875,8.875,98.0,139.0,0,97.0,138.0,0,98.0,137.0,0
2018,Alfred Morris,RB,127.6,11,29,False,0.6923076923076923,8.846153846153847,61.0,89.0,0,67.0,89.0,0,69.0,88.0,0
2018,George Kittle,TE,128.7,11,24,False,4.2,0.0,2.0,1.0,2,3.0,1.0,3,3.0,1.0,3
2018,Duke Johnson,RB,129.0,11,24,False,5.8125,5.125,48.0,57.0,0,41.0,50.0,0,38.0,44.0,0
2018,Michael Gallup,WR,132.0,11,22,True,,,76.0,53.0,1,77.0,55.0,1,77.0,59.0,0
2018,Cameron Meredith,WR,132.5,12,25,False,,,142.0,,0,144.0,,0,147.0,,0
2018,Marcus Mariota,QB,133.5,12,24,False,0.0,4.0,25.0,32.0,0,25.0,32.0,0,25.0,32.0,0
2018,Jack Doyle,TE,133.7,12,28,False,7.2,0.0,35.0,,0,35.0,,0,33.0,,0
2018,Alex Smith,QB,134.8,12,34,False,0.0,4.0,31.0,,0,31.0,,0,31.0,,0
2018,Keelan Cole Sr.,WR,135.0,12,25,False,5.1875,0.0,85.0,101.0,0,82.0,101.0,0,80.0,101.0,0
2018,Bilal Powell,RB,135.4,12,29,False,2.2,11.866666666666667,68.0,,0,71.0,,0,71.0,,0
2018,Tyler Lockett,WR,136.9,12,25,False,4.4375,0.625,14.0,33.0,1,16.0,34.0,0,17.0,32.0,0
2018,Derek Carr,QB,137.1,12,27,False,0.0,1.5333333333333334,19.0,25.0,0,18.0,24.0,0,18.0,24.0,0
2018,DeVante Parker,WR,140.4,12,25,False,7.384615384615385,0.0,101.0,115.0,0,105.0,114.0,0,103.0,114.0,0
2018,Doug Martin,RB,141.1,12,29,False,1.6363636363636365,12.545454545454545,34.0,19.0,1,38.0,22.0,1,41.0,24.0,1
2018,Matt Breida,RB,141.7,12,23,False,2.25,6.5625,24.0,51.0,0,24.0,51.0,0,26.0,49.0,1
2018,Devontae Booker,RB,142.8,12,26,False,2.923076923076923,6.076923076923077,74.0,66.0,0,68.0,61.0,0,59.0,59.0,0
2018,Chris Godwin Jr.,WR,146.2,13,22,False,3.6666666666666665,0.0,24.0,106.0,0,24.0,105.0,0,25.0,102.0,0
2018,Tyler Eifert,TE,146.9,13,27,False,2.5,0.0,51.0,,0,49.0,,0,51.0,,0
2018,Jordan Wilkins,RB,147.4,13,24,True,,,77.0,104.0,0,76.0,94.0,0,76.0,94.0,0
2018,Mohamed Sanu,WR,149.3,13,29,False,6.4,0.26666666666666666,29.0,19.0,1,30.0,21.0,1,30.0,21.0,1
2018,Anthony Miller,WR,150.4,13,23,True,,,53.0,84.0,0,58.0,88.0,0,61.0,95.0,0
2018,Rob Kelley,RB,151.2,13,25,False,1.0,8.857142857142858,133.0,,0,136.0,,0,137.0,,0
2018,Geronimo Allison,WR,151.7,13,24,False,3.25,0.0,95.0,,0,96.0,,0,100.0,,0
2018,Dak Prescott,QB,151.7,13,25,False,0.0,3.5625,11.0,13.0,1,11.0,13.0,1,11.0,13.0,1
2018,O.J. Howard,TE,153.6,13,23,False,3.0,0.0,8.0,,0,12.0,,0,14.0,,0
2018,John Ross,WR,154.2,13,22,False,0.6666666666666666,0.3333333333333333,78.0,52.0,0,81.0,60.0,0,85.0,66.0,0
2018,Jameis Winston,QB,154.8,13,24,False,0.0,2.5384615384615383,22.0,22.0,1,22.0,22.0,1,22.0,22.0,1
2018,James Conner,RB,154.9,13,23,False,0.08333333333333333,2.6666666666666665,7.0,,0,7.0,,0,6.0,,0
2018,Giovani Bernard,RB,155.3,13,26,False,3.75,6.5625,62.0,77.0,0,58.0,68.0,0,52.0,66.0,0
2018,Eric Ebron,TE,155.7,13,25,False,5.375,0.0,4.0,15.0,1,4.0,15.0,1,4.0,15.0,1
2018,D'Onta Foreman,RB,155.8,13,22,False,0.8888888888888888,8.666666666666666,102.0,64.0,0,103.0,66.0,0,103.0,68.0,0
2018,Eli Manning,QB,156.1,14,37,False,0.0,0.8,16.0,16.0,2,16.0,16.0,2,16.0,16.0,2
2018,Josh Doctson,WR,156.5,14,25,False,5.2,0.06666666666666667,74.0,63.0,0,70.0,61.0,0,66.0,62.0,0
2018,Austin Hooper,TE,157.1,14,23,False,4.0625,0.0,7.0,38.0,0,6.0,32.0,0,6.0,31.0,0
2018,Benjamin Watson,TE,157.7,14,37,False,4.9375,0.0,22.0,44.0,0,21.0,44.0,0,21.0,41.0,0
2018,Donte Moncrief,WR,158.4,14,25,False,3.9166666666666665,0.0,55.0,83.0,0,55.0,74.0,0,56.0,65.0,0
2018,Tyrod Taylor,QB,158.4,14,29,False,0.0,5.6,41.0,,0,41.0,,0,41.0,,0
2018,TJ Yeldon,RB,159.1,14,24,False,4.1,4.9,30.0,86.0,0,26.0,85.0,0,24.0,85.0,0
2018,Mitchell Trubisky,QB,159.2,14,24,False,0.0,3.4166666666666665,15.0,26.0,1,15.0,26.0,1,15.0,26.0,1
2018,Dede Westbrook,WR,160.1,14,24,False,7.285714285714286,0.0,32.0,18.0,2,33.0,17.0,2,33.0,16.0,2
2018,Austin Ekeler,RB,160.3,14,23,False,2.5,3.357142857142857,27.0,44.0,1,25.0,46.0,1,25.0,53.0,1
2018,Andy Dalton,QB,160.4,14,30,False,0.0,2.375,24.0,,0,24.0,,0,24.0,,0
2018,John Kelly,RB,161.3,14,21,True,,,97.0,75.0,0,101.0,75.0,0,102.0,78.0,0
2018,Martavis Bryant,WR,162.0,14,26,False,5.6,0.4,128.0,,0,122.0,,0,121.0,,0
2018,Frank Gore,RB,162.3,14,35,False,2.375,16.3125,41.0,47.0,1,45.0,53.0,1,46.0,58.0,1
2018,Danny Amendola,WR,162.6,14,32,False,5.733333333333333,0.0,73.0,87.0,0,60.0,82.0,0,57.0,78.0,0
2018,Ricky Seals-Jones,TE,163.0,14,23,False,3.5,0.0,34.0,41.0,0,30.0,37.0,0,29.0,32.0,0
2018,Tyrell Williams,WR,163.9,14,26,False,4.3125,0.0,46.0,76.0,0,49.0,65.0,1,49.0,61.0,1
2018,Spencer Ware,RB,164.2,14,26,False,,,63.0,48.0,1,65.0,48.0,1,65.0,47.0,1
2018,Case Keenum,QB,164.4,14,30,False,0.0,2.6666666666666665,18.0,18.0,0,19.0,18.0,0,19.0,18.0,0
2018,Jeremy Hill,RB,164.4,14,25,False,0.5714285714285714,5.285714285714286,111.0,,0,114.0,,0,116.0,,0
2018,Mike Gesicki,TE,164.5,14,22,True,,,65.0,56.0,0,62.0,56.0,0,54.0,58.0,0
2018,Courtland Sutton,WR,164.7,14,22,True,,,50.0,42.0,1,52.0,38.0,1,54.0,37.0,1
2018,Sam Darnold,QB,165.5,14,21,True,,,28.0,6.0,2,28.0,6.0,2,28.0,6.0,2
2018,Christian Kirk,WR,166.1,14,21,True,,,60.0,,0,59.0,,0,59.0,,0
2018,Rishard Matthews,WR,168.5,15,28,False,6.214285714285714,0.07142857142857142,197.0,135.0,0,179.0,132.0,0,177.0,129.0,0
2019,Saquon Barkley,RB,1.9,1,22,False,7.5625,16.3125,10.0,2.0,2,10.0,1.0,2,10.0,2.0,2
2019,Alvin Kamara,RB,2.4,1,24,False,7.0,12.933333333333334,16.0,18.0,1,13.0,15.0,2,9.0,12.0,2
2019,Christian McCaffrey,RB,3.6,1,23,False,7.75,13.6875,1.0,4.0,3,1.0,3.0,3,1.0,1.0,3
2019,Ezekiel Elliott,RB,3.8,1,24,False,6.333333333333333,20.266666666666666,4.0,5.0,2,4.0,6.0,2,3.0,6.0,3
2019,James Conner,RB,6.1,1,24,False,5.461538461538462,16.53846153846154,32.0,44.0,1,31.0,47.0,1,32.0,46.0,1
2019,DeAndre Hopkins,WR,6.1,1,27,False,10.1875,0.0625,9.0,13.0,2,5.0,10.0,2,5.0,9.0,2
2019,LeVeon Bell,RB,7.2,1,27,False,,,21.0,37.0,2,18.0,33.0,1,16.0,33.0,1
2019,Nick Chubb,RB,7.2,1,23,False,1.8125,12.0,6.0,15.0,2,7.0,18.0,2,8.0,19.0,2
2019,Davante Adams,WR,9.2,1,26,False,11.266666666666667,0.0,26.0,18.0,1,24.0,11.0,2,22.0,7.0,2
2019,Dalvin Cook,RB,10.6,1,24,False,4.454545454545454,12.090909090909092,5.0,39.0,1,5.0,40.0,1,6.0,35.0,1
2019,Julio Jones,WR,10.9,1,30,False,10.625,0.125,5.0,4.0,2,4.0,3.0,2,3.0,2.0,2
2019,Todd Gurley,RB,11.4,1,25,False,5.785714285714286,18.285714285714285,12.0,7.0,3,14.0,7.0,3,14.0,8.0,3
2019,Tyreek Hill,WR,12.9,2,25,False,8.5625,1.375,28.0,15.0,1,29.0,15.0,1,31.0,14.0,1
2019,Michael Thomas,WR,12.9,2,29,False,0.0,0.0,,,0,,,0,,,0
2019,David Johnson,RB,14.2,2,27,False,4.75,16.125,37.0,52.0,1,37.0,52.0,1,36.0,54.0,1
2019,Odell Beckham Jr.,WR,14.9,2,26,False,10.333333333333334,0.4166666666666667,31.0,40.0,1,28.0,37.0,1,25.0,32.0,1
2019,JuJu Smith-Schuster,WR,15.9,2,22,False,10.375,0.0625,65.0,120.0,0,64.0,122.0,0,64.0,123.0,0
2019,Patrick Mahomes,QB,16.4,2,23,False,0.0,3.75,7.0,6.0,2,7.0,6.0,2,7.0,6.0,2
2019,Joe Mixon,RB,16.4,2,23,False,3.9285714285714284,16.928571428571427,11.0,8.0,2,12.0,9.0,2,13.0,10.0,2
2019,Travis Kelce,TE,17.8,2,29,False,9.375,0.0,1.0,3.0,3,1.0,1.0,3,1.0,1.0,3
2019,Leonard Fournette,RB,20.3,2,24,False,3.25,16.625,13.0,25.0,1,9.0,25.0,1,7.0,22.0,2
2019,Mike Evans,WR,21.5,2,26,False,8.625,0.0,7.0,65.0,1,12.0,77.0,1,14.0,81.0,0
2019,Chris Carson,RB,22.9,2,24,False,1.7142857142857142,17.642857142857142,9.0,13.0,1,11.0,13.0,2,12.0,15.0,2
2019,Antonio Brown,WR,23.3,2,31,False,11.2,0.0,143.0,,0,146.0,,0,149.0,,0
2019,Damien Williams,RB,24.6,3,27,False,1.8461538461538463,3.8461538461538463,34.0,42.0,1,35.0,45.0,1,37.0,45.0,1
2019,Aaron Jones Sr.,RB,25.5,3,24,False,2.9166666666666665,11.083333333333334,3.0,3.0,3,2.0,4.0,3,2.0,4.0,3
2019,Adam Thielen,WR,26.0,3,29,False,9.5625,0.3125,53.0,116.0,0,59.0,118.0,0,62.0,115.0,0
2019,Keenan Allen,WR,27.8,3,27,False,9.066666666666666,0.6,12.0,27.0,0,8.0,25.0,1,6.0,20.0,1
2019,Josh Jacobs,RB,28.0,3,21,True,,,14.0,53.0,1,17.0,55.0,1,21.0,59.0,0
2019,Kerryon Johnson,RB,28.5,3,22,False,3.9,11.8,46.0,74.0,0,51.0,76.0,0,54.0,79.0,0
2019,David Montgomery,RB,29.1,3,22,True,,,23.0,40.0,0,25.0,44.0,0,24.0,47.0,0
2019,George Kittle,TE,31.1,3,25,False,8.5,0.0625,3.0,2.0,3,2.0,2.0,3,3.0,2.0,3
2019,Devonta Freeman,RB,31.7,3,27,False,3.5,7.0,26.0,10.0,2,21.0,8.0,2,18.0,7.0,2
2019,Sony Michel,RB,33.8,3,24,False,0.8461538461538461,16.076923076923077,24.0,34.0,1,28.0,34.0,0,30.0,37.0,0
2019,Amari Cooper,WR,33.9,3,25,False,7.133333333333334,0.13333333333333333,8.0,44.0,1,10.0,46.0,1,10.0,47.0,1
2019,Derrick Henry,RB,35.4,3,25,False,1.125,13.4375,2.0,20.0,1,3.0,22.0,1,5.0,27.0,1
2019,Stefon Diggs,WR,36.6,4,25,False,9.933333333333334,0.6666666666666666,19.0,21.0,1,22.0,23.0,1,24.0,23.0,1
2019,Zach Ertz,TE,37.3,4,28,False,9.75,0.0,5.0,4.0,2,5.0,5.0,2,4.0,4.0,2
2019,Mark Ingram II,RB,37.5,4,29,False,2.25,11.5,7.0,9.0,2,8.0,11.0,2,11.0,11.0,2
2019,Brandin Cooks,WR,38.9,4,25,False,7.8,0.6666666666666666,63.0,59.0,0,62.0,61.0,0,63.0,60.0,0
2019,Melvin Gordon III,RB,40.3,4,26,False,5.5,14.583333333333334,25.0,19.0,2,23.0,16.0,2,23.0,13.0,2
2019,Marlon Mack,RB,41.5,4,23,False,2.1666666666666665,16.25,15.0,23.0,2,20.0,27.0,2,22.0,30.0,1
2019,Deshaun Watson,QB,41.7,4,23,False,0.0,6.1875,4.0,12.0,1,4.0,12.0,1,4.0,12.0,1
2019,Tyler Lockett,WR,42.5,4,26,False,4.375,0.8125,14.0,28.0,1,14.0,28.0,1,13.0,28.0,1
2019,Chris Godwin Jr.,WR,43.3,4,23,False,5.9375,0.0,2.0,36.0,1,2.0,34.0,2,2.0,34.0,2
2019,Robert Woods,WR,44.0,4,27,False,8.125,1.1875,22.0,17.0,2,19.0,16.0,2,16.0,12.0,2
2019,Julian Edelman,WR,46.0,4,33,False,9.0,0.75,15.0,26.0,2,11.0,26.0,1,8.0,25.0,2
2019,Phillip Lindsay,RB,47.1,4,25,False,3.1333333333333333,12.8,19.0,21.0,2,19.0,21.0,2,20.0,23.0,2
2019,Tevin Coleman,RB,48.7,5,26,False,2.75,10.4375,33.0,62.0,0,36.0,69.0,0,39.0,70.0,0
2019,Cooper Kupp,WR,49.1,5,26,False,6.875,0.5,4.0,20.0,1,3.0,18.0,0,4.0,18.0,0
2019,Miles Sanders,RB,49.5,5,22,True,,,17.0,6.0,2,15.0,5.0,2,15.0,5.0,2
2019,Josh Gordon,WR,50.4,5,28,False,5.916666666666667,0.0,86.0,89.0,0,89.0,93.0,0,88.0,96.0,0
2019,T.Y. Hilton,WR,52.0,5,29,False,8.571428571428571,0.0,57.0,98.0,0,57.0,92.0,0,57.0,88.0,0
2019,Aaron Rodgers,QB,52.2,5,35,False,0.0,2.6875,9.0,28.0,0,9.0,28.0,0,9.0,28.0,0
2019,Kenny Golladay,WR,53.0,5,25,False,7.933333333333334,0.06666666666666667,3.0,23.0,2,6.0,22.0,2,9.0,22.0,2
2019,O.J. Howard,TE,54.1,5,24,False,4.8,0.0,30.0,16.0,0,30.0,14.0,0,29.0,14.0,0
2019,Mike Williams,WR,54.9,5,24,False,4.125,0.4375,37.0,16.0,2,39.0,21.0,2,40.0,26.0,1
2019,Austin Ekeler,RB,55.7,5,24,False,3.7857142857142856,7.571428571428571,8.0,12.0,1,6.0,10.0,1,4.0,9.0,2
2019,Duke Johnson,RB,57.1,5,25,False,3.875,2.5,35.0,71.0,0,33.0,62.0,0,31.0,55.0,0
2019,Baker Mayfield,QB,58.5,5,24,False,0.07142857142857142,2.7857142857142856,21.0,22.0,0,21.0,22.0,0,21.0,22.0,0
2019,Calvin Ridley,WR,59.1,5,24,False,5.75,0.375,24.0,62.0,1,25.0,65.0,1,27.0,72.0,1
2019,Evan Engram,TE,60.0,5,24,False,5.818181818181818,0.2727272727272727,20.0,,0,17.0,,0,16.0,,0
2019,A.J. Green,WR,61.4,6,31,False,8.555555555555555,0.0,,,0,,,0,,,0
2019,Tyler Boyd,WR,62.2,6,24,False,7.714285714285714,0.14285714285714285,27.0,11.0,1,23.0,9.0,1,18.0,10.0,1
2019,Matt Ryan,QB,62.4,6,34,False,0.0625,2.0625,11.0,10.0,2,11.0,10.0,2,11.0,10.0,2
2019,Derrius Guice,RB,63.3,6,22,False,,,60.0,75.0,0,65.0,78.0,0,67.0,82.0,0
2019,Hunter Henry,TE,63.9,6,24,False,,,8.0,22.0,1,9.0,20.0,1,9.0,20.0,1
2019,James White,RB,66.6,6,27,False,7.6875,5.875,29.0,31.0,1,22.0,28.0,1,19.0,26.0,2
2019,Dede Westbrook,WR,67.1,6,25,False,6.3125,0.5625,51.0,110.0,0,45.0,91.0,0,42.0,82.0,0
2019,Drew Brees,QB,69.3,6,40,False,0.06666666666666667,2.066666666666667,19.0,1.0,3,19.0,1.0,3,19.0,1.0,3
2019,DJ Moore,WR,69.6,6,22,False,5.125,0.8125,21.0,39.0,1,17.0,35.0,1,15.0,35.0,1
2019,Carson Wentz,QB,69.9,6,26,False,0.09090909090909091,3.090909090909091,10.0,7.0,3,10.0,7.0,3,10.0,7.0,3
2019,Latavius Murray,RB,70.6,6,29,False,1.625,8.75,30.0,41.0,1,29.0,41.0,1,28.0,40.0,0
2019,Alshon Jeffery,WR,70.9,6,29,False,7.076923076923077,0.0,58.0,136.0,0,58.0,145.0,0,58.0,147.0,0
2019,Jared Cook,TE,72.9,7,32,False,6.3125,0.0,6.0,1.0,2,7.0,3.0,2,7.0,5.0,2
2019,Allen Robinson II,WR,75.2,7,26,False,7.230769230769231,0.07692307692307693,11.0,10.0,2,9.0,8.0,2,7.0,8.0,2
2019,Jarvis Landry,WR,76.3,7,26,False,9.3125,0.1875,13.0,48.0,0,13.0,42.0,0,12.0,38.0,0
2019,Vance McDonald,TE,77.8,7,29,False,4.8,0.0,38.0,81.0,0,33.0,70.0,0,31.0,64.0,0
2019,Tony Pollard,RB,78.0,7,22,True,,,49.0,35.0,1,52.0,37.0,1,53.0,42.0,1
2019,Kenyan Drake,RB,78.5,7,25,False,4.5625,7.5,18.0,1.0,2,16.0,2.0,2,17.0,3.0,2
2019,Darwin Thompson,RB,79.5,7,22,True,,,90.0,64.0,0,91.0,61.0,0,92.0,57.0,0
2019,Jared Goff,QB,80.3,7,24,False,0.0,2.6875,14.0,11.0,1,14.0,11.0,1,14.0,11.0,1
2019,Will Fuller,WR,80.4,7,25,False,6.428571428571429,0.0,52.0,85.0,0,52.0,82.0,0,52.0,79.0,0
2019,Matt Breida,RB,82.3,7,24,False,2.2142857142857144,10.928571428571429,43.0,72.0,0,45.0,73.0,0,46.0,72.0,0
2019,David Njoku,TE,83.8,7,23,False,5.866666666666666,0.0,78.0,85.0,0,79.0,83.0,0,82.0,83.0,0
2019,Tarik Cohen,RB,84.1,8,24,False,5.6875,6.1875,47.0,48.0,0,39.0,35.0,1,27.0,29.0,1
2019,Emmanuel Sanders,WR,86.0,8,32,False,8.166666666666666,0.3333333333333333,33.0,12.0,1,32.0,17.0,1,30.0,17.0,1
2019,Devin Singletary,RB,86.4,8,21,True,,,31.0,30.0,1,32.0,29.0,1,33.0,28.0,1
2019,Russell Wilson,QB,86.6,8,30,False,0.0625,4.1875,3.0,25.0,1,3.0,25.0,1,3.0,25.0,1
2019,Lamar Jackson,QB,88.2,8,22,False,0.125,9.1875,1.0,2.0,2,1.0,2.0,2,1.0,2.0,2
2019,Curtis Samuel,WR,88.8,8,23,False,5.0,0.6153846153846154,36.0,54.0,1,36.0,53.0,1,37.0,54.0,1
2019,LeSean McCoy,RB,90.9,8,31,False,3.2857142857142856,11.5,41.0,70.0,0,42.0,74.0,0,40.0,77.0,0
2019,Sammy Watkins,WR,91.1,8,26,False,5.5,0.5,54.0,60.0,0,53.0,59.0,0,51.0,57.0,0
2019,Christian Kirk,WR,91.6,8,22,False,5.666666666666667,0.25,47.0,61.0,0,43.0,57.0,0,38.0,53.0,1
2019,Rashaad Penny,RB,91.9,8,23,False,0.9230769230769231,6.538461538461538,53.0,87.0,0,55.0,86.0,0,58.0,86.0,0
2019,Darrell Henderson Jr.,RB,92.6,8,22,True,,,95.0,111.0,0,95.0,111.0,0,95.0,111.0,0
2019,Cam Newton,QB,97.8,9,30,False,0.0,7.214285714285714,50.0,,0,50.0,,0,50.0,,0
2019,Marvin Jones Jr.,WR,98.6,9,29,False,6.888888888888889,0.0,25.0,108.0,0,27.0,109.0,0,28.0,106.0,0
2019,Delanie Walker,TE,98.7,9,35,False,7.0,0.0,43.0,,0,43.0,,0,43.0,,0
2019,Jordan Howard,RB,98.8,9,24,False,1.6875,15.625,38.0,,0,40.0,,0,44.0,,0
2019,Sterling Shepard,WR,99.0,9,26,False,6.6875,0.1875,56.0,25.0,2,51.0,20.0,2,48.0,16.0,2
2019,Kareem Hunt,RB,102.2,9,24,False,3.1818181818181817,16.454545454545453,54.0,27.0,1,50.0,23.0,2,45.0,20.0,2
2019,James Washington,WR,102.5,9,23,False,3.1666666666666665,0.0,49.0,55.0,0,50.0,48.0,0,53.0,46.0,0
2019,Marquez Valdes-Scantling,WR,102.6,9,24,False,4.5625,0.125,80.0,155.0,0,82.0,141.0,0,85.0,142.0,0
2019,Kyler Murray,QB,102.9,9,22,True,,,8.0,26.0,0,8.0,26.0,0,8.0,26.0,0
2019,Philip Rivers,QB,104.3,9,37,False,0.0,1.125,18.0,18.0,1,18.0,18.0,1,18.0,18.0,1
2019,Jameis Winston,QB,104.8,9,25,False,0.0,4.454545454545454,5.0,3.0,2,5.0,3.0,2,5.0,3.0,2
2019,Royce Freeman,RB,108.4,10,23,False,1.4285714285714286,9.285714285714286,40.0,33.0,0,38.0,30.0,0,38.0,31.0,0
2019,Corey Davis,WR,108.5,10,24,False,7.0,0.375,67.0,67.0,0,65.0,64.0,0,65.0,65.0,0
2019,Eric Ebron,TE,109.9,10,26,False,6.875,0.1875,25.0,,0,27.0,,0,28.0,,0
2019,Geronimo Allison,WR,111.3,10,25,False,6.0,0.0,94.0,102.0,0,91.0,103.0,0,90.0,103.0,0
2019,Michael Gallup,WR,111.6,10,23,False,4.533333333333333,0.0,20.0,43.0,0,21.0,41.0,1,23.0,40.0,1
2019,Ben Roethlisberger,QB,112.9,10,37,False,0.0625,1.9375,51.0,,0,51.0,,0,51.0,,0
2019,Larry Fitzgerald,WR,114.2,10,36,False,7.0,0.0,43.0,47.0,1,37.0,49.0,1,35.0,49.0,1
2019,Tom Brady,QB,114.3,10,42,False,0.0625,1.4375,12.0,23.0,1,12.0,23.0,1,12.0,23.0,1
2019,Adrian Peterson,RB,114.4,10,34,False,1.625,15.6875,28.0,14.0,3,30.0,14.0,3,35.0,16.0,3
2019,Peyton Barber,RB,115.5,10,25,False,1.8125,14.625,39.0,65.0,0,41.0,64.0,0,43.0,64.0,0
2019,DeSean Jackson,WR,117.8,10,32,False,6.166666666666667,0.5,108.0,,0,116.0,,0,120.0,,0
2019,Justice Hill,RB,118.8,10,21,True,,,74.0,50.0,1,79.0,49.0,1,78.0,53.0,1
2019,Dante Pettis,WR,120.2,11,23,False,3.75,0.08333333333333333,125.0,,0,128.0,,0,131.0,,0
2019,Justin Jackson,RB,123.3,11,23,False,2.111111111111111,5.555555555555555,89.0,78.0,0,89.0,79.0,0,89.0,80.0,0
2019,Courtland Sutton,WR,123.9,11,23,False,5.25,0.0625,17.0,58.0,0,18.0,50.0,0,19.0,48.0,0
2019,DK Metcalf,WR,126.4,11,21,True,,,30.0,52.0,0,33.0,52.0,0,32.0,55.0,0
2019,Donte Moncrief,WR,127.1,11,26,False,5.5625,0.0,187.0,,0,183.0,,0,180.0,,0
2019,Dak Prescott,QB,127.3,11,26,False,0.0625,4.6875,2.0,16.0,1,2.0,16.0,1,2.0,16.0,1
2019,Kalen Ballage,RB,127.5,11,23,False,0.9166666666666666,3.0,77.0,,0,78.0,,0,76.0,,0
2019,Jaylen Samuels,RB,128.6,11,23,False,3.2222222222222223,6.222222222222222,61.0,73.0,0,53.0,66.0,0,47.0,62.0,0
2019,Alexander Mattison,RB,129.5,11,21,True,,,57.0,69.0,0,59.0,71.0,0,63.0,73.0,0
2019,Mark Andrews,TE,129.7,11,23,False,3.125,0.0,2.0,5.0,2,4.0,6.0,2,5.0,6.0,2
2019,Trey Burton,TE,130.3,11,27,False,4.75,0.0625,84.0,,0,77.0,,0,71.0,,0
2019,Kirk Cousins,QB,131.5,11,31,False,0.0625,2.75,15.0,29.0,0,15.0,29.0,0,15.0,29.0,0
2019,Golden Tate,WR,133.1,12,31,False,7.533333333333333,0.26666666666666666,40.0,34.0,1,42.0,39.0,1,43.0,44.0,1
2019,Mecole Hardman Jr.,WR,133.1,12,21,True,,,50.0,70.0,0,56.0,80.0,0,61.0,83.0,0
2019,Tyrell Williams,WR,134.6,12,27,False,4.333333333333333,0.13333333333333333,44.0,35.0,0,48.0,38.0,0,47.0,43.0,0
2019,Anthony Miller,WR,134.6,12,24,False,3.6,0.4,61.0,24.0,1,60.0,24.0,1,56.0,24.0,1
2019,John Brown,WR,135.3,12,29,False,6.0625,0.1875,18.0,30.0,1,20.0,32.0,0,20.0,31.0,1
2019,Mitchell Trubisky,QB,138.4,12,25,False,0.0,4.857142857142857,26.0,9.0,1,26.0,9.0,1,26.0,9.0,1
2019,Carlos Hyde,RB,143.8,12,28,False,1.1428571428571428,12.285714285714286,22.0,16.0,1,26.0,19.0,1,29.0,21.0,1
2019,Josh Allen,QB,144.8,13,23,False,0.08333333333333333,7.416666666666667,6.0,17.0,1,6.0,17.0,1,6.0,17.0,1
2019,Damien Harris,RB,148.2,13,22,True,,,125.0,,0,126.0,,0,128.0,,0
2019,Keke Coutee,WR,149.0,13,22,False,6.833333333333333,0.5,111.0,105.0,0,105.0,100.0,0,105.0,97.0,0
2019,Austin Hooper,TE,149.2,13,24,False,5.5,0.0,7.0,21.0,1,6.0,15.0,1,6.0,15.0,1
2019,T.J. Hockenson,TE,149.7,13,22,True,,,34.0,,0,32.0,,0,32.0,,0
2019,Ronald Jones,RB,150.1,13,22,False,1.2857142857142858,3.2857142857142856,27.0,24.0,1,27.0,24.0,1,26.0,24.0,1
2019,Jamison Crowder,WR,150.7,13,26,False,5.444444444444445,0.4444444444444444,34.0,19.0,1,30.0,19.0,1,26.0,21.0,1
2019,Jimmy Garoppolo,QB,153.7,13,27,False,0.0,2.6666666666666665,13.0,13.0,1,13.0,13.0,1,13.0,13.0,1
2019,Ito Smith,RB,153.7,13,23,False,2.4615384615384617,6.923076923076923,83.0,,0,84.0,,0,83.0,,0
2019,Derek Carr,QB,155.0,13,28,False,0.0625,1.5,16.0,8.0,2,16.0,8.0,2,16.0,8.0,2
2019,Dion Lewis,RB,155.0,13,28,False,4.1875,9.6875,76.0,36.0,1,69.0,39.0,0,65.0,39.0,0
2019,Jordan Reed,TE,155.1,13,29,False,6.461538461538462,0.0,,,0,,,0,,,0
2019,Greg Olsen,TE,156.1,14,34,False,4.222222222222222,0.0,16.0,54.0,0,13.0,59.0,0,13.0,61.0,0
2019,N'Keal Harry,WR,156.8,14,21,True,,,48.0,23.0,1,49.0,24.0,1,51.0,25.0,1
2019,CJ Anderson,RB,156.8,14,28,False,1.0,7.444444444444445,114.0,,0,117.0,,0,118.0,,0
2019,Marquise Goodwin,WR,157.2,14,28,False,4.0,0.36363636363636365,115.0,,0,124.0,,0,123.0,,0
2019,Ty Montgomery II,RB,157.3,14,26,False,3.076923076923077,3.1538461538461537,141.0,90.0,0,139.0,89.0,0,137.0,89.0,0
2019,Dare Ogunbowale,RB,159.5,14,25,False,0.0,0.0,73.0,66.0,0,64.0,57.0,0,59.0,50.0,0
2019,Kenny Stills,WR,160.1,14,27,False,4.266666666666667,0.0,59.0,38.0,1,61.0,40.0,1,60.0,42.0,1
2019,Sam Darnold,QB,162.3,14,22,False,0.0,3.3076923076923075,27.0,21.0,0,27.0,21.0,0,27.0,21.0,0
2019,Tre'Quan Smith,WR,162.5,14,23,False,3.3846153846153846,0.0,81.0,46.0,0,87.0,56.0,0,91.0,62.0,0
2019,Deebo Samuel Sr.,WR,163.3,14,23,True,,,29.0,29.0,1,31.0,31.0,1,33.0,36.0,1
2019,Miles Boykin,WR,163.6,14,22,True,,,96.0,93.0,0,103.0,99.0,0,107.0,102.0,0
2019,Jacoby Brissett,QB,164.4,14,26,False,0.0,1.75,24.0,19.0,1,24.0,19.0,1,24.0,19.0,1
2019,Matthew Stafford,QB,165.4,14,31,False,0.0,1.5625,29.0,,0,29.0,,0,29.0,,0
2019,Malcolm Brown,RB,166.9,14,26,False,0.6363636363636364,3.909090909090909,55.0,61.0,1,61.0,68.0,0,66.0,69.0,0
2019,Mohamed Sanu,WR,170.1,15,30,False,5.875,0.4375,72.0,99.0,0,63.0,96.0,0,59.0,93.0,0
2020,Christian McCaffrey,RB,1.3,1,24,False,8.875,17.9375,50.0,,0,51.0,,0,51.0,,0
2020,Saquon Barkley,RB,2.4,1,23,False,5.615384615384615,16.692307692307693,112.0,,0,112.0,,0,112.0,,0
2020,Ezekiel Elliott,RB,3.3,1,25,False,4.4375,18.8125,11.0,34.0,1,11.0,33.0,1,9.0,32.0,1
2020,Alvin Kamara,RB,4.8,1,25,False,6.928571428571429,12.214285714285714,3.0,1.0,3,1.0,1.0,3,1.0,1.0,3
2020,Derrick Henry,RB,5.0,1,26,False,1.6,20.2,1.0,3.0,2,2.0,3.0,2,3.0,3.0,2
2020,Dalvin Cook,RB,6.0,1,25,False,4.5,17.857142857142858,2.0,5.0,3,3.0,5.0,3,2.0,5.0,3
2020,Michael Thomas,WR,7.9,1,30,False,0.0,0.0,,,0,,,0,,,0
2020,Clyde Edwards-Helaire,RB,8.2,1,21,True,,,22.0,42.0,1,22.0,40.0,1,22.0,39.0,1
2020,Josh Jacobs,RB,8.4,1,22,False,2.076923076923077,18.615384615384617,9.0,26.0,1,8.0,24.0,1,8.0,24.0,1
2020,Nick Chubb,RB,9.8,1,24,False,3.0625,18.625,8.0,8.0,3,9.0,7.0,3,11.0,8.0,3
2020,Patrick Mahomes,QB,10.3,1,24,False,0.0,3.0714285714285716,4.0,9.0,1,4.0,9.0,1,4.0,9.0,1
2020,Joe Mixon,RB,11.1,1,24,False,2.8125,17.375,48.0,,0,48.0,,0,46.0,,0
2020,Miles Sanders,RB,13.2,2,23,False,3.9375,11.1875,21.0,7.0,2,23.0,6.0,2,23.0,7.0,2
2020,Davante Adams,WR,13.6,2,27,False,10.583333333333334,0.0,1.0,2.0,2,1.0,2.0,2,1.0,2.0,2
2020,Kenyan Drake,RB,14.7,2,26,False,4.857142857142857,12.142857142857142,14.0,23.0,2,15.0,25.0,2,16.0,25.0,2
2020,Tyreek Hill,WR,14.8,2,26,False,7.416666666666667,0.6666666666666666,2.0,6.0,2,2.0,8.0,2,3.0,8.0,2
2020,Aaron Jones Sr.,RB,16.2,2,25,False,4.25,14.75,5.0,12.0,2,5.0,12.0,2,5.0,13.0,2
2020,Lamar Jackson,QB,18.1,2,23,False,0.0,11.733333333333333,10.0,2.0,3,10.0,2.0,3,10.0,2.0,3
2020,Julio Jones,WR,18.2,2,31,False,10.466666666666667,0.13333333333333333,51.0,,0,50.0,,0,51.0,,0
2020,Austin Ekeler,RB,18.2,2,25,False,6.75,8.25,31.0,19.0,2,29.0,13.0,2,25.0,10.0,2
2020,DeAndre Hopkins,WR,20.0,2,28,False,10.0,0.13333333333333333,10.0,8.0,2,5.0,5.0,2,4.0,5.0,2
2020,Travis Kelce,TE,21.0,2,30,False,8.5,0.0625,1.0,1.0,3,1.0,1.0,3,1.0,1.0,3
2020,James Conner,RB,22.5,2,25,False,3.8,11.6,26.0,44.0,1,27.0,42.0,1,27.0,42.0,1
2020,Chris Godwin Jr.,WR,23.8,2,24,False,8.642857142857142,0.07142857142857142,29.0,25.0,1,31.0,28.0,1,32.0,33.0,1
2020,Chris Carson,RB,25.0,3,25,False,3.1333333333333333,18.533333333333335,16.0,24.0,1,17.0,22.0,1,19.0,21.0,1
2020,Kenny Golladay,WR,25.6,3,26,False,7.25,0.0,96.0,,0,100.0,,0,99.0,,0
2020,George Kittle,TE,26.5,3,26,False,7.642857142857143,0.35714285714285715,19.0,35.0,1,20.0,35.0,1,20.0,37.0,1
2020,Mike Evans,WR,27.6,3,27,False,9.076923076923077,0.0,7.0,4.0,2,10.0,4.0,2,11.0,4.0,2
2020,David Johnson,RB,30.0,3,28,False,3.9166666666666665,7.833333333333333,19.0,10.0,2,19.0,10.0,2,21.0,9.0,2
2020,LeVeon Bell,RB,30.1,3,28,False,5.2,16.333333333333332,62.0,32.0,1,61.0,32.0,1,62.0,35.0,1
2020,Adam Thielen,WR,30.6,3,30,False,4.8,0.4,8.0,22.0,1,9.0,24.0,1,10.0,24.0,1
2020,Melvin Gordon III,RB,31.5,3,27,False,4.583333333333333,13.5,12.0,13.0,2,13.0,15.0,2,14.0,17.0,2
2020,Leonard Fournette,RB,32.0,3,25,False,6.666666666666667,17.666666666666668,39.0,22.0,2,38.0,23.0,2,34.0,23.0,2
2020,Todd Gurley,RB,33.3,3,26,False,3.2666666666666666,14.866666666666667,23.0,60.0,0,25.0,55.0,0,29.0,52.0,0
2020,Amari Cooper,WR,33.4,3,26,False,7.4375,0.0625,18.0,27.0,2,16.0,33.0,2,15.0,37.0,2
2020,Cooper Kupp,WR,35.0,3,27,False,8.375,0.125,34.0,43.0,0,28.0,36.0,0,26.0,32.0,0
2020,Jonathan Taylor,RB,36.3,4,21,True,,,4.0,4.0,3,6.0,4.0,3,6.0,4.0,3
2020,Mark Ingram II,RB,36.8,4,30,False,1.9333333333333333,13.466666666666667,68.0,,0,72.0,,0,73.0,,0
2020,Calvin Ridley,WR,37.4,4,25,False,7.153846153846154,0.15384615384615385,4.0,3.0,3,4.0,3.0,3,5.0,3.0,3
2020,A.J. Brown,WR,38.2,4,23,False,5.25,0.1875,9.0,13.0,2,11.0,12.0,2,12.0,11.0,2
2020,JuJu Smith-Schuster,WR,38.4,4,23,False,5.833333333333333,0.0,24.0,24.0,2,18.0,19.0,2,17.0,16.0,2
2020,Allen Robinson II,WR,41.0,4,27,False,9.625,0.0625,12.0,9.0,2,12.0,7.0,2,9.0,6.0,2
2020,David Montgomery,RB,41.5,4,23,False,2.1875,15.125,6.0,2.0,3,4.0,2.0,3,4.0,2.0,3
2020,DK Metcalf,WR,42.4,4,22,False,6.25,0.125,5.0,35.0,1,6.0,29.0,1,7.0,26.0,1
2020,Mark Andrews,TE,42.5,4,24,False,6.533333333333333,0.0,5.0,6.0,1,5.0,4.0,1,6.0,5.0,3
2020,Odell Beckham Jr.,WR,43.6,4,27,False,8.3125,0.1875,75.0,,0,84.0,,0,89.0,,0
2020,Devin Singletary,RB,44.5,4,22,False,3.4166666666666665,12.583333333333334,37.0,30.0,1,34.0,30.0,1,32.0,29.0,1
2020,Raheem Mostert,RB,47.2,4,28,False,1.375,8.5625,44.0,45.0,0,44.0,48.0,0,45.0,49.0,0
2020,Robert Woods,WR,48.0,4,28,False,9.266666666666667,1.1333333333333333,15.0,33.0,1,13.0,31.0,1,14.0,29.0,1
2020,DJ Moore,WR,48.9,5,23,False,9.0,0.4,17.0,53.0,1,20.0,49.0,1,23.0,48.0,1
2020,Russell Wilson,QB,49.8,5,31,False,0.0,4.6875,6.0,16.0,1,6.0,16.0,1,6.0,16.0,1
2020,Tyler Lockett,WR,50.8,5,27,False,6.875,0.25,11.0,65.0,0,8.0,56.0,0,8.0,54.0,0
2020,Stefon Diggs,WR,52.5,5,26,False,6.266666666666667,0.3333333333333333,3.0,1.0,3,3.0,1.0,3,2.0,1.0,3
2020,Dak Prescott,QB,52.6,5,27,False,0.0,3.25,29.0,,0,29.0,,0,29.0,,0
2020,Zach Ertz,TE,53.8,5,29,False,9.0,0.0,36.0,33.0,0,34.0,31.0,0,31.0,30.0,0
2020,DJ Chark,WR,54.1,5,23,False,7.866666666666666,0.13333333333333333,47.0,44.0,1,46.0,46.0,1,46.0,46.0,1
2020,Kyler Murray,QB,54.7,5,23,False,0.0,5.8125,3.0,7.0,1,3.0,7.0,1,3.0,7.0,1
2020,Kareem Hunt,RB,54.8,5,25,False,5.5,5.375,10.0,14.0,2,10.0,11.0,2,10.0,12.0,2
2020,T.Y. Hilton,WR,54.9,5,30,False,6.8,0.0,40.0,11.0,1,40.0,11.0,1,41.0,13.0,1
2020,Terry McLaurin,WR,57.4,5,24,False,6.642857142857143,0.0,22.0,82.0,0,19.0,79.0,0,19.0,75.0,0
2020,D'Andre Swift,RB,57.8,5,21,True,,,20.0,20.0,2,18.0,19.0,2,17.0,16.0,2
2020,Keenan Allen,WR,58.9,5,28,False,9.3125,0.1875,19.0,69.0,1,14.0,66.0,1,13.0,60.0,1
2020,Ronald Jones,RB,60.6,6,23,False,2.5,10.75,15.0,43.0,1,16.0,46.0,1,20.0,48.0,1
2020,Deshaun Watson,QB,62.6,6,24,False,0.06666666666666667,5.466666666666667,5.0,8.0,2,5.0,8.0,2,5.0,8.0,2
2020,Cam Akers,RB,62.8,6,21,True,,,41.0,28.0,1,42.0,28.0,1,47.0,28.0,1
2020,Darren Waller,TE,65.3,6,27,False,7.3125,0.125,2.0,2.0,2,2.0,2.0,3,2.0,2.0,3
2020,Marlon Mack,RB,65.4,6,24,False,1.2142857142857142,17.642857142857142,123.0,,0,127.0,,0,125.0,,0
2020,Courtland Sutton,WR,66.4,6,24,False,7.75,0.1875,171.0,,0,176.0,,0,178.0,,0
2020,A.J. Green,WR,66.4,6,32,False,,,73.0,29.0,1,67.0,32.0,1,67.0,35.0,1
2020,Rob Gronkowski,TE,68.3,6,31,False,,,8.0,7.0,1,9.0,8.0,1,9.0,10.0,1
2020,J.K. Dobbins,RB,69.7,6,21,True,,,17.0,9.0,3,20.0,14.0,3,24.0,19.0,3
2020,DeVante Parker,WR,72.2,7,27,False,8.0,0.0,43.0,142.0,0,41.0,146.0,0,40.0,147.0,0
2020,Brandin Cooks,WR,74.5,7,26,False,5.142857142857143,0.42857142857142855,13.0,23.0,1,15.0,25.0,1,16.0,25.0,1
2020,Michael Gallup,WR,75.5,7,24,False,8.071428571428571,0.0,37.0,10.0,1,38.0,10.0,1,38.0,14.0,1
2020,Aaron Rodgers,QB,75.8,7,36,False,0.0,2.875,2.0,4.0,2,2.0,4.0,2,2.0,4.0,2
2020,Drew Brees,QB,76.4,7,41,False,0.0,0.8181818181818182,21.0,28.0,0,21.0,28.0,0,21.0,28.0,0
2020,Jordan Howard,RB,77.1,7,25,False,1.5555555555555556,13.222222222222221,82.0,103.0,0,88.0,111.0,0,91.0,111.0,0
2020,Evan Engram,TE,77.1,7,25,False,8.5,0.375,20.0,26.0,0,19.0,22.0,0,17.0,19.0,1
2020,Will Fuller,WR,77.3,7,26,False,6.454545454545454,0.0,20.0,,0,27.0,,0,31.0,,0
2020,Deebo Samuel Sr.,WR,78.7,7,24,False,5.4,0.9333333333333333,99.0,165.0,0,98.0,168.0,0,97.0,170.0,0
2020,Sony Michel,RB,79.5,7,25,False,1.25,15.4375,52.0,41.0,0,57.0,43.0,0,60.0,46.0,0
2020,Matt Ryan,QB,83.7,7,35,False,0.0,2.2666666666666666,12.0,15.0,2,12.0,15.0,2,12.0,15.0,2
2020,Kerryon Johnson,RB,83.8,7,23,False,1.875,14.125,67.0,56.0,1,66.0,56.0,0,64.0,59.0,0
2020,Jarvis Landry,WR,85.1,8,27,False,8.625,0.0625,35.0,46.0,1,36.0,44.0,1,33.0,42.0,1
2020,Phillip Lindsay,RB,85.3,8,26,False,3.0,14.0,60.0,69.0,0,64.0,64.0,0,65.0,60.0,0
2020,Hunter Henry,TE,85.5,8,25,False,6.333333333333333,0.0,14.0,17.0,1,13.0,16.0,1,12.0,15.0,1
2020,Tevin Coleman,RB,86.6,8,27,False,2.142857142857143,9.785714285714286,120.0,90.0,0,124.0,93.0,0,122.0,93.0,0
2020,Josh Allen,QB,87.0,8,24,False,0.0,6.8125,1.0,1.0,2,1.0,1.0,2,1.0,1.0,2
2020,Tyler Boyd,WR,87.1,8,25,False,9.25,0.25,36.0,109.0,0,35.0,109.0,0,28.0,107.0,0
2020,Julian Edelman,WR,87.3,8,34,False,9.5625,0.5,110.0,,0,110.0,,0,111.0,,0
2020,Tom Brady,QB,90.7,8,43,False,0.0,1.625,8.0,6.0,2,8.0,6.0,2,8.0,6.0,2
2020,Matt Breida,RB,90.8,8,25,False,1.8333333333333333,10.25,83.0,55.0,0,84.0,60.0,0,82.0,67.0,0
2020,Marvin Jones Jr.,WR,92.2,8,30,False,7.0,0.15384615384615385,14.0,30.0,1,17.0,27.0,1,18.0,23.0,1
2020,Mecole Hardman Jr.,WR,92.4,8,22,False,2.5625,0.25,57.0,41.0,0,58.0,45.0,0,61.0,47.0,0
2020,Alexander Mattison,RB,93.0,8,22,False,0.9230769230769231,7.6923076923076925,51.0,95.0,0,52.0,96.0,0,55.0,96.0,0
2020,Jared Cook,TE,93.6,8,33,False,4.642857142857143,0.0,12.0,10.0,2,17.0,12.0,1,18.0,14.0,1
2020,Zack Moss,RB,93.7,8,22,True,,,45.0,29.0,1,45.0,29.0,1,48.0,34.0,1
2020,Latavius Murray,RB,95.2,8,30,False,2.6875,9.125,33.0,35.0,1,36.0,37.0,1,35.0,36.0,1
2020,CeeDee Lamb,WR,95.4,8,21,True,,,21.0,7.0,2,23.0,9.0,2,22.0,10.0,2
2020,Carson Wentz,QB,95.6,8,27,False,0.0,3.875,22.0,,0,22.0,,0,22.0,,0
2020,Emmanuel Sanders,WR,98.7,9,33,False,5.705882352941177,0.0,45.0,20.0,2,43.0,23.0,0,42.0,27.0,0
2020,Diontae Johnson,WR,100.4,9,24,False,5.75,0.25,25.0,15.0,2,22.0,13.0,2,21.0,9.0,2
2020,James White,RB,100.5,9,28,False,6.333333333333333,4.466666666666667,54.0,52.0,0,50.0,47.0,0,42.0,44.0,0
2020,Darrell Henderson Jr.,RB,103.7,9,23,False,0.6666666666666666,4.333333333333333,32.0,71.0,0,35.0,75.0,0,38.0,79.0,0
2020,Darius Slayton,WR,104.8,9,23,False,6.0,0.0,55.0,67.0,0,55.0,65.0,0,53.0,62.0,0
2020,Matthew Stafford,QB,104.9,9,32,False,0.0,2.5,15.0,26.0,0,15.0,26.0,0,15.0,26.0,0
2020,Antonio Gibson,RB,105.3,9,22,True,,,13.0,64.0,0,12.0,65.0,0,13.0,65.0,0
2020,Daniel Jones,QB,108.3,10,23,False,0.0,3.4615384615384617,23.0,34.0,0,23.0,34.0,0,23.0,34.0,0
2020,Christian Kirk,WR,109.8,10,23,False,8.307692307692308,0.7692307692307693,50.0,72.0,0,51.0,60.0,0,52.0,56.0,0
2020,Jerry Jeudy,WR,110.3,10,21,True,,,42.0,76.0,0,44.0,71.0,0,45.0,69.0,0
2020,Austin Hooper,TE,111.2,10,25,False,7.461538461538462,0.0,23.0,15.0,1,22.0,13.0,2,22.0,12.0,2
2020,Henry Ruggs III,WR,111.4,10,21,True,,,91.0,137.0,0,94.0,126.0,0,96.0,126.0,0
2020,Chase Edmonds,RB,112.4,10,24,False,1.75,5.0,35.0,39.0,1,30.0,35.0,1,28.0,31.0,1
2020,Ke'Shawn Vaughn,RB,114.4,10,23,True,,,96.0,72.0,0,96.0,76.0,0,98.0,80.0,0
2020,Damien Williams,RB,115.0,10,28,False,3.3636363636363638,10.090909090909092,,,0,,,0,,,0
2020,Damien Harris,RB,115.3,10,23,False,0.0,4.0,42.0,70.0,0,46.0,74.0,0,50.0,78.0,0
2020,Tony Pollard,RB,115.7,10,23,False,1.4285714285714286,6.142857142857143,43.0,17.0,2,41.0,16.0,2,41.0,15.0,2
2020,Tyler Higbee,TE,116.2,10,27,False,6.357142857142857,0.0,16.0,11.0,1,18.0,15.0,1,19.0,16.0,1
2020,Noah Fant,TE,117.2,10,22,False,4.125,0.1875,17.0,14.0,1,14.0,10.0,1,11.0,9.0,1
2020,Adrian Peterson,RB,117.7,10,35,False,1.5333333333333334,14.066666666666666,30.0,65.0,0,37.0,71.0,0,40.0,74.0,0
2020,John Brown,WR,121.0,11,30,False,7.666666666666667,0.13333333333333333,71.0,,0,73.0,,0,76.0,,0
2020,Hayden Hurst,TE,121.1,11,27,False,2.4375,0.0,13.0,13.0,2,12.0,14.0,2,10.0,13.0,2
2020,Baker Mayfield,QB,122.3,11,25,False,0.0,1.75,18.0,14.0,2,17.0,14.0,2,17.0,14.0,2
2020,Ben Roethlisberger,QB,123.1,11,38,False,0.0,0.5,14.0,22.0,1,14.0,22.0,1,14.0,22.0,1
2020,Mike Williams,WR,123.6,11,25,False,6.0,0.06666666666666667,44.0,97.0,0,45.0,92.0,0,48.0,93.0,0
2020,DeSean Jackson,WR,124.9,11,33,False,5.0,0.0,111.0,56.0,1,116.0,74.0,1,119.0,82.0,1
2020,Sterling Shepard,WR,125.5,11,27,False,8.3,0.6,53.0,36.0,1,47.0,34.0,1,44.0,30.0,1
2020,Justin Jefferson,WR,125.5,11,21,True,,,6.0,28.0,0,7.0,22.0,1,6.0,21.0,1
2020,Tarik Cohen,RB,125.6,11,25,False,6.5,4.0,105.0,,0,106.0,,0,104.0,,0
2020,Sammy Watkins,WR,128.3,11,27,False,6.923076923076923,0.15384615384615385,93.0,77.0,0,91.0,77.0,0,87.0,73.0,0
2020,AJ Dillon,RB,131.0,11,22,True,,,73.0,27.0,1,78.0,27.0,1,81.0,30.0,1
2020,Justin Jackson,RB,131.7,11,24,False,1.5714285714285714,4.142857142857143,69.0,93.0,0,67.0,89.0,0,66.0,86.0,0
2020,Cam Newton,QB,131.7,11,31,False,0.0,2.5,16.0,31.0,0,16.0,31.0,0,16.0,31.0,0
2020,Jared Goff,QB,132.7,12,25,False,0.0,2.0625,17.0,23.0,0,18.0,23.0,0,18.0,23.0,0
2020,Jalen Reagor,WR,136.6,12,21,True,,,92.0,75.0,0,92.0,69.0,0,93.0,64.0,0
2020,Alshon Jeffery,WR,136.9,12,30,False,8.11111111111111,0.1111111111111111,135.0,54.0,0,144.0,61.0,0,149.0,70.0,0
2020,Ryan Tannehill,QB,139.2,12,32,False,0.0,3.5833333333333335,7.0,5.0,1,7.0,5.0,1,7.0,5.0,1
2020,Anthony Miller,WR,139.3,12,25,False,5.3125,0.0625,87.0,116.0,0,77.0,115.0,0,71.0,113.0,0
2020,Jamison Crowder,WR,144.3,13,27,False,7.625,0.0625,38.0,17.0,1,39.0,18.0,1,39.0,18.0,1
2020,N'Keal Harry,WR,145.4,13,22,False,3.4285714285714284,0.7142857142857143,40.0,46.0,0,37.0,46.0,0,36.0,47.0,0
2020,Bryce Love,RB,146.4,13,23,False,,,,,0,,,0,,,0
2020,Preston Williams,WR,147.1,13,23,False,7.5,0.0,84.0,,0,95.0,,0,98.0,,0
2020,Ryquell Armstead,RB,147.2,13,23,False,1.7142857142857142,2.5,,,0,,,0,,,0
2020,Carlos Hyde,RB,148.4,13,29,False,1.0,15.3125,53.0,33.0,1,56.0,38.0,1,56.0,38.0,1
2020,Boston Scott,RB,149.6,13,25,False,2.888888888888889,6.777777777777778,55.0,87.0,0,53.0,85.0,0,53.0,85.0,0
2020,Eric Ebron,TE,151.4,13,27,False,4.7272727272727275,0.0,15.0,20.0,1,16.0,20.0,1,15.0,22.0,1
2020,T.J. Hockenson,TE,151.5,13,23,False,4.916666666666667,0.0,7.0,27.0,1,7.0,25.0,1,5.0,21.0,1
2020,Mike Gesicki,TE,151.8,13,24,False,5.933333333333334,0.0,6.0,8.0,1,8.0,9.0,1,7.0,8.0,1
2020,Nyheim Hines,RB,152.9,13,23,False,3.625,3.25,25.0,36.0,0,21.0,31.0,1,15.0,27.0,1
2020,Chris Thompson,RB,153.3,13,29,False,5.2727272727272725,3.3636363636363638,91.0,,0,85.0,,0,79.0,,0
2020,Joe Burrow,QB,153.6,13,23,True,,,25.0,,0,25.0,,0,25.0,,0
2020,Bryan Edwards,WR,153.6,13,21,True,,,127.0,138.0,0,129.0,139.0,0,131.0,140.0,0
2020,O.J. Howard,TE,154.0,13,25,False,3.7857142857142856,0.0,54.0,,0,56.0,,0,56.0,,0
2020,Benny Snell Jr.,RB,155.2,13,22,False,0.36363636363636365,9.818181818181818,56.0,37.0,1,59.0,39.0,1,61.0,40.0,1
2020,Jerick McKinnon,RB,155.3,13,28,False,,,40.0,73.0,0,40.0,66.0,0,39.0,63.0,0
2020,Kirk Cousins,QB,155.7,13,32,False,0.06666666666666667,2.066666666666667,11.0,11.0,2,11.0,11.0,2,11.0,11.0,2
2020,Blake Jarwin,TE,156.3,14,26,False,2.7333333333333334,0.0,105.0,,0,109.0,,0,111.0,,0
2020,Drew Lock,QB,156.6,14,23,False,0.0,3.6,24.0,18.0,1,24.0,18.0,1,24.0,18.0,1
2020,Jonnu Smith,TE,156.6,14,25,False,2.933333333333333,0.26666666666666666,10.0,19.0,1,10.0,18.0,1,16.0,18.0,0
2020,Darrel Williams,RB,156.8,14,25,False,2.111111111111111,4.555555555555555,79.0,62.0,0,77.0,62.0,0,76.0,61.0,0
2020,Golden Tate,WR,157.1,14,32,False,7.7272727272727275,0.09090909090909091,94.0,106.0,0,93.0,114.0,0,91.0,115.0,0
2020,Dallas Goedert,TE,157.7,14,25,False,5.8,0.0,21.0,29.0,0,21.0,28.0,0,21.0,26.0,0
2020,Jack Doyle,TE,157.7,14,30,False,4.5,0.0,37.0,28.0,0,41.0,29.0,0,42.0,29.0,0
2020,Gardner Minshew II,QB,158.3,14,24,False,0.0,4.785714285714286,26.0,27.0,0,26.0,27.0,0,26.0,27.0,0
2020,Ito Smith,RB,158.4,14,24,False,2.0,3.142857142857143,78.0,50.0,0,75.0,50.0,0,75.0,51.0,0
2020,LeSean McCoy,RB,158.5,14,32,False,2.6153846153846154,7.769230769230769,107.0,59.0,0,97.0,57.0,0,94.0,56.0,0
2020,Duke Johnson,RB,158.5,14,26,False,3.875,5.1875,63.0,66.0,0,60.0,69.0,0,57.0,69.0,0
2020,Brandon Aiyuk,WR,159.0,14,22,True,,,33.0,21.0,2,33.0,15.0,2,34.0,12.0,2
2020,Lamar Miller,RB,159.0,14,29,False,,,139.0,,0,138.0,,0,135.0,,0
2020,Allen Lazard,WR,159.4,14,24,False,4.333333333333333,0.08333333333333333,77.0,98.0,0,79.0,84.0,0,80.0,81.0,0
2020,Philip Rivers,QB,159.8,14,38,False,0.0,0.75,20.0,20.0,1,20.0,20.0,1,20.0,20.0,1
2020,DeAndre Washington,RB,160.4,14,27,False,2.5625,6.75,109.0,74.0,0,111.0,77.0,0,109.0,75.0,0
2020,Joshua Kelley,RB,160.5,14,22,True,,,65.0,121.0,0,63.0,121.0,0,59.0,121.0,0
2020,Parris Campbell,WR,160.8,14,23,False,3.4285714285714284,0.5714285714285714,165.0,,0,167.0,,0,166.0,,0
2020,Michael Pittman Jr.,WR,161.2,14,22,True,,,88.0,94.0,0,83.0,85.0,0,81.0,89.0,0
2020,Rashaad Penny,RB,161.3,14,24,False,1.2222222222222223,7.222222222222222,134.0,110.0,0,139.0,115.0,0,140.0,115.0,0
2020,Laviska Shenault Jr.,WR,161.5,14,21,True,,,52.0,45.0,1,49.0,39.0,1,49.0,36.0,1
2020,Anthony McFarland Jr.,RB,161.9,14,21,True,,,115.0,120.0,0,113.0,105.0,0,115.0,105.0,0
2020,Teddy Bridgewater,QB,162.0,14,27,False,0.0,3.111111111111111,19.0,21.0,1,19.0,21.0,1,19.0,21.0,1
2020,Jimmy Garoppolo,QB,162.5,14,28,False,0.0,2.875,38.0,,0,38.0,,0,38.0,,0
2020,Curtis Samuel,WR,162.5,14,24,False,6.5625,1.1875,26.0,18.0,1,26.0,17.0,1,27.0,15.0,2
2020,Derek Carr,QB,162.9,14,29,False,0.0,1.6875,13.0,19.0,2,13.0,19.0,2,13.0,19.0,2
2020,Breshad Perriman,WR,164.4,14,26,False,4.928571428571429,0.14285714285714285,67.0,108.0,0,71.0,111.0,0,77.0,111.0,0
2020,Jamaal Williams,RB,165.0,14,25,False,3.2142857142857144,7.642857142857143,38.0,75.0,0,39.0,78.0,0,37.0,76.0,0
2020,Tua Tagovailoa,QB,165.0,14,22,True,,,31.0,17.0,1,31.0,17.0,1,31.0,17.0,1
2020,Darrynton Evans,RB,165.8,14,22,True,,,103.0,48.0,0,107.0,51.0,0,114.0,54.0,0
2020,Hunter Renfrow,WR,167.9,14,24,False,5.461538461538462,0.0,64.0,112.0,0,61.0,97.0,0,58.0,88.0,0
2020,Larry Fitzgerald,WR,168.1,15,37,False,6.8125,0.0,97.0,64.0,0,85.0,58.0,0,73.0,57.0,0
2020,Tyrell Williams,WR,171.6,15,28,False,4.923076923076923,0.0,,,0,,,0,,,0
2021,Christian McCaffrey,RB,1.2,1,25,False,6.333333333333333,19.666666666666668,40.0,,0,38.0,,0,37.0,,0
2021,Dalvin Cook,RB,2.7,1,26,False,3.857142857142857,22.285714285714285,15.0,57.0,1,15.0,56.0,1,16.0,56.0,1
2021,Derrick Henry,RB,3.4,1,27,False,1.9375,23.625,13.0,,0,16.0,,0,18.0,,0
2021,Alvin Kamara,RB,4.1,1,26,False,7.133333333333334,12.466666666666667,9.0,26.0,1,8.0,25.0,1,8.0,23.0,1
2021,Ezekiel Elliott,RB,5.4,1,26,False,4.733333333333333,16.266666666666666,6.0,16.0,2,6.0,19.0,2,7.0,20.0,2
2021,Nick Chubb,RB,6.2,1,25,False,1.5,15.833333333333334,7.0,6.0,2,11.0,8.0,2,13.0,8.0,2
2021,Aaron Jones Sr.,RB,7.2,1,26,False,4.5,14.357142857142858,14.0,17.0,2,12.0,15.0,3,10.0,13.0,3
2021,Davante Adams,WR,8.0,1,28,False,10.642857142857142,0.0,3.0,3.0,3,3.0,2.0,3,2.0,2.0,3
2021,Jonathan Taylor,RB,8.9,1,22,False,2.6,15.466666666666667,1.0,3.0,3,1.0,3.0,3,1.0,7.0,2
2021,Saquon Barkley,RB,9.6,1,24,False,4.5,9.5,34.0,34.0,0,31.0,33.0,0,29.0,34.0,0
2021,Travis Kelce,TE,10.5,1,31,False,9.666666666666666,0.0,2.0,2.0,2,2.0,2.0,2,2.0,2.0,2
2021,Tyreek Hill,WR,11.8,1,27,False,9.0,0.8666666666666667,8.0,17.0,1,6.0,13.0,1,6.0,12.0,1
2021,Najee Harris,RB,12.5,2,23,True,,,4.0,12.0,2,4.0,11.0,2,3.0,10.0,2
2021,Austin Ekeler,RB,13.3,2,26,False,6.5,11.6,2.0,20.0,2,2.0,20.0,2,2.0,17.0,2
2021,Antonio Gibson,RB,13.8,2,23,False,3.142857142857143,12.142857142857142,10.0,28.0,2,10.0,27.0,2,11.0,26.0,2
2021,Patrick Mahomes,QB,14.6,2,25,False,0.13333333333333333,4.133333333333334,4.0,2.0,3,4.0,2.0,3,4.0,2.0,3
2021,Stefon Diggs,WR,16.0,2,27,False,10.375,0.0625,7.0,11.0,2,7.0,12.0,2,7.0,13.0,2
2021,Joe Mixon,RB,17.3,2,25,False,4.333333333333333,19.833333333333332,3.0,9.0,1,3.0,7.0,2,4.0,4.0,2
2021,DK Metcalf,WR,18.2,2,23,False,8.0625,0.0,10.0,6.0,2,11.0,7.0,1,14.0,7.0,2
2021,Clyde Edwards-Helaire,RB,18.6,2,22,False,4.153846153846154,13.923076923076923,36.0,45.0,0,40.0,47.0,0,44.0,48.0,0
2021,DeAndre Hopkins,WR,20.8,2,29,False,10.0,0.0625,37.0,,0,41.0,,0,44.0,,0
2021,Calvin Ridley,WR,20.9,2,26,False,9.533333333333333,0.3333333333333333,98.0,,0,97.0,,0,98.0,,0
2021,A.J. Brown,WR,23.5,2,24,False,7.571428571428571,0.0,32.0,21.0,1,30.0,23.0,1,32.0,22.0,1
2021,Josh Jacobs,RB,24.0,2,23,False,3.0,18.2,16.0,15.0,3,14.0,16.0,2,12.0,16.0,3
2021,Justin Jefferson,WR,24.1,3,22,False,7.8125,0.0625,5.0,16.0,2,4.0,14.0,2,4.0,14.0,2
2021,Darren Waller,TE,24.7,3,28,False,9.0625,0.0,18.0,,0,17.0,,0,17.0,,0
2021,David Montgomery,RB,26.1,3,24,False,4.533333333333333,16.466666666666665,19.0,8.0,2,20.0,6.0,3,20.0,3.0,3
2021,Josh Allen,QB,26.6,3,25,False,0.0625,6.375,1.0,3.0,3,1.0,3.0,3,1.0,3.0,3
2021,Chris Carson,RB,28.0,3,26,False,3.8333333333333335,11.75,68.0,,0,72.0,,0,75.0,,0
2021,Keenan Allen,WR,29.7,3,29,False,10.5,0.07142857142857142,14.0,12.0,2,13.0,15.0,2,10.0,18.0,2
2021,James Robinson,RB,30.6,3,23,False,4.285714285714286,17.142857142857142,25.0,43.0,1,25.0,45.0,1,25.0,45.0,1
2021,George Kittle,TE,30.9,3,27,False,7.875,0.25,4.0,15.0,1,4.0,17.0,1,4.0,16.0,1
2021,Terry McLaurin,WR,31.0,3,25,False,8.933333333333334,0.13333333333333333,22.0,47.0,0,24.0,41.0,0,25.0,40.0,0
2021,CeeDee Lamb,WR,31.7,3,22,False,6.9375,0.625,15.0,48.0,0,18.0,38.0,0,20.0,38.0,0
2021,D'Andre Swift,RB,34.5,3,22,False,4.384615384615385,8.76923076923077,24.0,72.0,0,19.0,71.0,0,15.0,72.0,0
2021,Miles Sanders,RB,34.9,3,24,False,4.333333333333333,13.666666666666666,45.0,30.0,1,45.0,34.0,1,45.0,35.0,1
2021,Kyler Murray,QB,35.9,3,24,False,0.0,8.3125,10.0,7.0,2,10.0,7.0,2,10.0,7.0,2
2021,Mike Evans,WR,37.4,4,28,False,6.8125,0.0,6.0,59.0,1,8.0,66.0,1,9.0,68.0,1
2021,Allen Robinson II,WR,38.2,4,28,False,9.4375,0.0625,92.0,114.0,0,87.0,114.0,0,82.0,109.0,0
2021,Darrell Henderson Jr.,RB,38.2,4,24,False,1.6,9.2,26.0,71.0,0,26.0,70.0,0,27.0,71.0,0
2021,Myles Gaskin,RB,40.3,4,24,False,4.7,14.2,29.0,61.0,0,27.0,63.0,0,24.0,64.0,0
2021,Kyle Pitts Sr.,TE,41.6,4,20,True,,,10.0,6.0,2,7.0,6.0,2,6.0,7.0,2
2021,Robert Woods,WR,41.9,4,29,False,8.0625,1.5,47.0,,0,48.0,,0,49.0,,0
2021,Julio Jones,WR,42.7,4,32,False,7.555555555555555,0.0,94.0,150.0,0,93.0,151.0,0,92.0,150.0,0
2021,Lamar Jackson,QB,44.0,4,24,False,0.0,10.6,16.0,,0,16.0,,0,16.0,,0
2021,Mike Davis,RB,44.7,4,28,False,4.666666666666667,11.0,43.0,40.0,1,37.0,46.0,1,35.0,46.0,0
2021,Adam Thielen,WR,46.9,4,31,False,7.2,0.2,24.0,106.0,0,26.0,110.0,0,27.0,108.0,0
2021,Amari Cooper,WR,47.3,4,27,False,8.125,0.375,27.0,32.0,1,27.0,31.0,1,28.0,29.0,1
2021,Mark Andrews,TE,48.4,5,25,False,6.285714285714286,0.0,1.0,1.0,3,1.0,1.0,3,1.0,1.0,3
2021,Kareem Hunt,RB,48.8,5,26,False,3.1875,12.375,44.0,,0,46.0,,0,48.0,,0
2021,Chris Godwin Jr.,WR,48.9,5,25,False,7.0,0.0,18.0,112.0,0,16.0,102.0,0,15.0,95.0,0
2021,Javonte Williams,RB,50.5,5,21,True,,,18.0,36.0,1,17.0,31.0,1,17.0,32.0,1
2021,Aaron Rodgers,QB,52.1,5,37,False,0.0625,2.375,5.0,5.0,3,5.0,5.0,3,5.0,5.0,3
2021,Cooper Kupp,WR,52.2,5,28,False,8.266666666666667,0.26666666666666666,1.0,4.0,3,1.0,4.0,3,1.0,3.0,3
2021,Raheem Mostert,RB,52.3,5,29,False,2.375,13.0,128.0,,0,133.0,,0,137.0,,0
2021,Dak Prescott,QB,54.0,5,28,False,0.2,3.6,7.0,4.0,2,7.0,4.0,2,7.0,4.0,2
2021,Damien Harris,RB,54.6,5,24,False,0.7,13.7,8.0,5.0,2,13.0,9.0,2,14.0,11.0,2
2021,Tyler Lockett,WR,55.1,5,28,False,8.25,0.0,11.0,60.0,0,14.0,65.0,0,16.0,66.0,0
2021,T.J. Hockenson,TE,55.5,5,24,False,6.3125,0.0625,16.0,,0,16.0,,0,15.0,,0
2021,Brandon Aiyuk,WR,56.9,5,23,False,8.0,0.5,34.0,31.0,1,36.0,32.0,0,36.0,34.0,0
2021,Diontae Johnson,WR,58.5,5,25,False,9.6,0.2,12.0,30.0,0,9.0,20.0,2,8.0,17.0,2
2021,Michael Thomas,WR,61.0,6,31,False,0.0,0.0,,,0,,,0,,,0
2021,Justin Herbert,QB,61.2,6,23,False,0.0,3.6666666666666665,3.0,6.0,2,3.0,6.0,2,3.0,6.0,2
2021,Russell Wilson,QB,63.4,6,32,False,0.0,5.1875,15.0,9.0,2,15.0,9.0,2,15.0,9.0,2
2021,Chase Edmonds,RB,63.7,6,25,False,4.1875,6.0625,37.0,19.0,1,35.0,14.0,1,33.0,12.0,1
2021,DJ Moore,WR,64.3,6,24,False,7.866666666666666,0.13333333333333333,21.0,51.0,0,19.0,44.0,1,18.0,39.0,1
2021,Trey Sermon,RB,65.3,6,22,True,,,89.0,,0,91.0,,0,95.0,,0
2021,Chase Claypool,WR,66.0,6,23,False,6.8125,0.625,39.0,92.0,0,37.0,86.0,0,38.0,84.0,0
2021,Odell Beckham Jr.,WR,66.4,6,28,False,6.142857142857143,0.42857142857142855,55.0,35.0,1,57.0,37.0,1,55.0,37.0,1
2021,Melvin Gordon III,RB,68.6,6,28,False,2.933333333333333,14.333333333333334,17.0,55.0,0,18.0,54.0,0,21.0,53.0,0
2021,Tee Higgins,WR,68.6,6,22,False,7.2,0.3333333333333333,17.0,7.0,1,21.0,6.0,1,23.0,6.0,1
2021,Gus Edwards,RB,70.3,6,26,False,0.8125,9.0,,,0,,,0,,,0
2021,Ronald Jones,RB,72.1,7,24,False,3.0,13.714285714285714,57.0,27.0,1,59.0,29.0,1,62.0,29.0,1
2021,Tom Brady,QB,72.7,7,44,False,0.0,1.875,2.0,12.0,1,2.0,12.0,1,2.0,12.0,1
2021,Jerry Jeudy,WR,73.0,7,22,False,7.0625,0.0,96.0,94.0,0,90.0,100.0,0,84.0,102.0,0
2021,Ja'Marr Chase,WR,73.3,7,21,True,,,4.0,2.0,2,5.0,3.0,2,5.0,4.0,2
2021,Zack Moss,RB,73.6,7,23,False,1.3846153846153846,8.615384615384615,53.0,68.0,0,54.0,67.0,0,53.0,68.0,0
2021,Logan Thomas,TE,75.6,7,30,False,6.875,0.1875,34.0,,0,41.0,,0,44.0,,0
2021,AJ Dillon,RB,77.2,7,23,False,0.2222222222222222,5.111111111111111,23.0,13.0,2,23.0,13.0,2,23.0,15.0,2
2021,Michael Carter,RB,78.0,7,22,True,,,,,0,,,0,,,0
2021,Kenny Golladay,WR,78.8,7,27,False,6.4,0.0,86.0,84.0,0,83.0,81.0,0,78.0,82.0,0
2021,DeVonta Smith,WR,81.2,7,22,True,,,29.0,26.0,1,29.0,28.0,1,29.0,28.0,1
2021,Antonio Brown,WR,81.7,7,33,False,7.75,0.25,54.0,54.0,1,58.0,49.0,1,58.0,44.0,1
2021,Matthew Stafford,QB,82.0,7,33,False,0.0625,1.8125,6.0,16.0,1,6.0,16.0,1,6.0,16.0,1
2021,Rob Gronkowski,TE,82.2,7,32,False,4.8125,0.0,5.0,12.0,1,5.0,12.0,1,7.0,11.0,1
2021,Courtland Sutton,WR,83.4,7,25,False,6.0,0.0,50.0,67.0,0,47.0,62.0,0,45.0,60.0,0
2021,Robert Tonyan,TE,83.8,7,27,False,3.933333333333333,0.0,47.0,,0,49.0,,0,50.0,,0
2021,Leonard Fournette,RB,85.1,8,26,False,3.9166666666666665,8.083333333333334,11.0,63.0,0,7.0,60.0,1,6.0,58.0,1
2021,James Conner,RB,86.0,8,26,False,3.3076923076923075,13.0,5.0,62.0,0,5.0,65.0,0,5.0,65.0,0
2021,Devin Singletary,RB,86.6,8,23,False,3.125,9.75,20.0,2.0,3,21.0,2.0,3,22.0,2.0,3
2021,JuJu Smith-Schuster,WR,88.1,8,24,False,8.0,0.0,136.0,,0,134.0,,0,132.0,,0
2021,Ryan Tannehill,QB,88.6,8,33,False,0.0625,2.6875,12.0,15.0,0,12.0,15.0,0,12.0,15.0,0
2021,Dallas Goedert,TE,89.8,8,26,False,5.909090909090909,0.0,9.0,8.0,2,10.0,5.0,2,8.0,5.0,2
2021,Deebo Samuel Sr.,WR,92.0,8,25,False,6.285714285714286,1.1428571428571428,2.0,5.0,3,2.0,5.0,3,3.0,5.0,3
2021,Jalen Hurts,QB,94.0,8,23,False,0.07142857142857142,4.5,9.0,8.0,1,9.0,8.0,1,9.0,8.0,1
2021,DJ Chark,WR,94.1,8,24,False,7.153846153846154,0.0,127.0,,0,132.0,,0,135.0,,0
2021,Michael Pittman Jr.,WR,94.3,8,23,False,4.6923076923076925,0.23076923076923078,16.0,57.0,0,17.0,45.0,1,17.0,41.0,1
2021,Jamaal Williams,RB,96.4,9,26,False,2.5,8.5,42.0,33.0,1,43.0,38.0,0,43.0,39.0,0
2021,David Johnson,RB,96.4,9,29,False,3.8333333333333335,12.25,74.0,75.0,0,66.0,78.0,0,63.0,80.0,0
2021,Laviska Shenault Jr.,WR,97.4,9,22,False,5.642857142857143,1.2857142857142858,74.0,103.0,0,64.0,92.0,0,59.0,90.0,0
2021,Tyler Boyd,WR,99.6,9,26,False,7.333333333333333,0.3333333333333333,33.0,8.0,2,32.0,8.0,2,33.0,8.0,2
2021,Kenyan Drake,RB,100.9,9,27,False,2.066666666666667,15.933333333333334,56.0,,0,56.0,,0,54.0,,0
2021,Tony Pollard,RB,102.3,9,24,False,2.5,6.3125,28.0,38.0,1,28.0,32.0,1,28.0,31.0,1
2021,Noah Fant,TE,102.4,9,23,False,6.642857142857143,0.0,14.0,5.0,1,12.0,4.0,1,12.0,6.0,1
2021,Sony Michel,RB,103.7,9,26,False,1.125,9.875,27.0,4.0,3,29.0,4.0,3,31.0,6.0,3
2021,Mike Williams,WR,103.7,9,26,False,6.071428571428571,0.07142857142857142,9.0,42.0,1,10.0,46.0,1,12.0,51.0,1
2021,Mecole Hardman Jr.,WR,104.5,9,23,False,3.875,0.25,57.0,46.0,0,52.0,52.0,0,48.0,55.0,0
2021,Joe Burrow,QB,105.7,9,24,False,0.0,3.7,8.0,1.0,2,8.0,1.0,2,8.0,1.0,2
2021,Phillip Lindsay,RB,106.6,9,27,False,1.2727272727272727,10.727272727272727,77.0,70.0,0,83.0,73.0,0,86.0,76.0,0
2021,Alexander Mattison,RB,107.7,9,23,False,1.1538461538461537,7.384615384615385,41.0,47.0,1,39.0,44.0,1,39.0,40.0,1
2021,Jaylen Waddle,WR,109.5,10,22,True,,,19.0,34.0,1,15.0,34.0,1,13.0,33.0,1
2021,Jarvis Landry,WR,111.4,10,28,False,6.733333333333333,0.26666666666666666,56.0,69.0,0,55.0,68.0,0,52.0,65.0,0
2021,Marquez Callaway,WR,112.4,10,23,False,3.0,0.0,38.0,23.0,1,42.0,19.0,2,43.0,19.0,2
2021,Brandin Cooks,WR,113.2,10,27,False,7.933333333333334,0.0,20.0,10.0,2,20.0,10.0,2,19.0,10.0,2
2021,Corey Davis,WR,114.3,10,26,False,6.571428571428571,0.0,63.0,,0,65.0,,0,66.0,,0
2021,Will Fuller,WR,116.2,10,27,False,6.818181818181818,0.09090909090909091,176.0,,0,177.0,,0,178.0,,0
2021,Latavius Murray,RB,117.6,10,31,False,1.7333333333333334,9.733333333333333,39.0,56.0,0,48.0,59.0,0,51.0,60.0,0
2021,Darnell Mooney,WR,118.4,10,23,False,6.125,0.25,26.0,25.0,1,25.0,21.0,1,24.0,20.0,1
2021,Matt Ryan,QB,118.8,10,36,False,0.0,1.8125,19.0,18.0,0,19.0,18.0,0,19.0,18.0,0
2021,Tyler Higbee,TE,119.3,10,28,False,4.0,0.06666666666666667,15.0,22.0,1,15.0,19.0,1,14.0,18.0,1
2021,Trey Lance,QB,120.2,11,21,True,,,39.0,31.0,1,39.0,31.0,1,39.0,31.0,1
2021,Chuba Hubbard,RB,122.1,11,22,True,,,32.0,39.0,1,33.0,41.0,1,36.0,43.0,1
2021,Mike Gesicki,TE,123.1,11,25,False,5.666666666666667,0.0,12.0,19.0,0,11.0,18.0,0,9.0,14.0,0
2021,Hunter Henry,TE,124.9,11,26,False,6.642857142857143,0.0,8.0,7.0,1,9.0,7.0,1,11.0,8.0,1
2021,Trevor Lawrence,QB,126.3,11,21,True,,,24.0,19.0,0,24.0,19.0,0,24.0,19.0,0
2021,Rashaad Penny,RB,126.6,11,25,False,0.0,3.6666666666666665,30.0,1.0,2,34.0,1.0,2,40.0,1.0,2
2021,Rhamondre Stevenson,RB,127.7,11,23,True,,,35.0,24.0,1,41.0,26.0,1,47.0,30.0,1
2021,Tevin Coleman,RB,127.8,11,28,False,0.8333333333333334,4.666666666666667,76.0,54.0,0,78.0,58.0,0,80.0,61.0,0
2021,Justin Fields,QB,128.0,11,22,True,,,31.0,33.0,1,31.0,33.0,1,31.0,33.0,1
2021,Nyheim Hines,RB,128.2,11,24,False,4.75,5.5625,58.0,60.0,0,57.0,57.0,0,49.0,57.0,0
2021,Deshaun Watson,QB,132.1,12,25,False,0.0,5.625,,,0,,,0,,,0
2021,Henry Ruggs III,WR,132.6,12,22,False,3.3076923076923075,0.6923076923076923,71.0,,0,80.0,,0,83.0,,0
2021,J.D. McKissic,RB,132.8,12,28,False,6.875,5.3125,48.0,,0,42.0,,0,38.0,,0
2021,Michael Gallup,WR,134.0,12,25,False,6.5625,0.0,75.0,38.0,0,75.0,40.0,0,74.0,45.0,0
2021,Xavier Jones,RB,134.5,12,24,False,0.0,0.0,,,0,,,0,,,0
2021,Marvin Jones Jr.,WR,135.1,12,31,False,7.1875,0.0,36.0,55.0,0,33.0,50.0,0,31.0,48.0,1
2021,Baker Mayfield,QB,135.2,12,26,False,0.0625,3.375,26.0,28.0,0,26.0,28.0,0,26.0,28.0,0
2021,Elijah Moore,WR,137.1,12,21,True,,,46.0,,0,49.0,,0,51.0,,0
2021,Curtis Samuel,WR,138.0,12,25,False,6.466666666666667,2.7333333333333334,250.0,,0,205.0,,0,193.0,,0
2021,Ben Roethlisberger,QB,141.7,12,39,False,0.0,1.6666666666666667,20.0,27.0,0,21.0,27.0,0,21.0,27.0,0
2021,Irv Smith Jr.,TE,143.5,12,23,False,3.3076923076923075,0.0,,,0,,,0,,,0
2021,Jameis Winston,QB,143.9,12,27,False,0.0,2.6666666666666665,32.0,,0,32.0,,0,32.0,,0
2021,Jonnu Smith,TE,144.2,13,26,False,4.642857142857143,0.14285714285714285,48.0,52.0,0,44.0,57.0,0,40.0,57.0,0
2021,Ty Johnson,RB,144.8,13,23,False,1.9090909090909092,4.909090909090909,51.0,48.0,1,49.0,49.0,1,46.0,51.0,1
2021,Pat Freiermuth,TE,145.7,13,22,True,,,13.0,38.0,0,13.0,32.0,0,13.0,29.0,0
2021,Zach Ertz,TE,146.3,13,30,False,6.545454545454546,0.0,11.0,11.0,1,6.0,8.0,3,5.0,4.0,3
2021,Nelson Agholor,WR,146.4,13,28,False,5.125,0.0,67.0,115.0,0,67.0,115.0,0,69.0,110.0,0
2021,Jakobi Meyers,WR,146.7,13,24,False,6.75,0.16666666666666666,44.0,29.0,1,35.0,18.0,1,30.0,16.0,1
2021,Giovani Bernard,RB,146.7,13,29,False,3.6875,7.75,79.0,,0,75.0,,0,68.0,,0
2021,Evan Engram,TE,147.3,13,26,False,6.8125,0.375,27.0,18.0,1,24.0,20.0,1,24.0,20.0,1
2021,Adam Trautman,TE,149.2,13,24,False,1.6,0.0,44.0,91.0,0,39.0,77.0,0,38.0,77.0,0
2021,Bryan Edwards,WR,149.3,13,22,False,1.6666666666666667,0.0,61.0,93.0,0,62.0,98.0,0,65.0,101.0,0
2021,Terrace Marshall Jr.,WR,150.3,13,21,True,,,153.0,148.0,0,144.0,132.0,0,140.0,132.0,0
2021,DeVante Parker,WR,151.2,13,28,False,7.357142857142857,0.0,68.0,40.0,1,68.0,43.0,1,68.0,49.0,1
2021,Emmanuel Sanders,WR,151.2,13,34,False,5.857142857142857,0.07142857142857142,49.0,123.0,0,51.0,126.0,0,53.0,124.0,0
2021,Jared Cook,TE,152.6,13,34,False,4.0,0.0,17.0,25.0,1,19.0,26.0,0,18.0,26.0,1
2021,Mark Ingram II,RB,152.9,13,31,False,0.8,7.2,55.0,74.0,0,52.0,75.0,0,50.0,74.0,0
2021,Marlon Mack,RB,153.0,13,25,False,3.0,4.0,111.0,,0,113.0,,0,114.0,,0
2021,Darrel Williams,RB,153.0,13,26,False,2.0,3.0,22.0,18.0,1,22.0,18.0,2,19.0,18.0,2
2021,Tony Jones,RB,153.3,13,23,False,0.0,3.0,107.0,110.0,0,107.0,110.0,0,107.0,110.0,0
2021,T.Y. Hilton,WR,153.7,13,31,False,6.2,0.0,88.0,27.0,2,95.0,35.0,1,99.0,36.0,1
2021,Kirk Cousins,QB,154.0,13,33,False,0.0,2.0,11.0,22.0,0,11.0,23.0,0,11.0,23.0,0
2021,Mac Jones,QB,154.0,13,22,True,,,18.0,13.0,2,18.0,13.0,2,18.0,13.0,2
2021,Randall Cobb,WR,154.3,13,31,False,4.8,0.0,66.0,,0,70.0,,0,73.0,,0
2021,Ryan Fitzpatrick,QB,155.2,13,38,False,0.1111111111111111,3.3333333333333335,68.0,,0,68.0,,0,68.0,,0
2021,Tua Tagovailoa,QB,155.5,13,23,False,0.0,3.6,25.0,25.0,0,25.0,25.0,0,25.0,25.0,0
2021,Tyrell Williams,WR,155.8,13,29,False,,,201.0,,0,203.0,,0,204.0,,0
2021,Rondale Moore,WR,156.4,14,21,True,,,91.0,189.0,0,74.0,148.0,0,72.0,140.0,0
2021,Malcolm Brown,RB,156.4,14,28,False,2.0625,6.3125,99.0,,0,100.0,,0,100.0,,0
2021,Gerald Everett,TE,157.2,14,27,False,4.133333333333334,0.06666666666666667,22.0,9.0,1,21.0,9.0,1,22.0,9.0,2
2021,James White,RB,158.3,14,29,False,4.428571428571429,2.5,97.0,,0,92.0,,0,91.0,,0
2021,Jerick McKinnon,RB,158.8,14,29,False,3.2857142857142856,5.785714285714286,94.0,,0,90.0,,0,89.0,,0
2021,A.J. Green,WR,158.9,14,33,False,6.5,0.0,40.0,39.0,1,40.0,42.0,0,41.0,47.0,0
2021,Derek Carr,QB,159.1,14,30,False,0.0,2.4375,14.0,21.0,0,14.0,21.0,0,14.0,21.0,0
2021,Damien Williams,RB,159.1,14,29,False,,,70.0,81.0,0,69.0,86.0,0,69.0,86.0,0
2021,Cole Beasley,WR,159.8,14,32,False,7.133333333333334,0.0,58.0,82.0,0,46.0,80.0,0,39.0,81.0,0
2021,Marquez Valdes-Scantling,WR,160.8,14,26,False,4.5,0.2857142857142857,69.0,45.0,1,76.0,51.0,1,81.0,53.0,1
2021,Devontae Booker,RB,161.0,14,29,False,1.4,6.2,38.0,44.0,1,36.0,40.0,0,34.0,33.0,0
2021,Russell Gage Jr.,WR,161.0,14,25,False,6.8125,0.125,45.0,33.0,1,39.0,26.0,1,37.0,24.0,1
2021,Justin Jackson,RB,161.6,14,25,False,3.0,7.375,61.0,7.0,2,58.0,5.0,2,59.0,5.0,2
2021,Carlos Hyde,RB,161.9,14,30,False,2.0,8.1,87.0,,0,84.0,,0,83.0,,0
2021,Amon-Ra St. Brown,WR,164.3,14,21,True,,,23.0,1.0,3,22.0,1.0,3,22.0,1.0,3
2021,Zach Wilson,QB,165.1,14,22,True,,,30.0,10.0,1,30.0,10.0,1,30.0,10.0,1
2021,Carson Wentz,QB,165.4,14,28,False,0.0,4.333333333333333,13.0,17.0,1,13.0,17.0,1,13.0,17.0,1
2021,Blake Jarwin,TE,166.4,14,27,False,1.0,0.0,57.0,,0,60.0,,0,64.0,,0
2021,Darrynton Evans,RB,166.6,14,23,False,0.8,2.8,139.0,,0,137.0,,0,136.0,,0
2022,Jonathan Taylor,RB,1.3,1,23,False,3.0,19.529411764705884,34.0,85.0,0,34.0,86.0,0,33.0,86.0,0
2022,Derrick Henry,RB,2.4,1,28,False,2.5,27.375,2.0,11.0,2,4.0,11.0,2,4.0,10.0,2
2022,Christian McCaffrey,RB,2.6,1,26,False,5.857142857142857,14.142857142857142,3.0,2.0,3,2.0,2.0,3,2.0,1.0,3
2022,Dalvin Cook,RB,4.2,1,27,False,3.769230769230769,19.153846153846153,10.0,14.0,1,10.0,13.0,1,11.0,14.0,2
2022,Cooper Kupp,WR,5.1,1,29,False,11.235294117647058,0.23529411764705882,23.0,,0,24.0,,0,23.0,,0
2022,Justin Jefferson,WR,5.5,1,23,False,9.823529411764707,0.35294117647058826,1.0,7.0,2,1.0,6.0,2,1.0,4.0,2
2022,Austin Ekeler,RB,7.2,1,27,False,5.875,12.875,4.0,1.0,3,1.0,1.0,3,1.0,3.0,3
2022,Nick Chubb,RB,7.6,1,26,False,1.7857142857142858,16.285714285714285,5.0,18.0,2,5.0,24.0,2,6.0,25.0,2
2022,Ja'Marr Chase,WR,7.6,1,22,False,7.529411764705882,0.4117647058823529,12.0,33.0,1,11.0,31.0,1,11.0,30.0,1
2022,Najee Harris,RB,9.4,1,24,False,5.529411764705882,18.058823529411764,12.0,7.0,3,14.0,8.0,3,14.0,8.0,3
2022,D'Andre Swift,RB,10.4,1,23,False,6.0,11.615384615384615,23.0,17.0,1,22.0,14.0,1,21.0,15.0,2
2022,Stefon Diggs,WR,12.3,2,28,False,9.647058823529411,0.0,5.0,75.0,0,4.0,76.0,0,4.0,75.0,0
2022,Davante Adams,WR,12.7,2,29,False,10.5625,0.0,2.0,13.0,1,2.0,13.0,1,3.0,15.0,1
2022,Alvin Kamara,RB,13.0,2,27,False,5.153846153846154,18.46153846153846,18.0,12.0,2,18.0,15.0,2,16.0,16.0,2
2022,Aaron Jones Sr.,RB,14.9,2,27,False,4.333333333333333,11.4,11.0,19.0,2,9.0,20.0,2,8.0,19.0,2
2022,Joe Mixon,RB,15.0,2,26,False,3.0,18.25,13.0,39.0,1,12.0,38.0,1,10.0,30.0,1
2022,Travis Kelce,TE,15.6,2,32,False,8.375,0.125,1.0,6.0,2,1.0,4.0,2,1.0,3.0,2
2022,Javonte Williams,RB,15.8,2,22,False,3.1176470588235294,11.941176470588236,83.0,,0,81.0,,0,79.0,,0
2022,Josh Allen,QB,16.7,2,26,False,0.0,7.176470588235294,2.0,7.0,2,2.0,7.0,2,2.0,7.0,2
2022,Saquon Barkley,RB,18.5,2,25,False,4.384615384615385,12.461538461538462,6.0,8.0,2,6.0,7.0,2,5.0,6.0,2
2022,CeeDee Lamb,WR,20.1,2,23,False,7.5,0.5625,6.0,2.0,3,6.0,1.0,3,5.0,1.0,3
2022,Mike Evans,WR,22.6,2,29,False,7.125,0.0625,14.0,1.0,1,14.0,2.0,1,14.0,3.0,1
2022,Tyreek Hill,WR,22.7,2,28,False,9.352941176470589,0.5294117647058824,3.0,9.0,3,3.0,10.0,3,2.0,10.0,3
2022,Leonard Fournette,RB,22.7,2,27,False,6.0,12.857142857142858,20.0,25.0,1,16.0,16.0,1,13.0,11.0,1
2022,Ezekiel Elliott,RB,24.5,3,27,False,3.823529411764706,13.941176470588236,16.0,13.0,3,19.0,18.0,3,22.0,22.0,3
2022,Mark Andrews,TE,25.5,3,26,False,9.0,0.058823529411764705,5.0,16.0,1,4.0,13.0,1,4.0,12.0,1
2022,Deebo Samuel Sr.,WR,26.1,3,26,False,7.5625,3.6875,33.0,,0,39.0,,0,40.0,,0
2022,A.J. Brown,WR,26.2,3,25,False,8.076923076923077,0.15384615384615385,4.0,5.0,3,5.0,4.0,3,6.0,5.0,3
2022,Cam Akers,RB,28.2,3,23,False,3.0,5.0,31.0,3.0,2,33.0,4.0,3,34.0,4.0,3
2022,James Conner,RB,28.6,3,27,False,2.6,13.466666666666667,19.0,6.0,3,20.0,6.0,3,19.0,5.0,3
2022,Keenan Allen,WR,29.7,3,30,False,9.8125,0.0,40.0,22.0,1,41.0,14.0,2,39.0,11.0,2
2022,Tee Higgins,WR,32.0,3,23,False,7.857142857142857,0.0,17.0,15.0,2,17.0,16.0,2,19.0,20.0,2
2022,Michael Pittman Jr.,WR,32.1,3,24,False,7.588235294117647,0.29411764705882354,27.0,25.0,1,22.0,23.0,2,20.0,18.0,2
2022,David Montgomery,RB,32.5,3,25,False,3.923076923076923,17.307692307692307,22.0,20.0,1,23.0,19.0,1,23.0,17.0,1
2022,J.K. Dobbins,RB,33.9,3,23,False,,,48.0,26.0,2,49.0,29.0,2,52.0,32.0,1
2022,Kyle Pitts Sr.,TE,34.1,3,21,False,6.470588235294118,0.0,34.0,,0,33.0,,0,34.0,,0
2022,Elijah Mitchell,RB,34.9,3,24,False,1.8181818181818181,18.818181818181817,68.0,,0,69.0,,0,77.0,,0
2022,Terry McLaurin,WR,36.7,4,26,False,7.647058823529412,0.058823529411764705,15.0,23.0,1,15.0,26.0,1,16.0,28.0,1
2022,Lamar Jackson,QB,37.5,4,25,False,0.0,11.083333333333334,14.0,,0,14.0,,0,14.0,,0
2022,Jalen Hurts,QB,38.8,4,24,False,0.06666666666666667,9.266666666666667,3.0,19.0,1,3.0,19.0,1,3.0,19.0,1
2022,George Kittle,TE,39.3,4,28,False,6.714285714285714,0.21428571428571427,2.0,1.0,3,2.0,1.0,3,3.0,1.0,3
2022,Antonio Gibson,RB,39.4,4,24,False,3.25,16.125,36.0,62.0,0,31.0,57.0,0,28.0,58.0,0
2022,Travis Etienne Jr.,RB,40.2,4,23,False,,,17.0,9.0,3,17.0,9.0,3,17.0,9.0,2
2022,Justin Herbert,QB,41.2,4,24,False,0.0,3.7058823529411766,11.0,21.0,1,11.0,21.0,1,11.0,21.0,1
2022,Diontae Johnson,WR,43.7,4,26,False,10.5625,0.3125,45.0,31.0,1,40.0,28.0,1,29.0,27.0,1
2022,Josh Jacobs,RB,43.9,4,24,False,4.266666666666667,14.466666666666667,1.0,22.0,2,3.0,22.0,2,3.0,23.0,2
2022,AJ Dillon,RB,45.4,4,24,False,2.176470588235294,11.0,25.0,10.0,3,25.0,10.0,3,25.0,12.0,3
2022,DK Metcalf,WR,45.6,4,24,False,7.588235294117647,0.058823529411764705,18.0,47.0,0,18.0,34.0,1,15.0,32.0,1
2022,DeAndre Hopkins,WR,46.3,4,30,False,6.4,0.0,47.0,80.0,0,46.0,78.0,0,45.0,74.0,0
2022,Jaylen Waddle,WR,47.2,4,23,False,8.75,0.125,7.0,6.0,2,7.0,7.0,2,8.0,9.0,2
2022,Patrick Mahomes,QB,47.2,4,26,False,0.0,3.8823529411764706,1.0,1.0,3,1.0,1.0,3,1.0,1.0,3
2022,Darren Waller,TE,47.9,4,29,False,8.454545454545455,0.0,23.0,5.0,2,27.0,5.0,2,29.0,5.0,2
2022,DJ Moore,WR,48.4,5,25,False,9.588235294117647,0.47058823529411764,20.0,4.0,3,25.0,5.0,3,26.0,6.0,3
2022,Mike Williams,WR,49.8,5,27,False,8.0625,0.0,28.0,24.0,1,29.0,25.0,1,31.0,26.0,1
2022,Breece Hall,RB,51.2,5,21,True,,,40.0,,0,40.0,,0,41.0,,0
2022,Damien Harris,RB,51.5,5,25,False,1.4,13.466666666666667,50.0,66.0,0,50.0,67.0,0,48.0,67.0,0
2022,Michael Thomas,WR,54.3,5,32,False,0.0,0.0,,,0,,,0,,,0
2022,Miles Sanders,RB,56.2,5,25,False,2.8333333333333335,11.416666666666666,9.0,48.0,0,13.0,49.0,0,15.0,51.0,0
2022,Chris Godwin Jr.,WR,56.7,5,26,False,9.071428571428571,0.2857142857142857,25.0,11.0,2,19.0,8.0,2,18.0,7.0,3
2022,Adam Thielen,WR,57.6,5,32,False,7.3076923076923075,0.07692307692307693,36.0,55.0,1,32.0,65.0,1,30.0,66.0,0
2022,Rashaad Penny,RB,58.8,5,26,False,0.8,11.9,61.0,,0,64.0,,0,68.0,,0
2022,Jerry Jeudy,WR,60.1,6,23,False,5.6,0.2,19.0,26.0,1,21.0,24.0,1,22.0,21.0,1
2022,Joe Burrow,QB,60.4,6,25,False,0.0,2.5,4.0,11.0,2,4.0,11.0,2,4.0,11.0,2
2022,Courtland Sutton,WR,60.6,6,26,False,5.764705882352941,0.0,43.0,66.0,0,43.0,60.0,0,42.0,58.0,0
2022,Allen Robinson II,WR,61.7,6,29,False,5.5,0.0,83.0,,0,82.0,,0,82.0,,0
2022,Kareem Hunt,RB,64.1,6,27,False,3.375,9.75,42.0,76.0,0,42.0,70.0,0,40.0,66.0,0
2022,Aaron Rodgers,QB,64.3,6,38,False,0.0625,2.0625,13.0,16.0,1,13.0,16.0,1,13.0,16.0,1
2022,Kyler Murray,QB,64.9,6,25,False,0.0,6.285714285714286,18.0,,0,18.0,,0,18.0,,0
2022,Dallas Goedert,TE,67.2,6,27,False,5.066666666666666,0.0,9.0,26.0,1,9.0,27.0,0,9.0,27.0,0
2022,Tony Pollard,RB,68.2,6,25,False,3.066666666666667,8.666666666666666,8.0,36.0,1,7.0,35.0,2,7.0,31.0,2
2022,Dawson Knox,TE,69.9,6,25,False,4.733333333333333,0.0,10.0,8.0,2,13.0,8.0,2,14.0,10.0,2
2022,Amari Cooper,WR,70.7,6,28,False,6.933333333333334,0.0,8.0,8.0,1,9.0,11.0,1,10.0,12.0,1
2022,Russell Wilson,QB,70.7,6,33,False,0.0,3.0714285714285716,17.0,20.0,1,17.0,20.0,1,16.0,20.0,1
2022,Gabe Davis,WR,71.0,6,23,False,4.2,0.0,24.0,48.0,0,28.0,50.0,0,34.0,55.0,0
2022,Brandin Cooks,WR,71.7,6,28,False,8.375,0.125,48.0,49.0,1,48.0,53.0,0,49.0,50.0,0
2022,Dalton Schultz,TE,73.4,7,26,False,6.117647058823529,0.0,11.0,10.0,1,12.0,9.0,1,10.0,7.0,1
2022,Chase Edmonds,RB,73.8,7,26,False,4.416666666666667,9.666666666666666,58.0,46.0,0,60.0,45.0,0,60.0,44.0,0
2022,Melvin Gordon III,RB,75.3,7,29,False,2.375,12.6875,55.0,,0,54.0,,0,53.0,,0
2022,Clyde Edwards-Helaire,RB,77.3,7,23,False,2.3,11.9,43.0,,0,45.0,,0,46.0,,0
2022,Devin Singletary,RB,77.4,7,24,False,2.9411764705882355,11.058823529411764,29.0,32.0,1,24.0,30.0,1,24.0,29.0,1
2022,Matthew Stafford,QB,78.2,7,34,False,0.0,1.8823529411764706,32.0,,0,32.0,,0,32.0,,0
2022,DeVonta Smith,WR,79.1,7,23,False,6.117647058823529,0.0,9.0,3.0,3,10.0,3.0,3,9.0,2.0,3
2022,Rhamondre Stevenson,RB,80.7,7,24,False,1.5,11.083333333333334,14.0,24.0,1,11.0,25.0,1,9.0,24.0,1
2022,Dak Prescott,QB,81.9,7,29,False,0.0,3.0,19.0,5.0,2,19.0,5.0,2,19.0,5.0,2
2022,Amon-Ra St. Brown,WR,82.5,7,22,False,7.4375,0.4375,11.0,28.0,0,8.0,27.0,0,7.0,25.0,0
2022,Cordarrelle Patterson,RB,83.6,7,31,False,4.3125,9.5625,27.0,23.0,2,30.0,23.0,2,31.0,21.0,2
2022,Tom Brady,QB,83.6,7,45,False,0.0,1.6470588235294117,12.0,3.0,1,12.0,3.0,1,12.0,3.0,1
2022,Darnell Mooney,WR,85.5,8,24,False,8.235294117647058,0.35294117647058826,74.0,,0,72.0,,0,72.0,,0
2022,Hunter Renfrow,WR,88.9,8,26,False,7.529411764705882,0.17647058823529413,101.0,52.0,1,93.0,55.0,1,92.0,53.0,1
2022,JuJu Smith-Schuster,WR,89.2,8,25,False,5.6,0.6,38.0,64.0,0,30.0,48.0,0,27.0,37.0,1
2022,T.J. Hockenson,TE,90.1,8,25,False,7.0,0.0,4.0,3.0,1,3.0,2.0,1,2.0,2.0,2
2022,Dameon Pierce,RB,90.2,8,22,True,,,30.0,,0,28.0,,0,27.0,,0
2022,Elijah Moore,WR,91.2,8,22,False,7.0,0.45454545454545453,89.0,79.0,0,85.0,74.0,0,83.0,73.0,0
2022,Kenneth Walker III,RB,91.3,8,21,True,,,15.0,21.0,2,15.0,21.0,2,18.0,20.0,2
2022,Rashod Bateman,WR,92.9,8,22,False,5.666666666666667,0.0,107.0,,0,109.0,,0,110.0,,0
2022,James Robinson,RB,93.6,8,24,False,3.2857142857142856,11.714285714285714,46.0,,0,47.0,,0,47.0,,0
2022,Trey Lance,QB,95.1,8,22,False,0.0,6.333333333333333,61.0,,0,61.0,,0,62.0,,0
2022,Brandon Aiyuk,WR,96.0,8,24,False,4.9411764705882355,0.29411764705882354,16.0,20.0,1,16.0,20.0,1,17.0,19.0,1
2022,James Cook III,RB,97.8,9,22,True,,,45.0,31.0,1,46.0,31.0,1,45.0,33.0,1
2022,Zach Ertz,TE,98.5,9,31,False,6.588235294117647,0.058823529411764705,19.0,,0,19.0,,0,18.0,,0
2022,Michael Carter,RB,99.3,9,23,False,0.0,0.0,,,0,,,0,,,0
2022,Ronald Jones,RB,99.5,9,25,False,0.8666666666666667,6.733333333333333,97.0,95.0,0,103.0,98.0,0,105.0,98.0,0
2022,Raheem Mostert,RB,99.8,9,30,False,0.0,2.0,28.0,16.0,2,27.0,12.0,2,26.0,13.0,2
2022,Derek Carr,QB,101.7,9,31,False,0.0,2.3529411764705883,16.0,26.0,1,16.0,26.0,1,17.0,26.0,1
2022,Darrell Henderson Jr.,RB,102.6,9,25,False,3.3333333333333335,12.416666666666666,59.0,,0,59.0,,0,59.0,,0
2022,Allen Lazard,WR,103.1,9,26,False,4.285714285714286,0.21428571428571427,31.0,58.0,0,31.0,49.0,0,33.0,45.0,0
2022,Tyler Lockett,WR,103.9,9,29,False,6.6875,0.125,13.0,76.0,0,13.0,73.0,0,13.0,67.0,0
2022,Kirk Cousins,QB,106.1,9,34,False,0.0,1.8125,8.0,4.0,2,8.0,4.0,2,8.0,4.0,2
2022,Kadarius Toney,WR,107.2,9,23,False,6.333333333333333,0.3333333333333333,104.0,60.0,0,107.0,64.0,0,108.0,64.0,0
2022,Christian Kirk,WR,107.2,9,25,False,6.0588235294117645,0.058823529411764705,10.0,46.0,1,12.0,44.0,1,12.0,42.0,1
2022,Pat Freiermuth,TE,108.6,10,23,False,4.9375,0.0,12.0,31.0,0,10.0,26.0,1,7.0,23.0,1
2022,Tyler Allgeier,RB,110.5,10,22,True,,,21.0,5.0,3,26.0,5.0,3,29.0,7.0,3
2022,Michael Gallup,WR,112.2,10,26,False,6.888888888888889,0.0,65.0,51.0,0,67.0,54.0,0,66.0,52.0,0
2022,Robert Woods,WR,112.7,10,30,False,7.666666666666667,0.8888888888888888,75.0,45.0,1,64.0,43.0,1,58.0,39.0,1
2022,Russell Gage Jr.,WR,113.6,10,26,False,7.230769230769231,0.0,55.0,18.0,1,54.0,19.0,1,53.0,17.0,1
2022,Nyheim Hines,RB,114.3,10,25,False,3.3529411764705883,3.2941176470588234,63.0,52.0,0,58.0,56.0,0,57.0,57.0,0
2022,Alexander Mattison,RB,114.3,10,24,False,2.4375,8.375,51.0,65.0,0,51.0,71.0,0,54.0,73.0,0
2022,Mike Gesicki,TE,119.2,10,26,False,6.588235294117647,0.0,20.0,29.0,0,22.0,35.0,0,23.0,35.0,0
2022,Chris Olave,WR,121.2,11,22,True,,,22.0,69.0,0,23.0,71.0,0,24.0,70.0,0
2022,Gus Edwards,RB,122.1,11,27,False,,,52.0,41.0,1,61.0,44.0,0,64.0,46.0,0
2022,Marquez Valdes-Scantling,WR,123.4,11,27,False,5.0,0.0,52.0,65.0,0,53.0,69.0,0,54.0,72.0,0
2022,Skyy Moore,WR,123.4,11,21,True,,,131.0,95.0,0,122.0,92.0,0,120.0,93.0,0
2022,Mark Ingram II,RB,124.1,11,32,False,2.5,11.428571428571429,72.0,,0,72.0,,0,71.0,,0
2022,Tua Tagovailoa,QB,124.5,11,24,False,0.0,3.230769230769231,15.0,22.0,1,15.0,22.0,1,15.0,22.0,1
2022,Hunter Henry,TE,126.1,11,27,False,4.6875,0.0,21.0,47.0,0,20.0,41.0,0,21.0,38.0,0
2022,Drake London,WR,127.1,11,21,True,,,39.0,39.0,0,33.0,29.0,0,32.0,29.0,0
2022,Trey Sermon,RB,127.3,11,23,False,0.6666666666666666,6.833333333333333,134.0,,0,139.0,,0,144.0,,0
2022,Brian Robinson Jr.,RB,127.6,11,23,True,,,38.0,33.0,0,39.0,34.0,0,43.0,37.0,0
2022,Matt Ryan,QB,128.0,11,37,False,0.0,2.3529411764705883,27.0,35.0,0,27.0,35.0,0,27.0,35.0,0
2022,Cole Kmet,TE,129.2,11,23,False,5.470588235294118,0.058823529411764705,7.0,21.0,0,7.0,18.0,0,8.0,17.0,0
2022,Chase Claypool,WR,130.0,11,24,False,7.0,0.9333333333333333,79.0,149.0,0,76.0,151.0,0,69.0,152.0,0
2022,Jamaal Williams,RB,130.5,11,27,False,2.1538461538461537,11.76923076923077,7.0,28.0,1,8.0,28.0,1,12.0,28.0,1
2022,Isaiah Spiller,RB,131.1,11,21,True,,,127.0,,0,125.0,,0,126.0,,0
2022,Jarvis Landry,WR,132.9,12,29,False,7.25,0.5,111.0,131.0,0,108.0,140.0,0,103.0,141.0,0
2022,Julio Jones,WR,132.9,12,33,False,4.8,0.0,93.0,102.0,0,95.0,106.0,0,96.0,106.0,0
2022,Sony Michel,RB,134.3,12,27,False,1.9411764705882353,12.235294117647058,104.0,,0,100.0,,0,98.0,,0
2022,J.D. McKissic,RB,134.8,12,29,False,4.818181818181818,4.363636363636363,78.0,,0,70.0,,0,67.0,,0
2022,Deshaun Watson,QB,135.1,12,26,False,,,35.0,13.0,1,35.0,13.0,1,35.0,13.0,1
2022,Treylon Burks,WR,135.8,12,22,True,,,82.0,70.0,1,81.0,75.0,1,81.0,79.0,1
2022,George Pickens,WR,137.6,12,21,True,,,32.0,32.0,1,35.0,33.0,1,41.0,33.0,1
2022,Darrel Williams,RB,137.7,12,27,False,3.3529411764705883,8.470588235294118,99.0,,0,102.0,,0,103.0,,0
2022,Isiah Pacheco,RB,137.9,12,23,True,,,35.0,29.0,1,36.0,27.0,1,37.0,27.0,1
2022,DeVante Parker,WR,143.0,12,29,False,8.11111111111111,0.0,56.0,,0,65.0,,0,68.0,,0
2022,Jameis Winston,QB,143.0,12,28,False,0.0,4.571428571428571,42.0,,0,42.0,,0,42.0,,0
2022,Robert Tonyan,TE,145.2,13,28,False,3.625,0.0,24.0,19.0,1,21.0,24.0,1,20.0,26.0,1
2022,Justin Fields,QB,145.4,13,23,False,0.0,6.0,6.0,9.0,2,6.0,9.0,2,6.0,9.0,2
2022,Trevor Lawrence,QB,145.9,13,22,False,0.0,4.294117647058823,7.0,10.0,2,7.0,10.0,2,7.0,10.0,2
2022,Tyrion Davis-Price,RB,148.6,13,21,True,,,113.0,74.0,0,116.0,78.0,0,118.0,83.0,0
2022,Mac Jones,QB,150.9,13,23,False,0.0,2.588235294117647,25.0,15.0,1,25.0,15.0,1,25.0,15.0,1
2022,Rachaad White,RB,151.1,13,23,True,,,44.0,37.0,1,41.0,36.0,1,36.0,34.0,1
2022,Irv Smith Jr.,TE,151.8,13,24,False,,,44.0,,0,42.0,,0,42.0,,0
2022,Albert Okwuegbunam,TE,152.0,13,24,False,2.857142857142857,0.0,67.0,27.0,1,68.0,33.0,1,69.0,36.0,1
2022,Zamir White,RB,152.2,13,22,True,,,136.0,114.0,0,140.0,114.0,0,145.0,114.0,0
2022,Romeo Doubs,WR,152.5,13,22,True,,,77.0,67.0,0,75.0,57.0,0,73.0,49.0,0
2022,David Njoku,TE,154.6,13,26,False,3.533333333333333,0.06666666666666667,13.0,48.0,0,14.0,43.0,0,11.0,41.0,0
2022,D'Onta Foreman,RB,156.6,14,26,False,1.2222222222222223,14.777777777777779,32.0,27.0,1,35.0,32.0,1,38.0,36.0,1
2022,Mecole Hardman Jr.,WR,157.0,14,24,False,4.882352941176471,0.47058823529411764,63.0,,0,73.0,,0,78.0,,0
2022,Nico Collins,WR,157.6,14,23,False,4.285714285714286,0.0,76.0,,0,77.0,,0,76.0,,0
2022,Garrett Wilson,WR,158.2,14,22,True,,,21.0,62.0,0,20.0,51.0,0,21.0,48.0,0
2022,Tyler Higbee,TE,158.6,14,29,False,5.666666666666667,0.0,15.0,4.0,2,8.0,3.0,2,6.0,4.0,2
2022,Christian Watson,WR,158.6,14,23,True,,,26.0,71.0,0,34.0,62.0,0,43.0,56.0,0
2022,Tyler Boyd,WR,161.5,14,27,False,5.875,0.125,34.0,56.0,1,37.0,58.0,0,38.0,57.0,1
2022,Gerald Everett,TE,162.8,14,28,False,4.2,0.2,14.0,23.0,0,15.0,25.0,0,12.0,25.0,0
2022,DJ Chark,WR,163.6,14,25,False,7.333333333333333,0.0,62.0,35.0,1,70.0,38.0,1,75.0,43.0,1
2022,Kenny Golladay,WR,163.8,14,28,False,5.428571428571429,0.0,139.0,,0,143.0,,0,144.0,,0
2022,Jerick McKinnon,RB,164.5,14,30,False,2.2222222222222223,1.3333333333333333,24.0,4.0,3,21.0,3.0,3,20.0,2.0,3
2022,Jalen Tolbert,WR,165.3,14,23,True,,,230.0,,0,203.0,,0,202.0,,0
2023,Justin Jefferson,WR,1.2,1,24,False,10.823529411764707,0.23529411764705882,26.0,14.0,1,28.0,12.0,1,32.0,10.0,2
2023,Christian McCaffrey,RB,1.4,1,27,False,6.352941176470588,14.352941176470589,1.0,1.0,2,1.0,1.0,3,1.0,1.0,3
2023,Nick Chubb,RB,3.1,1,27,False,2.176470588235294,17.764705882352942,79.0,,0,83.0,,0,85.0,,0
2023,Austin Ekeler,RB,3.5,1,28,False,7.470588235294118,12.0,30.0,45.0,1,29.0,44.0,1,26.0,42.0,1
2023,Travis Kelce,TE,5.2,1,33,False,8.941176470588236,0.11764705882352941,3.0,37.0,0,2.0,25.0,0,3.0,21.0,0
2023,Bijan Robinson,RB,5.6,1,21,True,,,11.0,35.0,1,9.0,33.0,1,8.0,29.0,1
2023,Ja'Marr Chase,WR,6.5,1,23,False,11.166666666666666,0.4166666666666667,13.0,73.0,0,12.0,75.0,0,11.0,73.0,0
2023,Tyreek Hill,WR,6.9,1,29,False,10.0,0.4117647058823529,2.0,46.0,0,2.0,38.0,1,2.0,30.0,1
2023,Saquon Barkley,RB,9.1,1,26,False,4.75,18.4375,13.0,30.0,1,12.0,28.0,1,13.0,26.0,1
2023,Cooper Kupp,WR,9.6,1,30,False,10.88888888888889,1.0,41.0,18.0,1,41.0,17.0,1,40.0,15.0,1
2023,Derrick Henry,RB,9.9,1,29,False,2.5625,21.8125,5.0,29.0,1,8.0,30.0,1,9.0,32.0,1
2023,Tony Pollard,RB,11.8,1,26,False,3.4375,12.0625,20.0,46.0,0,16.0,46.0,0,14.0,47.0,0
2023,A.J. Brown,WR,12.3,2,26,False,8.529411764705882,0.0,7.0,38.0,0,7.0,29.0,0,5.0,27.0,0
2023,Stefon Diggs,WR,12.4,2,29,False,9.625,0.0625,12.0,79.0,0,10.0,68.0,0,9.0,59.0,0
2023,CeeDee Lamb,WR,14.7,2,24,False,9.176470588235293,0.5882352941176471,1.0,2.0,3,1.0,1.0,3,1.0,1.0,3
2023,Jonathan Taylor,RB,16.4,2,24,False,3.6363636363636362,17.454545454545453,27.0,26.0,2,32.0,31.0,2,33.0,34.0,1
2023,Patrick Mahomes,QB,16.6,2,27,False,0.058823529411764705,3.588235294117647,8.0,17.0,0,8.0,17.0,0,8.0,17.0,0
2023,Davante Adams,WR,17.1,2,30,False,10.588235294117647,0.17647058823529413,14.0,5.0,2,11.0,5.0,2,10.0,4.0,2
2023,Josh Jacobs,RB,17.8,2,25,False,3.764705882352941,20.0,25.0,,0,25.0,,0,27.0,,0
2023,Garrett Wilson,WR,18.5,2,23,False,8.647058823529411,0.23529411764705882,37.0,64.0,0,32.0,50.0,0,26.0,39.0,0
2023,Amon-Ra St. Brown,WR,18.8,2,23,False,9.125,0.5625,3.0,3.0,3,3.0,3.0,3,3.0,2.0,3
2023,Josh Allen,QB,22.1,2,27,False,0.0,7.75,1.0,6.0,2,1.0,6.0,2,1.0,6.0,2
2023,Jaylen Waddle,WR,22.3,2,24,False,6.882352941176471,0.17647058823529413,31.0,23.0,1,34.0,24.0,1,34.0,24.0,1
2023,Jalen Hurts,QB,22.5,2,25,False,0.0,11.0,2.0,4.0,3,2.0,4.0,3,2.0,4.0,3
2023,Chris Olave,WR,23.8,2,23,False,7.933333333333334,0.0,23.0,49.0,1,19.0,43.0,1,17.0,42.0,1
2023,Rhamondre Stevenson,RB,24.0,2,25,False,5.176470588235294,12.352941176470589,35.0,,0,34.0,,0,35.0,,0
2023,Najee Harris,RB,24.4,3,25,False,3.1176470588235294,16.0,19.0,7.0,2,21.0,9.0,2,22.0,19.0,2
2023,Tee Higgins,WR,27.1,3,24,False,7.785714285714286,0.0,45.0,7.0,2,49.0,9.0,2,51.0,12.0,2
2023,Travis Etienne Jr.,RB,27.6,3,24,False,2.6470588235294117,12.941176470588236,4.0,19.0,1,3.0,16.0,1,3.0,17.0,1
2023,Joe Mixon,RB,28.1,3,27,False,5.357142857142857,15.0,7.0,16.0,2,6.0,14.0,2,6.0,10.0,2
2023,Deebo Samuel Sr.,WR,29.6,3,27,False,7.230769230769231,3.230769230769231,9.0,13.0,2,14.0,15.0,2,15.0,17.0,2
2023,Amari Cooper,WR,31.1,3,29,False,7.764705882352941,0.0,16.0,1.0,2,17.0,2.0,2,20.0,3.0,2
2023,Mark Andrews,TE,31.6,3,27,False,7.533333333333333,0.2,11.0,,0,12.0,,0,13.0,,0
2023,DeVonta Smith,WR,32.0,3,24,False,8.0,0.0,22.0,29.0,1,22.0,28.0,1,19.0,28.0,1
2023,Breece Hall,RB,32.9,3,22,False,4.428571428571429,11.428571428571429,6.0,4.0,2,4.0,3.0,2,2.0,2.0,2
2023,DK Metcalf,WR,33.6,3,25,False,8.294117647058824,0.0,15.0,20.0,2,16.0,21.0,2,21.0,20.0,2
2023,Calvin Ridley,WR,34.5,3,28,False,,,17.0,22.0,1,18.0,22.0,1,18.0,22.0,1
2023,J.K. Dobbins,RB,35.8,3,24,False,1.0,11.5,95.0,,0,97.0,,0,97.0,,0
2023,Kenneth Walker III,RB,36.1,4,22,False,2.3333333333333335,15.2,17.0,13.0,2,19.0,10.0,2,21.0,9.0,2
2023,Jahmyr Gibbs,RB,36.3,4,21,True,,,10.0,5.0,2,10.0,5.0,2,10.0,5.0,2
2023,Aaron Jones Sr.,RB,39.1,4,28,False,4.235294117647059,12.529411764705882,36.0,15.0,2,37.0,17.0,3,36.0,20.0,3
2023,Joe Burrow,QB,39.2,4,26,False,0.0,4.6875,26.0,,0,26.0,,0,27.0,,0
2023,DJ Moore,WR,40.9,4,26,False,6.9411764705882355,0.5882352941176471,5.0,21.0,1,6.0,20.0,1,6.0,18.0,1
2023,Dameon Pierce,RB,41.4,4,23,False,3.0,16.923076923076923,48.0,58.0,0,52.0,59.0,0,54.0,63.0,0
2023,Cam Akers,RB,42.1,4,24,False,1.2,12.533333333333333,69.0,,0,67.0,,0,66.0,,0
2023,T.J. Hockenson,TE,42.7,4,26,False,7.588235294117647,0.0,4.0,22.0,0,3.0,20.0,1,4.0,19.0,1
2023,Lamar Jackson,QB,45.0,4,26,False,0.0,9.333333333333334,4.0,1.0,3,4.0,1.0,3,4.0,1.0,3
2023,Keenan Allen,WR,45.1,4,31,False,8.9,0.1,11.0,,0,8.0,,0,8.0,,0
2023,Alexander Mattison,RB,45.7,4,25,False,1.0588235294117647,4.352941176470588,38.0,82.0,0,38.0,78.0,0,38.0,77.0,0
2023,Terry McLaurin,WR,45.9,4,27,False,7.0588235294117645,0.4117647058823529,30.0,10.0,2,29.0,10.0,2,29.0,11.0,2
2023,Christian Watson,WR,48.8,5,24,False,4.714285714285714,0.5,57.0,,0,65.0,,0,67.0,,0
2023,David Montgomery,RB,49.2,5,26,False,2.5,12.5625,9.0,17.0,2,13.0,20.0,3,16.0,22.0,3
2023,Miles Sanders,RB,49.4,5,26,False,1.5294117647058822,15.235294117647058,55.0,71.0,0,53.0,72.0,0,51.0,67.0,0
2023,Darren Waller,TE,53.0,5,30,False,5.375,0.0,21.0,15.0,0,21.0,17.0,1,21.0,17.0,1
2023,Isiah Pacheco,RB,53.7,5,24,False,0.8235294117647058,10.0,16.0,22.0,1,15.0,19.0,1,15.0,18.0,1
2023,Jerry Jeudy,WR,54.1,5,24,False,6.666666666666667,0.26666666666666666,49.0,48.0,0,50.0,49.0,0,49.0,46.0,0
2023,George Kittle,TE,54.6,5,29,False,5.733333333333333,0.0,2.0,7.0,1,5.0,8.0,1,5.0,9.0,1
2023,Justin Herbert,QB,55.2,5,25,False,0.11764705882352941,3.176470588235294,17.0,,0,17.0,,0,17.0,,0
2023,Justin Fields,QB,55.6,5,24,False,0.0,10.666666666666666,19.0,8.0,2,19.0,8.0,2,19.0,8.0,2
2023,Tyler Lockett,WR,56.1,5,30,False,7.3125,0.0,33.0,69.0,0,31.0,60.0,0,31.0,54.0,1
2023,Kyle Pitts Sr.,TE,57.5,5,22,False,5.9,0.0,13.0,13.0,1,15.0,19.0,1,14.0,23.0,1
2023,Mike Williams,WR,58.9,5,28,False,7.153846153846154,0.0,105.0,,0,103.0,,0,107.0,,0
2023,James Conner,RB,59.6,5,28,False,4.461538461538462,14.076923076923077,15.0,3.0,3,17.0,4.0,3,18.0,4.0,3
2023,DeAndre Hopkins,WR,60.5,6,31,False,10.666666666666666,0.0,20.0,67.0,0,21.0,62.0,0,22.0,56.0,0
2023,D'Andre Swift,RB,61.0,6,24,False,5.0,7.071428571428571,23.0,21.0,1,24.0,25.0,1,19.0,28.0,1
2023,Drake London,WR,63.3,6,22,False,6.882352941176471,0.0,42.0,74.0,0,40.0,69.0,0,37.0,69.0,0
2023,Javonte Williams,RB,65.1,6,23,False,5.5,11.75,31.0,43.0,0,30.0,41.0,0,28.0,38.0,0
2023,Brandon Aiyuk,WR,65.4,6,25,False,6.705882352941177,0.11764705882352941,10.0,16.0,2,13.0,16.0,2,14.0,16.0,2
2023,Dallas Goedert,TE,66.1,6,28,False,5.75,0.0,14.0,6.0,2,14.0,5.0,2,12.0,6.0,2
2023,Mike Evans,WR,66.6,6,30,False,8.466666666666667,0.0,4.0,8.0,2,4.0,8.0,2,7.0,8.0,2
2023,Trevor Lawrence,QB,67.7,6,23,False,0.0,3.6470588235294117,12.0,28.0,0,12.0,28.0,0,12.0,28.0,0
2023,Brian Robinson Jr.,RB,68.4,6,24,False,1.0,17.083333333333332,22.0,64.0,0,23.0,60.0,0,20.0,57.0,1
2023,Alvin Kamara,RB,69.0,6,28,False,5.133333333333334,14.866666666666667,24.0,38.0,1,14.0,35.0,1,11.0,33.0,1
2023,Dalvin Cook,RB,70.3,6,28,False,3.2941176470588234,15.529411764705882,84.0,89.0,0,79.0,90.0,0,76.0,87.0,0
2023,Christian Kirk,WR,71.7,6,26,False,7.823529411764706,0.29411764705882354,47.0,,0,47.0,,0,48.0,,0
2023,Jahan Dotson,WR,75.2,7,23,False,5.083333333333333,0.16666666666666666,55.0,102.0,0,54.0,105.0,0,56.0,108.0,0
2023,Rachaad White,RB,75.5,7,24,False,3.411764705882353,7.588235294117647,8.0,10.0,2,7.0,7.0,2,5.0,6.0,2
2023,George Pickens,WR,76.0,7,22,False,4.9411764705882355,0.17647058823529413,24.0,4.0,2,26.0,4.0,2,30.0,5.0,2
2023,James Cook III,RB,76.6,7,23,False,2.0,5.5625,12.0,6.0,1,11.0,6.0,1,12.0,8.0,1
2023,Chris Godwin Jr.,WR,77.6,7,27,False,9.466666666666667,0.2,34.0,11.0,2,30.0,7.0,2,28.0,7.0,2
2023,Jameson Williams,WR,77.8,7,22,False,1.5,0.16666666666666666,76.0,57.0,0,81.0,52.0,0,84.0,47.0,0
2023,Deshaun Watson,QB,78.6,7,27,False,0.0,6.0,35.0,,0,35.0,,0,35.0,,0
2023,Michael Pittman Jr.,WR,80.1,7,25,False,8.8125,0.1875,25.0,70.0,0,15.0,66.0,0,13.0,63.0,0
2023,Zach Charbonnet,RB,80.8,7,22,True,,,49.0,72.0,0,48.0,71.0,0,47.0,66.0,0
2023,Evan Engram,TE,83.4,7,28,False,5.764705882352941,0.11764705882352941,6.0,11.0,2,4.0,9.0,2,2.0,7.0,2
2023,AJ Dillon,RB,83.9,7,25,False,2.5294117647058822,10.941176470588236,39.0,53.0,0,40.0,58.0,0,42.0,65.0,0
2023,Tyler Allgeier,RB,83.9,7,23,False,1.0625,13.125,34.0,18.0,2,35.0,22.0,2,37.0,24.0,2
2023,Pat Freiermuth,TE,84.0,7,24,False,6.533333333333333,0.0,29.0,47.0,0,29.0,42.0,0,30.0,42.0,0
2023,Gabe Davis,WR,86.2,8,24,False,6.2,0.0,35.0,28.0,1,38.0,37.0,1,41.0,44.0,1
2023,Khalil Herbert,RB,88.8,8,25,False,0.9230769230769231,9.923076923076923,41.0,9.0,2,41.0,11.0,2,44.0,16.0,2
2023,Diontae Johnson,WR,89.4,8,27,False,8.647058823529411,0.4117647058823529,43.0,33.0,1,43.0,31.0,1,45.0,32.0,1
2023,Dak Prescott,QB,90.3,8,30,False,0.0,3.75,3.0,16.0,1,3.0,16.0,1,3.0,16.0,1
2023,Jaxon Smith-Njigba,WR,90.6,8,21,True,,,51.0,26.0,0,48.0,25.0,0,47.0,25.0,0
2023,Jamaal Williams,RB,90.7,8,28,False,0.9411764705882353,15.411764705882353,65.0,56.0,0,62.0,52.0,0,61.0,50.0,0
2023,Rashod Bateman,WR,92.0,8,23,False,4.666666666666667,0.0,92.0,76.0,0,88.0,76.0,0,86.0,72.0,0
2023,Rashaad Penny,RB,92.5,8,27,False,1.0,11.4,119.0,,0,123.0,,0,123.0,,0
2023,Michael Thomas,WR,93.9,8,33,False,0.0,0.0,,,0,,,0,,,0
2023,Kirk Cousins,QB,95.5,8,35,False,0.0,1.8235294117647058,23.0,,0,23.0,,0,23.0,,0
2023,Courtland Sutton,WR,96.6,9,27,False,7.266666666666667,0.06666666666666667,28.0,83.0,0,35.0,82.0,0,35.0,84.0,0
2023,Tua Tagovailoa,QB,96.7,9,25,False,0.0,1.8461538461538463,11.0,20.0,0,11.0,20.0,0,11.0,20.0,0
2023,Aaron Rodgers,QB,97.7,9,39,False,0.0,2.0,70.0,,0,70.0,,0,70.0,,0
2023,Zay Flowers,WR,98.8,9,22,True,,,32.0,19.0,2,33.0,19.0,2,33.0,21.0,2
2023,David Njoku,TE,99.1,9,27,False,5.714285714285714,0.14285714285714285,5.0,1.0,3,6.0,1.0,3,6.0,1.0,3
2023,Damien Harris,RB,100.5,9,26,False,2.090909090909091,9.636363636363637,86.0,,0,89.0,,0,90.0,,0
2023,Treylon Burks,WR,101.9,9,23,False,4.909090909090909,0.36363636363636365,131.0,81.0,0,129.0,80.0,0,126.0,78.0,0
2023,De'Von Achane,RB,102.1,9,21,True,,,18.0,23.0,1,22.0,24.0,1,23.0,23.0,1
2023,Elijah Mitchell,RB,102.4,9,25,False,0.8,9.0,63.0,42.0,1,65.0,47.0,1,65.0,51.0,1
2023,Antonio Gibson,RB,103.2,9,25,False,3.8666666666666667,9.933333333333334,45.0,41.0,1,42.0,39.0,1,39.0,37.0,0
2023,Brandin Cooks,WR,105.8,9,29,False,7.153846153846154,0.15384615384615385,38.0,31.0,1,37.0,32.0,1,38.0,35.0,1
2023,Kadarius Toney,WR,108.4,10,24,False,2.2222222222222223,0.7777777777777778,134.0,157.0,0,118.0,136.0,0,115.0,135.0,0
2023,Raheem Mostert,RB,108.7,10,31,False,2.625,11.3125,2.0,24.0,2,2.0,27.0,2,4.0,31.0,2
2023,D'Onta Foreman,RB,108.8,10,27,False,0.5625,12.6875,42.0,107.0,0,45.0,108.0,0,49.0,108.0,0
2023,JuJu Smith-Schuster,WR,111.1,10,26,False,6.3125,0.0,109.0,,0,100.0,,0,95.0,,0
2023,Anthony Richardson Sr.,QB,111.1,10,21,True,,,38.0,,0,38.0,,0,38.0,,0
2023,Tank Bigsby,RB,112.0,10,22,True,,,82.0,79.0,0,88.0,82.0,0,89.0,84.0,0
2023,Geno Smith,QB,113.8,10,32,False,0.0,4.0,18.0,23.0,0,18.0,23.0,0,18.0,23.0,0
2023,Ezekiel Elliott,RB,114.7,10,28,False,1.5333333333333334,15.4,33.0,28.0,2,33.0,23.0,2,30.0,14.0,2
2023,Elijah Moore,WR,115.2,10,23,False,4.642857142857143,0.35714285714285715,66.0,56.0,1,57.0,55.0,1,55.0,55.0,1
2023,Greg Dulcich,TE,116.1,10,23,False,5.5,0.0,96.0,,0,96.0,,0,95.0,,0
2023,Jared Goff,QB,117.6,10,28,False,0.058823529411764705,1.7058823529411764,7.0,9.0,1,7.0,9.0,1,7.0,9.0,1
2023,Daniel Jones,QB,118.2,10,26,False,0.0,7.5,44.0,,0,44.0,,0,44.0,,0
2023,Quentin Johnston,WR,118.9,10,21,True,,,80.0,65.0,0,76.0,67.0,0,75.0,70.0,0
2023,Odell Beckham Jr.,WR,119.0,10,30,False,,,60.0,94.0,0,63.0,93.0,0,64.0,93.0,0
2023,Samaje Perine,RB,120.0,10,27,False,3.1875,5.9375,50.0,55.0,0,44.0,51.0,0,41.0,49.0,0
2023,Dalton Schultz,TE,121.6,11,27,False,5.933333333333334,0.0,12.0,18.0,0,10.0,13.0,1,10.0,13.0,1
2023,Cole Kmet,TE,121.9,11,24,False,4.0588235294117645,0.11764705882352941,7.0,8.0,2,7.0,11.0,2,8.0,12.0,2
2023,Skyy Moore,WR,122.5,11,22,False,2.0625,0.1875,111.0,,0,108.0,,0,108.0,,0
2023,Roschon Johnson,RB,124.4,11,22,True,,,51.0,33.0,1,49.0,32.0,1,46.0,30.0,1
2023,Jakobi Meyers,WR,126.2,11,26,False,6.857142857142857,0.14285714285714285,21.0,27.0,1,23.0,26.0,1,24.0,26.0,1
2023,Allen Lazard,WR,127.6,11,27,False,6.666666666666667,0.13333333333333333,97.0,114.0,0,98.0,116.0,0,99.0,116.0,0
2023,Jerick McKinnon,RB,128.7,11,31,False,4.176470588235294,4.235294117647059,57.0,44.0,1,55.0,48.0,1,53.0,48.0,1
2023,Nico Collins,WR,129.3,11,24,False,6.6,0.0,8.0,42.0,0,9.0,41.0,0,12.0,41.0,1
2023,Tyler Boyd,WR,129.4,11,28,False,5.125,0.0,58.0,60.0,0,52.0,63.0,0,50.0,60.0,0
2023,Jaylen Warren,RB,129.7,11,24,False,2.0625,4.8125,32.0,25.0,1,26.0,21.0,2,24.0,11.0,2
2023,Russell Wilson,QB,132.3,12,34,False,0.06666666666666667,3.6666666666666665,13.0,21.0,1,13.0,21.0,1,13.0,21.0,1
2023,Dalton Kincaid,TE,132.8,12,23,True,,,16.0,36.0,1,13.0,39.0,1,11.0,37.0,1
2023,Devin Singletary,RB,133.3,12,25,False,3.25,11.0625,28.0,20.0,1,31.0,18.0,1,32.0,15.0,2
2023,Adam Thielen,WR,134.6,12,33,False,6.294117647058823,0.058823529411764705,29.0,45.0,0,25.0,35.0,1,16.0,29.0,1
2023,Cordarrelle Patterson,RB,135.5,12,32,False,2.3846153846153846,11.076923076923077,75.0,61.0,0,76.0,62.0,0,78.0,60.0,0
2023,Derek Carr,QB,137.2,12,32,False,0.0,1.6,16.0,7.0,2,16.0,7.0,2,16.0,7.0,2
2023,Jordan Addison,WR,137.9,12,21,True,,,18.0,24.0,1,20.0,23.0,1,23.0,23.0,1
2023,Zay Jones,WR,141.8,12,28,False,7.5625,0.25,89.0,95.0,0,85.0,91.0,0,82.0,90.0,0
2023,Darnell Mooney,WR,145.0,13,25,False,5.545454545454546,0.09090909090909091,85.0,129.0,0,83.0,121.0,0,83.0,118.0,0
2023,Gerald Everett,TE,145.4,13,29,False,5.8,0.06666666666666667,25.0,21.0,0,24.0,12.0,0,22.0,11.0,1
2023,Tyler Higbee,TE,146.9,13,30,False,6.75,0.0,23.0,17.0,1,23.0,15.0,1,24.0,14.0,1
2023,Zamir White,RB,147.2,13,23,False,0.0,1.5454545454545454,56.0,8.0,3,57.0,8.0,3,56.0,7.0,3
2023,Romeo Doubs,WR,151.1,13,23,False,5.153846153846154,0.07692307692307693,39.0,39.0,1,36.0,40.0,1,36.0,43.0,1
2023,Brock Purdy,QB,151.5,13,23,False,0.0,2.4444444444444446,6.0,15.0,2,6.0,15.0,2,6.0,15.0,2
2023,Matthew Stafford,QB,152.1,13,35,False,0.0,1.4444444444444444,15.0,12.0,2,15.0,12.0,2,15.0,12.0,2
2023,Kenny Pickett,QB,153.0,13,25,False,0.0,4.230769230769231,30.0,,0,30.0,,0,30.0,,0
2023,Taysom Hill,TE,153.2,13,33,False,0.8125,6.0,9.0,29.0,1,11.0,36.0,1,15.0,39.0,1
2023,Gus Edwards,RB,154.1,13,28,False,0.2222222222222222,9.666666666666666,14.0,11.0,3,20.0,15.0,3,25.0,21.0,2
2023,Kendre Miller,RB,154.3,13,21,True,,,70.0,,0,70.0,,0,70.0,,0
2023,Jordan Love,QB,158.0,14,24,False,0.0,0.25,5.0,2.0,2,5.0,2.0,2,5.0,2.0,2
2023,Mike Gesicki,TE,158.6,14,27,False,3.0588235294117645,0.0,40.0,24.0,1,37.0,26.0,0,37.0,27.0,0
2023,Rashee Rice,WR,159.0,14,23,True,,,27.0,15.0,2,27.0,13.0,2,27.0,9.0,2
2023,Clyde Edwards-Helaire,RB,159.2,14,24,False,2.3,7.1,61.0,34.0,1,59.0,34.0,1,59.0,35.0,1
2023,Sam LaPorta,TE,159.8,14,22,True,,,1.0,4.0,2,1.0,3.0,2,1.0,3.0,2
2023,Hunter Renfrow,WR,159.9,14,27,False,5.0,0.0,129.0,144.0,0,116.0,156.0,0,114.0,156.0,0
2023,Ty Chandler,RB,160.8,14,25,False,0.0,3.0,44.0,12.0,1,46.0,12.0,1,48.0,13.0,1
2023,Deuce Vaughn,RB,163.2,14,21,True,,,111.0,86.0,0,108.0,84.0,0,102.0,85.0,0
2023,Michael Gallup,WR,163.2,14,27,False,5.285714285714286,0.0,78.0,142.0,0,78.0,128.0,0,79.0,124.0,0
2023,Jake Ferguson,TE,166.0,14,24,False,2.0,0.0,8.0,23.0,0,9.0,16.0,0,9.0,16.0,0
2024,Christian McCaffrey,RB,1.2,1,28,False,5.1875,17.0,70.0,,0,71.0,,0,67.0,,0
2024,CeeDee Lamb,WR,1.7,1,25,False,10.647058823529411,0.8235294117647058,10.0,21.0,2,8.0,23.0,2,8.0,24.0,2
2024,Bijan Robinson,RB,2.5,1,22,False,5.0588235294117645,12.588235294117647,4.0,4.0,3,4.0,4.0,3,3.0,4.0,3
2024,Breece Hall,RB,3.9,1,23,False,5.588235294117647,13.117647058823529,18.0,20.0,1,17.0,19.0,2,16.0,19.0,2
2024,Tyreek Hill,WR,4.4,1,30,False,10.6875,0.375,21.0,35.0,0,22.0,36.0,1,19.0,36.0,1
2024,Jonathan Taylor,RB,6.4,1,25,False,2.3,16.9,8.0,1.0,3,9.0,1.0,2,12.0,2.0,2
2024,Ja'Marr Chase,WR,6.6,1,24,False,9.0625,0.1875,1.0,17.0,1,1.0,15.0,3,1.0,13.0,3
2024,Amon-Ra St. Brown,WR,7.0,1,24,False,10.25,0.25,3.0,7.0,3,3.0,4.0,3,3.0,4.0,3
2024,Justin Jefferson,WR,8.1,1,25,False,10.0,0.1,2.0,6.0,2,2.0,6.0,2,2.0,5.0,2
2024,Saquon Barkley,RB,9.7,1,27,False,4.285714285714286,17.642857142857142,1.0,5.0,2,1.0,7.0,2,2.0,8.0,2
2024,Derrick Henry,RB,9.9,1,30,False,2.1176470588235294,16.470588235294116,2.0,8.0,2,3.0,8.0,2,4.0,13.0,2
2024,A.J. Brown,WR,11.4,1,27,False,9.294117647058824,0.0,17.0,10.0,2,18.0,10.0,2,20.0,10.0,2
2024,Kyren Williams,RB,12.1,2,24,False,4.0,19.0,6.0,11.0,3,7.0,13.0,3,7.0,14.0,3
2024,Jahmyr Gibbs,RB,13.8,2,22,False,4.733333333333333,12.133333333333333,3.0,2.0,3,2.0,2.0,3,1.0,1.0,3
2024,Garrett Wilson,WR,14.6,2,24,False,9.882352941176471,0.23529411764705882,13.0,26.0,1,9.0,24.0,0,9.0,25.0,0
2024,Josh Jacobs,RB,16.2,2,26,False,4.153846153846154,17.923076923076923,5.0,9.0,3,5.0,10.0,3,6.0,10.0,3
2024,Travis Etienne Jr.,RB,16.5,2,25,False,4.294117647058823,15.705882352941176,39.0,29.0,0,37.0,27.0,1,36.0,25.0,1
2024,Puka Nacua,WR,16.8,2,23,False,9.411764705882353,0.7058823529411765,32.0,23.0,2,27.0,18.0,2,26.0,18.0,2
2024,Isiah Pacheco,RB,18.5,2,25,False,3.5,14.642857142857142,61.0,60.0,0,61.0,62.0,0,62.0,63.0,0
2024,Deebo Samuel Sr.,WR,19.3,2,28,False,5.933333333333334,2.466666666666667,44.0,29.0,1,45.0,31.0,1,45.0,35.0,1
2024,De'Von Achane,RB,20.9,2,22,False,3.3636363636363638,9.363636363636363,9.0,15.0,1,6.0,14.0,2,5.0,12.0,2
2024,Drake London,WR,21.8,2,23,False,6.875,0.0,6.0,25.0,1,5.0,26.0,1,5.0,26.0,0
2024,Cooper Kupp,WR,22.2,2,31,False,7.916666666666667,0.08333333333333333,39.0,99.0,0,39.0,98.0,0,38.0,96.0,0
2024,Nico Collins,WR,23.1,2,25,False,7.266666666666667,0.06666666666666667,20.0,31.0,1,21.0,29.0,1,23.0,29.0,1
2024,Josh Allen,QB,23.9,2,28,False,0.0,6.529411764705882,2.0,5.0,2,2.0,5.0,2,2.0,5.0,2
2024,Rachaad White,RB,25.1,3,25,False,4.117647058823529,16.0,24.0,27.0,1,24.0,24.0,1,22.0,23.0,1
2024,Mike Evans,WR,25.8,3,31,False,8.0,0.0,7.0,2.0,2,10.0,3.0,2,15.0,3.0,2
2024,Marvin Harrison Jr.,WR,26.2,3,22,True,,,24.0,54.0,0,26.0,52.0,0,28.0,48.0,0
2024,Patrick Mahomes,QB,26.3,3,28,False,0.0,4.6875,12.0,7.0,2,12.0,7.0,2,12.0,7.0,2
2024,James Cook III,RB,27.2,3,24,False,3.176470588235294,13.941176470588236,7.0,3.0,3,8.0,3.0,3,9.0,3.0,3
2024,Jaylen Waddle,WR,27.8,3,25,False,7.428571428571429,0.21428571428571427,54.0,146.0,0,48.0,154.0,0,46.0,154.0,0
2024,Brandon Aiyuk,WR,29.6,3,26,False,6.5625,0.0,100.0,,0,101.0,,0,103.0,,0
2024,DK Metcalf,WR,30.4,3,26,False,7.4375,0.0,35.0,48.0,1,32.0,46.0,1,32.0,49.0,1
2024,Kenneth Walker III,RB,30.6,3,23,False,2.466666666666667,14.6,29.0,64.0,0,26.0,53.0,0,25.0,52.0,1
2024,Travis Kelce,TE,33.6,3,34,False,8.066666666666666,0.0,10.0,9.0,1,6.0,8.0,1,5.0,8.0,1
2024,Chris Olave,WR,34.0,3,24,False,8.625,0.0,93.0,,0,93.0,,0,93.0,,0
2024,Lamar Jackson,QB,35.1,3,27,False,0.0,9.25,1.0,3.0,3,1.0,3.0,3,1.0,3.0,3
2024,Joe Mixon,RB,35.9,3,28,False,3.764705882352941,15.117647058823529,11.0,35.0,0,13.0,31.0,0,15.0,28.0,1
2024,Davante Adams,WR,36.8,4,31,False,10.294117647058824,0.0,12.0,4.0,2,12.0,7.0,2,11.0,7.0,2
2024,Jalen Hurts,QB,37.0,4,26,False,0.0,9.235294117647058,7.0,23.0,1,7.0,24.0,1,7.0,24.0,1
2024,DJ Moore,WR,37.1,4,27,False,8.0,0.23529411764705882,25.0,47.0,0,17.0,37.0,0,16.0,28.0,0
2024,C.J. Stroud,QB,40.8,4,22,False,0.06666666666666667,2.6,18.0,24.0,0,18.0,25.0,0,18.0,25.0,0
2024,Sam LaPorta,TE,41.0,4,23,False,7.0588235294117645,0.058823529411764705,6.0,1.0,3,8.0,1.0,3,8.0,2.0,3
2024,DeVonta Smith,WR,43.2,4,25,False,7.0,0.0,30.0,9.0,2,28.0,8.0,2,27.0,8.0,2
2024,Stefon Diggs,WR,44.0,4,30,False,9.411764705882353,0.058823529411764705,66.0,,0,64.0,,0,64.0,,0
2024,Aaron Jones Sr.,RB,44.3,4,29,False,3.909090909090909,12.909090909090908,17.0,17.0,2,16.0,17.0,2,17.0,16.0,2
2024,James Conner,RB,44.5,4,29,False,2.5384615384615383,16.0,10.0,6.0,2,11.0,6.0,2,11.0,6.0,2
2024,Amari Cooper,WR,45.9,4,30,False,8.533333333333333,0.0,60.0,60.0,1,59.0,66.0,0,59.0,69.0,0
2024,Malik Nabers,WR,47.2,4,21,True,,,8.0,5.0,2,7.0,5.0,2,6.0,6.0,2
2024,Nick Chubb,RB,47.4,4,28,False,2.0,14.0,52.0,78.0,0,56.0,85.0,0,57.0,87.0,0
2024,Najee Harris,RB,47.8,4,26,False,2.235294117647059,15.0,20.0,45.0,1,20.0,46.0,1,20.0,47.0,1
2024,Tank Dell,WR,48.3,5,24,False,7.5,1.1,57.0,44.0,1,54.0,45.0,1,52.0,50.0,1
2024,D'Andre Swift,RB,49.8,5,25,False,3.0625,14.3125,19.0,23.0,2,19.0,23.0,1,19.0,22.0,1
2024,Joe Burrow,QB,50.7,5,27,False,0.0,3.1,3.0,6.0,3,3.0,6.0,3,3.0,6.0,3
2024,George Pickens,WR,51.8,5,23,False,6.235294117647059,0.17647058823529413,41.0,94.0,0,42.0,96.0,0,42.0,98.0,0
2024,Tee Higgins,WR,53.5,5,25,False,6.333333333333333,0.0,15.0,3.0,3,16.0,2.0,3,17.0,2.0,3
2024,Michael Pittman Jr.,WR,54.5,5,26,False,9.75,0.0,46.0,38.0,1,43.0,35.0,1,41.0,32.0,1
2024,Mark Andrews,TE,55.7,5,28,False,6.1,0.1,5.0,2.0,3,5.0,5.0,3,6.0,7.0,3
2024,Zamir White,RB,55.9,5,24,False,1.4615384615384615,8.0,81.0,,0,84.0,,0,85.0,,0
2024,Dak Prescott,QB,56.1,5,31,False,0.0,3.235294117647059,30.0,,0,30.0,,0,30.0,,0
2024,Anthony Richardson Sr.,QB,56.7,5,22,False,0.0,6.25,25.0,25.0,0,25.0,23.0,0,25.0,23.0,0
2024,Raheem Mostert,RB,57.8,5,32,False,2.1333333333333333,13.933333333333334,60.0,58.0,0,59.0,52.0,0,56.0,51.0,0
2024,Zay Flowers,WR,58.9,5,23,False,6.75,0.5,26.0,45.0,0,25.0,42.0,0,25.0,41.0,1
2024,Jayden Reed,WR,60.2,6,24,False,5.875,0.6875,23.0,66.0,0,30.0,61.0,0,31.0,59.0,0
2024,Alvin Kamara,RB,61.2,6,29,False,6.615384615384615,13.846153846153847,14.0,43.0,1,10.0,42.0,1,8.0,41.0,1
2024,Rhamondre Stevenson,RB,61.2,6,26,False,4.25,13.0,25.0,26.0,1,28.0,29.0,1,28.0,33.0,1
2024,Rashee Rice,WR,63.8,6,24,False,6.375,0.0625,94.0,,0,95.0,,0,96.0,,0
2024,Terry McLaurin,WR,64.3,6,28,False,7.764705882352941,0.0,5.0,18.0,2,6.0,19.0,2,7.0,22.0,2
2024,Christian Kirk,WR,65.3,6,27,False,7.083333333333333,0.08333333333333333,95.0,,0,94.0,,0,95.0,,0
2024,Jordan Love,QB,66.0,6,25,False,0.0,2.9411764705882355,17.0,17.0,1,17.0,17.0,1,17.0,17.0,1
2024,Calvin Ridley,WR,67.0,6,29,False,8.0,0.5294117647058824,27.0,24.0,1,29.0,28.0,1,29.0,31.0,1
2024,George Kittle,TE,69.6,6,30,False,5.625,0.0625,1.0,4.0,3,2.0,3.0,3,3.0,3.0,3
2024,Dalton Kincaid,TE,70.2,6,24,False,5.6875,0.0,28.0,29.0,0,29.0,26.0,0,29.0,25.0,0
2024,Devin Singletary,RB,71.1,6,26,False,2.235294117647059,12.705882352941176,48.0,44.0,1,47.0,43.0,1,45.0,42.0,1
2024,Trey McBride,TE,72.2,7,24,False,6.235294117647059,0.0,3.0,3.0,2,3.0,2.0,2,2.0,1.0,2
2024,Zack Moss,RB,72.7,7,26,False,2.642857142857143,13.071428571428571,55.0,,0,51.0,,0,51.0,,0
2024,Keenan Allen,WR,73.1,7,32,False,11.538461538461538,0.15384615384615385,37.0,15.0,2,35.0,14.0,2,33.0,14.0,2
2024,Gus Edwards,RB,74.6,7,29,False,0.7647058823529411,11.647058823529411,51.0,22.0,1,57.0,26.0,1,59.0,29.0,1
2024,Xavier Worthy,WR,74.8,7,21,True,,,34.0,12.0,3,34.0,11.0,3,37.0,9.0,3
2024,Brock Purdy,QB,75.4,7,24,False,0.0,2.4375,13.0,11.0,1,13.0,11.0,1,13.0,11.0,1
2024,Tony Pollard,RB,76.6,7,27,False,3.9411764705882355,14.823529411764707,22.0,39.0,1,21.0,44.0,0,21.0,46.0,0
2024,Kyler Murray,QB,78.2,7,27,False,0.0,5.5,10.0,14.0,1,10.0,14.0,1,10.0,14.0,1
2024,Christian Watson,WR,79.3,7,25,False,5.888888888888889,0.4444444444444444,68.0,83.0,0,72.0,87.0,0,76.0,90.0,0
2024,Jonathon Brooks,RB,80.1,7,21,True,,,118.0,,0,114.0,,0,114.0,,0
2024,Kyle Pitts Sr.,TE,80.6,7,23,False,5.294117647058823,0.058823529411764705,12.0,18.0,1,15.0,18.0,1,15.0,16.0,1
2024,Tua Tagovailoa,QB,82.0,7,26,False,0.0,2.0588235294117645,21.0,34.0,0,21.0,34.0,0,21.0,34.0,0
2024,Brian Robinson Jr.,RB,82.2,7,25,False,2.8666666666666667,11.866666666666667,26.0,42.0,0,29.0,36.0,1,29.0,34.0,1
2024,DeAndre Hopkins,WR,87.1,8,32,False,8.058823529411764,0.11764705882352941,53.0,84.0,0,50.0,76.0,0,48.0,66.0,0
2024,Jaylen Warren,RB,87.8,8,25,False,4.352941176470588,8.764705882352942,44.0,24.0,1,41.0,21.0,2,39.0,18.0,2
2024,Chase Brown,RB,88.2,8,24,False,1.25,3.6666666666666665,12.0,12.0,3,12.0,12.0,3,10.0,11.0,3
2024,David Montgomery,RB,88.8,8,27,False,1.7142857142857142,15.642857142857142,16.0,71.0,0,18.0,68.0,0,18.0,66.0,0
2024,Jameson Williams,WR,89.9,8,23,False,3.5,0.25,16.0,8.0,2,20.0,9.0,2,24.0,11.0,2
2024,Keon Coleman,WR,91.4,8,21,True,,,58.0,55.0,0,68.0,57.0,0,70.0,62.0,0
2024,Jerome Ford,RB,92.1,8,24,False,3.7058823529411766,12.0,37.0,14.0,2,35.0,15.0,2,34.0,15.0,2
2024,Tyjae Spears,RB,92.7,8,23,False,4.117647058823529,5.882352941176471,40.0,7.0,3,42.0,5.0,3,42.0,5.0,3
2024,Austin Ekeler,RB,92.9,8,29,False,5.285714285714286,12.785714285714286,35.0,,0,34.0,,0,33.0,,0
2024,Ladd McConkey,WR,92.9,8,22,True,,,11.0,13.0,2,14.0,12.0,2,14.0,12.0,2
2024,Jake Ferguson,TE,92.9,8,25,False,6.0,0.0,33.0,42.0,0,30.0,30.0,0,25.0,28.0,1
2024,Romeo Doubs,WR,94.8,8,24,False,5.647058823529412,0.0,55.0,30.0,1,55.0,30.0,1,56.0,33.0,1
2024,Courtland Sutton,WR,95.8,8,28,False,5.625,0.0,9.0,28.0,0,11.0,27.0,0,12.0,27.0,0
2024,Jared Goff,QB,96.1,9,29,False,0.0,1.8823529411764706,6.0,1.0,3,6.0,1.0,3,6.0,1.0,3
2024,Diontae Johnson,WR,97.5,9,28,False,6.6923076923076925,0.0,86.0,,0,86.0,,0,85.0,,0
2024,Jaxon Smith-Njigba,WR,97.7,9,22,False,5.470588235294118,0.0,18.0,27.0,1,13.0,20.0,2,10.0,19.0,2
2024,Blake Corum,RB,100.6,9,23,True,,,89.0,95.0,0,88.0,89.0,0,89.0,83.0,0
2024,Evan Engram,TE,101.9,9,29,False,8.411764705882353,0.0,36.0,,0,33.0,,0,31.0,,0
2024,Javonte Williams,RB,101.9,9,24,False,3.625,13.5625,34.0,63.0,0,31.0,51.0,0,31.0,43.0,0
2024,Khalil Shakir,WR,102.0,9,24,False,2.8125,0.0625,40.0,58.0,0,38.0,55.0,0,35.0,53.0,1
2024,Trevor Lawrence,QB,103.0,9,24,False,0.0,4.375,27.0,,0,27.0,,0,27.0,,0
2024,Caleb Williams,QB,103.4,9,22,True,,,16.0,22.0,1,16.0,22.0,1,16.0,22.0,1
2024,Trey Benson,RB,103.4,9,22,True,,,66.0,88.0,0,68.0,91.0,0,72.0,91.0,0
2024,David Njoku,TE,104.8,9,28,False,7.6875,0.0,11.0,39.0,0,11.0,31.0,1,11.0,29.0,1
2024,Jayden Daniels,QB,106.3,9,23,True,,,5.0,2.0,3,5.0,2.0,3,5.0,2.0,3
2024,Justin Herbert,QB,108.7,10,26,False,0.07692307692307693,4.0,11.0,8.0,2,11.0,8.0,2,11.0,8.0,2
2024,Mike Williams,WR,110.2,10,29,False,8.666666666666666,0.3333333333333333,107.0,103.0,0,108.0,104.0,0,108.0,100.0,0
2024,Curtis Samuel,WR,110.3,10,28,False,5.6875,0.4375,112.0,135.0,0,107.0,136.0,0,104.0,135.0,0
2024,Rico Dowdle,RB,112.8,10,26,False,1.375,5.5625,23.0,18.0,2,23.0,18.0,2,23.0,20.0,2
2024,Chuba Hubbard,RB,112.9,10,25,False,2.588235294117647,14.0,13.0,16.0,1,14.0,16.0,1,13.0,17.0,1
2024,Brandin Cooks,WR,116.7,10,30,False,5.0625,0.3125,96.0,59.0,0,97.0,58.0,0,97.0,56.0,0
2024,Brock Bowers,TE,117.2,10,21,True,,,2.0,11.0,1,1.0,7.0,1,1.0,6.0,2
2024,Zach Charbonnet,RB,117.4,10,23,False,2.5,6.75,27.0,28.0,1,25.0,25.0,1,26.0,26.0,2
2024,Aaron Rodgers,QB,119.1,10,40,False,0.0,0.0,15.0,16.0,1,15.0,16.0,1,15.0,16.0,1
2024,Dallas Goedert,TE,119.2,10,29,False,5.928571428571429,0.07142857142857142,24.0,,0,25.0,,0,24.0,,0
2024,Chris Godwin Jr.,WR,120.2,11,28,False,7.647058823529412,0.23529411764705882,49.0,,0,52.0,,0,51.0,,0
2024,Rashid Shaheed,WR,120.3,11,26,False,5.0,0.4666666666666667,81.0,,0,87.0,,0,90.0,,0
2024,Tyler Allgeier,RB,123.1,11,24,False,1.3529411764705883,10.941176470588236,38.0,55.0,0,43.0,60.0,0,43.0,64.0,0
2024,J.K. Dobbins,RB,123.2,11,25,False,3.0,8.0,21.0,40.0,1,22.0,45.0,1,24.0,48.0,1
2024,T.J. Hockenson,TE,123.5,11,27,False,8.466666666666667,0.0,34.0,15.0,0,34.0,14.0,0,34.0,14.0,1
2024,Kirk Cousins,QB,123.6,11,36,False,0.0,1.75,22.0,40.0,0,22.0,40.0,0,22.0,40.0,0
2024,Jaleel McLaughlin,RB,127.7,11,23,False,2.1176470588235294,4.470588235294118,50.0,50.0,0,49.0,49.0,0,47.0,49.0,0
2024,Rome Odunze,WR,127.9,11,22,True,,,50.0,75.0,0,49.0,74.0,0,49.0,71.0,0
2024,Matthew Stafford,QB,128.9,11,36,False,0.0,1.4,19.0,31.0,0,19.0,31.0,0,19.0,31.0,0
2024,Ezekiel Elliott,RB,129.5,11,29,False,3.823529411764706,10.823529411764707,64.0,47.0,0,63.0,50.0,0,64.0,53.0,0
2024,Taysom Hill,TE,130.7,11,34,False,2.5,5.0625,14.0,,0,22.0,,0,30.0,,0
2024,Pat Freiermuth,TE,130.9,11,25,False,4.2727272727272725,0.0,9.0,16.0,1,10.0,13.0,1,9.0,13.0,1
2024,Dalton Schultz,TE,132.2,12,28,False,5.866666666666666,0.0,23.0,14.0,1,21.0,16.0,1,20.0,15.0,1
2024,Khalil Herbert,RB,134.9,12,26,False,2.5833333333333335,11.0,87.0,81.0,0,85.0,86.0,0,83.0,88.0,0
2024,Jerry Jeudy,WR,135.2,12,25,False,5.4375,0.0,14.0,37.0,1,15.0,25.0,2,13.0,20.0,2
2024,Ray Davis,RB,137.0,12,24,True,,,36.0,49.0,0,38.0,48.0,1,40.0,50.0,0
2024,Dameon Pierce,RB,137.4,12,24,False,1.2142857142857142,10.357142857142858,62.0,91.0,0,65.0,93.0,0,71.0,93.0,0
2024,Adam Thielen,WR,138.1,12,34,False,8.058823529411764,0.058823529411764705,47.0,14.0,2,47.0,16.0,2,50.0,16.0,2
2024,Josh Downs,WR,138.8,12,23,False,5.764705882352941,0.0,38.0,49.0,1,36.0,49.0,1,34.0,51.0,1
2024,Brian Thomas Jr.,WR,138.8,12,21,True,,,4.0,1.0,3,4.0,1.0,3,4.0,1.0,3
2024,Jaylen Wright,RB,142.1,12,21,True,,,90.0,109.0,0,92.0,109.0,0,94.0,109.0,0
2024,Jordan Addison,WR,145.2,13,22,False,6.352941176470588,0.058823529411764705,19.0,22.0,1,19.0,22.0,1,22.0,21.0,1
2024,Bo Nix,QB,150.0,13,24,True,,,8.0,10.0,0,8.0,10.0,0,8.0,10.0,0
2024,Kimani Vidal,RB,154.2,13,23,True,,,78.0,65.0,0,77.0,67.0,0,80.0,69.0,0
2024,Bucky Irving,RB,154.8,13,22,True,,,15.0,10.0,3,15.0,9.0,3,14.0,9.0,3
2024,Dontayvion Wicks,WR,156.0,13,23,False,3.8666666666666667,0.06666666666666667,71.0,63.0,0,70.0,60.0,0,72.0,58.0,0
2024,Jordan Mason,RB,156.1,14,25,False,0.25,2.5,32.0,,0,36.0,,0,41.0,,0
2024,Braelon Allen,RB,159.0,14,20,True,,,54.0,86.0,0,52.0,82.0,0,53.0,84.0,0
2024,Isaiah Likely,TE,159.1,14,24,False,2.857142857142857,0.0,15.0,12.0,1,16.0,15.0,1,17.0,17.0,1
2024,MarShawn Lloyd,RB,159.2,14,23,True,,,124.0,,0,123.0,,0,123.0,,0
2024,Deshaun Watson,QB,160.3,14,28,False,0.0,4.333333333333333,40.0,,0,40.0,,0,40.0,,0
2024,Ty Chandler,RB,161.1,14,26,False,1.5625,6.375,88.0,102.0,0,89.0,104.0,0,90.0,104.0,0
2024,Luke Musgrave,TE,161.6,14,23,False,4.181818181818182,0.0,89.0,85.0,0,86.0,72.0,0,86.0,73.0,0
2024,Jakobi Meyers,WR,163.8,14,27,False,6.625,0.25,28.0,36.0,1,23.0,38.0,1,18.0,37.0,1
2024,Michael Wilson,WR,165.2,14,24,False,4.461538461538462,0.0,65.0,91.0,0,63.0,81.0,0,62.0,78.0,0
2024,Gabe Davis,WR,166.7,14,25,False,5.0625,0.0625,109.0,,0,110.0,,0,111.0,,0
2024,Tyler Lockett,WR,167.0,14,31,False,7.176470588235294,0.0,72.0,92.0,0,69.0,89.0,0,67.0,86.0,0
2025,Ja'Marr Chase,WR,1.0,1,25,False,10.294117647058824,0.17647058823529413,5.0,3.0,3,4.0,3.0,3,4.0,3.0,3
2025,Bijan Robinson,RB,2.5,1,23,False,4.235294117647059,17.88235294117647,3.0,2.0,3,3.0,1.0,3,2.0,1.0,3
2025,Saquon Barkley,RB,3.0,1,28,False,2.6875,21.5625,13.0,10.0,2,14.0,14.0,2,14.0,17.0,2
2025,Jahmyr Gibbs,RB,4.0,1,23,False,3.7058823529411766,14.705882352941176,4.0,30.0,1,4.0,27.0,1,3.0,23.0,1
2025,Justin Jefferson,WR,5.0,1,26,False,9.058823529411764,0.058823529411764705,29.0,52.0,0,24.0,45.0,0,21.0,38.0,1
2025,CeeDee Lamb,WR,5.5,1,26,False,10.133333333333333,0.9333333333333333,21.0,27.0,1,19.0,23.0,1,18.0,21.0,1
2025,Amon-Ra St. Brown,WR,9.0,1,25,False,8.294117647058824,0.11764705882352941,3.0,4.0,1,3.0,4.0,1,3.0,4.0,2
2025,Malik Nabers,WR,9.0,1,22,False,11.333333333333334,0.3333333333333333,87.0,,0,94.0,,0,98.0,,0
2025,Ashton Jeanty,RB,9.5,1,21,True,,,15.0,14.0,2,13.0,12.0,2,11.0,13.0,2
2025,Christian McCaffrey,RB,10.5,1,29,False,4.75,12.5,2.0,3.0,3,1.0,4.0,3,1.0,4.0,3
2025,Derrick Henry,RB,11.0,1,31,False,1.2941176470588236,19.11764705882353,6.0,1.0,3,7.0,2.0,3,7.0,2.0,2
2025,Nico Collins,WR,11.5,1,26,False,8.25,0.0,9.0,14.0,1,9.0,17.0,1,8.0,20.0,1
2025,Puka Nacua,WR,12.0,1,24,False,9.636363636363637,1.0,1.0,1.0,3,1.0,1.0,3,1.0,1.0,3
2025,Brian Thomas Jr.,WR,13.5,2,22,False,7.823529411764706,0.35294117647058826,47.0,36.0,1,45.0,34.0,1,44.0,36.0,1
2025,Josh Jacobs,RB,16.5,2,27,False,2.5294117647058822,17.705882352941178,12.0,28.0,1,12.0,29.0,1,13.0,29.0,1
2025,Bucky Irving,RB,16.5,2,23,False,3.0588235294117645,12.176470588235293,35.0,39.0,0,33.0,39.0,0,31.0,39.0,0
2025,De'Von Achane,RB,17.0,2,23,False,5.117647058823529,11.941176470588236,7.0,17.0,3,5.0,15.0,3,5.0,11.0,3
2025,Brock Bowers,TE,18.0,2,22,False,9.0,0.29411764705882354,7.0,23.0,0,9.0,22.0,1,11.0,21.0,1
2025,Drake London,WR,18.5,2,24,False,9.294117647058824,0.058823529411764705,17.0,119.0,0,17.0,116.0,0,20.0,111.0,0
2025,Chase Brown,RB,21.5,2,25,False,4.0625,14.3125,10.0,4.0,2,9.0,3.0,3,8.0,3.0,3
2025,Jonathan Taylor,RB,21.5,2,26,False,2.2142857142857144,21.642857142857142,1.0,15.0,3,2.0,16.0,3,4.0,15.0,3
2025,A.J. Brown,WR,22.0,2,28,False,7.461538461538462,0.0,13.0,19.0,1,13.0,19.0,1,10.0,18.0,1
2025,Josh Allen,QB,23.0,2,29,False,0.0,6.375,1.0,13.0,2,1.0,13.0,2,1.0,13.0,2
2025,Lamar Jackson,QB,23.5,2,28,False,0.0,8.176470588235293,19.0,29.0,0,19.0,29.0,0,19.0,29.0,0
2025,Kyren Williams,RB,25.0,3,25,False,2.5,19.75,8.0,12.0,2,8.0,11.0,2,9.0,12.0,2
2025,Ladd McConkey,WR,25.5,3,23,False,7.0,0.0,31.0,44.0,1,28.0,48.0,1,30.0,50.0,1
2025,Trey McBride,TE,25.5,3,25,False,9.1875,0.0625,1.0,2.0,2,1.0,2.0,2,1.0,2.0,2
2025,Jayden Daniels,QB,29.0,3,24,False,0.0,8.705882352941176,34.0,,0,34.0,,0,34.0,,0
2025,Jaxon Smith-Njigba,WR,30.0,3,23,False,8.058823529411764,0.29411764705882354,2.0,11.0,2,2.0,5.0,3,2.0,5.0,3
2025,Tyreek Hill,WR,30.0,3,31,False,7.176470588235294,0.47058823529411764,103.0,,0,103.0,,0,103.0,,0
2025,James Cook,RB,32.0,3,25,False,2.375,12.9375,5.0,5.0,3,6.0,5.0,3,6.0,5.0,2
2025,Omarion Hampton,RB,32.5,3,22,True,,,39.0,22.0,2,34.0,19.0,2,35.0,18.0,2
2025,Tee Higgins,WR,34.0,3,26,False,9.083333333333334,0.0,8.0,33.0,1,10.0,38.0,1,15.0,46.0,1
2025,Breece Hall,RB,34.5,3,24,False,4.75,13.0625,18.0,26.0,1,18.0,26.0,1,19.0,26.0,1
2025,Terry McLaurin,WR,36.0,3,29,False,6.882352941176471,0.11764705882352941,50.0,21.0,1,51.0,22.0,1,54.0,23.0,1
2025,Alvin Kamara,RB,38.0,4,30,False,6.357142857142857,16.285714285714285,52.0,,0,48.0,,0,46.0,,0
2025,Garrett Wilson,WR,38.0,4,25,False,9.0,0.11764705882352941,58.0,,0,60.0,,0,60.0,,0
2025,Joe Burrow,QB,38.0,4,28,False,0.0,2.4705882352941178,29.0,9.0,2,29.0,9.0,2,29.0,9.0,2
2025,George Kittle,TE,38.5,4,31,False,6.266666666666667,0.0,10.0,4.0,2,13.0,4.0,2,13.0,3.0,2
2025,Marvin Harrison Jr.,WR,40.5,4,23,False,6.823529411764706,0.0,46.0,134.0,0,47.0,135.0,0,47.0,138.0,0
2025,Jalen Hurts,QB,40.5,4,27,False,0.0,10.0,7.0,14.0,2,7.0,14.0,2,7.0,14.0,2
2025,Mike Evans,WR,41.5,4,32,False,7.857142857142857,0.0,69.0,12.0,3,68.0,13.0,2,71.0,12.0,2
2025,Kenneth Walker III,RB,42.5,4,24,False,4.818181818181818,13.909090909090908,21.0,24.0,1,23.0,23.0,1,22.0,25.0,1
2025,Davante Adams,WR,42.5,4,32,False,10.071428571428571,0.0,7.0,82.0,0,8.0,86.0,0,9.0,88.0,0
2025,Chuba Hubbard,RB,44.5,4,26,False,3.6,16.666666666666668,43.0,69.0,0,43.0,66.0,0,38.0,62.0,0
2025,TreVeyon Henderson,RB,49.0,5,22,True,,,19.0,19.0,2,19.0,21.0,2,21.0,22.0,1
2025,James Conner,RB,49.5,5,30,False,3.4375,14.75,73.0,,0,72.0,,0,76.0,,0
2025,Courtland Sutton,WR,49.5,5,29,False,8.4375,0.0,12.0,7.0,2,12.0,6.0,2,12.0,6.0,2
2025,DJ Moore,WR,50.0,5,28,False,8.235294117647058,0.8235294117647058,30.0,9.0,2,34.0,12.0,2,36.0,14.0,2
2025,DK Metcalf,WR,51.0,5,27,False,7.2,0.0,20.0,37.0,1,25.0,47.0,1,25.0,48.0,1
2025,RJ Harvey,RB,54.0,5,24,True,,,22.0,11.0,3,21.0,9.0,2,20.0,9.0,2
2025,Tetairoa McMillan,WR,55.5,5,22,True,,,15.0,45.0,1,15.0,43.0,1,16.0,44.0,1
2025,DeVonta Smith,WR,56.5,5,26,False,6.846153846153846,0.07692307692307693,25.0,30.0,1,23.0,30.0,1,22.0,31.0,1
2025,Xavier Worthy,WR,56.5,5,22,False,6.125,1.25,60.0,85.0,0,59.0,87.0,0,59.0,92.0,0
2025,Sam LaPorta,TE,58.5,5,24,False,5.1875,0.0,24.0,,0,26.0,,0,27.0,,0
2025,David Montgomery,RB,58.5,5,28,False,2.7142857142857144,13.214285714285714,27.0,44.0,1,27.0,45.0,0,27.0,44.0,0
2025,Isiah Pacheco,RB,58.5,5,26,False,2.2857142857142856,11.857142857142858,53.0,45.0,0,55.0,43.0,0,53.0,42.0,1
2025,Jameson Williams,WR,58.5,5,24,False,6.066666666666666,0.7333333333333333,11.0,16.0,1,11.0,15.0,1,14.0,15.0,1
2025,Patrick Mahomes II,QB,60.0,5,29,False,0.0625,3.625,11.0,35.0,0,11.0,35.0,0,11.0,35.0,0
2025,Rashee Rice,WR,60.5,6,25,False,7.25,0.25,37.0,96.0,0,39.0,91.0,0,39.0,85.0,0
2025,D'Andre Swift,RB,61.0,6,26,False,3.0588235294117645,14.882352941176471,14.0,7.0,2,15.0,8.0,2,15.0,8.0,2
2025,Zay Flowers,WR,61.5,6,24,False,6.823529411764706,0.5294117647058824,10.0,10.0,3,7.0,10.0,3,7.0,11.0,3
2025,George Pickens,WR,62.0,6,24,False,7.357142857142857,0.14285714285714285,4.0,17.0,1,5.0,16.0,1,5.0,16.0,1
2025,Tony Pollard,RB,63.5,6,28,False,3.5625,16.25,23.0,18.0,3,24.0,20.0,2,23.0,21.0,2
2025,Aaron Jones Sr.,RB,64.0,6,30,False,3.6470588235294117,15.0,42.0,25.0,1,42.0,24.0,1,41.0,24.0,1
2025,Calvin Ridley,WR,67.5,6,30,False,7.0588235294117645,0.47058823529411764,109.0,,0,113.0,,0,112.0,,0
2025,T.J. Hockenson,TE,68.5,6,28,False,6.2,0.0,30.0,36.0,0,28.0,36.0,0,26.0,37.0,0
2025,Jerry Jeudy,WR,68.5,6,26,False,8.529411764705882,0.0,57.0,79.0,0,55.0,66.0,0,52.0,60.0,0
2025,Travis Hunter,WR,69.0,6,22,True,,,,,0,,,0,,,0
2025,Travis Kelce,TE,70.0,6,35,False,8.3125,0.0625,4.0,24.0,1,4.0,21.0,1,3.0,18.0,1
2025,Baker Mayfield,QB,70.5,6,30,False,0.0,3.5294117647058822,12.0,17.0,0,12.0,17.0,0,12.0,17.0,0
2025,Jaylen Waddle,WR,71.5,6,26,False,5.533333333333333,0.26666666666666666,19.0,71.0,0,22.0,70.0,0,24.0,70.0,0
2025,Chris Olave,WR,72.5,7,25,False,5.5,0.125,6.0,2.0,3,6.0,2.0,3,6.0,2.0,3
2025,Tyrone Tracy Jr.,RB,74.0,7,25,False,3.1176470588235294,11.294117647058824,31.0,21.0,1,28.0,22.0,1,28.0,20.0,1
2025,Kaleb Johnson,RB,78.0,7,22,True,,,114.0,104.0,0,113.0,104.0,0,115.0,104.0,0
2025,Bo Nix,QB,78.5,7,25,False,0.058823529411764705,5.411764705882353,8.0,4.0,2,8.0,4.0,2,8.0,4.0,2
2025,Rome Odunze,WR,79.5,7,23,False,5.9411764705882355,0.17647058823529413,35.0,,0,40.0,,0,41.0,,0
2025,Jaylen Warren,RB,80.5,7,26,False,3.1333333333333333,8.0,16.0,16.0,1,16.0,18.0,1,17.0,19.0,1
2025,Joe Mixon,RB,82.5,7,29,False,3.7142857142857144,17.5,,,0,,,0,,,0
2025,Ricky Pearsall,WR,83.0,7,24,False,4.181818181818182,0.2727272727272727,78.0,32.0,0,75.0,29.0,1,73.0,28.0,2
2025,Jordan Addison,WR,84.0,7,23,False,6.6,0.2,43.0,29.0,1,44.0,31.0,1,45.0,40.0,0
2025,Deebo Samuel Sr.,WR,85.5,8,29,False,5.4,2.8,32.0,38.0,0,29.0,44.0,0,27.0,45.0,0
2025,Mark Andrews,TE,88.0,8,29,False,4.0588235294117645,0.23529411764705882,20.0,39.0,0,19.0,35.0,0,17.0,35.0,0
2025,Matthew Golden,WR,89.5,8,22,True,,,100.0,91.0,0,95.0,94.0,0,95.0,95.0,0
2025,Stefon Diggs,WR,89.5,8,31,False,8.0,0.375,24.0,13.0,2,18.0,11.0,2,17.0,8.0,2
2025,Jakobi Meyers,WR,90.0,8,28,False,8.6,0.13333333333333333,39.0,53.0,0,36.0,37.0,0,31.0,30.0,0
2025,Cooper Kupp,WR,90.0,8,32,False,8.333333333333334,0.16666666666666666,56.0,84.0,0,56.0,73.0,0,53.0,68.0,0
2025,Travis Etienne Jr.,RB,90.0,8,26,False,3.466666666666667,10.0,9.0,6.0,3,10.0,6.0,3,10.0,6.0,3
2025,Evan Engram,TE,91.0,8,30,False,7.111111111111111,0.0,32.0,35.0,0,31.0,34.0,0,29.0,34.0,0
2025,Khalil Shakir,WR,92.0,8,25,False,6.666666666666667,0.13333333333333333,42.0,55.0,0,38.0,40.0,0,37.0,32.0,0
2025,Chris Godwin Jr.,WR,92.5,8,29,False,8.857142857142858,0.14285714285714285,79.0,15.0,2,78.0,14.0,2,76.0,13.0,2
2025,Emeka Egbuka,WR,94.0,8,22,True,,,18.0,57.0,0,20.0,57.0,0,23.0,55.0,0
2025,Kyler Murray,QB,95.5,8,28,False,0.0,4.588235294117647,38.0,,0,38.0,,0,38.0,,0
2025,Zach Charbonnet,RB,96.0,8,24,False,3.0588235294117645,7.9411764705882355,20.0,13.0,2,22.0,13.0,2,24.0,14.0,2
2025,Tyler Warren,TE,96.5,9,23,True,,,8.0,33.0,0,6.0,26.0,0,5.0,25.0,0
2025,Quinshon Judkins,RB,97.0,9,21,True,,,26.0,64.0,0,26.0,55.0,0,26.0,49.0,0
2025,Brian Robinson Jr.,RB,98.0,9,26,False,1.7857142857142858,13.357142857142858,58.0,59.0,0,59.0,63.0,0,62.0,66.0,0
2025,Javonte Williams,RB,98.5,9,25,False,4.117647058823529,8.176470588235293,11.0,23.0,2,11.0,25.0,2,12.0,27.0,2
2025,Jordan Mason,RB,99.0,9,26,False,1.1666666666666667,12.75,34.0,75.0,0,35.0,76.0,0,37.0,76.0,0
2025,David Njoku,TE,99.5,9,29,False,8.818181818181818,0.0,31.0,,0,32.0,,0,34.0,,0
2025,Jared Goff,QB,100.0,9,30,False,0.058823529411764705,2.0588235294117645,9.0,12.0,2,9.0,12.0,2,9.0,12.0,2
2025,Jauan Jennings,WR,103.5,9,28,False,7.533333333333333,0.0,28.0,5.0,3,30.0,8.0,3,32.0,9.0,2
2025,Dak Prescott,QB,104.0,9,32,False,0.0,1.625,6.0,11.0,2,6.0,11.0,2,6.0,11.0,2
2025,Najee Harris,RB,104.5,9,27,False,2.823529411764706,15.470588235294118,102.0,,0,102.0,,0,100.0,,0
2025,Cam Skattebo,RB,105.0,9,23,True,,,38.0,,0,37.0,,0,36.0,,0
2025,Caleb Williams,QB,106.0,9,23,False,0.0,4.764705882352941,5.0,6.0,2,5.0,6.0,2,5.0,6.0,2
2025,Rhamondre Stevenson,RB,108.0,9,27,False,2.7333333333333334,13.8,25.0,9.0,2,25.0,7.0,2,25.0,7.0,2
2025,Jayden Reed,WR,108.5,10,25,False,4.411764705882353,1.1764705882352942,112.0,56.0,0,109.0,50.0,0,109.0,41.0,0
2025,Tucker Kraft,TE,108.5,10,24,False,4.117647058823529,0.17647058823529413,17.0,,0,20.0,,0,23.0,,0
2025,Michael Pittman Jr.,WR,109.5,10,27,False,6.9375,0.0,26.0,86.0,0,21.0,79.0,0,19.0,72.0,0
2025,J.K. Dobbins,RB,110.5,10,26,False,2.923076923076923,15.0,37.0,,0,40.0,,0,43.0,,0
2025,Brock Purdy,QB,110.5,10,25,False,0.0,4.4,23.0,2.0,3,23.0,2.0,3,23.0,2.0,3
2025,Josh Downs,WR,113.0,10,24,False,7.642857142857143,0.07142857142857142,49.0,34.0,0,49.0,33.0,0,43.0,34.0,0
2025,Justin Herbert,QB,115.0,10,27,False,0.0,4.0588235294117645,10.0,7.0,1,10.0,7.0,1,10.0,7.0,1
2025,Colston Loveland,TE,116.0,10,21,True,,,9.0,9.0,1,11.0,9.0,1,12.0,10.0,1
2025,Keon Coleman,WR,117.0,10,22,False,4.384615384615385,0.07692307692307693,62.0,,0,62.0,,0,61.0,,0
2025,Jonnu Smith,TE,118.5,10,30,False,6.529411764705882,0.11764705882352941,39.0,22.0,1,36.0,24.0,1,35.0,26.0,1
2025,Tank Bigsby,RB,118.5,10,23,False,0.75,10.5,59.0,42.0,0,63.0,44.0,0,67.0,45.0,0
2025,Brandon Aiyuk,WR,119.0,10,27,False,6.714285714285714,0.0,,,0,,,0,,,0
2025,Justin Fields,QB,119.0,10,26,False,0.0,6.2,27.0,,0,27.0,,0,27.0,,0
2025,Austin Ekeler,RB,120.5,11,30,False,3.4166666666666665,6.416666666666667,100.0,,0,100.0,,0,97.0,,0
2025,Darnell Mooney,WR,120.5,11,27,False,6.625,0.0,81.0,78.0,0,79.0,76.0,0,79.0,73.0,0
2025,Jake Ferguson,TE,123.5,11,26,False,6.142857142857143,0.0,11.0,31.0,0,8.0,33.0,0,4.0,33.0,0
2025,Dalton Kincaid,TE,126.5,11,25,False,5.769230769230769,0.0,16.0,54.0,0,16.0,55.0,0,20.0,57.0,0
2025,Drake Maye,QB,127.0,11,23,False,0.0,4.153846153846154,2.0,3.0,3,2.0,3.0,3,2.0,3.0,3
2025,Jaydon Blue,RB,128.0,11,21,True,,,82.0,,0,90.0,,0,92.0,,0
2025,Jayden Higgins,WR,128.0,11,22,True,,,48.0,46.0,1,48.0,54.0,1,48.0,58.0,1
2025,Rachaad White,RB,128.5,11,26,False,3.8,9.6,41.0,53.0,0,36.0,51.0,0,33.0,47.0,0
2025,Jordan Love,QB,131.0,11,26,False,0.0,1.6666666666666667,15.0,32.0,0,15.0,32.0,0,15.0,32.0,0
2025,C.J. Stroud,QB,131.5,11,23,False,0.058823529411764705,3.0588235294117645,21.0,16.0,1,21.0,16.0,1,21.0,16.0,1
2025,Tyjae Spears,RB,132.5,12,24,False,2.9166666666666665,7.0,55.0,35.0,1,49.0,34.0,1,44.0,32.0,1
2025,Marvin Mims Jr.,WR,132.5,12,23,False,3.0588235294117645,0.7647058823529411,80.0,95.0,0,77.0,83.0,0,74.0,74.0,0
2025,Bhayshul Tuten,RB,134.5,12,23,True,,,48.0,58.0,0,52.0,60.0,0,54.0,64.0,0
2025,Jerome Ford,RB,135.0,12,25,False,3.0714285714285716,7.428571428571429,92.0,,0,79.0,,0,72.0,,0
2025,Trey Benson,RB,137.5,12,23,False,0.5,5.25,79.0,,0,75.0,,0,75.0,,0
2025,Rashid Shaheed,WR,139.0,12,27,False,6.833333333333333,1.0,41.0,41.0,0,41.0,49.0,0,40.0,52.0,0
2025,Trevor Lawrence,QB,139.0,12,25,False,0.0,2.6,4.0,1.0,3,4.0,1.0,3,4.0,1.0,3
2025,J.J. McCarthy,QB,139.0,12,22,False,,,31.0,24.0,1,31.0,24.0,1,31.0,24.0,1
2025,Kyle Pitts Sr.,TE,139.5,12,24,False,4.352941176470588,0.0,3.0,1.0,2,2.0,1.0,2,2.0,1.0,2
2025,Nick Chubb,RB,140.0,12,29,False,1.375,12.75,50.0,68.0,0,54.0,72.0,0,55.0,72.0,0
2025,Braelon Allen,RB,140.5,12,21,False,1.588235294117647,5.411764705882353,90.0,,0,93.0,,0,95.0,,0
2025,Rico Dowdle,RB,140.5,12,27,False,3.0625,14.6875,17.0,34.0,1,17.0,32.0,1,18.0,31.0,2
2025,Dallas Goedert,TE,142.5,12,30,False,5.2,0.0,2.0,3.0,2,3.0,3.0,1,7.0,4.0,1
2025,Ray Davis,RB,143.5,12,25,False,1.1176470588235294,6.647058823529412,57.0,63.0,0,58.0,62.0,0,61.0,59.0,0
2025,Luther Burden III,WR,144.0,12,21,True,,,51.0,18.0,1,50.0,18.0,1,50.0,19.0,1
2025,Christian Kirk,WR,144.0,12,28,False,5.875,0.0,114.0,106.0,0,106.0,103.0,0,101.0,100.0,0
2025,Tyler Allgeier,RB,150.5,13,25,False,0.7647058823529411,8.058823529411764,36.0,50.0,0,39.0,52.0,0,39.0,55.0,0
2025,Dylan Sampson,RB,151.5,13,20,True,,,60.0,77.0,0,57.0,73.0,0,56.0,71.0,0
2025,Tre' Harris,WR,153.5,13,23,True,,,102.0,75.0,0,96.0,69.0,0,96.0,67.0,0
2025,Tua Tagovailoa,QB,154.0,13,27,False,0.0,1.5454545454545454,25.0,31.0,0,25.0,31.0,0,25.0,31.0,0
2025,Marquise Brown,WR,154.0,13,28,False,7.5,0.0,45.0,117.0,0,43.0,115.0,0,42.0,110.0,0
2025,Hunter Henry,TE,155.0,13,30,False,6.0625,0.0,5.0,12.0,2,7.0,13.0,2,9.0,13.0,2
2025,Keenan Allen,WR,156.5,14,33,False,8.066666666666666,0.0,38.0,76.0,0,33.0,64.0,0,29.0,56.0,0
2025,Zach Ertz,TE,162.5,14,34,False,5.352941176470588,0.0,21.0,,0,21.0,,0,18.0,,0
2025,Michael Penix Jr.,QB,162.5,14,25,False,0.0,1.4,33.0,,0,33.0,,0,33.0,,0
2025,Bryce Young,QB,164.0,14,24,False,0.0,3.0714285714285716,20.0,21.0,0,20.0,21.0,0,20.0,21.0,0
2025,Cam Ward,QB,165.5,14,23,True,,,22.0,15.0,1,22.0,15.0,1,22.0,15.0,1
2025,Matthew Stafford,QB,167.0,14,37,False,0.0,1.875,3.0,5.0,2,3.0,5.0,2,3.0,5.0,2
2025,DeAndre Hopkins,WR,169.5,15,33,False,5.0,0.0,82.0,81.0,0,87.0,84.0,0,89.0,82.0,0
2025,Rashod Bateman,WR,173.0,15,25,False,4.5,0.0,98.0,154.0,0,100.0,142.0,0,102.0,142.0,0
2025,Isaac Guerendo,RB,173.5,15,25,False,1.0,5.25,143.0,,0,144.0,,0,144.0,,0
2025,Adam Thielen,WR,173.5,15,35,False,6.2,0.0,134.0,92.0,0,125.0,89.0,0,122.0,81.0,0
2025,Xavier Legette,WR,173.5,15,24,False,5.6,0.4,73.0,104.0,0,72.0,101.0,0,68.0,102.0,0
2025,Geno Smith,QB,174.0,15,34,False,0.0,3.1176470588235294,24.0,27.0,0,24.0,27.0,0,24.0,27.0,0
2025,Brenton Strange,TE,174.0,15,24,False,3.7857142857142856,0.0,23.0,17.0,1,23.0,17.0,1,24.0,17.0,1
2025,Cedric Tillman,WR,174.0,15,25,False,5.444444444444445,0.1111111111111111,93.0,103.0,0,97.0,109.0,0,97.0,114.0,0
2025,Kyle Williams,WR,177.0,15,22,True,,,94.0,58.0,1,105.0,61.0,0,111.0,66.0,0
2025,Kyle Monangai,RB,180.0,15,23,True,,,29.0,41.0,0,29.0,40.0,1,29.0,40.0,1
2025,Jack Bech,WR,181.0,15,22,True,,,129.0,99.0,0,122.0,97.0,0,119.0,99.0,0
2025,Isaiah Likely,TE,181.0,15,25,False,3.8666666666666667,0.0,49.0,61.0,0,48.0,61.0,0,44.0,62.0,0
2025,Sam Darnold,QB,182.5,15,28,False,0.0,3.9411764705882355,14.0,23.0,1,14.0,23.0,1,14.0,23.0,1
2025,Aaron Rodgers,QB,184.5,15,41,False,0.0,1.2941176470588236,18.0,22.0,0,18.0,22.0,0,18.0,22.0,0
2025,Jacory Croskey-Merritt,RB,185.0,15,24,True,,,28.0,8.0,2,30.0,10.0,2,34.0,16.0,2
2025,Wan'Dale Robinson,WR,185.0,15,24,False,8.235294117647058,0.17647058823529413,23.0,23.0,2,16.0,20.0,2,13.0,17.0,2
2025,Chris Rodriguez Jr.,RB,185.0,15,25,False,0.14285714285714285,5.0,44.0,46.0,1,45.0,46.0,1,50.0,48.0,1
2025,Mason Taylor,TE,186.0,15,21,True,,,35.0,,0,33.0,,0,32.0,,0
2025,Cade Otton,TE,186.0,15,26,False,6.214285714285714,0.07142857142857142,28.0,47.0,0,25.0,44.0,0,22.0,41.0,0
2025,Kareem Hunt,RB,190.0,15,30,False,2.4615384615384617,15.384615384615385,30.0,65.0,0,31.0,68.0,0,30.0,70.0,0
2025,Justice Hill,RB,190.0,15,27,False,3.4,3.1333333333333333,65.0,,0,62.0,,0,60.0,,0
2025,Spencer Rattler,QB,191.0,15,24,False,0.0,2.5714285714285716,36.0,44.0,0,36.0,44.0,0,36.0,44.0,0
2025,Ollie Gordon II,RB,192.0,15,21,True,,,66.0,108.0,0,68.0,108.0,0,69.0,109.0,0
2025,Blake Corum,RB,192.0,15,24,False,0.5333333333333333,3.8666666666666667,33.0,27.0,2,38.0,28.0,2,40.0,33.0,2
2025,Romeo Doubs,WR,192.0,15,25,False,5.538461538461538,0.0,33.0,22.0,1,35.0,24.0,1,35.0,25.0,1
2025,Chig Okonkwo,TE,192.5,15,25,False,4.375,0.0625,27.0,7.0,2,22.0,8.0,2,21.0,8.0,2
2025,DeMario Douglas,WR,194.0,15,24,False,5.4375,0.1875,67.0,131.0,0,65.0,128.0,0,66.0,127.0,0
2025,Jaylen Wright,RB,197.5,15,22,False,0.46153846153846156,5.230769230769231,68.0,40.0,1,69.0,42.0,1,70.0,43.0,0
2025,Anthony Richardson Sr.,QB,198.5,15,23,False,0.09090909090909091,7.818181818181818,73.0,,0,71.0,,0,70.0,,0
2025,Pat Freiermuth,TE,200.0,15,26,False,4.588235294117647,0.0,22.0,20.0,0,24.0,20.0,0,25.0,20.0,0
2025,Russell Wilson,QB,201.0,15,36,False,0.0,3.909090909090909,44.0,,0,44.0,,0,44.0,,0
2025,Will Shipley,RB,201.5,15,23,False,0.3076923076923077,2.3076923076923075,109.0,109.0,0,101.0,109.0,0,94.0,108.0,0
2025,Roschon Johnson,RB,203.5,15,24,False,1.5384615384615385,4.230769230769231,124.0,,0,126.0,,0,128.0,,0
2025,Amari Cooper,WR,206.0,15,31,False,6.538461538461538,0.0,,,0,,,0,,,0
2025,Terrance Ferguson,TE,206.0,15,22,True,,,37.0,14.0,1,45.0,15.0,1,49.0,16.0,1
2025,Brashard Smith,RB,207.0,15,22,True,,,71.0,60.0,0,67.0,58.0,0,63.0,57.0,1
2025,DJ Giddens,RB,207.0,15,22,True,,,94.0,,0,99.0,,0,102.0,,0
2025,Jaxson Dart,QB,209.5,15,22,True,,,13.0,19.0,2,13.0,19.0,2,13.0,19.0,2
2025,Woody Marks,RB,210.0,15,24,True,,,32.0,49.0,0,32.0,50.0,0,32.0,52.0,0
2025,Mike Gesicki,TE,210.5,15,29,False,5.1875,0.0,40.0,19.0,1,41.0,19.0,0,41.0,22.0,0
2025,Alec Pierce,WR,211.5,15,25,False,4.3125,0.0,16.0,24.0,1,26.0,28.0,1,28.0,33.0,1
2025,Jordan James,RB,212.0,15,21,True,,,,,0,,,0,,,0
2025,Jalen McMillan,WR,212.5,15,23,False,4.461538461538462,0.3076923076923077,135.0,43.0,1,134.0,35.0,1,134.0,35.0,1
2025,Daniel Jones,QB,219.0,15,28,False,0.0,6.7,17.0,,0,17.0,,0,17.0,,0
2025,Dameon Pierce,RB,219.0,15,25,False,0.4,4.0,111.0,,0,115.0,,0,116.0,,0
2025,Cole Kmet,TE,220.0,15,26,False,3.4375,0.0,34.0,44.0,0,35.0,43.0,0,36.0,40.0,0
2025,Dalton Schultz,TE,222.0,15,29,False,5.0,0.0,13.0,8.0,2,12.0,7.0,2,10.0,6.0,2
2025,Jarquez Hunter,RB,223.0,15,22,True,,,,,0,,,0,,,0
2025,Isaac TeSlaa,WR,225.0,15,23,True,,,66.0,26.0,2,76.0,27.0,2,83.0,29.0,2
2025,Shedeur Sanders,QB,225.0,15,23,True,,,37.0,26.0,0,37.0,26.0,0,37.0,26.0,0
2025,Jalen Coker,WR,227.0,15,23,False,4.181818181818182,0.0,70.0,42.0,1,67.0,42.0,1,67.0,43.0,1
2025,Pat Bryant,WR,227.5,15,22,True,,,83.0,105.0,0,82.0,99.0,0,82.0,98.0,0
2025,Quentin Johnston,WR,228.0,15,23,False,6.066666666666666,0.2,27.0,20.0,2,31.0,21.0,2,34.0,24.0,2
2025,Ja'Tavion Sanders,TE,231.0,15,22,False,2.8666666666666667,0.0,57.0,37.0,0,53.0,39.0,0,50.0,42.0,0
2025,Tyler Shough,QB,231.0,15,25,True,,,26.0,8.0,1,26.0,8.0,1,26.0,8.0,1
2025,Jimmy Garoppolo,QB,231.0,15,33,False,0.0,2.0,79.0,,0,79.0,,0,79.0,,0
2025,Keaton Mitchell,RB,232.5,15,23,False,0.25,3.75,61.0,48.0,0,66.0,49.0,0,66.0,50.0,0
2025,Dont'e Thornton Jr.,WR,234.5,15,22,True,,,153.0,135.0,0,146.0,129.0,0,146.0,130.0,0
2025,Tahj Brooks,RB,235.5,15,23,True,,,120.0,82.0,0,118.0,80.0,0,117.0,82.0,0
2025,A.J. Dillon,RB,237.0,15,27,False,,,110.0,,0,109.0,,0,108.0,,0
2025,Elijah Arroyo,TE,237.5,15,22,True,,,61.0,,0,61.0,,0,62.0,,0
2025,Darren Waller,TE,238.5,15,32,False,,,25.0,10.0,1,29.0,11.0,1,31.0,11.0,1
2025,Miles Sanders,RB,238.5,15,28,False,2.727272727272727,5.0,83.0,,0,83.0,,0,84.0,,0
2025,Kendre Miller,RB,239.0,15,23,False,1.3333333333333333,6.5,72.0,,0,73.0,,0,77.0,,0
2025,Juwan Johnson,TE,239.0,15,28,False,4.4,0.0,12.0,13.0,1,10.0,10.0,2,8.0,9.0,2
2025,Joe Flacco,QB,241.0,15,40,False,0.0,1.2857142857142858,28.0,39.0,0,28.0,39.0,0,28.0,39.0,0
2025,Jaylin Noel,WR,242.5,15,22,True,,,95.0,61.0,1,93.0,71.0,1,94.0,79.0,1
2025,Tory Horton,WR,246.0,15,22,True,,,75.0,,0,83.0,,0,91.0,,0
2025,Sean Tucker,RB,246.0,15,23,False,0.7058823529411765,2.9411764705882355,46.0,47.0,0,46.0,47.0,0,52.0,51.0,0
2025,Devin Neal,RB,246.5,15,22,True,,,67.0,54.0,0,64.0,56.0,0,64.0,60.0,0
2025,Harold Fannin Jr.,TE,247.5,15,21,True,,,6.0,5.0,2,5.0,5.0,2,6.0,5.0,2
2025,Theo Johnson,TE,248.0,15,24,False,3.909090909090909,0.0,18.0,34.0,1,18.0,37.0,1,19.0,43.0,0
2025,Dontayvion Wicks,WR,250.5,15,24,False,4.470588235294118,0.0,85.0,130.0,0,85.0,122.0,0,84.0,118.0,0
2025,Michael Wilson,WR,251.5,15,25,False,4.4375,0.0625,14.0,6.0,3,14.0,9.0,3,11.0,10.0,2
2025,Tyler Lockett,WR,251.5,15,32,False,4.352941176470588,0.0,105.0,83.0,0,98.0,85.0,0,92.0,83.0,0
2025,MarShawn Lloyd,RB,253.0,15,24,False,1.0,6.0,,,0,,,0,,,0
2025,Jalen Royals,WR,254.0,15,22,True,,,233.0,,0,213.0,,0,213.0,,0
2025,Kirk Cousins,QB,255.0,15,37,False,0.0,1.6428571428571428,35.0,10.0,1,35.0,10.0,1,35.0,10.0,1
2025,Jaleel McLaughlin,RB,257.5,15,24,False,1.6875,7.0625,74.0,56.0,0,77.0,61.0,0,82.0,67.0,0
2025,Roman Wilson,WR,258.0,15,24,False,,,122.0,,0,121.0,,0,123.0,,0
2025,Elic Ayomanor,WR,258.5,15,22,True,,,53.0,47.0,0,54.0,46.0,1,57.0,47.0,1
2025,Darius Slayton,WR,258.5,15,28,False,4.4375,0.125,64.0,77.0,0,63.0,75.0,0,62.0,71.0,0
2025,Jaylin Lane,WR,259.0,15,23,True,,,108.0,90.0,0,112.0,102.0,0,113.0,115.0,0
2025,Noah Gray,TE,260.0,15,26,False,3.0625,0.0625,65.0,83.0,0,62.0,80.0,0,59.0,80.0,0
2025,Xavier Restrepo,WR,261.0,15,23,False,,,186.0,,0,187.0,,0,188.0,,0
2025,Adonai Mitchell,WR,262.0,15,22,False,3.235294117647059,0.23529411764705882,74.0,35.0,0,73.0,32.0,1,72.0,27.0,1
2025,Jalen Milroe,QB,262.0,15,22,True,,,78.0,,0,78.0,,0,78.0,,0
2025,Raheem Mostert,RB,262.5,15,33,False,1.7692307692307692,6.538461538461538,87.0,83.0,0,86.0,81.0,0,83.0,78.0,0
2025,Diontae Johnson,WR,263.0,15,29,False,6.090909090909091,0.18181818181818182,,,0,,,0,,,0
2025,Trevor Etienne,RB,267.0,15,21,True,,,106.0,106.0,0,106.0,106.0,0,105.0,106.0,0
2025,Kenneth Gainwell,RB,267.0,15,26,False,1.2941176470588236,4.411764705882353,24.0,20.0,2,20.0,17.0,2,16.0,10.0,2
2025,Dyami Brown,WR,268.5,15,25,False,2.6666666666666665,0.2,121.0,183.0,0,118.0,183.0,0,114.0,183.0,0
2025,Tyler Conklin,TE,269.0,15,30,False,4.5,0.0625,75.0,,0,77.0,,0,78.0,,0
2025,Brandin Cooks,WR,269.0,15,31,False,5.4,0.3,118.0,63.0,1,110.0,72.0,1,105.0,76.0,1
2025,Ray-Ray McCloud III,WR,271.0,15,28,False,5.117647058823529,0.5882352941176471,165.0,,0,167.0,,0,162.0,,0
2025,Calvin Austin III,WR,272.0,15,26,False,3.411764705882353,0.0,72.0,162.0,0,74.0,144.0,0,75.0,144.0,0
2025,Taysom Hill,TE,273.0,15,35,False,3.875,4.875,53.0,26.0,1,58.0,30.0,1,58.0,32.0,1
2025,Noah Fant,TE,274.0,15,27,False,4.571428571428571,0.0,42.0,80.0,0,40.0,88.0,0,40.0,88.0,0
2025,Antonio Gibson,RB,275.5,15,27,False,1.7058823529411764,7.0588235294117645,77.0,,0,84.0,,0,87.0,,0
2025,Elijah Mitchell,RB,275.5,15,27,False,,,132.0,,0,134.0,,0,134.0,,0
2025,Troy Franklin,WR,277.5,15,22,False,3.3125,0.125,34.0,25.0,1,32.0,25.0,1,33.0,22.0,1
2025,Samaje Perine,RB,280.0,15,29,False,2.0588235294117645,1.1764705882352942,56.0,33.0,1,56.0,35.0,1,57.0,34.0,1
2025,Andrei Iosivas,WR,280.5,15,25,False,3.588235294117647,0.0,71.0,88.0,0,71.0,90.0,0,69.0,90.0,0
2025,Jordan Whittington,WR,282.0,15,24,False,2.0,0.14285714285714285,150.0,133.0,0,140.0,134.0,0,130.0,137.0,0
2025,Oronde Gadsden II,TE,283.0,15,22,True,,,19.0,18.0,1,17.0,18.0,1,16.0,19.0,1
2025,Devin Singletary,RB,284.0,15,27,False,1.6,7.533333333333333,45.0,38.0,1,44.0,38.0,1,45.0,38.0,1
2025,Emanuel Wilson,RB,285.0,15,26,False,0.8235294117647058,6.0588235294117645,47.0,51.0,0,50.0,53.0,0,51.0,56.0,0
2025,Ben Sinnott,TE,285.0,15,23,False,0.7142857142857143,0.0,66.0,40.0,0,68.0,41.0,0,68.0,44.0,0
2025,Christian Watson,WR,289.0,15,26,False,3.7857142857142856,0.2857142857142857,40.0,28.0,1,42.0,26.0,1,46.0,26.0,1
2025,Tyler Higbee,TE,290.0,15,32,False,4.0,0.0,33.0,,0,37.0,,0,39.0,,0
2025,Tutu Atwell,WR,290.0,15,25,False,4.133333333333334,0.13333333333333333,124.0,157.0,0,128.0,143.0,0,132.0,143.0,0
2025,Kayshon Boutte,WR,294.5,15,23,False,4.533333333333333,0.0,44.0,102.0,0,46.0,107.0,0,49.0,113.0,0
2025,Ty Johnson,RB,296.0,15,27,False,1.4705882352941178,2.411764705882353,49.0,43.0,0,47.0,41.0,0,47.0,41.0,0
2025,Khalil Herbert,RB,297.0,15,27,False,1.0,3.272727272727273,107.0,91.0,0,110.0,93.0,0,110.0,93.0,0
2025,Marquez Valdes-Scantling,WR,299.0,15,30,False,3.3846153846153846,0.07692307692307693,139.0,70.0,0,137.0,74.0,0,131.0,77.0,0
2025,Malik Washington,WR,299.0,15,24,False,2.5714285714285716,0.35714285714285715,59.0,74.0,0,57.0,81.0,0,56.0,86.0,0
2025,Tre Tucker,WR,300.0,15,24,False,4.764705882352941,0.5294117647058824,36.0,73.0,0,37.0,65.0,0,38.0,62.0,0
2025,Damien Martinez,RB,301.0,15,21,True,,,,,0,,,0,,,0
2025,KeAndre Lambert-Smith,WR,302.0,15,23,True,,,155.0,80.0,0,158.0,88.0,0,161.0,93.0,0
2025,Jalen Tolbert,WR,305.0,15,26,False,4.647058823529412,0.0,115.0,111.0,0,115.0,105.0,0,115.0,103.0,0
2025,Curtis Samuel,WR,306.0,15,29,False,3.2857142857142856,0.35714285714285715,147.0,,0,149.0,,0,150.0,,0
