player_id,games,team,name,pos,last_week,ep_std,pts_std,ewma_ep_std,last_ep_std,last_pts_std,ep_half,pts_half,ewma_ep_half,last_ep_half,last_pts_half,ep_ppr,pts_ppr,ewma_ep_ppr,last_ep_ppr,last_pts_ppr,ep_std6,pts_std6,ewma_ep_std6,last_ep_std6,last_pts_std6,ep_half6,pts_half6,ewma_ep_half6,last_ep_half6,last_pts_half6,ep_ppr6,pts_ppr6,ewma_ep_ppr6,last_ep_ppr6,last_pts_ppr6,rush_att_pg,tgt_pg,rush_rz_pg,tgt_rz_pg,tgt_ez_pg,air_yds_pg,pass_att_pg,gap_std,gap_half,gap_ppr,gap_std6,gap_half6,gap_ppr6
00-0034857,4,BUF,Josh Allen,QB,4,21.59457582,27.86500000,20.84729529,20.29479516,18.52000000,21.59726147,27.99000000,20.85013985,20.29724367,18.52000000,21.59994712,28.11500000,20.85298441,20.29969217,18.52000000,24.32725899,30.86500000,23.53694523,23.32928458,20.52000000,24.32994464,30.99000000,23.53978979,23.33173308,20.52000000,24.33263029,31.11500000,23.54263435,23.33418158,20.52000000,7.00000000,0.25000000,2.25000000,0.00000000,0.00000000,-2.00000000,30.25000000,6.27042418,6.39273853,6.51505288,6.53774101,6.66005536,6.78236971
00-0040743,4,NO,Tyler Shough,QB,4,22.57662789,21.33000000,20.33800801,21.55497843,15.94000000,22.58129740,21.33000000,20.34284421,21.56070499,15.94000000,22.58596691,21.33000000,20.34768042,21.56643154,15.94000000,26.68174980,25.83000000,24.07235443,26.01266215,17.94000000,26.68641931,25.83000000,24.07719064,26.01838871,17.94000000,26.69108882,25.83000000,24.08202684,26.02411527,17.94000000,3.75000000,0.00000000,1.25000000,0.00000000,0.00000000,0.00000000,45.00000000,-1.24662789,-1.25129740,-1.25596691,-0.85174980,-0.85641931,-0.86108882
00-0039139,4,DET,Jahmyr Gibbs,RB,4,19.73415132,23.50000000,17.44849220,15.86085036,13.70000000,22.35800673,26.25000000,20.04808271,18.43166416,15.70000000,24.98186214,29.00000000,22.64767322,21.00247795,17.70000000,19.74133002,23.50000000,17.45279007,15.86153046,13.70000000,22.36518543,26.25000000,20.05238059,18.43234425,15.70000000,24.98904084,29.00000000,22.65197110,21.00315805,17.70000000,20.00000000,7.00000000,5.25000000,1.50000000,0.25000000,14.00000000,0.00000000,3.76584868,3.89199327,4.01813786,3.75866998,3.88481457,4.01095916
00-0033119,4,ARI,Jacoby Brissett,QB,4,19.12735492,14.75500000,19.73145499,20.13311154,10.44000000,19.13417215,14.75500000,19.73825457,20.14057926,10.44000000,19.14098937,14.75500000,19.74505415,20.14804698,10.44000000,22.60745450,17.75500000,23.40489197,24.46302886,14.44000000,22.61427173,17.75500000,23.41169155,24.47049657,14.44000000,22.62108896,17.75500000,23.41849113,24.47796429,14.44000000,3.00000000,0.00000000,1.00000000,0.00000000,0.00000000,0.00000000,37.75000000,-4.37235492,-4.37917215,-4.38598937,-4.85245450,-4.85927173,-4.86608896
00-0038134,4,KC,Kenneth Walker III,RB,4,20.06581611,24.52500000,17.75244901,19.55370851,29.90000000,22.00803602,26.02500000,19.16344487,20.37033033,30.40000000,23.95025594,27.52500000,20.57444073,21.18695216,30.90000000,20.07904137,24.52500000,17.76436786,19.56825694,29.90000000,22.02126128,26.02500000,19.17536372,20.38487876,30.40000000,23.96348120,27.52500000,20.58635958,21.20150059,30.90000000,21.75000000,5.00000000,4.75000000,1.50000000,0.25000000,-0.25000000,0.00000000,4.45918389,4.01696398,3.57474406,4.44595863,4.00373872,3.56151880
00-0033106,4,DET,Jared Goff,QB,4,18.98969575,21.51500000,19.06598032,24.40199146,20.48000000,18.99640150,21.51500000,19.07263969,24.40884718,20.48000000,19.00310724,21.51500000,19.07929907,24.41570290,20.48000000,23.12415845,26.01500000,23.30653076,30.11131747,22.48000000,23.13086419,26.01500000,23.31319013,30.11817319,22.48000000,23.13756993,26.01500000,23.31984951,30.12502892,22.48000000,1.75000000,0.00000000,0.25000000,0.00000000,0.00000000,0.00000000,40.25000000,2.52530425,2.51859850,2.51189276,2.89084155,2.88413581,2.87743007
00-0026498,4,LA,Matthew Stafford,QB,4,17.78624600,15.41500000,18.56870462,18.99579248,9.68000000,17.78907740,15.41500000,18.57166332,18.99676276,9.68000000,17.79190880,15.41500000,18.57462202,18.99773303,9.68000000,21.21334665,18.41500000,22.21612961,22.32223977,9.68000000,21.21617805,18.41500000,22.21908831,22.32321004,9.68000000,21.21900945,18.41500000,22.22204701,22.32418031,9.68000000,1.50000000,0.00000000,0.75000000,0.00000000,0.00000000,0.00000000,39.75000000,-2.37124600,-2.37407740,-2.37690880,-2.79834665,-2.80117805,-2.80400945
00-0036358,4,DAL,CeeDee Lamb,WR,4,13.41847898,18.80000000,14.29050230,21.42152600,24.30000000,17.17726981,23.42500000,18.56216866,28.59383958,32.80000000,20.93606065,28.05000000,22.83383501,35.76615315,41.30000000,13.42078747,18.80000000,14.29302665,21.42602752,24.30000000,17.17957831,23.42500000,18.56469300,28.59834109,32.80000000,20.93836914,28.05000000,22.83635936,35.77065466,41.30000000,0.50000000,11.75000000,0.00000000,1.75000000,1.25000000,117.50000000,0.00000000,5.38152102,6.24773019,7.11393935,5.37921253,6.24542169,7.11163086
00-0032764,4,BAL,Derrick Henry,RB,4,18.20014379,20.95000000,17.57621293,16.76094802,13.90000000,18.97149533,21.82500000,18.31041398,17.63334956,14.90000000,19.74284687,22.70000000,19.04461502,18.50575110,15.90000000,18.21321526,20.95000000,17.58882688,16.77420607,13.90000000,18.98456679,21.82500000,18.32302793,17.64660761,14.90000000,19.75591833,22.70000000,19.05722898,18.51900915,15.90000000,22.25000000,1.75000000,5.75000000,0.00000000,0.00000000,-7.50000000,0.00000000,2.74985621,2.85350467,2.95715313,2.73678474,2.84043321,2.94408167
00-0038542,4,ATL,Bijan Robinson,RB,4,16.78445363,22.85000000,16.71022032,14.25515585,26.70000000,18.62713112,24.60000000,18.24224454,15.09186042,27.20000000,20.46980860,26.35000000,19.77426877,15.92856500,27.70000000,16.79261693,22.85000000,16.71808525,14.26143715,26.70000000,18.63529442,24.60000000,18.25010947,15.09814173,27.20000000,20.47797191,26.35000000,19.78213370,15.93484631,27.70000000,21.25000000,4.50000000,4.25000000,0.25000000,0.00000000,-8.25000000,0.00000000,6.06554637,5.97286888,5.88019140,6.05738307,5.96470558,5.87202809
00-0040122,4,LV,Ashton Jeanty,RB,4,17.70317411,13.72500000,15.83551702,12.79846653,12.60000000,20.06605710,16.10000000,18.15993980,15.83091766,15.60000000,22.42894009,18.47500000,20.48436258,18.86336878,18.60000000,17.70658798,13.72500000,15.83874555,12.79722936,12.60000000,20.06947097,16.10000000,18.16316833,15.82968048,15.60000000,22.43235396,18.47500000,20.48759112,18.86213161,18.60000000,19.50000000,6.25000000,3.75000000,1.75000000,0.00000000,10.75000000,0.00000000,-3.97817411,-3.96605710,-3.95394009,-3.98158798,-3.96947097,-3.95735396
00-0039910,2,WAS,Jayden Daniels,QB,2,20.02894177,16.20000000,18.03784249,16.89676414,14.74000000,20.03495118,16.20000000,18.04388955,16.90434907,14.74000000,20.04096058,16.20000000,18.04993662,16.91193401,14.74000000,23.91389296,19.20000000,21.03307423,19.75055940,16.74000000,23.91990237,19.20000000,21.03912129,19.75814433,16.74000000,23.92591177,19.20000000,21.04516836,19.76572927,16.74000000,6.00000000,0.00000000,2.00000000,0.00000000,0.00000000,0.00000000,26.00000000,-3.82894177,-3.83495118,-3.84096058,-4.71389296,-4.71990237,-4.72591177
00-0037840,4,LA,Kyren Williams,RB,4,14.02828518,17.17500000,15.35285291,21.41511692,26.70000000,16.29505162,19.80000000,17.98830634,26.19390048,31.70000000,18.56181806,22.42500000,20.62375978,30.97268404,36.70000000,14.02849216,17.17500000,15.35234882,21.41042402,26.70000000,16.29525859,19.80000000,17.98780225,26.18920758,31.70000000,18.56202503,22.42500000,20.62325569,30.96799113,36.70000000,13.50000000,6.25000000,3.25000000,0.50000000,0.00000000,25.50000000,0.00000000,3.14671482,3.50494838,3.86318194,3.14650784,3.50474141,3.86297497
00-0033077,4,DAL,Dak Prescott,QB,4,17.66422162,20.30000000,17.96483673,17.41781071,18.10000000,17.67010910,20.30000000,17.97063654,17.42142769,18.10000000,17.67599657,20.30000000,17.97643635,17.42504467,18.10000000,20.82176368,24.30000000,21.07916246,19.79463919,20.10000000,20.82765116,24.30000000,21.08496228,19.79825617,20.10000000,20.83353864,24.30000000,21.09076209,19.80187315,20.10000000,3.00000000,0.00000000,0.75000000,0.00000000,0.00000000,0.00000000,37.75000000,2.63577838,2.62989090,2.62400343,3.47823632,3.47234884,3.46646136
00-0036997,4,DAL,Javonte Williams,RB,4,15.27903377,16.70000000,16.29282180,21.48586480,26.30000000,17.02087106,18.57500000,17.95129738,23.48529445,28.80000000,18.76270834,20.45000000,19.60977295,25.48472410,31.30000000,15.28571052,16.70000000,16.30048827,21.49498163,26.30000000,17.02754781,18.57500000,17.95896384,23.49441128,28.80000000,18.76938509,20.45000000,19.61743942,25.49384093,31.30000000,15.50000000,4.25000000,4.75000000,0.75000000,0.00000000,-7.75000000,0.00000000,1.42096623,1.55412894,1.68729166,1.41428948,1.54745219,1.68061491
00-0039851,4,NE,Drake Maye,QB,4,16.09829946,11.94000000,17.86925807,22.91364016,26.16000000,16.10275075,11.94000000,17.87388912,22.91974241,26.16000000,16.10720204,11.94000000,17.87852018,22.92584466,26.16000000,18.54679366,13.94000000,20.66660759,26.51416923,32.16000000,18.55124495,13.94000000,20.67123865,26.52027148,32.16000000,18.55569624,13.94000000,20.67586971,26.52637373,32.16000000,4.75000000,0.00000000,0.75000000,0.00000000,0.00000000,0.00000000,29.50000000,-4.15829946,-4.16275075,-4.16720204,-4.60679366,-4.61124495,-4.61569624
00-0036223,4,IND,Jonathan Taylor,RB,4,16.72194926,19.05000000,16.10817085,16.02859302,21.70000000,18.25068524,20.30000000,17.60502436,17.70052546,22.20000000,19.77942123,21.55000000,19.10187787,19.37245790,22.70000000,16.73071559,19.05000000,16.11676993,16.03720011,21.70000000,18.25945157,20.30000000,17.61362344,17.70913255,22.20000000,19.78818756,21.55000000,19.11047695,19.38106500,22.70000000,21.50000000,3.75000000,4.00000000,0.25000000,0.00000000,-6.50000000,0.00000000,2.32805074,2.04931476,1.77057877,2.31928441,2.04054843,1.76181244
00-0039150,4,CAR,Bryce Young,QB,4,19.70811270,22.65500000,17.52900381,15.12804426,21.46000000,19.71348532,22.65500000,17.53407756,15.13210773,21.46000000,19.71885794,22.65500000,17.53915130,15.13617120,21.46000000,24.05947611,27.15500000,21.22186054,18.01688063,25.46000000,24.06484873,27.15500000,21.22693428,18.02094410,25.46000000,24.07022135,27.15500000,21.23200803,18.02500757,25.46000000,1.00000000,0.00000000,0.75000000,0.00000000,0.00000000,0.00000000,40.25000000,2.94688730,2.94151468,2.93614206,3.09552389,3.09015127,3.08477865
00-0036442,4,CIN,Joe Burrow,QB,4,16.18430743,19.16000000,17.37816821,24.75396870,23.72000000,16.18634902,19.16000000,17.38105162,24.75484561,23.72000000,16.18839060,19.16000000,17.38393503,24.75572251,23.72000000,18.94811827,22.66000000,20.37732452,28.69510853,25.72000000,18.95015985,22.66000000,20.38020793,28.69598543,25.72000000,18.95220143,22.66000000,20.38309135,28.69686234,25.72000000,2.25000000,0.00000000,1.25000000,0.00000000,0.00000000,0.00000000,39.25000000,2.97569257,2.97365098,2.97160940,3.71188173,3.70984015,3.70779857
00-0038559,4,ARI,Michael Wilson,WR,4,12.68637446,7.95000000,13.74898442,16.93393070,9.50000000,16.18931897,11.07500000,17.35919385,20.98114042,13.00000000,19.69226349,14.20000000,20.96940329,25.02835014,16.50000000,12.68824912,7.95000000,13.75076835,16.93547190,9.50000000,16.19119364,11.07500000,17.36097778,20.98268162,13.00000000,19.69413815,14.20000000,20.97118722,25.02989134,16.50000000,0.00000000,11.00000000,0.00000000,2.25000000,1.50000000,104.50000000,0.00000000,-4.73637446,-5.11431897,-5.49226349,-4.73824912,-5.11619364,-5.49413815
00-0033280,4,SF,Christian McCaffrey,RB,4,13.30363191,14.50000000,14.99450002,15.68201460,13.00000000,15.35809131,16.50000000,17.05613858,17.53941029,14.50000000,17.41255070,18.50000000,19.11777713,19.39680599,16.00000000,13.30485292,14.50000000,14.99709646,15.68551553,13.00000000,15.35931232,16.50000000,17.05873501,17.54291123,14.50000000,17.41377171,18.50000000,19.12037357,19.40030692,16.00000000,12.50000000,5.50000000,3.00000000,0.75000000,0.00000000,13.75000000,0.00000000,1.19636809,1.14190869,1.08744930,1.19514708,1.14068768,1.08622829
00-0039918,2,CHI,Caleb Williams,QB,2,18.46720620,22.49000000,16.98615016,11.99179385,7.72000000,18.47368220,22.49000000,16.99153502,11.99593212,7.72000000,18.48015821,22.49000000,16.99691989,12.00007039,7.72000000,20.71202535,24.49000000,19.44241628,13.70468261,7.72000000,20.71850135,24.49000000,19.44780114,13.70882088,7.72000000,20.72497736,24.49000000,19.45318600,13.71295915,7.72000000,7.50000000,0.00000000,2.00000000,0.00000000,0.00000000,0.00000000,27.50000000,4.02279380,4.01631780,4.00984179,3.77797465,3.77149865,3.76502264
00-0036389,4,PHI,Jalen Hurts,QB,4,16.29792918,16.75500000,16.88583475,17.51850268,13.52000000,16.30281501,16.75500000,16.88927003,17.51758311,13.52000000,16.30770084,16.75500000,16.89270531,17.51666354,13.52000000,18.64978108,20.25500000,19.21207192,19.88236392,17.52000000,18.65466691,20.25500000,19.21550720,19.88144435,17.52000000,18.65955275,20.25500000,19.21894249,19.88052478,17.52000000,4.75000000,0.00000000,1.50000000,0.00000000,0.00000000,0.00000000,28.50000000,0.45707082,0.45218499,0.44729916,1.60521892,1.60033309,1.59544725
00-0037834,4,SF,Brock Purdy,QB,4,16.21274846,25.12000000,16.75596897,19.59660276,19.62000000,16.21928499,25.12000000,16.76211074,19.60360246,19.62000000,16.22582151,25.12000000,16.76825250,19.61060215,19.62000000,19.08591219,30.62000000,19.68863496,22.50300863,23.62000000,19.09244871,30.62000000,19.69477673,22.51000832,23.62000000,19.09898523,30.62000000,19.70091850,22.51700802,23.62000000,4.25000000,0.00000000,0.75000000,0.00000000,0.00000000,0.00000000,28.00000000,8.90725154,8.90071501,8.89417849,11.53408781,11.52755129,11.52101477
00-0023459,4,PIT,Aaron Rodgers,QB,4,16.19392835,15.29000000,16.68219633,22.46546610,21.96000000,16.19756490,15.29000000,16.68598619,22.46866268,21.96000000,16.20120146,15.29000000,16.68977604,22.47185926,21.96000000,19.36182068,18.79000000,19.93407219,26.74456521,27.96000000,19.36545723,18.79000000,19.93786204,26.74776179,27.96000000,19.36909379,18.79000000,19.94165190,26.75095837,27.96000000,0.75000000,0.00000000,0.25000000,0.00000000,0.00000000,0.00000000,38.25000000,-0.90392835,-0.90756490,-0.91120146,-0.57182068,-0.57545723,-0.57909379
00-0036355,4,LAC,Justin Herbert,QB,4,16.50183904,10.86000000,16.51696203,16.30733486,9.56000000,16.50670193,10.86000000,16.52218580,16.31227982,9.56000000,16.51156482,10.86000000,16.52740958,16.31722478,9.56000000,18.89216894,12.86000000,18.92709537,18.08910956,11.56000000,18.89703183,12.86000000,18.93231914,18.09405452,11.56000000,18.90189472,12.86000000,18.93754291,18.09899949,11.56000000,4.50000000,0.25000000,1.25000000,0.25000000,0.25000000,2.25000000,29.75000000,-5.64183904,-5.64670193,-5.65156482,-6.03216894,-6.03703183,-6.04189472
00-0037239,4,NO,Chris Olave,WR,4,13.47624418,13.77500000,12.92179332,13.03976818,11.60000000,17.07486781,18.15000000,16.44732136,16.59031875,15.60000000,20.67349143,22.52500000,19.97284940,20.14086932,19.60000000,13.47850908,13.77500000,12.92434012,13.04294245,11.60000000,17.07713270,18.15000000,16.44986816,16.59349302,15.60000000,20.67575632,22.52500000,19.97539620,20.14404359,19.60000000,0.00000000,12.00000000,0.00000000,1.25000000,0.50000000,162.00000000,0.00000000,0.29875582,1.07513219,1.85150857,0.29649092,1.07286730,1.84924368
00-0039732,4,DEN,Bo Nix,QB,4,15.71668079,14.31500000,16.37952366,11.23979480,13.56000000,15.72243387,14.31500000,16.38559856,11.24458150,13.56000000,15.72818695,14.31500000,16.39167346,11.24936820,13.56000000,18.47549427,16.81500000,19.18725203,12.70780413,15.56000000,18.48124735,16.81500000,19.19332692,12.71259083,15.56000000,18.48700043,16.81500000,19.19940182,12.71737753,15.56000000,2.50000000,0.00000000,0.75000000,0.00000000,0.00000000,0.00000000,34.25000000,-1.40168079,-1.40743387,-1.41318695,-1.66049427,-1.66624735,-1.67200043
00-0036264,4,GB,Jordan Love,QB,4,17.02392294,16.21000000,16.26025159,14.97596847,13.08000000,17.02911399,16.21000000,16.26606296,14.98318970,13.08000000,17.03430505,16.21000000,16.27187434,14.99041093,13.08000000,20.77056864,20.21000000,19.79807050,18.50128896,17.08000000,20.77575969,20.21000000,19.80388187,18.50851019,17.08000000,20.78095074,20.21000000,19.80969325,18.51573143,17.08000000,0.75000000,0.00000000,0.25000000,0.00000000,0.00000000,0.00000000,38.50000000,-0.81392294,-0.81911399,-0.82430505,-0.56056864,-0.56575969,-0.57095074
00-0033873,4,KC,Patrick Mahomes,QB,4,15.26188430,20.89500000,16.15570268,16.80999881,17.00000000,15.26800041,20.89500000,16.16191214,16.81652274,17.00000000,15.27411652,20.89500000,16.16812161,16.82304667,17.00000000,18.34917249,25.39500000,19.57861048,20.84147976,21.00000000,18.35528860,25.39500000,19.58481994,20.84800369,21.00000000,18.36140471,25.39500000,19.59102941,20.85452762,21.00000000,2.00000000,0.00000000,0.50000000,0.00000000,0.00000000,0.00000000,32.25000000,5.63311570,5.62699959,5.62088348,7.04582751,7.03971140,7.03359529
00-0029604,4,LV,Kirk Cousins,QB,4,15.93627938,19.71000000,15.87232453,18.07385964,22.60000000,15.94167935,19.71000000,15.87744564,18.07705843,22.60000000,15.94707933,19.71000000,15.88256676,18.08025723,22.60000000,19.36909601,25.21000000,19.26690209,21.66655165,26.60000000,19.37449599,25.21000000,19.27202321,21.66975045,26.60000000,19.37989596,25.21000000,19.27714433,21.67294924,26.60000000,1.00000000,0.00000000,0.00000000,0.00000000,0.00000000,0.00000000,36.00000000,3.77372062,3.76832065,3.76292067,5.84090399,5.83550401,5.83010404
00-0034855,3,TB,Baker Mayfield,QB,3,16.25445748,11.70000000,15.58951338,13.45101820,11.28000000,16.25627277,11.70000000,15.59260480,13.45550995,11.28000000,16.25808805,11.70000000,15.59569623,13.46000171,11.28000000,19.10895468,13.03333333,18.42587041,15.91547407,13.28000000,19.11076997,13.03333333,18.42896184,15.91996582,13.28000000,19.11258526,13.03333333,18.43205326,15.92445757,13.28000000,3.33333333,0.00000000,1.66666667,0.00000000,0.00000000,0.00000000,32.00000000,-4.55445748,-4.55627277,-4.55808805,-6.07562135,-6.07743664,-6.07925193
00-0036945,0,NYJ,Justin Fields,QB,,,,15.51246960,,,,,15.51789204,,,,,15.52331448,,,,,17.32083582,,,,,17.32625826,,,,,17.33168070,,,,,,,,,,,,,,,
00-0040784,4,CLE,Quinshon Judkins,RB,4,12.23143023,8.32500000,13.67720417,18.91773944,15.60000000,13.84830616,10.20000000,15.41566151,21.75899359,18.60000000,15.46518209,12.07500000,17.15411885,24.60024773,21.60000000,12.23719164,8.32500000,13.68395955,18.92665517,15.60000000,13.85406757,10.20000000,15.42241690,21.76790932,18.60000000,15.47094350,12.07500000,17.16087424,24.60916347,21.60000000,14.75000000,4.00000000,2.25000000,0.75000000,0.00000000,-7.00000000,0.00000000,-3.90643023,-3.64830616,-3.39018209,-3.91219164,-3.65406757,-3.39594350
00-0037744,4,ARI,Trey McBride,TE,4,12.21221299,9.05000000,11.32587667,10.42735630,3.10000000,16.33588090,13.17500000,15.35568948,14.76488221,6.60000000,20.45954882,17.30000000,19.38550230,19.10240811,10.10000000,12.20938224,9.05000000,11.32269259,10.42344540,3.10000000,16.33305016,13.17500000,15.35250541,14.76097130,6.60000000,20.45671807,17.30000000,19.38231822,19.09849721,10.10000000,0.00000000,11.50000000,0.00000000,2.25000000,0.75000000,63.00000000,0.00000000,-3.16221299,-3.16088090,-3.15954882,-3.15938224,-3.15805016,-3.15671807
00-0039075,2,LA,Puka Nacua,WR,4,12.11238419,13.05000000,11.87637748,14.10097684,18.70000000,15.40364925,16.55000000,15.28668266,17.94376310,23.20000000,18.69491430,20.05000000,18.69698784,21.78654935,27.70000000,12.11970249,13.05000000,11.88314996,14.11487721,18.70000000,15.41096754,16.55000000,15.29345514,17.95766346,23.20000000,18.70223260,20.05000000,18.70376032,21.80044972,27.70000000,0.50000000,10.50000000,0.50000000,0.50000000,0.00000000,125.50000000,0.00000000,0.93761581,1.14635075,1.35508570,0.93029751,1.13903246,1.34776740
00-0040676,4,TEN,Cam Ward,QB,4,15.58228968,14.18500000,15.23367480,14.77316942,15.58000000,15.58607312,14.18500000,15.23724853,14.77365500,15.58000000,15.58985656,14.18500000,15.24082226,14.77414057,15.58000000,17.86437818,15.68500000,17.70916231,17.20168969,17.58000000,17.86816163,15.68500000,17.71273604,17.20217527,17.58000000,17.87194507,15.68500000,17.71630978,17.20266085,17.58000000,3.25000000,0.00000000,1.50000000,0.00000000,0.00000000,0.00000000,30.00000000,-1.39728968,-1.40107312,-1.40485656,-2.17937818,-2.18316163,-2.18694507
00-0036275,4,CHI,D'Andre Swift,RB,4,15.11971193,13.37500000,14.05796375,12.89792422,5.40000000,16.26542348,14.62500000,15.20938528,13.80089615,6.40000000,17.41113503,15.87500000,16.36080681,14.70386809,7.40000000,15.12901973,13.37500000,14.06655510,12.90661068,5.40000000,16.27473128,14.62500000,15.21797663,13.80958262,6.40000000,17.42044283,15.87500000,16.36939816,14.71255455,7.40000000,17.25000000,2.75000000,4.75000000,0.25000000,0.00000000,-6.00000000,0.00000000,-1.74471193,-1.64042348,-1.53613503,-1.75401973,-1.64973128,-1.54544283
00-0039163,4,HOU,C.J. Stroud,QB,4,15.77931825,17.06000000,15.13382863,14.39280046,23.08000000,15.78327948,17.06000000,15.13783043,14.39613995,23.08000000,15.78724071,17.06000000,15.14183224,14.39947945,23.08000000,18.74359587,19.56000000,18.02701904,17.28193280,27.08000000,18.74755709,19.56000000,18.03102085,17.28527230,27.08000000,18.75151832,19.56000000,18.03502266,17.28861179,27.08000000,2.25000000,0.00000000,0.00000000,0.00000000,0.00000000,0.00000000,36.75000000,1.28068175,1.27672052,1.27275929,0.81640413,0.81244291,0.80848168
00-0039338,2,LV,Brock Bowers,TE,4,14.67361934,16.10000000,11.88059902,12.80339782,14.60000000,18.52379756,20.10000000,15.10439654,16.16506227,17.60000000,22.37397578,24.10000000,18.32819405,19.52672673,20.60000000,14.67080937,16.10000000,11.88164612,12.80018373,14.60000000,18.52098759,20.10000000,15.10544363,16.16184819,17.60000000,22.37116581,24.10000000,18.32924114,19.52351264,20.60000000,0.00000000,12.00000000,0.00000000,2.00000000,1.50000000,127.00000000,0.00000000,1.42638066,1.57620244,1.72602422,1.42919063,1.57901241,1.72883419
00-0035261,4,TEN,Tony Pollard,RB,4,12.58128473,7.62500000,13.82819279,19.38882881,11.00000000,13.65376783,8.62500000,15.06210123,21.05987104,12.00000000,14.72625093,9.62500000,16.29600967,22.73091328,13.00000000,12.58682130,7.62500000,13.83533558,19.40002773,11.00000000,13.65930439,8.62500000,15.06924402,21.07106997,12.00000000,14.73178749,9.62500000,16.30315247,22.74211221,13.00000000,13.50000000,2.75000000,4.25000000,0.00000000,0.00000000,4.00000000,0.00000000,-4.95628473,-5.02876783,-5.10125093,-4.96182130,-5.03430439,-5.10678749
00-0033537,4,CLE,Deshaun Watson,QB,4,15.60607890,16.72500000,14.71355911,16.30719664,12.92000000,15.61123783,16.72500000,14.93286517,16.31509267,12.92000000,15.61639675,16.72500000,15.15217123,16.32298869,12.92000000,17.73474407,19.72500000,16.63262876,19.23156350,14.92000000,17.73990299,19.72500000,16.85193482,19.23945952,14.92000000,17.74506192,19.72500000,17.07124089,19.24735554,14.92000000,6.25000000,0.00000000,1.25000000,0.00000000,0.00000000,0.00000000,29.00000000,1.11892110,1.11376217,1.10860325,1.99025593,1.98509701,1.97993808
00-0031381,4,LA,Davante Adams,WR,4,11.59664217,12.75000000,12.18438176,11.10151622,3.20000000,14.22920561,15.50000000,14.85431720,13.64101321,5.20000000,16.86176905,18.25000000,17.52425264,16.18051020,7.20000000,11.59730517,12.75000000,12.18520090,11.10456367,3.20000000,14.22986860,15.50000000,14.85513634,13.64406066,5.20000000,16.86243204,18.25000000,17.52507177,16.18355765,7.20000000,0.00000000,9.50000000,0.00000000,1.00000000,0.75000000,159.00000000,0.00000000,1.15335783,1.27079439,1.38823095,1.15269483,1.27013140,1.38756796
00-0040124,4,CAR,Tetairoa McMillan,WR,4,11.63481935,12.12500000,11.60927825,16.19860722,31.20000000,14.61346797,15.37500000,14.82837876,21.43619772,38.20000000,17.59211659,18.62500000,18.04747927,26.67378823,45.20000000,11.63619068,12.12500000,11.61075372,16.20090173,31.20000000,14.61483930,15.37500000,14.82985423,21.43849224,38.20000000,17.59348792,18.62500000,18.04895474,26.67608274,45.20000000,0.00000000,9.75000000,0.00000000,1.50000000,1.00000000,111.75000000,0.00000000,0.49018065,0.76153203,1.03288341,0.48880932,0.76016070,1.03151208
00-0036963,4,DET,Amon-Ra St. Brown,WR,4,11.89819957,15.07500000,11.23069632,11.04921767,7.50000000,15.75257935,18.95000000,14.80522204,14.70438888,11.50000000,19.60695914,22.82500000,18.37974776,18.35956009,15.50000000,11.90039979,15.07500000,11.23291382,11.05188087,7.50000000,15.75477958,18.95000000,14.80743954,14.70705207,11.50000000,19.60915936,22.82500000,18.38196526,18.36222328,15.50000000,0.00000000,11.50000000,0.00000000,3.00000000,0.75000000,93.25000000,0.00000000,3.17680043,3.19742065,3.21804086,3.17460021,3.19522042,3.21584064
00-0036971,4,JAX,Trevor Lawrence,QB,4,13.50785314,16.28000000,14.57957609,11.90749421,13.08000000,13.51349354,16.28000000,14.58536037,11.91430395,13.08000000,13.51913393,16.28000000,14.59114464,11.92111369,13.08000000,16.38055325,20.28000000,17.57090854,14.73155052,15.08000000,16.38619365,20.28000000,17.57669281,14.73836027,15.08000000,16.39183405,20.28000000,17.58247708,14.74517001,15.08000000,2.25000000,0.00000000,0.25000000,0.00000000,0.00000000,0.00000000,26.00000000,2.77214686,2.76650646,2.76086607,3.89944675,3.89380635,3.88816595
00-0040236,4,CHI,Kyle Monangai,RB,4,11.95899194,13.57500000,14.00100956,26.54575843,27.00000000,12.45266766,14.20000000,14.47506893,27.01157465,27.50000000,12.94634338,14.82500000,14.94912831,27.47739087,28.00000000,11.96698260,13.57500000,14.01065943,26.56536584,27.00000000,12.46065832,14.20000000,14.48471880,27.03118206,27.50000000,12.95433404,14.82500000,14.95877818,27.49699828,28.00000000,15.00000000,1.25000000,3.50000000,0.25000000,0.00000000,1.00000000,0.00000000,1.61600806,1.74733234,1.87865662,1.60801740,1.73934168,1.87066596
00-0033293,4,MIN,Aaron Jones,RB,4,12.37540622,10.62500000,12.51576358,16.04068194,12.80000000,13.83647815,11.75000000,14.41641206,19.11606277,14.80000000,15.29755007,12.87500000,16.31706055,22.19144359,16.80000000,12.38054215,10.62500000,12.51957896,16.04141515,12.80000000,13.84161407,11.75000000,14.42022745,19.11679597,14.80000000,15.30268600,12.87500000,16.32087593,22.19217679,16.80000000,18.00000000,3.75000000,1.50000000,0.50000000,0.00000000,-0.25000000,0.00000000,-1.75040622,-2.08647815,-2.42255007,-1.75554215,-2.09161407,-2.42768600
00-0036410,4,CIN,Tee Higgins,WR,4,10.18324703,11.52500000,11.07543786,16.58451835,15.70000000,13.17025985,14.65000000,14.26930508,21.52149876,21.20000000,16.15727267,17.77500000,17.46317230,26.45847917,26.70000000,10.18320726,11.52500000,11.07520282,16.58170244,15.70000000,13.17022007,14.65000000,14.26907004,21.51868284,21.20000000,16.15723289,17.77500000,17.46293726,26.45566325,26.70000000,0.00000000,9.75000000,0.00000000,0.50000000,0.25000000,130.25000000,0.00000000,1.34175297,1.47974015,1.61772733,1.34179274,1.47977993,1.61776711
00-0038543,4,SEA,Jaxon Smith-Njigba,WR,4,12.42886114,21.16500000,11.21633989,5.83605690,7.60000000,15.73627664,25.16500000,14.24806117,7.75487605,10.10000000,19.04369214,29.16500000,17.27978245,9.67369520,12.60000000,12.43067824,21.16500000,11.21820301,5.83837020,7.60000000,15.73809374,25.16500000,14.24992429,7.75718936,10.10000000,19.04550924,29.16500000,17.28164557,9.67600851,12.60000000,0.00000000,10.50000000,0.00000000,2.50000000,1.50000000,103.50000000,0.25000000,8.73613886,9.42872336,10.12130786,8.73432176,9.42690626,10.11949076
00-0034796,4,BAL,Lamar Jackson,QB,4,14.96524177,19.77000000,14.16290830,10.64392774,18.88000000,14.96799124,19.77000000,14.16599140,10.64860125,18.88000000,14.97074072,19.77000000,14.16907451,10.65327476,18.88000000,17.43410939,22.77000000,16.59009511,12.83228106,22.88000000,17.43685887,22.77000000,16.59317821,12.83695456,22.88000000,17.43960834,22.77000000,16.59626132,12.84162807,22.88000000,4.00000000,0.00000000,1.25000000,0.00000000,0.00000000,0.00000000,23.50000000,4.80475823,4.80200876,4.79925928,5.33589061,5.33314113,5.33039166
00-0035710,4,IND,Daniel Jones,QB,4,13.46013176,9.06500000,14.12526883,12.66527118,7.92000000,13.46393174,9.06500000,14.12896053,12.66858123,7.92000000,13.46773171,9.06500000,14.13265223,12.67189129,7.92000000,15.71030637,10.56500000,16.35120747,14.00962609,7.92000000,15.71410635,10.56500000,16.35489917,14.01293615,7.92000000,15.71790632,10.56500000,16.35859087,14.01624620,7.92000000,2.25000000,0.00000000,0.75000000,0.00000000,0.00000000,0.00000000,33.00000000,-4.39513176,-4.39893174,-4.40273171,-5.14530637,-5.14910635,-5.15290632
00-0035700,0,GB,Josh Jacobs,RB,,,,12.92320265,,,,,14.09521484,,,,,15.26722703,,,,,12.93091275,,,,,14.10292494,,,,,15.27493713,,,,,,,,,,,,,,,
00-0036972,0,SF,Mac Jones,QB,,,,14.08180741,,,,,14.08712353,,,,,14.09243964,,,,,16.69718876,,,,,16.70250488,,,,,16.70782099,,,,,,,,,,,,,,,
00-0037248,4,BUF,James Cook,RB,4,13.55609388,15.12500000,13.17325214,9.48743731,14.30000000,14.55705837,15.87500000,14.04660143,10.33289925,15.30000000,15.55802285,16.62500000,14.91995072,11.17836119,16.30000000,13.56420666,15.12500000,13.18149759,9.49419148,14.30000000,14.56517115,15.87500000,14.05484688,10.33965341,15.30000000,15.56613564,16.62500000,14.92819617,11.18511535,16.30000000,17.50000000,2.50000000,3.25000000,0.50000000,0.00000000,-2.00000000,0.00000000,1.56890612,1.31794163,1.06697715,1.56079334,1.30982885,1.05886436
00-0038597,4,CIN,Chase Brown,RB,4,12.08793409,9.25000000,11.34588328,10.75387630,8.10000000,14.48011853,11.87500000,13.91639003,15.01847133,13.60000000,16.87230298,14.50000000,16.48689678,19.28306635,19.10000000,12.09081522,9.25000000,11.34758276,10.74814578,8.10000000,14.48299966,11.87500000,13.91808951,15.01274080,13.60000000,16.87518411,14.50000000,16.48859627,19.27733583,19.10000000,14.50000000,6.00000000,1.75000000,0.25000000,0.00000000,-5.00000000,0.00000000,-2.83793409,-2.60511853,-2.37230298,-2.84081522,-2.60799966,-2.37518411
00-0037228,4,PIT,Jaylen Warren,RB,4,11.09268790,10.80000000,11.90492263,14.96397565,12.60000000,13.16026928,12.42500000,13.88054594,17.64964287,14.10000000,15.22785067,14.05000000,15.85616925,20.33531008,15.60000000,11.09575295,10.80000000,11.90860487,14.96688601,12.60000000,13.16333434,12.42500000,13.88422818,17.65255323,14.10000000,15.23091572,14.05000000,15.85985149,20.33822044,15.60000000,13.75000000,5.25000000,0.75000000,1.25000000,0.00000000,-3.75000000,0.00000000,-0.29268790,-0.73526928,-1.17785067,-0.29575295,-0.73833434,-1.18091572
00-0036898,0,HOU,Davis Mills,QB,,,,13.80665672,,,,,13.81115618,,,,,13.81565564,,,,,16.47736138,,,,,16.48186084,,,,,16.48636030,,,,,,,,,,,,,,,
00-0039065,4,DET,Sam LaPorta,TE,4,10.32790329,8.70000000,10.78142359,18.57271598,14.40000000,13.10618470,11.45000000,13.57446330,22.79415017,18.40000000,15.88446610,14.20000000,16.36750302,27.01558435,22.40000000,10.32618217,8.70000000,10.77986992,18.57242001,14.40000000,13.10446357,11.45000000,13.57290963,22.79385419,18.40000000,15.88274497,14.20000000,16.36594935,27.01528838,22.40000000,0.00000000,8.00000000,0.00000000,2.25000000,1.25000000,47.00000000,0.00000000,-1.62790329,-1.65618470,-1.68446610,-1.62618217,-1.65446357,-1.68274497
00-0039376,0,NO,Spencer Rattler,QB,,,,13.42771311,,,,,13.43188480,,,,,13.43605649,,,,,15.71953698,,,,,15.72370867,,,,,15.72788036,,,,,,,,,,,,,,,
00-0038120,3,NYJ,Breece Hall,RB,3,13.14131142,10.83333333,12.09829042,11.61407537,5.50000000,14.44950367,12.50000000,13.39218962,12.81142330,7.00000000,15.75769593,14.16666667,14.68608882,14.00877124,8.50000000,13.14735422,10.83333333,12.10428973,11.61940433,5.50000000,14.45554648,12.50000000,13.39818893,12.81675226,7.00000000,15.76373873,14.16666667,14.69208813,14.01410019,8.50000000,17.00000000,3.33333333,2.66666667,0.00000000,0.00000000,0.00000000,0.00000000,-2.30797808,-1.94950367,-1.59102926,-2.31402089,-1.95554648,-1.59707206
00-0039923,0,MIN,J.J. McCarthy,QB,,,,13.35698771,,,,,13.36238990,,,,,13.36779208,,,,,15.84648683,,,,,15.85188901,,,,,15.85729119,,,,,,,,,,,,,,,
00-0040715,4,NYG,Cam Skattebo,RB,4,12.55948259,9.05000000,12.36885227,10.74023447,6.60000000,13.38051527,10.05000000,13.31510583,11.10879573,7.10000000,14.20154795,11.05000000,14.26135938,11.47735698,7.60000000,12.56468823,9.05000000,12.37354798,10.74698946,6.60000000,13.38572091,10.05000000,13.31980153,11.11555072,7.10000000,14.20675359,11.05000000,14.26605509,11.48411197,7.60000000,17.00000000,2.25000000,2.75000000,0.00000000,0.00000000,8.00000000,0.00000000,-3.50948259,-3.33051527,-3.15154795,-3.51468823,-3.33572091,-3.15675359
00-0036554,2,HOU,Nico Collins,WR,4,11.51121503,19.00000000,10.78351417,11.10600667,23.80000000,14.16845743,22.50000000,13.28352430,13.32708213,27.30000000,16.82569983,26.00000000,15.78353442,15.54815759,30.80000000,11.51385773,19.00000000,10.78545718,11.10628726,23.80000000,14.17110013,22.50000000,13.28546730,13.32736272,27.30000000,16.82834253,26.00000000,15.78547743,15.54843817,30.80000000,0.50000000,9.00000000,0.00000000,1.50000000,1.50000000,116.00000000,0.00000000,7.48878497,8.33154257,9.17430017,7.48614227,8.32889987,9.17165747
00-0036555,4,CAR,Chuba Hubbard,RB,4,12.60155647,17.25000000,12.00947567,13.93702213,24.90000000,13.68128005,18.50000000,13.05959053,14.68093968,25.40000000,14.76100363,19.75000000,14.10970540,15.42485722,25.90000000,12.61330994,17.25000000,12.01799573,13.94439531,24.90000000,13.69303353,18.50000000,13.06811059,14.68831285,25.40000000,14.77275711,19.75000000,14.11822546,15.43223040,25.90000000,15.50000000,2.75000000,2.50000000,0.50000000,0.25000000,-3.25000000,0.00000000,4.64844353,4.81871995,4.98899637,4.63669006,4.80696647,4.97724289
00-0026158,0,CIN,Joe Flacco,QB,,,,12.94982236,,,,,12.95418007,,,,,12.95853778,,,,,15.37229986,,,,,15.37665757,,,,,15.38101528,,,,,,,,,,,,,,,
00-0029263,0,NYG,Russell Wilson,QB,,,,12.75935799,,,,,12.76363146,,,,,12.76790494,,,,,15.12433229,,,,,15.12860577,,,,,15.13287925,,,,,,,,,,,,,,,
00-0032950,2,MIN,Carson Wentz,QB,2,9.85350225,12.77000000,12.26525393,8.45433536,6.32000000,9.85881077,12.77000000,12.27067220,8.45867808,6.32000000,9.86411930,12.77000000,12.27609046,8.46302081,6.32000000,11.72554741,15.77000000,14.61874166,9.71922247,6.32000000,11.73085593,15.77000000,14.62415992,9.72356520,6.32000000,11.73616446,15.77000000,14.62957819,9.72790792,6.32000000,2.50000000,0.00000000,0.00000000,0.00000000,0.00000000,0.00000000,20.00000000,2.91649775,2.91118923,2.90588070,4.04445259,4.03914407,4.03383554
00-0040398,0,NYJ,Brady Cook,QB,,,,12.23502064,,,,,12.24113614,,,,,12.24725164,,,,,14.42106635,,,,,14.42718185,,,,,14.43329735,,,,,,,,,,,,,,,
00-0036912,3,PHI,DeVonta Smith,WR,3,10.32641396,9.83333333,9.47901300,7.57455763,6.50000000,13.06177787,13.00000000,12.10451686,10.31580457,9.50000000,15.79714179,16.16666667,14.73002072,13.05705151,12.50000000,10.32794910,9.83333333,9.48063011,7.57727414,6.50000000,13.06331302,13.00000000,12.10613397,10.31852108,9.50000000,15.79867693,16.16666667,14.73163783,13.05976802,12.50000000,0.00000000,9.00000000,0.00000000,0.66666667,1.00000000,107.66666667,0.00000000,-0.49308063,-0.06177787,0.36952488,-0.49461577,-0.06331302,0.36798974
00-0035228,3,MIN,Kyler Murray,QB,4,9.19080007,7.17333333,12.08183843,14.03983282,11.48000000,9.19543537,7.17333333,12.08733065,14.04655240,11.48000000,9.20007066,7.17333333,12.09282288,14.05327199,11.48000000,10.70230526,7.84000000,14.01342348,16.44944015,11.48000000,10.70694056,7.84000000,14.01891570,16.45615974,11.48000000,10.71157586,7.84000000,14.02440793,16.46287932,11.48000000,2.33333333,0.00000000,0.00000000,0.00000000,0.00000000,0.00000000,23.66666667,-2.01746674,-2.02210203,-2.02673733,-2.86230526,-2.86694056,-2.87157586
00-0040667,4,GB,Matthew Golden,WR,4,11.30499876,10.00000000,9.76746716,9.77436312,8.70000000,14.02285458,12.25000000,12.03939429,11.84862970,10.20000000,16.74071040,14.50000000,14.31132141,13.92289628,11.70000000,11.30687375,10.00000000,9.76971177,9.77576564,8.70000000,14.02472957,12.25000000,12.04163889,11.85003222,10.20000000,16.74258538,14.50000000,14.31356602,13.92429880,11.70000000,0.25000000,9.25000000,0.00000000,1.25000000,1.00000000,126.25000000,0.00000000,-1.30499876,-1.77285458,-2.24071040,-1.30687375,-1.77472957,-2.24258538
00-0028118,0,NYJ,Tyrod Taylor,QB,,,,11.89567025,,,,,11.90065664,,,,,11.90564302,,,,,13.84676909,,,,,13.85175547,,,,,13.85674186,,,,,,,,,,,,,,,
00-0028986,1,CHI,Case Keenum,QB,3,18.98733813,24.48000000,11.06556835,18.98733813,24.48000000,18.99361352,24.48000000,11.84776473,18.99361352,24.48000000,18.99988890,24.48000000,12.62996111,18.99988890,24.48000000,22.49222416,28.48000000,12.29227846,22.49222416,28.48000000,22.49849954,28.48000000,13.07447484,22.49849954,28.48000000,22.50477492,28.48000000,13.85667122,22.50477492,28.48000000,2.00000000,0.00000000,1.00000000,0.00000000,0.00000000,0.00000000,34.00000000,5.49266187,5.48638648,5.48011110,5.98777584,5.98150046,5.97522508
00-0036212,0,MIA,Tua Tagovailoa,QB,,,,11.83082477,,,,,11.83604392,,,,,11.84126307,,,,,14.33637430,,,,,14.34159345,,,,,14.34681259,,,,,,,,,,,,,,,
00-0038128,4,MIA,Malik Willis,QB,4,12.45195454,10.42000000,11.51927254,8.08540161,2.50000000,12.45615067,10.42000000,11.52388950,8.08976878,2.50000000,12.46034680,10.42000000,11.52850647,8.09413595,2.50000000,14.31227165,10.92000000,13.27993450,9.61124540,2.50000000,14.31646778,10.92000000,13.28455147,9.61561256,2.50000000,14.32066390,10.92000000,13.28916843,9.61997973,2.50000000,4.75000000,0.00000000,0.25000000,0.00000000,0.00000000,0.00000000,25.75000000,-2.03195454,-2.03615067,-2.04034680,-3.39227165,-3.39646778,-3.40066390
00-0040666,4,LAC,Omarion Hampton,RB,4,10.77470181,10.17500000,10.71768978,8.14810330,11.30000000,11.30347717,10.67500000,11.51059469,8.93239922,12.30000000,11.83225253,11.17500000,12.30349960,9.71669515,13.30000000,10.78207890,10.17500000,10.72413237,8.15190815,11.30000000,11.31085426,10.67500000,11.51703728,8.93620408,12.30000000,11.83962962,11.17500000,12.30994219,9.72050000,13.30000000,14.75000000,1.25000000,3.25000000,0.00000000,0.00000000,-3.75000000,0.00000000,-0.59970181,-0.62847717,-0.65725253,-0.60707890,-0.63585426,-0.66462962
00-0038797,4,SEA,Emanuel Wilson,RB,4,10.55506486,8.72500000,10.74222418,14.54606045,24.00000000,11.07581691,9.10000000,11.47427406,16.24319822,25.50000000,11.59656896,9.47500000,12.20632394,17.94033598,27.00000000,10.56228807,8.72500000,10.74950988,14.55593780,24.00000000,11.08304012,9.10000000,11.48155976,16.25307556,25.50000000,11.60379216,9.47500000,12.21360964,17.95021333,27.00000000,13.25000000,1.25000000,3.00000000,0.25000000,0.00000000,-3.25000000,0.00000000,-1.83006486,-1.97581691,-2.12156896,-1.83728807,-1.98304012,-2.12879216
00-0040691,2,NYG,Jaxson Dart,QB,2,10.31313040,13.70000000,11.46709737,2.39223094,0.80000000,10.31907619,13.70000000,11.47183372,2.39498153,0.80000000,10.32502198,13.70000000,11.47657008,2.39773212,0.80000000,12.14196984,16.70000000,13.24190296,3.02119568,0.80000000,12.14791563,16.70000000,13.24663931,3.02394627,0.80000000,12.15386142,16.70000000,13.25137567,3.02669686,0.80000000,4.00000000,0.00000000,0.00000000,0.00000000,0.00000000,0.00000000,17.00000000,3.38686960,3.38092381,3.37497802,4.55803016,4.55208437,4.54613858
00-0030565,4,NYJ,Geno Smith,QB,4,12.17026700,14.92000000,11.43502048,5.59529192,8.76000000,12.17490211,14.92000000,11.43978709,5.59906663,8.76000000,12.17953723,14.92000000,11.44455371,5.60284133,8.76000000,14.34575978,17.42000000,13.58554689,6.86710600,10.76000000,14.35039490,17.42000000,13.59031351,6.87088070,10.76000000,14.35503001,17.42000000,13.59508012,6.87465541,10.76000000,2.50000000,0.00000000,0.25000000,0.00000000,0.00000000,0.00000000,29.50000000,2.74973300,2.74509789,2.74046277,3.07424022,3.06960510,3.06496999
00-0036973,3,NO,Travis Etienne,RB,3,9.08540612,6.63333333,10.07474993,10.30672904,7.00000000,10.80600150,8.46666667,11.40394538,11.10326122,8.00000000,12.52659689,10.30000000,12.73314084,11.89979340,9.00000000,9.08756278,6.63333333,10.07927532,10.31267394,7.00000000,10.80815817,8.46666667,11.40847078,11.10920612,8.00000000,12.52875355,10.30000000,12.73766623,11.90573830,9.00000000,10.33333333,4.33333333,1.66666667,0.66666667,0.00000000,-3.00000000,0.00000000,-2.45207279,-2.33933484,-2.22659689,-2.45422945,-2.34149150,-2.22875355
00-0039361,4,TB,Bucky Irving,RB,4,9.80278184,8.55000000,10.21750193,9.07170175,6.10000000,11.32512891,10.17500000,11.32833245,9.06331233,6.10000000,12.84747599,11.80000000,12.43916297,9.05492290,6.10000000,9.80684626,8.55000000,10.22238122,9.07853431,6.10000000,11.32919334,10.17500000,11.33321174,9.07014488,6.10000000,12.85154041,11.80000000,12.44404226,9.06175546,6.10000000,14.00000000,3.75000000,1.25000000,1.00000000,0.00000000,-8.25000000,0.00000000,-1.25278184,-1.15012891,-1.04747599,-1.25684626,-1.15419334,-1.05154041
00-0034869,3,SEA,Sam Darnold,QB,4,10.15976495,13.83333333,11.29285870,9.11054570,13.32000000,10.16500971,13.83333333,11.29812803,9.11502400,13.32000000,10.17025447,13.83333333,11.30339735,9.11950230,13.32000000,12.43643603,17.83333333,13.72780130,10.97120329,17.32000000,12.44168079,17.83333333,13.73307062,10.97568158,17.32000000,12.44692555,17.83333333,13.73833994,10.98015988,17.32000000,0.66666667,0.00000000,0.00000000,0.00000000,0.00000000,0.00000000,23.00000000,3.67356838,3.66832362,3.66307886,5.39689730,5.39165254,5.38640779
00-0035640,4,PIT,DK Metcalf,WR,4,9.56296268,6.82500000,8.96013786,10.31459492,11.50000000,11.93001815,8.82500000,11.21599213,12.82527845,14.00000000,14.29707362,10.82500000,13.47184640,15.33596198,16.50000000,9.56499996,6.82500000,8.96187993,10.31499845,11.50000000,11.93205543,8.82500000,11.21773420,12.82568198,14.00000000,14.29911090,10.82500000,13.47358847,15.33636551,16.50000000,0.00000000,8.25000000,0.00000000,0.25000000,0.50000000,123.50000000,0.00000000,-2.73796268,-3.10501815,-3.47207362,-2.73999996,-3.10705543,-3.47411090
00-0031503,3,NYG,Jameis Winston,QB,4,10.90325930,8.88666667,11.05442908,13.38264561,18.00000000,10.90681580,8.88666667,11.14001082,13.38584770,18.00000000,10.91037230,8.88666667,11.22559257,13.38904979,18.00000000,13.07390599,10.88666667,13.18963233,16.36428039,24.00000000,13.07746249,10.88666667,13.27521408,16.36748248,24.00000000,13.08101899,10.88666667,13.36079582,16.37068457,24.00000000,1.00000000,0.00000000,0.00000000,0.00000000,0.00000000,0.00000000,26.33333333,-2.01659263,-2.02014913,-2.02370563,-2.18723932,-2.19079583,-2.19435233
00-0036875,4,NE,Rhamondre Stevenson,RB,4,9.03303175,7.82500000,9.41414037,12.99481543,15.40000000,10.70177125,9.32500000,11.02030101,15.36073485,16.90000000,12.37051076,10.82500000,12.62646164,17.72665427,18.40000000,9.03602285,7.82500000,9.41734656,12.99928821,15.40000000,10.70476235,9.32500000,11.02350720,15.36520763,16.90000000,12.37350185,10.82500000,12.62966783,17.73112705,18.40000000,11.00000000,4.25000000,0.50000000,0.25000000,0.00000000,-1.75000000,0.00000000,-1.20803175,-1.37677125,-1.54551076,-1.21102285,-1.37976235,-1.54850185
00-0035659,3,WAS,Terry McLaurin,WR,3,8.98097525,6.70000000,8.84187983,8.79796546,13.70000000,11.12126796,8.36666667,11.01855527,11.62038299,16.70000000,13.26156068,10.03333333,13.19523070,14.44280053,19.70000000,8.98297957,6.70000000,8.84356139,8.79993238,13.70000000,11.12327229,8.36666667,11.02023683,11.62234992,16.70000000,13.26356500,10.03333333,13.19691227,14.44476745,19.70000000,0.00000000,7.33333333,0.00000000,0.66666667,1.00000000,95.33333333,0.00000000,-2.28097525,-2.75460130,-3.22822735,-2.28297957,-2.75660562,-3.23023167
00-0039040,3,MIA,De'Von Achane,RB,3,9.61178129,5.86666667,9.53926833,2.07582454,1.70000000,11.09255335,7.03333333,10.99523803,2.37869647,1.70000000,12.57332542,8.20000000,12.45120773,2.68156840,1.70000000,9.61287035,5.86666667,9.54130245,2.07537710,1.70000000,11.09364241,7.03333333,10.99727215,2.37824902,1.70000000,12.57441448,8.20000000,12.45324185,2.68112095,1.70000000,11.33333333,4.00000000,2.33333333,0.00000000,0.00000000,12.66666667,0.00000000,-3.74511462,-4.05922002,-4.37332542,-3.74620368,-4.06030908,-4.37441448
00-0039424,4,NO,Devaughn Vele,WR,4,9.14744085,8.65000000,8.76265921,11.55881306,11.40000000,11.56271477,11.27500000,10.97423054,14.33514882,14.40000000,13.97798870,13.90000000,13.18580187,17.11148458,17.40000000,9.14906867,8.65000000,8.76410124,11.56121392,11.40000000,11.56434260,11.27500000,10.97567258,14.33754968,14.40000000,13.97961652,13.90000000,13.18724391,17.11388543,17.40000000,0.00000000,7.75000000,0.00000000,1.50000000,1.00000000,79.00000000,0.00000000,-0.49744085,-0.28771477,-0.07798870,-0.49906867,-0.28934260,-0.07961652
00-0041438,4,TEN,Carnell Tate,WR,4,8.18194456,6.20000000,8.45145437,12.15572771,12.50000000,10.68783019,8.95000000,10.90900672,15.85705466,17.00000000,13.19371582,11.70000000,13.36655908,19.55838162,21.50000000,8.18287714,6.20000000,8.45208481,12.15585297,12.50000000,10.68876277,8.95000000,10.90963716,15.85717993,17.00000000,13.19464840,11.70000000,13.36718952,19.55850688,21.50000000,0.00000000,8.00000000,0.00000000,0.25000000,0.25000000,94.75000000,0.00000000,-1.98194456,-1.73783019,-1.49371582,-1.98287714,-1.73876277,-1.49464840
00-0033906,3,NO,Alvin Kamara,RB,4,8.42198680,8.03333333,9.11378129,11.77930294,17.80000000,10.23648693,9.86666667,10.86103913,14.43859507,20.30000000,12.05098706,11.70000000,12.60829697,17.09788720,22.80000000,8.42124256,8.03333333,9.11344405,11.77438843,17.80000000,10.23574268,9.86666667,10.86070189,14.43368056,20.30000000,12.05024281,11.70000000,12.60795974,17.09297269,22.80000000,8.33333333,4.66666667,1.66666667,0.33333333,0.00000000,1.66666667,0.00000000,-0.38865347,-0.36982026,-0.35098706,-0.38790922,-0.36907602,-0.35024281
00-0039917,2,ATL,Michael Penix Jr.,QB,4,8.68159555,13.38000000,10.70157105,8.26844749,12.72000000,8.68611502,13.38000000,10.70608467,8.27272151,12.72000000,8.69063450,13.38000000,10.71059830,8.27699553,12.72000000,10.61195899,15.38000000,12.87772103,10.16707388,14.72000000,10.61647847,15.38000000,12.88223466,10.17134790,14.72000000,10.62099795,15.38000000,12.88674828,10.17562192,14.72000000,0.00000000,0.00000000,0.00000000,0.00000000,0.00000000,0.00000000,23.00000000,4.69840445,4.69388498,4.68936550,4.76804101,4.76352153,4.75900205
00-0035100,0,CIN,Jake Browning,QB,,,,10.68587675,,,,,10.68939099,,,,,10.69290524,,,,,12.57008228,,,,,12.57359653,,,,,12.57711077,,,,,,,,,,,,,,,
00-0037838,4,NYG,Isaiah Likely,TE,4,8.33326776,7.75000000,7.61007118,11.62480131,6.60000000,11.44756372,10.50000000,10.48228258,15.69071918,10.10000000,14.56185967,13.25000000,13.35449397,19.75663706,13.60000000,8.32944768,7.75000000,7.60637002,11.62042698,6.60000000,11.44374363,10.50000000,10.47858141,15.68634486,10.10000000,14.55803959,13.25000000,13.35079281,19.75226274,13.60000000,0.00000000,8.75000000,0.00000000,1.50000000,0.25000000,61.25000000,0.00000000,-0.58326776,-0.94756372,-1.31185967,-0.57944768,-0.94374363,-1.30803959
00-0041027,4,ARI,Jeremiyah Love,RB,4,10.80976243,9.47500000,9.46530225,8.00848777,5.50000000,12.07122006,10.85000000,10.47696057,8.44300992,6.00000000,13.33267769,12.22500000,11.48861890,8.87753207,6.50000000,10.81399536,9.47500000,9.46943115,8.01484222,5.50000000,12.07545299,10.85000000,10.48108948,8.44936437,6.00000000,13.33691063,12.22500000,11.49274780,8.88388652,6.50000000,13.75000000,3.25000000,2.50000000,0.75000000,0.00000000,1.75000000,0.00000000,-1.33476243,-1.22122006,-1.10767769,-1.33899536,-1.22545299,-1.11191063
00-0040719,4,JAX,Bhayshul Tuten,RB,4,10.46685201,11.27500000,9.73409335,11.25391923,9.10000000,11.19148610,12.15000000,10.43728049,12.06439499,10.10000000,11.91612019,13.02500000,11.14046764,12.87487075,11.10000000,10.47373009,11.27500000,9.74001624,11.26074948,9.10000000,11.19836418,12.15000000,10.44320338,12.07122524,10.10000000,11.92299827,13.02500000,11.14639053,12.88170100,11.10000000,15.00000000,1.75000000,2.25000000,0.25000000,0.00000000,-5.50000000,0.00000000,0.80814799,0.95851390,1.10887981,0.80126991,0.95163582,1.10200173
00-0033040,0,MIA,Tyreek Hill,WR,,,,8.24279440,,,,,10.38775979,,,,,12.53272518,,,,,8.24399999,,,,,10.38896539,,,,,12.53393078,,,,,,,,,,,,,,,
00-0031408,4,SF,Mike Evans,WR,4,7.32589621,8.32500000,8.47048092,11.49685870,7.60000000,9.08871996,10.45000000,10.36240013,13.57855322,10.10000000,10.85154371,12.57500000,12.25431933,15.66024773,12.60000000,7.32645999,8.32500000,8.47113444,11.49757072,7.60000000,9.08928374,10.45000000,10.36305364,13.57926524,10.10000000,10.85210749,12.57500000,12.25497284,15.66095975,12.60000000,0.00000000,6.00000000,0.00000000,1.00000000,0.75000000,78.75000000,0.00000000,0.99910379,1.36128004,1.72345629,0.99854001,1.36071626,1.72289251
00-0039064,3,BAL,Zay Flowers,WR,4,7.58602341,16.40000000,7.83397163,8.79206462,17.80000000,9.96499078,19.40000000,10.36023931,12.23031157,21.80000000,12.34395816,22.40000000,12.88650699,15.66855852,25.80000000,7.58940994,16.40000000,7.83774584,8.79666992,17.80000000,9.96837731,19.40000000,10.36401351,12.23491687,21.80000000,12.34734469,22.40000000,12.89028119,15.67316382,25.80000000,0.33333333,7.33333333,0.00000000,1.33333333,0.00000000,74.66666667,0.00000000,8.81397659,9.43500922,10.05604184,8.81059006,9.43162269,10.05265531
00-0022942,0,IND,Philip Rivers,QB,,,,9.98340386,,,,,10.28626838,,,,,10.58913290,,,,,11.64161996,,,,,11.94448448,,,,,12.24734900,,,,,,,,,,,,,,,
00-0039165,0,SEA,Zach Charbonnet,RB,,,,9.68915527,,,,,10.26817520,,,,,10.84719514,,,,,9.69444088,,,,,10.27346081,,,,,10.85248075,,,,,,,,,,,,,,,
00-0040242,4,WAS,Jacory Croskey-Merritt,RB,4,9.77646569,6.42500000,9.48597467,9.69772675,5.00000000,10.42114959,7.05000000,10.21122835,11.09649116,6.00000000,11.06583349,7.67500000,10.93648203,12.49525558,7.00000000,9.78621019,6.42500000,9.49648635,9.71570025,5.00000000,10.43089409,7.05000000,10.22174003,11.11446467,6.00000000,11.07557799,7.67500000,10.94699371,12.51322909,7.00000000,14.00000000,1.75000000,1.50000000,0.25000000,0.25000000,1.00000000,0.00000000,-3.35146569,-3.37114959,-3.39083349,-3.36121019,-3.38089409,-3.40057799
00-0036040,4,NO,Juwan Johnson,TE,4,8.39667195,9.80000000,7.53318508,7.07890690,5.90000000,10.74494135,12.42500000,10.00511891,9.95885228,8.90000000,13.09321074,15.05000000,12.47705275,12.83879766,11.90000000,8.39463616,9.80000000,7.53044358,7.07511825,5.90000000,10.74290556,12.42500000,10.00237741,9.95506363,8.90000000,13.09117496,15.05000000,12.47431124,12.83500901,11.90000000,0.00000000,6.75000000,0.00000000,1.75000000,1.00000000,40.50000000,0.00000000,1.40332805,1.68005865,1.95678926,1.40536384,1.68209444,1.95882504
00-0037247,4,DAL,George Pickens,WR,4,8.07629071,5.62500000,7.95420867,4.07512168,7.50000000,10.20212655,7.87500000,9.99766554,4.75237938,8.50000000,12.32796239,10.12500000,12.04112241,5.42963707,9.50000000,8.07688806,5.62500000,7.95457056,4.07435674,7.50000000,10.20272390,7.87500000,9.99802743,4.75161443,8.50000000,12.32855974,10.12500000,12.04148429,5.42887212,9.50000000,0.00000000,7.00000000,0.00000000,0.75000000,0.50000000,85.00000000,0.00000000,-2.45129071,-2.32712655,-2.20296239,-2.45188806,-2.32772390,-2.20355974
00-0037740,4,NYJ,Garrett Wilson,WR,4,7.71850409,9.75000000,7.40632435,3.23366692,2.70000000,10.34275991,12.75000000,9.99637434,4.60409163,4.20000000,12.96701573,15.75000000,12.58642432,5.97451633,5.70000000,7.71953033,9.75000000,7.40779017,3.23486112,2.70000000,10.34378615,12.75000000,9.99784016,4.60528583,4.20000000,12.96804198,15.75000000,12.58789014,5.97571053,5.70000000,0.00000000,8.00000000,0.00000000,0.50000000,0.00000000,78.75000000,0.00000000,2.03149591,2.40724009,2.78298427,2.03046967,2.40621385,2.78195802
00-0040735,4,CHI,Luther Burden III,WR,4,8.31972162,6.97500000,7.70994151,6.22980793,7.40000000,10.72374081,9.35000000,9.98580247,8.21633706,9.40000000,13.12776001,11.72500000,12.26166344,10.20286619,11.40000000,8.32521049,6.97500000,7.71535128,6.23370060,7.40000000,10.72922968,9.35000000,9.99121225,8.22022973,9.40000000,13.13324888,11.72500000,12.26707321,10.20675886,11.40000000,0.75000000,7.25000000,0.25000000,1.50000000,0.75000000,59.50000000,0.00000000,-1.34472162,-1.37374081,-1.40276001,-1.35021049,-1.37922968,-1.40824888
00-0038124,4,GB,Christian Watson,WR,4,9.40423631,14.27500000,7.89566248,2.65133305,4.70000000,11.91568616,16.77500000,9.98154120,3.66638512,6.20000000,14.42713601,19.27500000,12.06741992,4.68143719,7.70000000,9.40467181,14.27500000,7.89648754,2.65320987,4.70000000,11.91612166,16.77500000,9.98236626,3.66826194,6.20000000,14.42757151,19.27500000,12.06824498,4.68331401,7.70000000,0.00000000,8.00000000,0.00000000,1.75000000,1.00000000,81.75000000,0.00000000,4.87076369,4.85931384,4.84786399,4.87032819,4.85887834,4.84742849
00-0041117,1,WAS,Athan Kaliakmanis,QB,4,13.63609082,11.04000000,9.19263179,13.63609082,11.04000000,13.63882915,11.04000000,9.97359020,13.63882915,11.04000000,13.64156748,11.04000000,10.75454862,13.64156748,11.04000000,15.85904229,13.04000000,9.97066480,15.85904229,13.04000000,15.86178061,13.04000000,10.75162321,15.86178061,13.04000000,15.86451894,13.04000000,11.53258163,15.86451894,13.04000000,3.00000000,0.00000000,0.00000000,0.00000000,0.00000000,0.00000000,33.00000000,-2.59609082,-2.59882915,-2.60156748,-2.81904229,-2.82178061,-2.82451894
00-0039880,4,MIA,Malik Washington,WR,4,8.57094994,5.27500000,7.90276770,7.55351665,7.00000000,10.78907083,7.40000000,9.94673809,9.30861299,9.50000000,13.00719172,9.52500000,11.99070847,11.06370933,12.00000000,8.58091650,5.27500000,7.91275083,7.56689727,7.00000000,10.79903739,7.40000000,9.95672121,9.32199362,9.50000000,13.01715828,9.52500000,12.00069160,11.07708996,12.00000000,1.25000000,7.00000000,0.50000000,0.25000000,0.25000000,78.00000000,0.00000000,-3.29594994,-3.38907083,-3.48219172,-3.30591650,-3.39903739,-3.49215828
00-0039067,3,KC,Rashee Rice,WR,3,4.93060957,8.33333333,7.28825444,8.17130680,8.80000000,6.87587765,10.50000000,9.89230386,11.20766800,12.30000000,8.82114574,12.66666667,12.49635328,14.24402919,15.80000000,4.93413943,8.33333333,7.29347817,8.17727736,8.80000000,6.87940751,10.50000000,9.89752760,11.21363856,12.30000000,8.82467560,12.66666667,12.50157702,14.24999975,15.80000000,0.00000000,5.66666667,0.00000000,1.33333333,0.00000000,42.00000000,0.00000000,3.40272377,3.62412235,3.84552093,3.39919391,3.62059249,3.84199107
00-0036900,4,CIN,Ja'Marr Chase,WR,4,6.91278225,9.80000000,7.31977465,2.03859441,2.70000000,9.24682093,12.42500000,9.86208398,3.13115278,4.20000000,11.58085962,15.05000000,12.40439331,4.22371115,5.70000000,6.91467895,9.80000000,7.32192782,2.04057487,2.70000000,9.24871764,12.42500000,9.86423715,3.13313324,4.20000000,11.58275633,15.05000000,12.40654648,4.22569161,5.70000000,0.00000000,7.00000000,0.00000000,1.00000000,0.75000000,56.50000000,0.00000000,2.88721775,3.17817907,3.46914038,2.88532105,3.17628236,3.46724367
00-0031588,4,WAS,Stefon Diggs,WR,4,7.84536764,8.75000000,7.25621133,8.15866354,3.50000000,10.38347440,11.00000000,9.76130678,11.11804633,6.00000000,12.92158117,13.25000000,12.26640222,14.07742912,8.50000000,7.84766572,8.75000000,7.25842262,8.16019921,3.50000000,10.38577249,11.00000000,9.76351807,11.11958200,6.00000000,12.92387925,13.25000000,12.26861352,14.07896479,8.50000000,0.00000000,7.75000000,0.00000000,1.00000000,0.50000000,70.00000000,0.00000000,0.90463236,0.61652560,0.32841883,0.90233428,0.61422751,0.32612075
00-0035229,4,MIN,T.J. Hockenson,TE,4,6.36273301,6.37500000,7.08614765,12.71591102,11.90000000,8.66879185,9.12500000,9.68824864,17.38567289,18.40000000,10.97485068,11.87500000,12.29034963,22.05543476,24.90000000,6.35952241,6.37500000,7.08361462,12.71195516,11.90000000,8.66558125,9.12500000,9.68571561,17.38171703,18.40000000,10.97164009,11.87500000,12.28781660,22.05147891,24.90000000,0.00000000,6.50000000,0.00000000,1.25000000,0.25000000,44.00000000,0.00000000,0.01226699,0.45620815,0.90014932,0.01547759,0.45941875,0.90335991
00-0039337,4,NYG,Malik Nabers,WR,4,6.77145833,6.70000000,7.61224848,7.79447545,17.20000000,8.80910397,8.95000000,9.67461363,9.77531798,20.20000000,10.84674962,11.20000000,11.73697878,11.75616051,23.20000000,6.77287507,6.70000000,7.61392891,7.79674700,17.20000000,8.81052071,8.95000000,9.67629406,9.77758953,20.20000000,10.84816636,11.20000000,11.73865921,11.75843206,23.20000000,0.00000000,6.50000000,0.00000000,0.75000000,0.25000000,74.50000000,0.00000000,-0.07145833,0.14089603,0.35325038,-0.07287507,0.13947929,0.35183364
00-0039890,2,NYJ,Adonai Mitchell,WR,2,8.33527481,6.15000000,7.69170839,13.05033852,6.30000000,10.49824282,8.40000000,9.67044243,16.60839601,9.30000000,12.66121083,10.65000000,11.64917647,20.16645349,12.30000000,8.33604223,6.15000000,7.69269118,13.05160403,6.30000000,10.49901023,8.40000000,9.67142522,16.60966152,9.30000000,12.66197824,10.65000000,11.65015927,20.16771900,12.30000000,0.00000000,7.50000000,0.00000000,0.50000000,0.00000000,118.50000000,0.00000000,-2.18527481,-2.09824282,-2.01121083,-2.18604223,-2.09901023,-2.01197824
00-0040730,3,DEN,RJ Harvey,RB,4,5.58929946,6.03333333,6.85362973,7.97398935,9.30000000,8.48088897,9.36666667,9.55575567,12.10428200,14.30000000,11.37247849,12.70000000,12.25788161,16.23457464,19.30000000,5.58846551,6.03333333,6.85361784,7.97255508,9.30000000,8.48005502,9.36666667,9.55574378,12.10284772,14.30000000,11.37164454,12.70000000,12.25786972,16.23314037,19.30000000,4.00000000,7.00000000,0.00000000,0.66666667,0.00000000,-19.66666667,0.00000000,0.44403387,0.88577769,1.32752151,0.44486782,0.88661164,1.32835546
00-0038606,4,JAX,Parker Washington,WR,4,8.51050964,8.77500000,7.85646817,4.97771847,1.00000000,10.37240759,10.77500000,9.50363902,5.84731449,1.50000000,12.23430553,12.77500000,11.15080986,6.71691052,2.00000000,8.51135246,8.77500000,7.85802735,4.98044910,1.00000000,10.37325041,10.77500000,9.50519820,5.85004512,1.50000000,12.23514835,12.77500000,11.15236904,6.71964114,2.00000000,0.25000000,6.50000000,0.00000000,1.00000000,0.75000000,91.75000000,0.00000000,0.26449036,0.40259241,0.54069447,0.26364754,0.40174959,0.53985165
00-0038400,0,PHI,Tanner McKee,QB,,,,8.87233850,,,,,9.47474068,,,,,10.07714286,,,,,10.04775480,,,,,10.65015698,,,,,11.25255917,,,,,,,,,,,,,,,
00-0030279,3,IND,Keenan Allen,WR,3,6.27330926,5.33333333,7.03959711,9.74859683,12.30000000,8.59547606,7.50000000,9.47056681,12.76374542,15.30000000,10.91764287,9.66666667,11.90153651,15.77889401,18.30000000,6.27452510,5.33333333,7.04086902,9.74820025,12.30000000,8.59669190,7.50000000,9.47183872,12.76334884,15.30000000,10.91885871,9.66666667,11.90280842,15.77849743,18.30000000,0.00000000,6.66666667,0.00000000,1.00000000,0.00000000,41.33333333,0.00000000,-0.93997593,-1.09547606,-1.25097620,-0.94119177,-1.09669190,-1.25219204
00-0036158,4,DEN,J.K. Dobbins,RB,4,8.25503983,4.42500000,8.88503729,6.82851494,5.20000000,8.64101680,4.80000000,9.43155053,7.57367798,6.20000000,9.02699377,5.17500000,9.97806377,8.31884101,7.20000000,8.26074050,4.42500000,8.89082178,6.83190833,5.20000000,8.64671747,4.80000000,9.43733502,7.57707137,6.20000000,9.03269444,5.17500000,9.98384826,8.32223441,7.20000000,11.50000000,1.00000000,1.50000000,0.00000000,0.00000000,0.00000000,0.00000000,-3.83003983,-3.84101680,-3.85199377,-3.83574050,-3.84671747,-3.85769444
00-0040234,0,MIA,Quinn Ewers,QB,,,,9.39816653,,,,,9.40264217,,,,,9.40711780,,,,,11.28414000,,,,,11.28861563,,,,,11.29309126,,,,,,,,,,,,,,,
00-0026300,0,WAS,Josh Johnson,QB,,,,9.09838445,,,,,9.40170016,,,,,9.70501588,,,,,10.17895661,,,,,10.48227232,,,,,10.78558804,,,,,,,,,,,,,,,
00-0038996,4,GB,Tucker Kraft,TE,4,6.28924734,5.27500000,7.08933739,10.86143601,10.50000000,8.41782129,7.15000000,9.37690193,13.45626158,13.50000000,10.54639524,9.02500000,11.66446647,16.05108714,16.50000000,6.30018847,5.27500000,7.10706773,10.91487346,10.50000000,8.42876242,7.15000000,9.39463227,13.50969903,13.50000000,10.55733637,9.02500000,11.68219681,16.10452459,16.50000000,0.25000000,6.00000000,0.25000000,1.00000000,0.50000000,32.75000000,0.00000000,-1.01424734,-1.26782129,-1.52139524,-1.02518847,-1.27876242,-1.53233637
00-0038117,4,TEN,Wan'Dale Robinson,WR,4,5.88227866,6.10000000,7.16761370,6.96180113,8.00000000,7.86628352,8.10000000,9.37420003,8.56448296,9.50000000,9.85028837,10.10000000,11.58078636,10.16716479,11.00000000,5.88530052,6.10000000,7.17100242,6.96573656,8.00000000,7.86930538,8.10000000,9.37758874,8.56841839,9.50000000,9.85331024,10.10000000,11.58417507,10.17110022,11.00000000,0.25000000,5.75000000,0.00000000,1.00000000,0.50000000,32.25000000,0.00000000,0.21772134,0.23371648,0.24971163,0.21469948,0.23069462,0.24668976
00-0034348,4,DEN,Courtland Sutton,WR,4,6.81611438,2.15000000,7.56513634,6.67496050,0.40000000,8.46788342,3.27500000,9.34804113,8.37249778,0.90000000,10.11965245,4.40000000,11.13094591,10.07003506,1.40000000,6.81731768,2.15000000,7.56630080,6.67596180,0.40000000,8.46908672,3.27500000,9.34920559,8.37349908,0.90000000,10.12085576,4.40000000,11.13211037,10.07103636,1.40000000,0.00000000,5.50000000,0.00000000,1.25000000,0.75000000,63.00000000,0.00000000,-4.66611438,-5.19288342,-5.71965245,-4.66731768,-5.19408672,-5.72085576
00-0033553,0,ARI,James Conner,RB,,,,8.28166866,,,,,9.29932689,,,,,10.31698512,,,,,8.28828855,,,,,9.30594677,,,,,10.32360500,,,,,,,,,,,,,,,
00-0037816,4,NE,Romeo Doubs,WR,4,6.38448438,8.07500000,7.57176077,12.39985035,17.80000000,7.75817123,9.57500000,9.25407757,14.97783855,20.80000000,9.13185808,11.07500000,10.93639437,17.55582675,23.80000000,6.38514181,8.07500000,7.57228766,12.39981428,17.80000000,7.75882866,9.57500000,9.25460446,14.97780248,20.80000000,9.13251551,11.07500000,10.93692126,17.55579068,23.80000000,0.00000000,5.00000000,0.00000000,1.00000000,0.50000000,80.50000000,0.00000000,1.69051562,1.81682877,1.94314192,1.68985819,1.81617134,1.94248449
00-0040704,0,CLE,Dillon Gabriel,QB,,,,9.23807403,,,,,9.24272592,,,,,9.24737782,,,,,11.12534898,,,,,11.13000087,,,,,11.13465277,,,,,,,,,,,,,,,
00-0037238,4,ATL,Drake London,WR,4,5.68131005,9.35000000,6.85270144,5.58074800,9.60000000,7.81554124,11.85000000,9.22313765,7.50587137,12.10000000,9.94977243,14.35000000,11.59357387,9.43099474,14.60000000,5.68410808,9.35000000,6.85491183,5.58235231,9.60000000,7.81833927,11.85000000,9.22534805,7.50747568,12.10000000,9.95257046,14.35000000,11.59578426,9.43259905,14.60000000,0.50000000,6.25000000,0.00000000,0.00000000,0.00000000,52.00000000,0.00000000,3.66868995,4.03445876,4.40022757,3.66589192,4.03166073,4.39742954
00-0032268,3,WAS,Marcus Mariota,QB,4,7.94518064,11.50000000,9.16925004,3.49800241,5.34000000,7.94824713,11.50000000,9.17279934,3.50236303,5.34000000,7.95131362,11.50000000,9.17634863,3.50672365,5.34000000,9.44491651,14.16666667,10.84489121,4.38611820,5.34000000,9.44798300,14.16666667,10.84844051,4.39047882,5.34000000,9.45104950,14.16666667,10.85198980,4.39483945,5.34000000,1.66666667,0.00000000,0.33333333,0.00000000,0.00000000,0.00000000,17.00000000,3.55481936,3.55175287,3.54868638,4.72175016,4.71868366,4.71561717
00-0041251,2,TB,Jalon Daniels,QB,4,8.87250298,5.16000000,8.62996093,14.04058836,11.42000000,8.87696924,5.16000000,9.13976551,14.04689389,11.42000000,8.88143550,5.16000000,9.64957008,14.05319943,11.42000000,10.19026146,6.16000000,9.44522751,15.80129421,13.42000000,10.19472773,6.16000000,9.95503208,15.80759975,13.42000000,10.19919399,6.16000000,10.46483666,15.81390528,13.42000000,4.50000000,0.00000000,0.50000000,0.00000000,0.00000000,0.00000000,15.00000000,-3.71250298,-3.71696924,-3.72143550,-4.03026146,-4.03472773,-4.03919399
00-0036613,4,DEN,Jaylen Waddle,WR,4,6.75724540,6.97500000,6.84882311,4.61186994,9.50000000,8.95026506,8.97500000,9.06955748,6.78416686,12.00000000,11.14328471,10.97500000,11.29029184,8.95646377,14.50000000,6.75965463,6.97500000,6.85119239,4.61508177,9.50000000,8.95267428,8.97500000,9.07192676,6.78737868,12.00000000,11.14569394,10.97500000,11.29266113,8.95967559,14.50000000,0.25000000,6.75000000,0.00000000,0.75000000,0.00000000,69.25000000,0.00000000,0.21775460,0.02473494,-0.16828471,0.21534537,0.02232572,-0.17069394
00-0040663,4,CLE,Harold Fannin Jr.,TE,4,6.08275935,8.32500000,6.88023947,6.43617267,8.70000000,8.10499750,10.45000000,9.03374736,8.15474988,10.20000000,10.12723566,12.57500000,11.18725526,9.87332709,11.70000000,6.07987581,8.32500000,6.88180880,6.43431785,8.70000000,8.10211397,10.45000000,9.03531669,8.15289506,10.20000000,10.12435213,12.57500000,11.18882459,9.87147227,11.70000000,0.00000000,5.75000000,0.00000000,0.75000000,0.75000000,35.00000000,0.00000000,2.24224065,2.34500250,2.44776434,2.24512419,2.34788603,2.45064787
00-0038416,2,CHI,Tyson Bagent,QB,4,11.04207549,5.49000000,8.76096716,15.20414199,8.82000000,11.04620621,5.49000000,9.01746316,15.20741187,8.82000000,11.05033693,5.49000000,9.27395915,15.21068174,8.82000000,13.66888670,5.49000000,10.44945568,18.43311671,8.82000000,13.67301743,5.49000000,10.70595167,18.43638659,8.82000000,13.67714815,5.49000000,10.96244766,18.43965646,8.82000000,0.50000000,0.00000000,0.50000000,0.00000000,0.00000000,0.00000000,21.00000000,-5.55207549,-5.55620621,-5.56033693,-8.17888670,-8.18301743,-8.18714815
00-0040129,4,TB,Emeka Egbuka,WR,4,7.08579362,5.27500000,7.02893883,4.80330290,1.30000000,8.93538722,7.15000000,8.94664646,6.13894872,2.30000000,10.78498082,9.02500000,10.86435408,7.47459455,3.30000000,7.08705074,5.27500000,7.03037276,4.80456622,1.30000000,8.93664434,7.15000000,8.94808039,6.14021204,2.30000000,10.78623794,9.02500000,10.86578802,7.47585787,3.30000000,0.25000000,6.00000000,0.00000000,0.75000000,0.75000000,67.00000000,0.00000000,-1.81079362,-1.78538722,-1.75998082,-1.81205074,-1.78664434,-1.76123794
00-0038563,4,LV,Tre Tucker,WR,4,6.93780066,7.32500000,7.18598383,9.72076204,4.40000000,8.54999009,9.20000000,8.94114977,11.93027196,6.40000000,10.16217952,11.07500000,10.69631571,14.13978188,8.40000000,6.93862348,7.32500000,7.18741468,9.72243901,4.40000000,8.55081291,9.20000000,8.94258062,11.93194893,6.40000000,10.16300233,11.07500000,10.69774656,14.14145885,8.40000000,0.00000000,5.75000000,0.00000000,0.25000000,0.50000000,89.25000000,0.00000000,0.38719934,0.65000991,0.91282048,0.38637652,0.64918709,0.91199767
00-0040206,0,IND,Riley Leonard,QB,,,,8.80984756,,,,,8.81484235,,,,,8.81983714,,,,,10.70950700,,,,,10.71450179,,,,,10.71949658,,,,,,,,,,,,,,,
00-0039491,3,CAR,Jalen Coker,WR,3,8.90278704,11.40000000,7.01706150,4.93468773,1.80000000,11.13336139,14.40000000,8.80985205,5.94703401,2.80000000,13.36393574,17.40000000,10.60264261,6.95938028,3.80000000,8.90472371,11.40000000,7.01869094,4.93578404,1.80000000,11.13529805,14.40000000,8.81148149,5.94813032,2.80000000,13.36587240,17.40000000,10.60427205,6.96047660,3.80000000,0.00000000,7.33333333,0.00000000,1.66666667,0.33333333,84.00000000,0.00000000,2.49721296,3.26663861,4.03606426,2.49527629,3.26470195,4.03412760
00-0036139,2,PIT,Rico Dowdle,RB,2,5.80895331,3.25000000,7.60038931,4.59299872,4.40000000,7.15257423,4.25000000,8.79836678,5.34941853,5.40000000,8.49619515,5.25000000,9.99634425,6.10583834,6.40000000,5.80927020,3.25000000,7.60314005,4.59460624,4.40000000,7.15289111,4.25000000,8.80111752,5.35102605,5.40000000,8.49651203,5.25000000,9.99909499,6.10744585,6.40000000,7.50000000,3.50000000,0.50000000,0.00000000,0.00000000,3.00000000,0.00000000,-2.55895331,-2.90257423,-3.24619515,-2.55927020,-2.90289111,-3.24651203
00-0039919,4,CHI,Rome Odunze,WR,4,5.92516257,5.82500000,6.94442844,6.64584606,9.40000000,7.34155266,7.57500000,8.72822906,8.87472743,12.40000000,8.75794275,9.32500000,10.51202968,11.10360880,15.40000000,5.92622722,5.82500000,6.94566219,6.64695961,9.40000000,7.34261731,7.57500000,8.72946281,8.87584098,12.40000000,8.75900740,9.32500000,10.51326343,11.10472235,15.40000000,0.00000000,5.00000000,0.00000000,0.50000000,0.25000000,76.25000000,0.00000000,-0.10016257,0.23344734,0.56705725,-0.10122722,0.23238269,0.56599260
00-0039916,0,SF,Ricky Pearsall,WR,,,,6.99928151,,,,,8.71142602,,,,,10.42357054,,,,,7.00146492,,,,,8.71360943,,,,,10.42575395,,,,,,,,,,,,,,,
00-0037240,4,DET,Jameson Williams,WR,4,6.65440025,5.72500000,6.85520976,9.32041442,10.20000000,8.51450303,7.72500000,8.69532659,11.56738015,13.20000000,10.37460581,9.72500000,10.53544342,13.81434588,16.20000000,6.65516217,5.72500000,6.85618121,9.32055219,10.20000000,8.51526495,7.72500000,8.69629804,11.56751792,13.20000000,10.37536773,9.72500000,10.53641488,13.81448365,16.20000000,0.00000000,6.25000000,0.00000000,0.50000000,0.00000000,90.25000000,0.00000000,-0.92940025,-0.78950303,-0.64960581,-0.93016217,-0.79026495,-0.65036773
00-0035676,1,NE,A.J. Brown,WR,1,2.84374357,2.60000000,6.54796149,2.84374357,2.60000000,4.29184327,4.10000000,8.68843268,4.29184327,4.10000000,5.73994298,5.60000000,10.82890387,5.73994298,5.60000000,2.84582428,2.60000000,6.54975618,2.84582428,2.60000000,4.29392398,4.10000000,8.69022737,4.29392398,4.10000000,5.74202369,5.60000000,10.83069856,5.74202369,5.60000000,0.00000000,4.00000000,0.00000000,0.00000000,0.00000000,19.00000000,0.00000000,-0.24374357,-0.19184327,-0.13994298,-0.24582428,-0.19392398,-0.14202369
00-0041037,4,CLE,Denzel Boston,WR,4,7.76107261,10.60000000,7.19809311,9.31110491,8.90000000,9.30341746,12.22500000,8.64077107,10.98021343,10.90000000,10.84576231,13.85000000,10.08344904,12.64932195,12.90000000,7.76110666,10.60000000,7.19838786,9.31181307,8.90000000,9.30345151,12.22500000,8.64106583,10.98092159,10.90000000,10.84579636,13.85000000,10.08374379,12.65003011,12.90000000,0.00000000,5.75000000,0.00000000,1.00000000,0.75000000,95.75000000,0.00000000,2.83892739,2.92158254,3.00423769,2.83889334,2.92154849,3.00420364
00-0040734,3,NE,TreVeyon Henderson,RB,4,7.47592653,6.90000000,7.90164624,8.96286591,4.20000000,7.85661375,7.06666667,8.52852647,9.77568513,4.20000000,8.23730096,7.23333333,9.15540671,10.58850436,4.20000000,7.48140468,6.90000000,7.90692175,8.96938609,4.20000000,7.86209189,7.06666667,8.53380199,9.78220532,4.20000000,8.24277910,7.23333333,9.16068223,10.59502454,4.20000000,12.66666667,1.00000000,0.66666667,0.00000000,0.00000000,0.00000000,0.00000000,-0.57592653,-0.78994708,-1.00396762,-0.58140468,-0.79542522,-1.00944577
00-0036322,3,MIN,Justin Jefferson,WR,3,6.99964735,10.63333333,6.60813409,1.71027911,3.20000000,8.85388454,12.80000000,8.41772906,2.34269547,4.20000000,10.70812174,14.96666667,10.22732403,2.97511184,5.20000000,7.00193878,10.63333333,6.61043172,1.71295995,3.20000000,8.85617598,12.80000000,8.42002669,2.34537632,4.20000000,10.71041317,14.96666667,10.22962166,2.97779268,5.20000000,0.00000000,6.00000000,0.00000000,1.33333333,0.66666667,63.00000000,0.00000000,3.63368599,3.94611546,4.25854493,3.63139455,3.94382402,4.25625350
00-0040128,4,IND,Tyler Warren,TE,4,5.94299012,6.37500000,5.83075685,3.47598735,4.10000000,8.54815858,9.25000000,8.40301394,5.36819322,6.60000000,11.15332704,12.12500000,10.97527103,7.26039909,9.10000000,5.96713039,6.37500000,5.85144603,3.47253055,4.10000000,8.57229885,9.25000000,8.42370312,5.36473642,6.60000000,11.17746730,12.12500000,10.99596021,7.25694229,9.10000000,0.50000000,6.75000000,0.00000000,0.75000000,0.25000000,14.75000000,0.00000000,0.43200988,0.70184142,0.97167296,0.40786961,0.67770115,0.94753270
00-0038994,4,MIN,Jordan Addison,WR,4,5.65344854,5.55000000,6.51092328,5.96985902,5.10000000,7.36253479,6.92500000,8.39443274,8.00817149,7.10000000,9.07162105,8.30000000,10.27794220,10.04648395,9.10000000,5.65565673,5.55000000,6.51361731,5.97434271,5.10000000,7.36474298,6.92500000,8.39712677,8.01265517,7.10000000,9.07382923,8.30000000,10.28063624,10.05096764,9.10000000,0.25000000,5.50000000,0.00000000,0.25000000,0.00000000,68.00000000,0.00000000,-0.10344854,-0.43753479,-0.77162105,-0.10565673,-0.43974298,-0.77382923
00-0038618,4,HOU,Xavier Hutchinson,WR,4,7.61481000,4.25000000,6.72111592,5.21993908,4.60000000,9.54021422,5.75000000,8.37946370,6.69139336,6.10000000,11.46561844,7.25000000,10.03781147,8.16284764,7.60000000,7.61730017,4.25000000,6.72365853,5.22231765,4.60000000,9.54270439,5.75000000,8.38200630,6.69377193,6.10000000,11.46810861,7.25000000,10.04035408,8.16522622,7.60000000,0.50000000,6.50000000,0.00000000,0.25000000,0.50000000,90.25000000,0.00000000,-3.36481000,-3.79021422,-4.21561844,-3.36730017,-3.79270439,-4.21810861
00-0037525,1,MIN,Jordan Mason,RB,1,10.67820255,11.90000000,8.08473867,10.67820255,11.90000000,10.69231463,11.90000000,8.35919228,10.69231463,11.90000000,10.70642671,11.90000000,8.63364589,10.70642671,11.90000000,10.68624537,11.90000000,8.09035081,10.68624537,11.90000000,10.70035745,11.90000000,8.36480442,10.70035745,11.90000000,10.71446953,11.90000000,8.63925803,10.71446953,11.90000000,15.00000000,0.00000000,4.00000000,0.00000000,0.00000000,0.00000000,0.00000000,1.22179745,1.20768537,1.19357329,1.21375463,1.19964255,1.18553047
00-0034753,4,BAL,Mark Andrews,TE,4,6.01712050,5.22500000,6.43072810,8.97440308,8.70000000,8.12064060,7.47500000,8.35515415,10.97195426,11.20000000,10.22416070,9.72500000,10.27958021,12.96950544,13.70000000,6.01403858,5.22500000,6.43383081,8.97193156,8.70000000,8.11755868,7.47500000,8.35825686,10.96948274,11.20000000,10.22107878,9.72500000,10.28268292,12.96703392,13.70000000,0.00000000,6.00000000,0.00000000,0.75000000,0.50000000,43.00000000,0.00000000,-0.79212050,-0.64564060,-0.49916070,-0.78903858,-0.64255868,-0.49607878
00-0035993,1,BAL,Tyler Huntley,QB,4,3.41412225,4.12000000,8.34440879,3.41412225,4.12000000,3.41852140,4.12000000,8.34734578,3.41852140,4.12000000,3.42292056,4.12000000,8.35028277,3.42292056,4.12000000,3.82918310,4.12000000,9.55650630,3.82918310,4.12000000,3.83358226,4.12000000,9.55944329,3.83358226,4.12000000,3.83798141,4.12000000,9.56238028,3.83798141,4.12000000,2.00000000,0.00000000,0.00000000,0.00000000,0.00000000,0.00000000,9.00000000,0.70587775,0.70147860,0.69707944,0.29081690,0.28641774,0.28201859
00-0033923,0,KC,Kareem Hunt,RB,,,,7.75906775,,,,,8.32998519,,,,,8.90090263,,,,,7.76409772,,,,,8.33501515,,,,,8.90593259,,,,,,,,,,,,,,,
00-0039811,4,GB,MarShawn Lloyd,RB,4,7.58706352,4.25000000,7.06385711,9.93578263,4.90000000,8.68420348,5.37500000,8.32533134,11.99068455,7.40000000,9.78134343,6.50000000,9.58680557,14.04558647,9.90000000,7.59014806,4.25000000,7.06630542,9.93945088,4.90000000,8.68728801,5.37500000,8.32777966,11.99435280,7.40000000,9.78442797,6.50000000,9.58925389,14.04925473,9.90000000,7.50000000,2.75000000,2.25000000,0.75000000,0.00000000,-2.25000000,0.00000000,-3.33706352,-3.30920348,-3.28134343,-3.34014806,-3.31228801,-3.28442797
00-0039373,0,NO,Audric Estimé,RB,,,,7.27667303,,,,,8.29809257,,,,,9.31951211,,,,,7.27988408,,,,,8.30130362,,,,,9.32272316,,,,,,,,,,,,,,,
00-0040126,4,CHI,Colston Loveland,TE,4,5.32049964,2.27500000,6.26637878,9.66034950,5.70000000,6.92904269,3.65000000,8.28511563,12.93609945,8.70000000,8.53758573,5.02500000,10.30385249,16.21184939,11.70000000,5.31811632,2.27500000,6.26462155,9.65767524,5.70000000,6.92665937,3.65000000,8.28335840,12.93342519,8.70000000,8.53520241,5.02500000,10.30209526,16.20917513,11.70000000,0.00000000,4.50000000,0.00000000,1.50000000,0.50000000,25.50000000,0.00000000,-3.04549964,-3.27904269,-3.51258573,-3.04311632,-3.27665937,-3.51020241
00-0033288,4,SF,George Kittle,TE,4,6.36556655,12.10000000,6.24148775,4.70097355,13.00000000,8.23319988,14.10000000,8.27659102,6.81249725,15.00000000,10.10083322,16.10000000,10.31169430,8.92402095,17.00000000,6.36376566,12.10000000,6.24005176,4.69754810,13.00000000,8.23139899,14.10000000,8.27515503,6.80907180,15.00000000,10.09903232,16.10000000,10.31025831,8.92059550,17.00000000,0.00000000,5.50000000,0.00000000,1.25000000,0.25000000,46.00000000,0.00000000,5.73443345,5.86680012,5.99916678,5.73623434,5.86860101,6.00096768
00-0038997,4,IND,Josh Downs,WR,4,6.54920603,5.05000000,6.06660998,2.16137770,1.60000000,8.83949032,7.17500000,8.26019122,3.74540866,3.10000000,11.12977460,9.30000000,10.45377246,5.32943962,4.60000000,6.55229994,5.05000000,6.06965456,2.16500980,1.60000000,8.84258422,7.17500000,8.26323581,3.74904076,3.10000000,11.13286850,9.30000000,10.45681705,5.33307172,4.60000000,0.00000000,7.00000000,0.00000000,1.00000000,0.00000000,69.75000000,0.00000000,-1.49920603,-1.66449032,-1.82977460,-1.50229994,-1.66758422,-1.83286850
00-0041547,4,CLE,KC Concepcion,WR,4,6.47360484,3.32500000,5.93053888,6.86147018,6.40000000,8.96331919,5.45000000,8.25022364,9.60788451,8.90000000,11.45303354,7.57500000,10.56990839,12.35429884,11.40000000,6.47936993,3.32500000,5.93460857,6.86531374,6.40000000,8.96908428,5.45000000,8.25429332,9.61172807,8.90000000,11.45879863,7.57500000,10.57397808,12.35814240,11.40000000,1.00000000,7.00000000,0.00000000,0.75000000,0.00000000,43.25000000,0.00000000,-3.14860484,-3.51331919,-3.87803354,-3.15436993,-3.51908428,-3.88379863
00-0037256,3,WAS,Rachaad White,RB,3,7.12255720,7.03333333,7.17598839,7.58263695,10.10000000,8.24955080,8.53333333,8.19893608,7.80711208,10.60000000,9.37654441,10.03333333,9.22188377,8.03158721,11.10000000,7.12972957,7.03333333,7.18412327,7.60263279,10.10000000,8.25672317,8.53333333,8.20707096,7.82710792,10.60000000,9.38371678,10.03333333,9.23001865,8.05158305,11.10000000,7.33333333,3.00000000,1.33333333,0.66666667,0.33333333,1.33333333,0.00000000,-0.08922387,0.28378253,0.65678892,-0.09639624,0.27661016,0.64961656
00-0031610,4,CAR,Darren Waller,TE,4,5.51603735,6.70000000,6.32784578,7.42299208,3.60000000,7.15625063,8.32500000,8.14637448,9.46849924,5.10000000,8.79646391,9.95000000,9.96490318,11.51400640,6.60000000,5.51328443,6.70000000,6.32630972,7.41959393,3.60000000,7.15349771,8.32500000,8.14483842,9.46510109,5.10000000,8.79371099,9.95000000,9.96336712,11.51060825,6.60000000,0.00000000,4.75000000,0.00000000,1.00000000,0.75000000,35.25000000,0.00000000,1.18396265,1.16874937,1.15353609,1.18671557,1.17150229,1.15628901
00-0035685,4,HOU,David Montgomery,RB,4,9.29382508,9.35000000,7.62776345,5.83084173,4.30000000,9.92868158,10.22500000,8.11718352,5.82711152,4.30000000,10.56353808,11.10000000,8.60660358,5.82338132,4.30000000,9.29852128,9.35000000,7.63199889,5.83657259,4.30000000,9.93337777,10.22500000,8.12141896,5.83284239,4.30000000,10.56823427,11.10000000,8.61083902,5.82911219,4.30000000,11.75000000,1.75000000,2.00000000,0.25000000,0.00000000,6.25000000,0.00000000,0.05617492,0.29631842,0.53646192,0.05147872,0.29162223,0.53176573
00-0038579,0,LV,Aidan O'Connell,QB,,,,7.20655393,,,,,8.10739346,,,,,9.00823299,,,,,7.59920711,,,,,8.50004664,,,,,9.40088618,,,,,,,,,,,,,,,
00-0038104,4,KC,Tyquan Thornton,WR,4,5.45587379,8.47500000,6.99152260,13.28801963,23.10000000,6.37676785,9.85000000,8.08711351,15.23663881,25.60000000,7.29766192,11.22500000,9.18270443,17.18525799,28.10000000,5.45665016,8.47500000,6.99218919,13.28889241,23.10000000,6.37754423,9.85000000,8.08778010,15.23751159,25.60000000,7.29843829,11.22500000,9.18337101,17.18613077,28.10000000,0.00000000,3.75000000,0.00000000,0.50000000,0.50000000,70.25000000,0.00000000,3.01912621,3.47323215,3.92733808,3.01834984,3.47245577,3.92656171
00-0037746,4,ATL,Brian Robinson,RB,4,7.35721373,11.37500000,7.72557366,12.22436606,24.70000000,7.65005750,11.75000000,8.03607595,12.64909746,25.20000000,7.94290126,12.12500000,8.34657824,13.07382887,25.70000000,7.36290559,11.37500000,7.73136609,12.23327260,24.70000000,7.65574935,11.75000000,8.04186838,12.65800401,25.20000000,7.94859311,12.12500000,8.35237066,13.08273541,25.70000000,11.00000000,0.75000000,1.25000000,0.25000000,0.00000000,-1.00000000,0.00000000,4.01778627,4.09994250,4.18209874,4.01209441,4.09425065,4.17640689
00-0039739,4,PIT,Roman Wilson,WR,4,7.02200073,7.70000000,6.48499452,8.81604319,13.40000000,8.72091455,9.45000000,7.96307107,10.26302451,14.90000000,10.41982838,11.20000000,9.44114761,11.71000583,16.40000000,7.02378481,7.70000000,6.48683810,8.81849441,13.40000000,8.72269863,9.45000000,7.96491465,10.26547572,14.90000000,10.42161246,11.20000000,9.44299120,11.71245704,16.40000000,0.00000000,6.00000000,0.00000000,0.50000000,0.50000000,92.00000000,0.00000000,0.67799927,0.72908545,0.78017162,0.67621519,0.72730137,0.77838754
00-0033110,3,LA,Tyler Higbee,TE,4,5.97677473,6.03333333,5.81312375,5.56469674,6.70000000,8.21884809,8.53333333,7.92168637,7.59925423,9.20000000,10.46092145,11.03333333,10.03024899,9.63381172,11.70000000,5.97411802,6.03333333,5.81056454,5.56204566,6.70000000,8.21619138,8.53333333,7.91912716,7.59660315,9.20000000,10.45826474,11.03333333,10.02768978,9.63116064,11.70000000,0.00000000,6.33333333,0.00000000,0.66666667,0.00000000,50.33333333,0.00000000,0.05655861,0.31448525,0.57241189,0.05921531,0.31714195,0.57506859
00-0039921,0,ARI,Trey Benson,RB,,,,6.30275911,,,,,7.90864013,,,,,9.51452115,,,,,6.30385865,,,,,7.90973967,,,,,9.51562069,,,,,,,,,,,,,,,
00-0039405,0,HOU,Jawhar Jordan,RB,,,,7.20511401,,,,,7.89851852,,,,,8.59192302,,,,,7.20920892,,,,,7.90261343,,,,,8.59601793,,,,,,,,,,,,,,,
00-0031237,0,TB,Teddy Bridgewater,QB,,,,6.97330474,,,,,7.87437749,,,,,8.77545023,,,,,7.37697287,,,,,8.27804561,,,,,9.17911836,,,,,,,,,,,,,,,
00-0036924,0,ARI,Michael Carter,RB,,,,6.51787090,,,,,7.81845503,,,,,9.11903917,,,,,6.51807019,,,,,7.81865432,,,,,9.11923845,,,,,,,,,,,,,,,
00-0039391,2,LAC,Kimani Vidal,RB,4,4.49829874,5.80000000,6.81979174,5.40727962,9.60000000,5.61957415,6.55000000,7.78467436,6.62999225,10.60000000,6.74084955,7.30000000,8.74955697,7.85270488,11.60000000,4.49618420,5.80000000,6.82138394,5.41010127,9.60000000,5.61745960,6.55000000,7.78626656,6.63281390,10.60000000,6.73873501,7.30000000,8.75114918,7.85552652,11.60000000,3.00000000,3.00000000,0.50000000,0.50000000,0.00000000,5.00000000,0.00000000,1.30170126,0.93042585,0.55915045,1.30381580,0.93254040,0.56126499
00-0034844,4,PHI,Saquon Barkley,RB,4,6.47548834,4.75000000,7.05120070,1.29268162,1.00000000,7.16026764,5.25000000,7.77626632,1.66688905,1.50000000,7.84504695,5.75000000,8.50133194,2.04109649,2.00000000,6.47861756,4.75000000,7.05473518,1.29282070,1.00000000,7.16339687,5.25000000,7.77980080,1.66702813,1.50000000,7.84817617,5.75000000,8.50486641,2.04123557,2.00000000,9.00000000,1.75000000,1.25000000,0.00000000,0.00000000,-0.50000000,0.00000000,-1.72548834,-1.91026764,-2.09504695,-1.72861756,-1.91339687,-2.09817617
00-0033555,4,NE,Mack Hollins,WR,4,6.13435230,5.22500000,6.33668561,5.68204083,5.30000000,7.55256805,7.10000000,7.72740751,6.54551001,6.80000000,8.97078381,8.97500000,9.11812941,7.40897920,8.30000000,6.13497604,5.22500000,6.33721059,5.68143800,5.30000000,7.55319180,7.10000000,7.72793249,6.54490719,6.80000000,8.97140755,8.97500000,9.11865439,7.40837638,8.30000000,0.00000000,5.00000000,0.00000000,1.00000000,0.75000000,74.25000000,0.00000000,-0.90935230,-0.45256805,0.00421619,-0.90997604,-0.45319180,0.00359245
00-0035719,4,SF,Deebo Samuel Sr.,WR,4,5.74521916,10.97500000,6.05093195,8.79292494,13.00000000,7.29473303,12.72500000,7.68519096,11.02276056,15.50000000,8.84424690,14.47500000,9.31944997,13.25259618,18.00000000,5.75034251,10.97500000,6.05675896,8.80020086,13.00000000,7.29985639,12.72500000,7.69101797,11.03003647,15.50000000,8.84937026,14.47500000,9.32527698,13.25987209,18.00000000,1.75000000,4.25000000,0.00000000,1.25000000,0.25000000,12.50000000,0.00000000,5.22978084,5.43026697,5.63075310,5.22465749,5.42514361,5.62562974
00-0039894,4,KC,Xavier Worthy,WR,4,5.78334870,4.82500000,6.01066195,7.85946267,7.00000000,7.54485630,6.57500000,7.67883593,9.82735937,9.00000000,9.30636390,8.32500000,9.34700990,11.79525606,11.00000000,5.78599826,4.82500000,6.01305862,7.86158648,7.00000000,7.54750586,6.57500000,7.68123259,9.82948317,9.00000000,9.30901346,8.32500000,9.34940657,11.79737987,11.00000000,0.00000000,5.50000000,0.00000000,1.00000000,0.25000000,52.50000000,0.00000000,-0.95834870,-0.96985630,-0.98136390,-0.96099826,-0.97250586,-0.98401346
00-0035704,2,SEA,Drew Lock,QB,2,10.82860154,17.09000000,7.54727247,11.59387831,21.40000000,10.83182609,17.09000000,7.67703198,11.59798427,21.40000000,10.83505064,17.09000000,7.80679148,11.60209024,21.40000000,13.21286357,21.09000000,9.08497102,14.24249094,27.40000000,13.21608812,21.09000000,9.21473052,14.24659690,27.40000000,13.21931267,21.09000000,9.34449003,14.25070287,27.40000000,0.50000000,0.00000000,0.50000000,0.00000000,0.00000000,0.00000000,24.00000000,6.26139846,6.25817391,6.25494936,7.87713643,7.87391188,7.87068733
00-0032434,0,TEN,Brandon Allen,QB,,,,6.77556366,,,,,7.67646213,,,,,8.57736060,,,,,7.01767097,,,,,7.91856943,,,,,8.81946790,,,,,,,,,,,,,,,
00-0039901,4,BUF,Keon Coleman,WR,4,5.15035663,6.92500000,6.25082932,9.81345332,17.60000000,6.40842551,8.67500000,7.66531838,11.77608120,20.60000000,7.66649438,10.42500000,9.07980744,13.73870907,23.60000000,5.15170182,6.92500000,6.25214601,9.81474180,17.60000000,6.40977070,8.67500000,7.66663507,11.77736967,20.60000000,7.66783957,10.42500000,9.08112413,13.73999755,23.60000000,0.00000000,4.25000000,0.00000000,0.75000000,0.50000000,51.25000000,0.00000000,1.77464337,2.26657449,2.75850562,1.77329818,2.26522930,2.75716043
00-0040668,1,CLE,Shedeur Sanders,QB,3,1.49381554,0.00000000,7.65690005,1.49381554,0.00000000,1.49698450,0.00000000,7.66109584,1.49698450,0.00000000,1.50015346,0.00000000,7.66529164,1.50015346,0.00000000,2.03289109,0.00000000,8.98718308,2.03289109,0.00000000,2.03606005,0.00000000,8.99137888,2.03606005,0.00000000,2.03922901,0.00000000,8.99557467,2.03922901,0.00000000,0.00000000,0.00000000,0.00000000,0.00000000,0.00000000,0.00000000,1.00000000,-1.49381554,-1.49698450,-1.50015346,-2.03289109,-2.03606005,-2.03922901
00-0039066,4,LV,Michael Mayer,TE,4,5.36277060,5.72500000,5.36428410,7.44798998,8.20000000,7.56579403,8.22500000,7.63576094,11.14277185,12.20000000,9.76881747,10.72500000,9.90723778,14.83755372,16.20000000,5.35927774,5.72500000,5.36088296,7.44311949,8.20000000,7.56230118,8.22500000,7.63235980,11.13790136,12.20000000,9.76532461,10.72500000,9.90383664,14.83268323,16.20000000,0.00000000,6.00000000,0.00000000,0.50000000,0.50000000,29.00000000,0.00000000,0.36222940,0.65920597,0.95618253,0.36572226,0.66269882,0.95967539
00-0037012,0,LAC,Trey Lance,QB,,,,7.51797539,,,,,7.52249217,,,,,7.52700894,,,,,8.61331904,,,,,8.61783581,,,,,8.62235259,,,,,,,,,,,,,,,
00-0038839,1,CIN,Mitchell Tinsley,WR,4,10.75028473,4.90000000,6.31393853,10.75028473,4.90000000,12.64620798,6.40000000,7.50634116,12.64620798,6.40000000,14.54213123,7.90000000,8.69874379,14.54213123,7.90000000,10.75254696,4.90000000,6.31561884,10.75254696,4.90000000,12.64847021,6.40000000,7.50802147,12.64847021,6.40000000,14.54439346,7.90000000,8.70042411,14.54439346,7.90000000,0.00000000,7.00000000,0.00000000,3.00000000,1.00000000,99.00000000,0.00000000,-5.85028473,-6.24620798,-6.64213123,-5.85254696,-6.24847021,-6.64439346
00-0037324,0,KC,Chris Oladokun,QB,,,,7.20141624,,,,,7.50432485,,,,,7.80723346,,,,,8.19660104,,,,,8.49950965,,,,,8.80241826,,,,,,,,,,,,,,,
00-0041512,3,SEA,Jadarian Price,RB,3,8.17221235,3.33333333,6.71640283,5.68742578,0.20000000,8.93683652,4.00000000,7.45796015,6.64107722,0.70000000,9.70146068,4.66666667,8.19951747,7.59472865,1.20000000,8.17745347,3.33333333,6.71903229,5.68189347,0.20000000,8.94207764,4.00000000,7.46058961,6.63554491,0.70000000,9.70670181,4.66666667,8.20214693,7.58919634,1.20000000,9.33333333,2.33333333,1.00000000,0.00000000,0.33333333,13.66666667,0.00000000,-4.83887901,-4.93683652,-5.03479402,-4.84412014,-4.94207764,-5.04003514
00-0036679,0,KC,Shane Buechele,QB,,,,6.51966284,,,,,7.42040174,,,,,8.32114064,,,,,6.78101962,,,,,7.68175852,,,,,8.58249742,,,,,,,,,,,,,,,
00-0034827,4,BUF,DJ Moore,WR,4,6.38379215,6.07500000,6.00839957,2.78768634,1.70000000,7.82011669,7.57500000,7.39282346,3.45034658,2.20000000,9.25644123,9.07500000,8.77724735,4.11300682,2.70000000,6.38507610,6.07500000,6.01062022,2.79108640,1.70000000,7.82140064,7.57500000,7.39504411,3.45374664,2.20000000,9.25772518,9.07500000,8.77946800,4.11640688,2.70000000,0.50000000,5.00000000,0.00000000,0.75000000,0.25000000,75.75000000,0.00000000,-0.30879215,-0.24511669,-0.18144123,-0.31007610,-0.24640064,-0.18272518
00-0037197,0,KC,Isiah Pacheco,RB,,,,6.57934918,,,,,7.37814236,,,,,8.17693554,,,,,6.58263812,,,,,7.38143129,,,,,8.18022447,,,,,,,,,,,,,,,
00-0037261,4,BUF,Khalil Shakir,WR,4,5.47962934,3.90000000,5.15576218,5.78918096,6.20000000,7.44897068,5.77500000,7.29659171,8.74920154,9.70000000,9.41831202,7.65000000,9.43742124,11.70922212,13.20000000,5.48236093,3.90000000,5.15931299,5.79546242,6.20000000,7.45170227,5.77500000,7.30014252,8.75548300,9.70000000,9.42104361,7.65000000,9.44097205,11.71550358,13.20000000,0.00000000,5.75000000,0.00000000,1.25000000,0.25000000,38.00000000,0.00000000,-1.57962934,-1.67397068,-1.76831202,-1.58236093,-1.67670227,-1.77104361
00-0034960,4,JAX,Jakobi Meyers,WR,4,4.80569321,7.17500000,5.78013294,5.35569432,3.30000000,5.95105283,8.80000000,7.28857922,6.58130055,4.80000000,7.09641245,10.42500000,8.79702550,7.80690679,6.30000000,4.80731879,7.17500000,5.78154668,5.35570175,3.30000000,5.95267841,8.80000000,7.28999297,6.58130799,4.80000000,7.09803802,10.42500000,8.79843925,7.80691423,6.30000000,0.25000000,3.75000000,0.00000000,0.75000000,0.75000000,37.25000000,0.00000000,2.36930679,2.84894717,3.32858755,2.36768121,2.84732159,3.32696198
00-0039410,4,DAL,Ryan Flournoy,WR,4,5.21060787,2.60000000,5.28839253,3.22183575,3.70000000,7.22583785,4.22500000,7.23960390,5.15510383,5.70000000,9.24106782,5.85000000,9.19081527,7.08837191,7.70000000,5.21381989,2.60000000,5.29165594,3.22627709,3.70000000,7.22904987,4.22500000,7.24286731,5.15954517,5.70000000,9.24427984,5.85000000,9.19407867,7.09281325,7.70000000,0.00000000,5.75000000,0.00000000,1.25000000,0.50000000,30.75000000,0.00000000,-2.61060787,-3.00083785,-3.39106782,-2.61381989,-3.00404987,-3.39427984
00-0038393,4,PHI,Dontayvion Wicks,WR,4,6.45267423,6.42500000,5.66964759,4.35318187,1.80000000,7.90533495,7.92500000,7.12320251,6.00691183,3.30000000,9.35799566,9.42500000,8.57675742,7.66064178,4.80000000,6.45388726,6.42500000,5.67096674,4.35564632,1.80000000,7.90654798,7.92500000,7.12452165,6.00937628,3.30000000,9.35920869,9.42500000,8.57807657,7.66310623,4.80000000,0.00000000,5.00000000,0.00000000,1.00000000,0.75000000,62.25000000,0.00000000,-0.02767423,0.01966505,0.06700434,-0.02888726,0.01845202,0.06579131
00-0037112,0,SF,Jake Tonges,TE,,,,5.28387176,,,,,7.11661322,,,,,8.94935468,,,,,5.28121280,,,,,7.11395426,,,,,8.94669572,,,,,,,,,,,,,,,
00-0034829,3,CIN,Mike Gesicki,TE,4,6.50664391,11.16666667,5.66752386,6.61592567,10.00000000,8.09641516,13.00000000,7.08778083,8.19126780,11.50000000,9.68618640,14.83333333,8.50803779,9.76660992,13.00000000,6.50494236,11.16666667,5.66557075,6.61330898,10.00000000,8.09471360,13.00000000,7.08582771,8.18865110,11.50000000,9.68448485,14.83333333,8.50608468,9.76399323,13.00000000,0.00000000,5.00000000,0.00000000,1.00000000,0.66666667,52.00000000,0.00000000,4.66002275,4.90358484,5.14714693,4.66172431,4.90528640,5.14884849
00-0036894,4,PIT,Pat Freiermuth,TE,4,5.97703355,6.20000000,5.57686152,6.59044522,7.70000000,7.56131847,7.95000000,7.07754118,8.21439930,9.20000000,9.14560340,9.70000000,8.57822085,9.83835339,10.70000000,6.00274525,6.20000000,5.59566739,6.58867212,7.70000000,7.58703018,7.95000000,7.09634705,8.21262620,9.20000000,9.17131510,9.70000000,8.59702671,9.83658029,10.70000000,0.50000000,4.75000000,0.00000000,0.75000000,0.50000000,38.75000000,0.00000000,0.22296645,0.38868153,0.55439660,0.19725475,0.36296982,0.52868490
00-0038544,4,LAC,Quentin Johnston,WR,4,5.29833434,2.77500000,5.72119461,5.02959955,4.00000000,6.75186526,3.65000000,7.02447045,5.27834080,4.50000000,8.20539619,4.52500000,8.32774629,5.52708205,5.00000000,5.30098397,2.77500000,5.72370564,5.03223666,4.00000000,6.75451490,3.65000000,7.02698148,5.28097791,4.50000000,8.20804583,4.52500000,8.33025732,5.52971916,5.00000000,0.50000000,4.75000000,0.00000000,0.00000000,0.25000000,59.25000000,0.00000000,-2.52333434,-3.10186526,-3.68039619,-2.52598397,-3.10451490,-3.68304583
00-0038454,4,LAC,Keaton Mitchell,RB,4,5.29556020,5.45000000,5.77427080,8.06905936,6.30000000,6.29823760,6.57500000,7.02422235,10.47069123,8.80000000,7.30091500,7.70000000,8.27417390,12.87232310,11.30000000,5.29774373,5.45000000,5.77623541,8.06998365,6.30000000,6.30042113,6.57500000,7.02618696,10.47161552,8.80000000,7.30309853,7.70000000,8.27613852,12.87324739,11.30000000,6.75000000,2.50000000,0.75000000,0.25000000,0.00000000,-3.75000000,0.00000000,0.15443980,0.27676240,0.39908500,0.15225627,0.27457887,0.39690147
00-0035535,0,NYG,Darius Slayton,WR,,,,5.62299895,,,,,6.98164597,,,,,8.34029300,,,,,5.62379783,,,,,6.98244486,,,,,8.34109188,,,,,,,,,,,,,,,
00-0040669,4,DET,Isaac TeSlaa,WR,4,5.02894859,4.67500000,5.61792875,9.20679457,9.50000000,6.27698171,5.80000000,6.98151245,11.57285719,11.50000000,7.52501482,6.92500000,8.34509615,13.93891981,13.50000000,5.03044627,4.67500000,5.61938443,9.20904478,9.50000000,6.27847938,5.80000000,6.98296814,11.57510741,11.50000000,7.52651249,6.92500000,8.34655184,13.94117003,13.50000000,0.00000000,4.25000000,0.00000000,0.75000000,0.50000000,54.50000000,0.00000000,-0.35394859,-0.47698171,-0.60001482,-0.35544627,-0.47847938,-0.60151249
00-0040024,2,PHI,Darius Cooper,WR,4,7.94535829,11.95000000,5.82143406,11.43765226,15.30000000,9.32744210,13.20000000,6.97751964,13.31233623,16.80000000,10.70952591,14.45000000,8.13360521,15.18702020,18.30000000,7.94481477,11.95000000,5.82150881,11.43643640,15.30000000,9.32689858,13.20000000,6.97759439,13.31112037,16.80000000,10.70898239,14.45000000,8.13367996,15.18580434,18.30000000,0.00000000,5.00000000,0.00000000,2.00000000,1.50000000,61.50000000,0.00000000,4.00464171,3.87255790,3.74047409,4.00518523,3.87310142,3.74101761
00-0041194,1,ATL,Jack Strand,QB,2,5.01109844,-0.04000000,6.17388445,5.01109844,-0.04000000,5.01539321,-0.04000000,6.95538762,5.01539321,-0.04000000,5.01968798,-0.04000000,7.73689079,5.01968798,-0.04000000,5.66125478,-0.04000000,6.40143917,5.66125478,-0.04000000,5.66554955,-0.04000000,7.18294234,5.66554955,-0.04000000,5.66984432,-0.04000000,7.96444551,5.66984432,-0.04000000,2.00000000,0.00000000,0.00000000,0.00000000,0.00000000,0.00000000,15.00000000,-5.05109844,-5.05539321,-5.05968798,-5.70125478,-5.70554955,-5.70984432
00-0039794,4,NYJ,Braelon Allen,RB,4,5.94828013,4.97500000,6.18346920,8.99141747,6.70000000,6.62647014,5.72500000,6.86980438,9.77339209,7.70000000,7.30466014,6.47500000,7.55613956,10.55536670,8.70000000,5.95038335,4.97500000,6.18581940,8.99571122,6.70000000,6.62857335,5.72500000,6.87215458,9.77768583,7.70000000,7.30676335,6.47500000,7.55848976,10.55966044,8.70000000,8.25000000,1.75000000,1.25000000,0.75000000,0.00000000,-0.50000000,0.00000000,-0.97328013,-0.90147014,-0.82966014,-0.97538335,-0.90357335,-0.83176335
00-0038935,4,JAX,Brenton Strange,TE,4,4.54186831,5.67500000,4.93832442,6.39727239,9.50000000,6.11648370,7.42500000,6.86452162,9.28032664,13.00000000,7.69109908,9.17500000,8.79071882,12.16338089,16.50000000,4.53943407,5.67500000,4.93549476,6.39341988,9.50000000,6.11404946,7.42500000,6.86169196,9.27647413,13.00000000,7.68866485,9.17500000,8.78788916,12.15952838,16.50000000,0.00000000,4.50000000,0.00000000,0.50000000,0.25000000,35.25000000,0.00000000,1.13313169,1.30851630,1.48390092,1.13556593,1.31095054,1.48633515
00-0040583,4,HOU,Woody Marks,RB,4,5.70126835,5.95000000,6.14758592,4.51773739,8.20000000,6.53892025,6.82500000,6.86085945,4.79429341,8.20000000,7.37657215,7.70000000,7.57413298,5.07084944,8.20000000,5.70261590,5.95000000,6.14980208,4.51900006,8.20000000,6.54026780,6.82500000,6.86307562,4.79555608,8.20000000,7.37791970,7.70000000,7.57634915,5.07211210,8.20000000,7.00000000,2.25000000,1.00000000,0.50000000,0.00000000,5.00000000,0.00000000,0.24873165,0.28607975,0.32342785,0.24738410,0.28473220,0.32208030
00-0040189,4,LAC,Oronde Gadsden II,TE,4,4.16963609,3.70000000,5.14373275,7.57512962,3.80000000,5.51317940,4.82500000,6.85964647,10.56764127,6.30000000,6.85672271,5.95000000,8.57556020,13.56015292,8.80000000,4.18119187,3.70000000,5.16052148,7.62662745,3.80000000,5.52473518,4.82500000,6.87643520,10.61913910,6.30000000,6.86827849,5.95000000,8.59234893,13.61165075,8.80000000,0.25000000,3.75000000,0.00000000,0.75000000,0.25000000,23.50000000,0.00000000,-0.46963609,-0.68817940,-0.90672271,-0.48119187,-0.69973518,-0.91827849
00-0035644,2,NO,Noah Fant,TE,3,7.26599173,12.30000000,5.19709718,5.90166557,15.30000000,9.39500650,14.30000000,6.83584244,7.32770571,17.30000000,11.52402127,16.30000000,8.47458770,8.75374586,19.30000000,7.26362928,12.30000000,5.19471628,5.89980268,15.30000000,9.39264405,14.30000000,6.83346154,7.32584282,17.30000000,11.52165882,16.30000000,8.47220680,8.75188296,19.30000000,0.00000000,6.00000000,0.00000000,1.50000000,1.00000000,30.50000000,0.00000000,5.03400827,4.90499350,4.77597873,5.03637072,4.90735595,4.77834118
00-0037263,4,ARI,Tyler Allgeier,RB,4,6.38016395,5.17500000,5.85878304,6.73424301,10.90000000,7.42685392,6.42500000,6.81103518,7.56663498,11.90000000,8.47354388,7.67500000,7.76328733,8.39902695,12.90000000,6.38320682,5.17500000,5.86172950,6.73764388,10.90000000,7.42989678,6.42500000,6.81398164,7.57003586,11.90000000,8.47658675,7.67500000,7.76623378,8.40242783,12.90000000,8.00000000,2.50000000,1.50000000,0.50000000,0.00000000,-9.00000000,0.00000000,-1.20516395,-1.00185392,-0.79854388,-1.20820682,-1.00489678,-0.80158675
00-0038129,4,TB,Cade Otton,TE,4,4.86058258,3.92500000,4.67994956,4.07406013,3.70000000,6.91180131,5.80000000,6.77969685,6.35987343,5.70000000,8.96302004,7.67500000,8.87944415,8.64568672,7.70000000,4.85729838,3.92500000,4.67657927,4.07015549,3.70000000,6.90851710,5.80000000,6.77632657,6.35596878,5.70000000,8.95973583,7.67500000,8.87607386,8.64178208,7.70000000,0.00000000,5.75000000,0.00000000,0.50000000,0.00000000,40.25000000,0.00000000,-0.93558258,-1.11180131,-1.28802004,-0.93229838,-1.10851710,-1.28473583
00-0040727,4,LAC,Tre Harris,WR,4,5.47661412,5.22500000,5.25224261,5.86981134,6.00000000,7.10316981,6.85000000,6.71799047,7.21180728,7.50000000,8.72972550,8.47500000,8.18373832,8.55380323,9.00000000,5.47809772,5.22500000,5.25379373,5.87071240,6.00000000,7.10465342,6.85000000,6.71954159,7.21270834,7.50000000,8.73120911,8.47500000,8.18528944,8.55470428,9.00000000,0.00000000,5.25000000,0.00000000,0.75000000,0.00000000,63.25000000,0.25000000,-0.25161412,-0.25316981,-0.25472550,-0.25309772,-0.25465342,-0.25620911
00-0040198,3,MIA,Ollie Gordon II,RB,4,6.69371547,9.40000000,6.06834749,5.92149803,16.00000000,7.38915573,10.23333333,6.71440195,6.80172693,17.00000000,8.08459599,11.06666667,7.36045642,7.68195583,18.00000000,6.69725896,9.40000000,6.07171894,5.92482853,16.00000000,7.39269922,10.23333333,6.71777340,6.80505743,17.00000000,8.08813948,11.06666667,7.36382786,7.68528633,18.00000000,9.66666667,1.66666667,2.00000000,0.00000000,0.00000000,-5.33333333,0.00000000,2.70628453,2.84417760,2.98207068,2.70274104,2.84063411,2.97852719
00-0041040,4,WAS,Antonio Williams,WR,4,5.06304138,4.60000000,5.16714280,7.79785462,2.10000000,6.52699439,6.10000000,6.68796246,10.30356832,3.60000000,7.99094740,7.60000000,8.20878213,12.80928203,5.10000000,5.06464104,4.60000000,5.16861592,7.80016455,2.10000000,6.52859405,6.10000000,6.68943558,10.30587826,3.60000000,7.99254706,7.60000000,8.21025525,12.81159196,5.10000000,0.00000000,4.75000000,0.00000000,0.50000000,0.25000000,55.00000000,0.25000000,-0.46304138,-0.42699439,-0.39094740,-0.46464104,-0.42859405,-0.39254706
00-0039849,4,ARI,Marvin Harrison Jr.,WR,4,4.25745305,3.62500000,5.49474743,6.75406392,7.20000000,5.13210213,4.25000000,6.62829576,7.83251216,7.70000000,6.00675121,4.87500000,7.76184410,8.91096041,8.20000000,4.25845160,3.62500000,5.49583129,6.75592041,7.20000000,5.13310068,4.25000000,6.62937963,7.83436865,7.70000000,6.00774976,4.87500000,7.76292796,8.91281689,8.20000000,0.00000000,3.25000000,0.00000000,0.50000000,0.50000000,50.50000000,0.00000000,-0.63245305,-0.88210213,-1.13175121,-0.63345160,-0.88310068,-1.13274976
00-0034383,4,HOU,Dalton Schultz,TE,4,5.38594137,5.35000000,4.62228402,1.92711965,0.90000000,7.84302391,7.97500000,6.55957342,2.70893265,1.90000000,10.30010645,10.60000000,8.49686281,3.49074564,2.90000000,5.38214818,5.35000000,4.61908671,1.92470333,0.90000000,7.83923072,7.97500000,6.55637611,2.70651633,1.90000000,10.29631326,10.60000000,8.49366551,3.48832932,2.90000000,0.00000000,6.75000000,0.00000000,0.50000000,0.00000000,40.25000000,0.00000000,-0.03594137,0.13197609,0.29989355,-0.03214818,0.13576928,0.30368674
00-0039793,4,SEA,AJ Barner,TE,4,4.44384371,4.07500000,4.92075399,2.96147632,1.20000000,5.85044597,5.20000000,6.46239377,4.06335845,1.70000000,7.25704823,6.32500000,8.00403355,5.16524059,2.20000000,4.45528089,4.07500000,4.93229841,2.95897905,1.20000000,5.86188315,5.20000000,6.47393820,4.06086119,1.70000000,7.26848541,6.32500000,8.01557798,5.16274332,2.20000000,0.25000000,3.75000000,0.25000000,1.25000000,0.50000000,8.75000000,0.00000000,-0.36884371,-0.65044597,-0.93204823,-0.38028089,-0.66188315,-0.94348541
00-0030506,4,KC,Travis Kelce,TE,4,4.72574999,9.15000000,4.57129935,2.69612962,1.50000000,6.70124329,11.15000000,6.39458506,4.22536902,2.50000000,8.67673659,13.15000000,8.21787076,5.75460841,3.50000000,4.72226733,9.15000000,4.56868325,2.69296779,1.50000000,6.69776062,11.15000000,6.39196896,4.22220718,2.50000000,8.67325392,13.15000000,8.21525466,5.75144657,3.50000000,0.00000000,5.50000000,0.00000000,0.50000000,0.25000000,33.00000000,0.00000000,4.42425001,4.44875671,4.47326341,4.42773267,4.45223938,4.47674608
00-0036919,4,TB,Kenny Gainwell,RB,4,4.14113958,3.25000000,5.08271232,3.99504847,8.70000000,5.28962098,4.25000000,6.38145390,4.76250034,9.70000000,6.43810238,5.25000000,7.68019548,5.52995221,10.70000000,4.14527650,3.25000000,5.08686514,3.99676712,8.70000000,5.29375790,4.25000000,6.38560672,4.76421899,9.70000000,6.44223930,5.25000000,7.68434831,5.53167086,10.70000000,3.25000000,3.00000000,0.25000000,0.75000000,0.25000000,-1.50000000,0.00000000,-0.89113958,-1.03962098,-1.18810238,-0.89527650,-1.04375790,-1.19223930
00-0034577,0,DET,Kyle Allen,QB,,,,5.44691072,,,,,6.34763951,,,,,7.24836830,,,,,5.56069477,,,,,6.46142356,,,,,7.36215236,,,,,,,,,,,,,,,
00-0038476,1,NE,Tommy DeVito,QB,3,3.27494310,1.40000000,5.56623008,3.27494310,1.40000000,3.27805976,1.40000000,6.34732092,3.27805976,1.40000000,3.28117643,1.40000000,7.12841175,3.28117643,1.40000000,3.96547575,1.40000000,5.80791651,3.96547575,1.40000000,3.96859241,1.40000000,6.58900734,3.96859241,1.40000000,3.97170908,1.40000000,7.37009818,3.97170908,1.40000000,1.00000000,0.00000000,0.00000000,0.00000000,0.00000000,0.00000000,5.00000000,-1.87494310,-1.87805976,-1.88117643,-2.56547575,-2.56859241,-2.57170908
00-0033869,0,BUF,Mitchell Trubisky,QB,,,,6.30417957,,,,,6.30934329,,,,,6.31450701,,,,,8.01214526,,,,,8.01730898,,,,,8.02247270,,,,,,,,,,,,,,,
00-0033943,0,NYJ,Josh Reynolds,WR,,,,4.92570561,,,,,6.24961704,,,,,7.57352848,,,,,4.92641726,,,,,6.25032869,,,,,7.57424013,,,,,,,,,,,,,,,
00-0034775,0,HOU,Christian Kirk,WR,,,,4.60318225,,,,,6.23542923,,,,,7.86767620,,,,,4.60525009,,,,,6.23749707,,,,,7.86974404,,,,,,,,,,,,,,,
00-0041496,1,DEN,Jonah Coleman,RB,2,9.16164387,11.80000000,5.41657536,9.16164387,11.80000000,10.35507095,13.30000000,6.22427483,10.35507095,13.30000000,11.54849803,14.80000000,7.03197431,11.54849803,14.80000000,9.16536740,11.80000000,5.41787859,9.16536740,11.80000000,10.35879448,13.30000000,6.22557807,10.35879448,13.30000000,11.55222156,14.80000000,7.03327755,11.55222156,14.80000000,10.00000000,3.00000000,3.00000000,0.00000000,0.00000000,0.00000000,0.00000000,2.63835613,2.94492905,3.25150197,2.63463260,2.94120552,3.24777844
00-0037157,1,ARI,Bam Knight,RB,2,0.75472209,2.40000000,5.45366079,0.75472209,2.40000000,0.74243495,2.40000000,6.21371187,0.74243495,2.40000000,0.73014782,2.40000000,6.97376295,0.73014782,2.40000000,0.75577264,2.40000000,5.45647339,0.75577264,2.40000000,0.74348551,2.40000000,6.21652447,0.74348551,2.40000000,0.73119837,2.40000000,6.97657555,0.73119837,2.40000000,2.00000000,0.00000000,0.00000000,0.00000000,0.00000000,0.00000000,0.00000000,1.64527791,1.65756505,1.66985218,1.64422736,1.65651449,1.66880163
00-0037664,2,IND,Alec Pierce,WR,2,3.92827001,3.60000000,5.11548910,0.81821945,1.10000000,4.91983097,4.85000000,6.20790217,1.12202015,1.60000000,5.91139194,6.10000000,7.30031524,1.42582084,2.10000000,3.92850670,3.60000000,5.11551538,0.81911291,1.10000000,4.92006766,4.85000000,6.20792845,1.12291361,1.60000000,5.91162862,6.10000000,7.30034151,1.42671430,2.10000000,0.00000000,3.50000000,0.00000000,0.50000000,0.00000000,56.50000000,0.00000000,-0.32827001,-0.06983097,0.18860806,-0.32850670,-0.07006766,0.18837138
00-0034791,0,HOU,Nick Chubb,RB,,,,5.62266680,,,,,6.12790357,,,,,6.63314035,,,,,5.62551738,,,,,6.13075415,,,,,6.63599092,,,,,,,,,,,,,,,
00-0038582,0,GB,Clayton Tune,QB,,,,5.49690455,,,,,6.09916907,,,,,6.70143360,,,,,5.86180924,,,,,6.46407376,,,,,7.06633828,,,,,,,,,,,,,,,
00-0037545,4,SEA,Rashid Shaheed,WR,4,4.40738087,4.25000000,4.92792990,6.18013090,11.30000000,5.59912161,5.12500000,6.09653715,6.90643519,11.80000000,6.79086236,6.00000000,7.26514439,7.63273948,12.30000000,4.41415191,4.25000000,4.93516590,6.19297584,11.30000000,5.60589266,5.12500000,6.10377315,6.91928013,11.80000000,6.79763341,6.00000000,7.27238040,7.64558442,12.30000000,0.75000000,3.75000000,0.50000000,0.00000000,0.00000000,41.50000000,0.00000000,-0.15738087,-0.47412161,-0.79086236,-0.16415191,-0.48089266,-0.79763341
00-0038041,4,DAL,Jake Ferguson,TE,4,4.26753962,6.07500000,4.44775342,2.84155759,1.10000000,5.62686091,7.57500000,6.06417650,4.34628422,2.60000000,6.98618220,9.07500000,7.68059959,5.85101085,4.10000000,4.26523859,6.07500000,4.44563263,2.83851805,1.10000000,5.62455988,7.57500000,6.06205572,4.34324468,2.60000000,6.98388117,9.07500000,7.67847880,5.84797131,4.10000000,0.00000000,3.75000000,0.00000000,1.00000000,0.50000000,16.25000000,0.00000000,1.80746038,1.94813909,2.08881780,1.80976141,1.95044012,2.09111883
00-0034983,0,CAR,Hunter Renfrow,WR,,,,4.60230676,,,,,6.03169386,,,,,7.46108096,,,,,4.60381062,,,,,6.03319772,,,,,7.46258482,,,,,,,,,,,,,,,
00-0036252,3,PIT,Michael Pittman,WR,4,3.46842997,2.96666667,4.42851081,3.58052633,1.50000000,4.78888431,4.13333333,6.02660166,4.87224203,2.50000000,6.10933865,5.30000000,7.62469251,6.16395773,3.50000000,3.46971867,2.96666667,4.43017511,3.58281666,1.50000000,4.79017301,4.13333333,6.02826596,4.87453236,2.50000000,6.11062735,5.30000000,7.62635681,6.16624806,3.50000000,0.00000000,4.00000000,0.00000000,0.00000000,0.00000000,37.66666667,0.00000000,-0.50176331,-0.65555098,-0.80933865,-0.50305200,-0.65683968,-0.81062735
00-0033357,0,NO,Taysom Hill,TE,,,,5.56102385,,,,,6.02550645,,,,,6.48998905,,,,,5.78227795,,,,,6.24676055,,,,,6.71124315,,,,,,,,,,,,,,,
00-0039107,1,LA,Stetson Bennett,QB,1,2.33591375,1.42000000,5.23756981,2.33591375,1.42000000,2.33928698,1.42000000,6.01875044,2.33928698,1.42000000,2.34266022,1.42000000,6.79993108,2.34266022,1.42000000,2.83702050,1.42000000,5.41295717,2.83702050,1.42000000,2.84039373,1.42000000,6.19413781,2.84039373,1.42000000,2.84376697,1.42000000,6.97531844,2.84376697,1.42000000,1.00000000,0.00000000,0.00000000,0.00000000,0.00000000,0.00000000,3.00000000,-0.91591375,-0.91928698,-0.92266022,-1.41702050,-1.42039373,-1.42376697
00-0039893,4,JAX,Brian Thomas Jr.,WR,4,4.07853869,4.12500000,4.81247736,5.35647344,7.70000000,5.26410902,5.25000000,6.01109160,6.24743132,8.70000000,6.44967935,6.37500000,7.20970584,7.13838921,9.70000000,4.07915587,4.12500000,4.81325161,5.35633195,7.70000000,5.26472620,5.25000000,6.01186586,6.24728983,8.70000000,6.45029653,6.37500000,7.21048010,7.13824772,9.70000000,0.00000000,3.75000000,0.00000000,0.50000000,0.25000000,36.75000000,0.00000000,0.04646131,-0.01410902,-0.07467935,0.04584413,-0.01472620,-0.07529653
00-0033921,4,TB,Chris Godwin Jr.,WR,4,3.50586089,3.92500000,4.06417638,4.47934434,3.10000000,5.17537997,5.92500000,5.97510165,7.14941805,6.10000000,6.84489906,7.92500000,7.88602692,9.81949177,9.10000000,3.50928365,3.92500000,4.06731536,4.48349880,3.10000000,5.17880274,5.92500000,5.97824063,7.15357251,6.10000000,6.84832182,7.92500000,7.88916590,9.82364623,9.10000000,0.50000000,4.50000000,0.00000000,0.00000000,0.00000000,17.00000000,0.00000000,0.41913911,0.74962003,1.08010094,0.41571635,0.74619726,1.07667818
00-0034351,2,PHI,Dallas Goedert,TE,2,4.10791620,10.05000000,4.51204594,1.28184213,0.40000000,5.31407062,11.30000000,5.96014403,2.06063581,0.90000000,6.52022504,12.55000000,7.40824213,2.83942948,1.40000000,4.10526211,10.05000000,4.50957211,1.27939253,0.40000000,5.31141653,11.30000000,5.95767021,2.05818620,0.90000000,6.51757094,12.55000000,7.40576830,2.83697988,1.40000000,0.00000000,3.50000000,0.00000000,1.00000000,0.50000000,28.00000000,0.00000000,5.94208380,5.98592938,6.02977496,5.94473789,5.98858347,6.03242906
00-0033662,2,ATL,Cooper Rush,QB,2,5.63526839,2.58000000,5.82821758,6.14798377,-0.56000000,5.63895021,2.58000000,5.95817808,6.15191408,-0.56000000,5.64263204,2.58000000,6.08813859,6.15584439,-0.56000000,6.48459960,3.58000000,6.66701808,7.04159555,-0.56000000,6.48828143,3.58000000,6.79697858,7.04552586,-0.56000000,6.49196326,3.58000000,6.92693909,7.04945617,-0.56000000,1.00000000,0.00000000,0.00000000,0.00000000,0.00000000,0.00000000,19.50000000,-3.05526839,-3.05895021,-3.06263204,-2.90459960,-2.90828143,-2.91196326
00-0040130,0,HOU,Jayden Higgins,WR,,,,4.74510594,,,,,5.94941469,,,,,7.15372343,,,,,4.74641911,,,,,5.95072786,,,,,7.15503661,,,,,,,,,,,,,,,
00-0037614,2,CAR,John Metchie III,WR,4,5.11607658,5.80000000,4.31638087,4.16879053,3.70000000,6.76639693,7.05000000,5.87331751,5.86886490,5.20000000,8.41671728,8.30000000,7.43025415,7.56893928,6.70000000,5.11674071,5.80000000,4.31778074,4.16978948,3.70000000,6.76706106,7.05000000,5.87471738,5.86986385,5.20000000,8.41738141,8.30000000,7.43165403,7.56993822,6.70000000,0.00000000,5.00000000,0.00000000,0.50000000,0.50000000,40.50000000,0.00000000,0.68392342,0.28360307,-0.11671728,0.68325929,0.28293894,-0.11738141
00-0040785,4,CIN,Dohnte Meyers,WR,4,3.14146382,3.47500000,4.15212597,7.37881683,8.20000000,4.57552834,4.85000000,5.86554569,10.49354962,11.70000000,6.00959286,6.22500000,7.57896540,13.60828242,15.20000000,3.14427984,3.47500000,4.15451263,7.38212552,8.20000000,4.57834436,4.85000000,5.86793235,10.49685831,11.70000000,6.01240888,6.22500000,7.58135206,13.61159111,15.20000000,0.25000000,4.00000000,0.00000000,0.00000000,0.00000000,21.00000000,0.00000000,0.33353618,0.27447166,0.21540714,0.33072016,0.27165564,0.21259112
00-0038555,4,PHI,Tank Bigsby,RB,4,4.82757330,3.52500000,5.46229405,9.20940468,5.50000000,5.23422690,3.90000000,5.84088484,9.61198275,5.50000000,5.64088051,4.27500000,6.21947562,10.01456082,5.50000000,4.83086569,3.52500000,5.46625226,9.21711850,5.50000000,5.23751930,3.90000000,5.84484305,9.61969657,5.50000000,5.64417290,4.27500000,6.22343383,10.02227464,5.50000000,7.00000000,1.00000000,1.25000000,0.00000000,0.00000000,-2.00000000,0.00000000,-1.30257330,-1.33422690,-1.36588051,-1.30586569,-1.33751930,-1.36917290
00-0037276,0,MIN,Ty Chandler,RB,,,,5.11826960,,,,,5.83785787,,,,,6.55744614,,,,,5.12063891,,,,,5.84022718,,,,,6.55981545,,,,,,,,,,,,,,,
00-0038558,4,PIT,Darnell Washington,TE,4,3.47996029,4.47500000,4.55239580,8.51459933,8.70000000,4.62046094,5.60000000,5.82853212,10.01428792,10.20000000,5.76096158,6.72500000,7.10466844,11.51397651,11.70000000,3.47693573,4.47500000,4.54926462,8.51043980,8.70000000,4.61743637,5.60000000,5.82540094,10.01012838,10.20000000,5.75793701,6.72500000,7.10153726,11.50981697,11.70000000,0.00000000,3.25000000,0.00000000,0.50000000,0.75000000,16.50000000,0.00000000,0.99503971,0.97953906,0.96403842,0.99806427,0.98256363,0.96706299
00-0036988,3,BUF,Josh Palmer,WR,4,4.89947121,6.66666667,4.88843441,7.70496489,0.30000000,5.66751224,7.16666667,5.79050525,8.85321356,0.80000000,6.43555328,7.66666667,6.69257608,10.00146224,1.30000000,4.90057298,6.66666667,4.88945210,7.70536201,0.30000000,5.66861402,7.16666667,5.79152294,8.85361068,0.80000000,6.43665506,7.66666667,6.69359377,10.00185935,1.30000000,0.00000000,3.33333333,0.00000000,0.33333333,0.33333333,70.33333333,0.00000000,1.76719546,1.49915442,1.23111338,1.76609369,1.49805265,1.23001161
00-0039738,4,LA,Blake Corum,RB,4,5.15476516,4.55000000,5.04193981,3.56494616,2.10000000,5.82855771,5.05000000,5.76898740,4.29958583,2.60000000,6.50235027,5.55000000,6.49603499,5.03422549,3.10000000,5.15734270,4.55000000,5.04390546,3.56524755,2.10000000,5.83113526,5.05000000,5.77095305,4.29988721,2.60000000,6.50492782,5.55000000,6.49800064,5.03452687,3.10000000,8.25000000,1.75000000,0.00000000,0.25000000,0.00000000,-0.50000000,0.00000000,-0.60476516,-0.77855771,-0.95235027,-0.60734270,-0.78113526,-0.95492782
00-0039915,4,LAC,Ladd McConkey,WR,4,5.05258973,6.07500000,4.50367686,1.72084945,0.00000000,6.29728300,7.57500000,5.75844970,2.36077273,0.00000000,7.54197626,9.07500000,7.01322253,3.00069601,0.00000000,5.05290012,6.07500000,4.50459860,1.72162153,0.00000000,6.29759339,7.57500000,5.75937143,2.36154481,0.00000000,7.54228665,9.07500000,7.01414427,3.00146809,0.00000000,0.00000000,4.25000000,0.00000000,0.50000000,0.25000000,57.00000000,0.00000000,1.02241027,1.27771700,1.53302374,1.02209988,1.27740661,1.53271335
00-0037252,3,MIA,Greg Dulcich,TE,3,3.39882896,3.00000000,4.06493146,6.35309533,5.50000000,4.83840092,4.50000000,5.65657585,8.72372532,8.00000000,6.27797289,6.00000000,7.24822024,11.09435530,10.50000000,3.39588647,3.00000000,4.06372041,6.34955106,5.50000000,4.83545844,4.50000000,5.65536480,8.72018105,8.00000000,6.27503040,6.00000000,7.24700919,11.09081104,10.50000000,0.00000000,4.00000000,0.00000000,0.66666667,0.00000000,22.66666667,0.00000000,-0.39882896,-0.33840092,-0.27797289,-0.39588647,-0.33545844,-0.27503040
00-0030061,2,PHI,Zach Ertz,TE,4,2.62065906,1.10000000,4.17705266,3.31419846,1.30000000,3.72409563,1.85000000,5.65004162,4.73925862,2.30000000,4.82753221,2.60000000,7.12303059,6.16431877,3.30000000,2.61812987,1.10000000,4.17461236,3.31155640,1.30000000,3.72156644,1.85000000,5.64760132,4.73661655,2.30000000,4.82500301,2.60000000,7.12059029,6.16167671,3.30000000,0.00000000,3.00000000,0.00000000,0.50000000,0.00000000,17.50000000,0.00000000,-1.52065906,-1.87409563,-2.22753221,-1.51812987,-1.87156644,-2.22500301
00-0041067,4,NO,Bryce Lance,WR,4,4.31202218,1.42500000,4.71477634,7.63997767,0.70000000,5.29077307,2.05000000,5.61111973,8.80117217,1.20000000,6.26952397,2.67500000,6.50746311,9.96236668,1.70000000,4.31257584,1.42500000,4.71522652,7.64052254,0.70000000,5.29132674,2.05000000,5.61156991,8.80171704,1.20000000,6.27007763,2.67500000,6.50791329,9.96291155,1.70000000,0.00000000,3.50000000,0.00000000,0.50000000,0.00000000,53.50000000,0.00000000,-2.88702218,-3.24077307,-3.59452397,-2.88757584,-3.24132674,-3.59507763
00-0038621,4,NE,DeMario Douglas,WR,4,4.65019772,2.05000000,4.49726091,3.77247048,1.50000000,5.95003321,3.17500000,5.56814199,4.66064861,2.50000000,7.24986869,4.30000000,6.63902307,5.54882673,3.50000000,4.65304530,2.05000000,4.49959785,3.77365248,1.50000000,5.95288079,3.17500000,5.57047892,4.66183060,2.50000000,7.25271628,4.30000000,6.64136000,5.55000872,3.50000000,0.00000000,4.25000000,0.00000000,0.50000000,0.75000000,45.00000000,0.00000000,-2.60019772,-2.77503321,-2.94986869,-2.60304530,-2.77788079,-2.95271628
00-0039342,2,CAR,Xavier Legette,WR,2,3.79382163,3.20000000,4.46333272,5.86679382,6.40000000,4.60243121,3.70000000,5.51517416,6.84408969,7.40000000,5.41104078,4.20000000,6.56701560,7.82138555,8.40000000,3.79432566,3.20000000,4.46436071,5.86702979,6.40000000,4.60293523,3.70000000,5.51620214,6.84432566,7.40000000,5.41154481,4.20000000,6.56804358,7.82162153,8.40000000,0.00000000,3.00000000,0.00000000,0.50000000,0.50000000,48.50000000,0.00000000,-0.59382163,-0.90243121,-1.21104078,-0.59432566,-0.90293523,-1.21154481
00-0038728,3,HOU,Jared Wayne,WR,3,4.66402817,2.16666667,4.46500718,4.57725799,2.00000000,5.78370579,2.83333333,5.50811368,5.66080635,2.50000000,6.90338340,3.50000000,6.55122019,6.74435471,3.00000000,4.66553122,2.16666667,4.46621925,4.57916693,2.00000000,5.78520883,2.83333333,5.50932575,5.66271530,2.50000000,6.90488645,3.50000000,6.55243225,6.74626366,3.00000000,0.00000000,4.00000000,0.00000000,0.33333333,0.33333333,61.66666667,0.00000000,-2.49736151,-2.95037246,-3.40338340,-2.49886455,-2.95187550,-3.40488645
00-0027973,1,PHI,Andy Dalton,QB,3,2.25373411,-2.00000000,5.27442794,2.25373411,-2.00000000,2.25754259,-2.00000000,5.47291113,2.25754259,-2.00000000,2.26135107,-2.00000000,5.67139431,2.26135107,-2.00000000,3.08204950,-2.00000000,6.38487776,3.08204950,-2.00000000,3.08585798,-2.00000000,6.58336094,3.08585798,-2.00000000,3.08966646,-2.00000000,6.78184413,3.08966646,-2.00000000,0.00000000,0.00000000,0.00000000,0.00000000,0.00000000,0.00000000,1.00000000,-4.25373411,-4.25754259,-4.26135107,-5.08204950,-5.08585798,-5.08966646
00-0040202,0,NO,Devin Neal,RB,,,,4.58126182,,,,,5.43369212,,,,,6.28612241,,,,,4.58317968,,,,,5.43560997,,,,,6.28804026,,,,,,,,,,,,,,,
00-0038933,4,BUF,Dalton Kincaid,TE,4,5.12699366,7.75000000,4.17567870,1.89991097,0.70000000,6.61894168,9.62500000,5.43045860,2.57452541,1.20000000,8.11088970,11.50000000,6.68523850,3.24913985,1.70000000,5.12467686,7.75000000,4.17350554,1.89798114,0.70000000,6.61662488,9.62500000,5.42828544,2.57259558,1.20000000,8.10857290,11.50000000,6.68306534,3.24721001,1.70000000,0.00000000,4.75000000,0.00000000,0.25000000,0.25000000,59.75000000,0.00000000,2.62300634,3.00605832,3.38911030,2.62532314,3.00837512,3.39142710
00-0036626,4,WAS,Dyami Brown,WR,4,4.49154916,1.65000000,4.60075346,5.68204083,6.50000000,5.30602309,2.52500000,5.42817368,6.54551001,8.00000000,6.12049701,3.40000000,6.25559390,7.40897920,9.50000000,4.49216430,1.65000000,4.60163933,5.68143800,6.50000000,5.30663823,2.52500000,5.42905955,6.54490719,8.00000000,6.12111215,3.40000000,6.25647976,7.40837638,9.50000000,0.00000000,3.25000000,0.00000000,0.25000000,0.50000000,59.25000000,0.25000000,-2.84154916,-2.78102309,-2.72049701,-2.84216430,-2.78163823,-2.72111215
00-0036893,3,NYG,Najee Harris,RB,4,5.49417868,2.93333333,5.22812058,7.55068669,3.00000000,5.49692419,2.93333333,5.34524601,7.56161645,3.00000000,5.49966970,2.93333333,5.46237143,7.57254621,3.00000000,5.49817198,2.93333333,5.23132087,7.55503627,3.00000000,5.50091749,2.93333333,5.34844630,7.56596603,3.00000000,5.50366300,2.93333333,5.46557172,7.57689579,3.00000000,7.66666667,0.00000000,2.33333333,0.00000000,0.00000000,0.00000000,0.00000000,-2.56084535,-2.56359086,-2.56633636,-2.56483865,-2.56758416,-2.57032967
00-0035289,0,KC,Gardner Minshew,QB,,,,4.73818056,,,,,5.33978605,,,,,5.94139154,,,,,5.02146280,,,,,5.62306828,,,,,6.22467377,,,,,,,,,,,,,,,
00-0033090,4,NE,Hunter Henry,TE,4,3.28276456,3.32500000,3.86557196,3.98498522,6.20000000,4.60031033,4.82500000,5.31676174,5.79139642,8.70000000,5.91785611,6.32500000,6.76795151,7.59780763,11.20000000,3.28019441,3.32500000,3.86303781,3.98195647,6.20000000,4.59774019,4.82500000,5.31422758,5.78836767,8.70000000,5.91528596,6.32500000,6.76541735,7.59477887,11.20000000,0.00000000,3.75000000,0.00000000,0.25000000,0.00000000,29.75000000,0.00000000,0.04223544,0.22468967,0.40714389,0.04480559,0.22725981,0.40971404
00-0041525,4,MIA,Chris Bell,WR,4,4.12634861,2.30000000,4.45119503,4.03205773,0.00000000,4.93929088,2.92500000,5.29776386,4.70828142,0.00000000,5.75223315,3.55000000,6.14433269,5.38450512,0.00000000,4.12782698,2.30000000,4.45227949,4.03327543,0.00000000,4.94076925,2.92500000,5.29884833,4.70949912,0.00000000,5.75371152,3.55000000,6.14541716,5.38572281,0.00000000,0.00000000,3.25000000,0.00000000,0.00000000,0.25000000,62.50000000,0.00000000,-1.82634861,-2.01429088,-2.20223315,-1.82782698,-2.01576925,-2.20371152
00-0039299,4,SEA,George Holani,RB,4,5.08328120,3.05000000,4.56936334,4.08066935,2.00000000,5.87647678,3.92500000,5.29142729,4.44276357,2.50000000,6.66967236,4.80000000,6.01349124,4.80485780,3.00000000,5.08474918,3.05000000,4.57098219,4.08307029,2.00000000,5.87794476,3.92500000,5.29304614,4.44516451,2.50000000,6.67114034,4.80000000,6.01511009,4.80725874,3.00000000,5.50000000,2.00000000,1.50000000,0.25000000,0.00000000,-1.50000000,0.00000000,-2.03328120,-1.95147678,-1.86967236,-2.03474918,-1.95294476,-1.87114034
00-0040736,1,NYJ,Mason Taylor,TE,1,1.69812995,-0.20000000,3.63564326,1.69812995,-0.20000000,2.90117201,0.80000000,5.25565684,2.90117201,0.80000000,4.10421407,1.80000000,6.87567042,4.10421407,1.80000000,1.69507964,-0.20000000,3.63275822,1.69507964,-0.20000000,2.89812169,0.80000000,5.25277180,2.89812169,0.80000000,4.10116375,1.80000000,6.87278538,4.10116375,1.80000000,0.00000000,3.00000000,0.00000000,0.00000000,0.00000000,1.00000000,0.00000000,-1.89812995,-2.10117201,-2.30421407,-1.89507964,-2.09812169,-2.30116375
00-0041048,4,TB,Ted Hurst III,WR,4,5.10017486,4.70000000,4.31537360,2.52599860,2.50000000,6.15487041,5.70000000,5.25169054,3.52146322,3.50000000,7.20956596,6.70000000,6.18800748,4.51692784,4.50000000,5.10152435,4.70000000,4.31642084,2.52687093,2.50000000,6.15621990,5.70000000,5.25273778,3.52233555,3.50000000,7.21091545,6.70000000,6.18905472,4.51780017,4.50000000,0.00000000,4.00000000,0.00000000,0.50000000,0.50000000,69.25000000,0.00000000,-0.40017486,-0.45487041,-0.50956596,-0.40152435,-0.45621990,-0.51091545
00-0040590,4,LA,Konata Mumpfield,WR,4,3.91866402,4.30000000,4.20969770,3.36026220,0.70000000,4.89859671,5.05000000,5.25021428,4.17992406,1.20000000,5.87852939,5.80000000,6.29073087,4.99958592,1.70000000,3.91907137,4.30000000,4.21020005,3.36112252,0.70000000,4.89900405,5.05000000,5.25071663,4.18078438,1.20000000,5.87893674,5.80000000,6.29123321,5.00044625,1.70000000,0.00000000,3.50000000,0.00000000,0.25000000,0.00000000,57.75000000,0.00000000,0.38133598,0.15140329,-0.07852939,0.38092863,0.15099595,-0.07893674
00-0041032,4,NYJ,Kenyon Sadiq,TE,4,3.84729091,6.65000000,3.74816282,2.58705865,0.00000000,5.46959711,8.15000000,5.24283762,4.13468262,0.00000000,7.09190332,9.65000000,6.73751242,5.68230658,0.00000000,3.85799227,6.65000000,3.75079720,2.58380509,0.00000000,5.48029847,8.15000000,5.24547200,4.13142906,0.00000000,7.10260468,9.65000000,6.74014680,5.67905302,0.00000000,0.25000000,4.50000000,0.25000000,0.00000000,0.25000000,24.25000000,0.00000000,2.80270909,2.68040289,2.55809668,2.79200773,2.66970153,2.54739532
00-0037837,0,PIT,Calvin Austin III,WR,,,,4.00273458,,,,,5.22630639,,,,,6.44987819,,,,,4.00432206,,,,,5.22789386,,,,,6.45146567,,,,,,,,,,,,,,,
00-0035250,2,NYG,Devin Singletary,RB,2,4.31554528,5.35000000,4.50229723,1.79389282,0.90000000,5.34441752,6.35000000,5.20392516,2.18290583,0.90000000,6.37328976,7.35000000,5.90555309,2.57191884,0.90000000,4.31717883,5.35000000,4.50451979,1.79474399,0.90000000,5.34605107,6.35000000,5.20614772,2.18375701,0.90000000,6.37492331,7.35000000,5.90777565,2.57277002,0.90000000,4.50000000,2.50000000,0.50000000,1.00000000,0.00000000,-8.50000000,0.00000000,1.03445472,1.00558248,0.97671024,1.03282117,1.00394893,0.97507669
00-0038551,3,NO,Kendre Miller,RB,4,4.70397883,3.60000000,4.44300316,4.90871631,-0.10000000,5.48088982,4.26666667,5.18477813,6.01878281,0.90000000,6.25780080,4.93333333,5.92655311,7.12884932,1.90000000,4.70588949,3.60000000,4.44453366,4.90810840,-0.10000000,5.48280047,4.26666667,5.18630863,6.01817491,0.90000000,6.25971146,4.93333333,5.92808361,7.12824142,1.90000000,6.33333333,2.00000000,0.66666667,0.33333333,0.00000000,0.33333333,0.00000000,-1.10397883,-1.21422315,-1.32446747,-1.10588949,-1.21613381,-1.32637812
00-0041529,3,MIA,Kevin Coleman Jr.,WR,4,4.09770122,0.20000000,4.27761659,5.67006011,0.30000000,5.03507210,0.53333333,5.17454279,6.82343026,0.80000000,5.97244297,0.86666667,6.07146899,7.97680041,1.30000000,4.09874113,0.20000000,4.27843262,5.67123755,0.30000000,5.03611200,0.53333333,5.17535882,6.82460770,0.80000000,5.97348288,0.86666667,6.07228502,7.97797785,1.30000000,0.00000000,3.33333333,0.00000000,0.33333333,0.33333333,47.33333333,0.00000000,-3.89770122,-4.50173877,-5.10577631,-3.89874113,-4.50277867,-5.10681621
00-0033885,2,LAC,David Njoku,TE,2,3.44129607,3.35000000,3.71391443,2.50682833,0.90000000,4.86651575,4.85000000,5.15024957,3.50493983,1.40000000,6.29173543,6.35000000,6.58658470,4.50305134,1.90000000,3.43848220,3.35000000,3.71117330,2.50441008,0.90000000,4.86370187,4.85000000,5.14750843,3.50252158,1.40000000,6.28892155,6.35000000,6.58384357,4.50063309,1.90000000,0.00000000,4.00000000,0.00000000,0.50000000,0.00000000,26.50000000,0.00000000,-0.09129607,-0.01651575,0.05826457,-0.08848220,-0.01370187,0.06107845
00-0035243,0,DAL,Miles Sanders,RB,,,,4.33264649,,,,,5.14651823,,,,,5.96038996,,,,,4.33414191,,,,,5.14801365,,,,,5.96188539,,,,,,,,,,,,,,,
00-0032464,4,CHI,Kalif Raymond,WR,4,4.78929701,7.00000000,3.56976426,1.32628609,0.60000000,6.82908428,9.62500000,5.11497764,2.08936349,1.60000000,8.86887156,12.25000000,6.66019101,2.85244089,2.60000000,4.79221748,7.00000000,3.57238428,1.32924467,0.60000000,6.83200475,9.62500000,5.11759765,2.09232208,1.60000000,8.87179202,12.25000000,6.66281102,2.85539948,2.60000000,0.00000000,5.75000000,0.00000000,1.00000000,0.00000000,32.50000000,0.00000000,2.21070299,2.79591572,3.38112844,2.20778252,2.79299525,3.37820798
00-0041523,2,MIA,Caleb Douglas,WR,2,4.81105762,5.65000000,3.92643671,2.45637137,1.90000000,6.40065976,7.40000000,5.03230715,3.51026094,2.90000000,7.99026189,9.15000000,6.13817760,4.56415051,3.90000000,4.81218343,5.65000000,3.92723316,2.45869145,1.90000000,6.40178557,7.40000000,5.03310361,3.51258102,2.90000000,7.99138770,9.15000000,6.13897405,4.56647059,3.90000000,0.00000000,5.00000000,0.00000000,0.50000000,0.00000000,57.00000000,0.00000000,0.83894238,0.99934024,1.15973811,0.83781657,0.99821443,1.15861230
00-0033699,1,WAS,Austin Ekeler,RB,4,2.78180324,4.00000000,4.12325850,2.78180324,4.00000000,3.58777841,4.50000000,5.02905625,3.58777841,4.50000000,4.39375358,5.00000000,5.93485401,4.39375358,5.00000000,2.78269115,4.00000000,4.12299198,2.78269115,4.00000000,3.58866632,4.50000000,5.02878974,3.58866632,4.50000000,4.39464149,5.00000000,5.93458749,4.39464149,5.00000000,4.00000000,2.00000000,0.00000000,0.00000000,0.00000000,-4.00000000,0.00000000,1.21819676,0.91222159,0.60624642,1.21730885,0.91133368,0.60535851
00-0038647,0,NO,Ronnie Bell,WR,,,,4.30942703,,,,,4.97828911,,,,,5.64715118,,,,,4.31007757,,,,,4.97893964,,,,,5.64780172,,,,,,,,,,,,,,,
00-0036550,4,BAL,Rashod Bateman,WR,4,4.53817658,5.77500000,4.00315515,1.91581112,4.60000000,5.61486977,7.15000000,4.97801719,2.51689690,5.60000000,6.69156296,8.52500000,5.95287922,3.11798268,6.60000000,4.53950229,5.77500000,4.00423865,1.91613995,4.60000000,5.61619548,7.15000000,4.97910068,2.51722573,5.60000000,6.69288866,8.52500000,5.95396271,3.11831151,6.60000000,0.00000000,3.75000000,0.00000000,0.50000000,0.50000000,50.25000000,0.00000000,1.23682342,1.53513023,1.83343704,1.23549771,1.53380452,1.83211134
00-0040737,3,LA,Terrance Ferguson,TE,3,3.98878118,4.10000000,3.78344011,1.17277116,0.90000000,5.38570598,5.26666667,4.96571255,1.96994941,1.40000000,6.78263077,6.43333333,6.14798499,2.76712765,1.90000000,3.98639460,4.10000000,3.78260762,1.17022983,0.90000000,5.38331940,5.26666667,4.96488006,1.96740808,1.40000000,6.78024420,6.43333333,6.14715251,2.76458633,1.90000000,0.00000000,4.00000000,0.00000000,0.33333333,0.33333333,26.33333333,0.00000000,0.11121882,-0.11903931,-0.34929744,0.11360540,-0.11665273,-0.34691086
00-0036415,0,TEN,Van Jefferson,WR,,,,3.78021228,,,,,4.92127870,,,,,6.06234512,,,,,3.78140033,,,,,4.92246675,,,,,6.06353317,,,,,,,,,,,,,,,
00-0035662,1,PHI,Marquise Brown,WR,2,1.66861989,1.20000000,3.99676445,1.66861989,1.20000000,1.66848869,1.20000000,4.91737449,1.66848869,1.20000000,1.66835748,1.20000000,5.83798453,1.66835748,1.20000000,1.67317720,1.20000000,3.99899501,1.67317720,1.20000000,1.67304600,1.20000000,4.91960505,1.67304600,1.20000000,1.67291479,1.20000000,5.84021509,1.67291479,1.20000000,2.00000000,0.00000000,0.00000000,0.00000000,0.00000000,0.00000000,0.00000000,-0.46861989,-0.46848869,-0.46835748,-0.47317720,-0.47304600,-0.47291479
00-0035891,4,LV,Cody White,WR,4,3.69238039,6.60000000,3.97415618,5.80898241,5.60000000,4.52059165,7.22500000,4.91702102,7.35414701,6.60000000,5.34880291,7.85000000,5.85988586,8.89931161,7.60000000,3.69383888,6.60000000,3.97538443,5.80992067,5.60000000,4.52205014,7.22500000,4.91824927,7.35508527,6.60000000,5.35026140,7.85000000,5.86111411,8.90024987,7.60000000,0.00000000,2.75000000,0.00000000,1.25000000,0.75000000,24.00000000,0.00000000,2.90761961,2.70440835,2.50119709,2.90616112,2.70294986,2.49973860
00-0038611,4,JAX,Chris Rodriguez Jr.,RB,4,4.37463510,5.70000000,4.88529873,3.25579738,9.50000000,4.37142236,5.70000000,4.90478335,3.24802842,9.50000000,4.36820961,5.70000000,4.92426796,3.24025945,9.50000000,4.37812193,5.70000000,4.88890625,3.25831098,9.50000000,4.37490919,5.70000000,4.90839086,3.25054202,9.50000000,4.37169644,5.70000000,4.92787548,3.24277306,9.50000000,6.50000000,0.00000000,1.50000000,0.00000000,0.00000000,0.00000000,0.00000000,1.32536490,1.32857764,1.33179039,1.32187807,1.32509081,1.32830356
00-0039146,2,GB,Jayden Reed,WR,2,3.53915023,1.20000000,3.57290022,0.33081526,0.40000000,4.93944017,2.20000000,4.88372940,0.73170971,0.90000000,6.33973012,3.20000000,6.19455858,1.13260415,1.40000000,3.54054171,1.20000000,3.57537015,0.33281685,0.40000000,4.94083166,2.20000000,4.88619933,0.73371130,0.90000000,6.34112160,3.20000000,6.19702851,1.13460575,1.40000000,0.00000000,4.00000000,0.00000000,0.50000000,0.00000000,22.50000000,0.00000000,-2.33915023,-2.73944017,-3.13973012,-2.34054171,-2.74083166,-3.14112160
00-0036196,0,BUF,Gabe Davis,WR,,,,3.95841094,,,,,4.88052156,,,,,5.80263217,,,,,3.95874241,,,,,4.88085303,,,,,5.80296364,,,,,,,,,,,,,,,
00-0040162,0,CLE,Dylan Sampson,RB,,,,3.81485943,,,,,4.87734082,,,,,5.93982220,,,,,3.81646112,,,,,4.87894250,,,,,5.94142389,,,,,,,,,,,,,,,
00-0040867,4,PHI,Makai Lemon,WR,4,3.04578077,1.50000000,3.48103318,4.38905466,2.70000000,4.36992298,2.75000000,4.82885541,6.56118287,4.20000000,5.69406519,4.00000000,6.17667765,8.73331108,5.70000000,3.04833163,1.50000000,3.48299971,4.39148361,2.70000000,4.37247384,2.75000000,4.83082194,6.56361182,4.20000000,5.69661605,4.00000000,6.17864417,8.73574003,5.70000000,0.25000000,3.75000000,0.00000000,0.00000000,0.00000000,22.50000000,0.00000000,-1.54578077,-1.61992298,-1.69406519,-1.54833163,-1.62247384,-1.69661605
00-0039164,0,IND,Anthony Richardson,QB,,,,4.22401212,,,,,4.82554670,,,,,5.42708127,,,,,4.45901228,,,,,5.06054685,,,,,5.66208143,,,,,,,,,,,,,,,
00-0041042,4,NYG,Malachi Fields,WR,4,4.46945330,4.65000000,3.93368514,4.00549445,11.20000000,5.46143905,5.65000000,4.77643049,4.74117710,12.20000000,6.45342479,6.65000000,5.61917583,5.47685974,13.20000000,4.47050465,4.65000000,3.93446829,4.00617726,11.20000000,5.46249039,5.65000000,4.77721364,4.74185990,12.20000000,6.45447614,6.65000000,5.61995898,5.47754255,13.20000000,0.00000000,3.75000000,0.00000000,0.25000000,0.00000000,69.00000000,0.00000000,0.18054670,0.18856095,0.19657521,0.17949535,0.18750961,0.19552386
00-0036842,0,NYJ,Kene Nwangwu,RB,,,,4.32545834,,,,,4.73468610,,,,,5.14391387,,,,,4.32765832,,,,,4.73688609,,,,,5.14611385,,,,,,,,,,,,,,,
00-0037291,3,LV,Jalen Nailor,WR,3,3.87548645,1.73333333,3.72776840,3.07839002,1.60000000,4.98988151,2.56666667,4.73087825,3.96381505,2.10000000,6.10427657,3.40000000,5.73398810,4.84924008,2.60000000,3.87625395,1.73333333,3.72849939,3.07800646,1.60000000,4.99064901,2.56666667,4.73160924,3.96343149,2.10000000,6.10504407,3.40000000,5.73471909,4.84885652,2.60000000,0.00000000,3.66666667,0.00000000,0.33333333,0.33333333,45.00000000,0.00000000,-2.14215312,-2.42321484,-2.70427657,-2.14292062,-2.42398235,-2.70504407
00-0040586,0,DAL,Jaydon Blue,RB,,,,4.64838198,,,,,4.73026785,,,,,4.81215372,,,,,4.65195378,,,,,4.73383965,,,,,4.81572552,,,,,,,,,,,,,,,
00-0033319,0,JAX,Nick Mullens,QB,,,,4.11212060,,,,,4.71364613,,,,,5.31517166,,,,,4.35842231,,,,,4.95994784,,,,,5.56147337,,,,,,,,,,,,,,,
00-0036755,0,LAC,Jaret Patterson,RB,,,,4.45728338,,,,,4.71242050,,,,,4.96755762,,,,,4.46010260,,,,,4.71523972,,,,,4.97037684,,,,,,,,,,,,,,,
00-0037809,2,WAS,Chig Okonkwo,TE,4,2.95129268,1.05000000,3.26247500,2.88675916,0.50000000,4.12169514,2.05000000,4.69730076,4.31524724,1.50000000,5.29209760,3.05000000,6.13212651,5.74373532,2.50000000,2.94877281,1.05000000,3.25968601,2.88370962,0.50000000,4.11917526,2.05000000,4.69451176,4.31219770,1.50000000,5.28957772,3.05000000,6.12933751,5.74068578,2.50000000,0.00000000,3.50000000,0.00000000,0.00000000,0.00000000,30.00000000,0.00000000,-1.90129268,-2.07169514,-2.24209760,-1.89877281,-2.06917526,-2.23957772
00-0040584,4,TEN,Gunnar Helm,TE,4,3.82307527,2.00000000,3.60449380,2.69264841,2.50000000,5.01010561,3.12500000,4.69251188,3.45836353,3.00000000,6.19713595,4.25000000,5.78052996,4.22407865,3.50000000,3.82087586,2.00000000,3.60266412,2.69178891,2.50000000,5.00790620,3.12500000,4.69068220,3.45750403,3.00000000,6.19493653,4.25000000,5.77870029,4.22321915,3.50000000,0.00000000,3.25000000,0.00000000,1.00000000,0.50000000,11.25000000,0.00000000,-1.82307527,-1.88510561,-1.94713595,-1.82087586,-1.88290620,-1.94493653
00-0038951,1,TB,Sean Tucker,RB,4,3.39219686,7.00000000,4.47072175,3.39219686,7.00000000,3.40117776,7.00000000,4.67482299,3.40117776,7.00000000,3.41015867,7.00000000,4.87892422,3.41015867,7.00000000,3.39365543,7.00000000,4.47327344,3.39365543,7.00000000,3.40263634,7.00000000,4.67737468,3.40263634,7.00000000,3.41161724,7.00000000,4.88147591,3.41161724,7.00000000,3.00000000,0.00000000,3.00000000,0.00000000,0.00000000,0.00000000,0.00000000,3.60780314,3.59882224,3.58984133,3.60634457,3.59736366,3.58838276
00-0038608,4,HOU,Kayshon Boutte,WR,4,3.45487566,2.87500000,3.62547978,3.80798162,3.60000000,4.43587239,4.00000000,4.63464518,5.05438690,5.10000000,5.41686912,5.12500000,5.64381058,6.30079218,6.60000000,3.45616946,2.87500000,3.62684929,3.80975482,3.60000000,4.43716619,4.00000000,4.63601469,5.05616010,5.10000000,5.41816292,5.12500000,5.64518009,6.30256538,6.60000000,0.00000000,3.25000000,0.00000000,0.50000000,0.25000000,40.00000000,0.00000000,-0.57987566,-0.43587239,-0.29186912,-0.58116946,-0.43716619,-0.29316292
00-0038783,2,DEN,Nate Adkins,TE,3,5.37431465,8.30000000,3.88099947,5.50740577,6.80000000,6.19599486,9.30000000,4.61841285,6.12400499,7.30000000,7.01767507,10.30000000,5.35582624,6.74060421,7.80000000,5.40222580,8.30000000,3.89289320,5.50802595,6.80000000,6.22390601,9.30000000,4.63030659,6.12462517,7.30000000,7.04558622,10.30000000,5.36771997,6.74122439,7.80000000,0.50000000,2.50000000,0.00000000,1.50000000,0.50000000,15.00000000,0.00000000,2.92568535,3.10400514,3.28232493,2.89777420,3.07609399,3.25441378
00-0040870,1,BAL,Ja'Kobi Lane,WR,1,4.92525817,1.10000000,3.93384036,4.92525817,1.10000000,5.75562027,1.60000000,4.61446709,5.75562027,1.60000000,6.58598237,2.10000000,5.29509383,6.58598237,2.10000000,4.92748761,1.10000000,3.93462066,4.92748761,1.10000000,5.75784971,1.60000000,4.61524740,5.75784971,1.60000000,6.58821182,2.10000000,5.29587414,6.58821182,2.10000000,0.00000000,3.00000000,0.00000000,2.00000000,1.00000000,30.00000000,0.00000000,-3.82525817,-4.15562027,-4.48598237,-3.82748761,-4.15784971,-4.48821182
00-0036165,0,NYG,Isaiah Hodgins,WR,,,,3.62908637,,,,,4.58674055,,,,,5.54439474,,,,,3.63058400,,,,,4.58823818,,,,,5.54589237,,,,,,,,,,,,,,,
00-0038840,2,CAR,Brycen Tremayne,WR,4,5.36697158,5.75000000,3.59049857,2.85093473,3.20000000,6.60420814,7.25000000,4.57977630,3.78167018,4.20000000,7.84144470,8.75000000,5.56905403,4.71240563,5.20000000,5.36803517,5.75000000,3.59153243,2.85106830,3.20000000,6.60527173,7.25000000,4.58081016,3.78180375,4.20000000,7.84250829,8.75000000,5.57008789,4.71253920,5.20000000,0.00000000,4.50000000,0.00000000,0.00000000,0.50000000,72.50000000,0.00000000,0.38302842,0.64579186,0.90855530,0.38196483,0.64472827,0.90749171
00-0040138,4,HOU,Jaylin Noel,WR,4,3.57350402,5.27500000,3.71923364,4.90857295,8.90000000,4.49611673,6.27500000,4.57090055,5.60089198,10.40000000,5.41872943,7.27500000,5.42256747,6.29321102,11.90000000,3.57623137,5.27500000,3.72230569,4.91156188,8.90000000,4.49884407,6.27500000,4.57397261,5.60388091,10.40000000,5.42145678,7.27500000,5.42563953,6.29619995,11.90000000,0.75000000,3.00000000,0.00000000,0.00000000,0.00000000,37.75000000,0.00000000,1.70149598,1.77888327,1.85627057,1.69876863,1.77615593,1.85354322
00-0038979,0,CLE,Cedric Tillman,WR,,,,3.58669099,,,,,4.56485610,,,,,5.54302121,,,,,3.58770707,,,,,4.56587218,,,,,5.54403729,,,,,,,,,,,,,,,
00-0039577,0,ARI,Kedon Slovis,QB,,,,3.95799209,,,,,4.55945987,,,,,5.16092765,,,,,4.16521849,,,,,4.76668628,,,,,5.36815406,,,,,,,,,,,,,,,
00-0040134,4,DEN,Pat Bryant,WR,4,3.45094833,5.72500000,3.50918477,2.65597306,4.70000000,4.55365116,6.85000000,4.55319512,3.62554601,6.20000000,5.65635399,7.97500000,5.59720546,4.59511896,7.70000000,3.45249679,5.72500000,3.51032102,2.65654988,4.70000000,4.55519963,6.85000000,4.55433137,3.62612283,6.20000000,5.65790246,7.97500000,5.59834171,4.59569578,7.70000000,0.25000000,3.25000000,0.00000000,0.50000000,0.25000000,20.00000000,0.00000000,2.27405167,2.29634884,2.31864601,2.27250321,2.29480037,2.31709754
00-0039344,2,CAR,Jonathon Brooks,RB,2,4.49394783,3.65000000,4.00343316,4.26275015,1.10000000,4.98214707,4.15000000,4.53388748,4.71029035,1.60000000,5.47034630,4.65000000,5.06434181,5.15783056,2.10000000,4.49205944,3.65000000,4.00280795,4.26466046,1.10000000,4.98025867,4.15000000,4.53326228,4.71220066,1.60000000,5.46845791,4.65000000,5.06371660,5.15974086,2.10000000,4.50000000,1.50000000,1.50000000,0.50000000,0.00000000,12.00000000,0.00000000,-0.84394783,-0.83214707,-0.82034630,-0.84205944,-0.83025867,-0.81845791
00-0040494,0,MIN,Max Brosmer,QB,,,,4.52931530,,,,,4.53316876,,,,,4.53702223,,,,,5.52258050,,,,,5.52643397,,,,,5.53028743,,,,,,,,,,,,,,,
00-0036407,3,CLE,Jerry Jeudy,WR,4,2.24678435,2.06666667,3.37974229,2.39602415,3.60000000,3.12589282,2.90000000,4.52782923,3.41738044,5.10000000,4.00500130,3.73333333,5.67591617,4.43873672,6.60000000,2.24764788,2.06666667,3.38079607,2.39719198,3.60000000,3.12675636,2.90000000,4.52888301,3.41854827,5.10000000,4.00586484,3.73333333,5.67696995,4.43990455,6.60000000,0.00000000,2.66666667,0.00000000,0.00000000,0.00000000,24.33333333,0.00000000,-0.18011768,-0.22589282,-0.27166797,-0.18098122,-0.22675636,-0.27253151
00-0037741,4,ATL,Jahan Dotson,WR,4,3.71450198,3.87500000,3.69599506,4.54638686,11.40000000,4.61909909,4.62500000,4.52361701,5.22622894,12.40000000,5.52369619,5.37500000,5.35123896,5.90607102,13.40000000,3.71503197,3.87500000,3.69668375,4.54640460,11.40000000,4.61962908,4.62500000,4.52430570,5.22624668,12.40000000,5.52422618,5.37500000,5.35192765,5.90608876,13.40000000,0.00000000,3.25000000,0.00000000,0.00000000,0.25000000,51.50000000,0.00000000,0.16049802,0.00590091,-0.14869619,0.15996803,0.00537092,-0.14922618
00-0040311,0,MIA,Theo Wease Jr.,WR,,,,3.64204240,,,,,4.51927611,,,,,5.39650982,,,,,3.64286699,,,,,4.52010071,,,,,5.39733442,,,,,,,,,,,,,,,
00-0040142,3,GB,Kaleb Johnson,RB,4,4.83845834,2.33333333,4.22801232,7.07480075,2.20000000,5.22326814,2.50000000,4.51211478,7.06984820,2.20000000,5.60807794,2.66666667,4.79621724,7.06489565,2.20000000,4.84151862,2.33333333,4.23079485,7.08033483,2.20000000,5.22632842,2.50000000,4.51489731,7.07538227,2.20000000,5.61113822,2.66666667,4.79899977,7.07042972,2.20000000,6.66666667,1.00000000,0.66666667,0.00000000,0.00000000,-0.33333333,0.00000000,-2.50512500,-2.72326814,-2.94141127,-2.50818529,-2.72632842,-2.94447155
00-0040878,4,LV,Mike Washington Jr.,RB,4,3.78900183,4.47500000,4.07804951,6.20342975,1.70000000,4.06122342,4.60000000,4.50555447,6.99751757,2.20000000,4.33344500,4.72500000,4.93305942,7.79160538,2.70000000,3.79098308,4.47500000,4.07960676,6.20546163,1.70000000,4.06320466,4.60000000,4.50711172,6.99954945,2.20000000,4.33542625,4.72500000,4.93461667,7.79363727,2.70000000,6.00000000,0.75000000,1.00000000,0.00000000,0.00000000,2.25000000,0.00000000,0.68599817,0.53877658,0.39155500,0.68401692,0.53679534,0.38957375
00-0040170,4,TEN,Elic Ayomanor,WR,4,3.73215262,4.32500000,3.70965993,1.19757246,2.20000000,4.42105493,4.95000000,4.48984749,1.41619124,2.70000000,5.10995725,5.57500000,5.27003505,1.63481002,3.20000000,3.73350917,4.32500000,3.71094935,1.19948818,2.20000000,4.42241149,4.95000000,4.49113690,1.41810696,2.70000000,5.11131380,5.57500000,5.27132446,1.63672574,3.20000000,0.00000000,2.50000000,0.00000000,1.25000000,0.75000000,29.25000000,0.00000000,0.59284738,0.52894507,0.46504275,0.59149083,0.52758851,0.46368620
00-0033307,3,ARI,Kendrick Bourne,WR,3,3.38824754,3.60000000,3.08465653,2.09894163,2.20000000,5.10153658,5.60000000,4.48900304,3.22403329,3.20000000,6.81482561,7.60000000,5.89334955,4.34912494,4.20000000,3.39123712,3.60000000,3.08706338,2.10207434,2.20000000,5.10452616,5.60000000,4.49140989,3.22716600,3.20000000,6.81781519,7.60000000,5.89575640,4.35225765,4.20000000,0.00000000,4.66666667,0.00000000,0.66666667,0.00000000,18.66666667,0.00000000,0.21175246,0.49846342,0.78517439,0.20876288,0.49547384,0.78218481
00-0039868,3,DEN,Troy Franklin,WR,3,2.45816196,1.76666667,3.73226946,0.75323222,2.10000000,2.75704676,2.10000000,4.47913181,1.06997875,2.60000000,3.05593155,2.43333333,5.22599415,1.38672528,3.10000000,2.45969429,1.76666667,3.73376527,0.75427344,2.10000000,2.75857908,2.10000000,4.48062762,1.07101997,2.60000000,3.05746388,2.43333333,5.22748997,1.38776650,3.10000000,0.33333333,1.33333333,0.00000000,0.33333333,0.33333333,24.00000000,0.00000000,-0.69149530,-0.65704676,-0.62259822,-0.69302762,-0.65857908,-0.62413054
00-0038976,1,DEN,Marvin Mims Jr.,WR,4,2.28797298,1.00000000,3.37479771,2.28797298,1.00000000,3.32124109,1.50000000,4.45415911,3.32124109,1.50000000,4.35450921,2.00000000,5.53352051,4.35450921,2.00000000,2.29127119,1.00000000,3.37904920,2.29127119,1.00000000,3.32453931,1.50000000,4.45841060,3.32453931,1.50000000,4.35780743,2.00000000,5.53777200,4.35780743,2.00000000,0.00000000,3.00000000,0.00000000,0.00000000,0.00000000,18.00000000,0.00000000,-1.28797298,-1.82124109,-2.35450921,-1.29127119,-1.82453931,-2.35780743
00-0040277,1,CHI,Jahdae Walker,WR,1,2.51782987,6.10000000,3.81753604,2.51782987,6.10000000,2.76096002,6.60000000,4.44256967,2.76096002,6.60000000,3.00409018,7.10000000,5.06760331,3.00409018,7.10000000,2.51849696,6.10000000,3.81798467,2.51849696,6.10000000,2.76162711,6.60000000,4.44301830,2.76162711,6.60000000,3.00475726,7.10000000,5.06805194,3.00475726,7.10000000,0.00000000,1.00000000,0.00000000,1.00000000,1.00000000,1.00000000,0.00000000,3.58217013,3.83903998,4.09590982,3.58150304,3.83837289,4.09524274
00-0039398,0,DAL,Joe Milton III,QB,,,,4.43613435,,,,,4.43903806,,,,,4.44194178,,,,,5.17016111,,,,,5.17306482,,,,,5.17596853,,,,,,,,,,,,,,,
00-0039847,3,NYG,Theo Johnson,TE,4,2.50110239,2.66666667,3.53788650,2.69664096,7.10000000,3.12230647,3.00000000,4.41922338,2.95493737,7.60000000,3.74351056,3.33333333,5.30056026,3.21323379,8.10000000,2.49906197,2.66666667,3.53574237,2.69453149,7.10000000,3.12026606,3.00000000,4.41707925,2.95282790,7.60000000,3.74147015,3.33333333,5.29841614,3.21112431,8.10000000,0.00000000,2.00000000,0.00000000,0.33333333,0.33333333,22.66666667,0.00000000,0.16556428,-0.12230647,-0.41017723,0.16760469,-0.12026606,-0.40813682
00-0039356,0,CAR,Ja'Tavion Sanders,TE,,,,3.28756727,,,,,4.41724172,,,,,5.54691616,,,,,3.28511800,,,,,4.41479245,,,,,5.54446689,,,,,,,,,,,,,,,
00-0040522,0,TEN,Xavier Restrepo,WR,,,,3.57886622,,,,,4.41574853,,,,,5.25263084,,,,,3.57964196,,,,,4.41652427,,,,,5.25340657,,,,,,,,,,,,,,,
00-0040021,0,DAL,Phil Mafah,RB,,,,3.71437211,,,,,4.38091521,,,,,5.04745831,,,,,3.71512314,,,,,4.38166623,,,,,5.04820933,,,,,,,,,,,,,,,
00-0032775,2,SF,Demarcus Robinson,WR,2,4.38367794,7.20000000,3.56070143,2.52599860,3.40000000,5.21373558,8.45000000,4.37526204,3.52146322,4.90000000,6.04379321,9.70000000,5.18982266,4.51692784,6.40000000,4.38465978,7.20000000,3.56182208,2.52687093,3.40000000,5.21471742,8.45000000,4.37638269,3.52233555,4.90000000,6.04477506,9.70000000,5.19094331,4.51780017,6.40000000,0.00000000,3.00000000,0.00000000,1.00000000,1.00000000,36.00000000,0.00000000,2.81632206,3.23626442,3.65620679,2.81534022,3.23528258,3.65522494
00-0032951,4,IND,Laquon Treadwell,WR,4,2.65828908,3.07500000,3.33932056,5.47398715,4.20000000,3.51588884,4.20000000,4.36745329,7.50948751,6.70000000,4.37348859,5.32500000,5.39558602,9.54498787,9.20000000,2.65996503,3.07500000,3.34116138,5.47841309,4.20000000,3.51756479,4.20000000,4.36929411,7.51391345,6.70000000,4.37516454,5.32500000,5.39742684,9.54941381,9.20000000,0.00000000,2.75000000,0.00000000,0.50000000,0.00000000,30.75000000,0.00000000,0.41671092,0.68411116,0.95151141,0.41503497,0.68243521,0.94983546
00-0038938,0,NYG,Jalin Hyatt,WR,,,,3.62399225,,,,,4.31613480,,,,,5.00827734,,,,,3.62449553,,,,,4.31663808,,,,,5.00878062,,,,,,,,,,,,,,,
00-0033881,4,DEN,Evan Engram,TE,4,2.76897144,3.15000000,2.91352628,3.62141532,0.60000000,3.96821871,3.90000000,4.28974664,5.48910842,1.10000000,5.16746597,4.65000000,5.66596699,7.35680153,1.60000000,2.76613385,3.15000000,2.91120984,3.61808081,0.60000000,3.96538111,3.90000000,4.28743019,5.48577392,1.10000000,5.16462838,4.65000000,5.66365054,7.35346703,1.60000000,0.00000000,3.25000000,0.00000000,0.25000000,0.25000000,15.25000000,0.00000000,0.38102856,-0.06821871,-0.51746597,0.38386615,-0.06538111,-0.51462838
00-0041052,4,SF,Kaelon Black,RB,4,4.72439332,3.12500000,4.02923339,3.83817584,1.30000000,4.93968998,3.25000000,4.27931924,3.84629475,1.30000000,5.15498664,3.37500000,4.52940509,3.85441366,1.30000000,4.72763600,3.12500000,4.03131942,3.83980768,1.30000000,4.94293265,3.25000000,4.28140527,3.84792659,1.30000000,5.15822931,3.37500000,4.53149113,3.85604550,1.30000000,7.75000000,0.50000000,1.75000000,0.00000000,0.00000000,-2.50000000,0.00000000,-1.59939332,-1.68968998,-1.77998664,-1.60263600,-1.69293265,-1.78322931
00-0033908,4,SEA,Cooper Kupp,WR,4,3.09447988,4.35000000,3.23274527,1.62336861,1.30000000,4.04377201,5.47500000,4.27893214,2.28271064,1.80000000,4.99306413,6.60000000,5.32511901,2.94205267,2.30000000,3.09544037,4.35000000,3.23385534,1.62436232,1.30000000,4.04473249,5.47500000,4.28004221,2.28370435,1.80000000,4.99402462,6.60000000,5.32622907,2.94304638,2.30000000,0.00000000,3.00000000,0.00000000,0.25000000,0.25000000,28.75000000,0.00000000,1.25552012,1.43122799,1.60693587,1.25455963,1.43026751,1.60597538
00-0038953,0,ATL,Dylan Drummond,WR,,,,3.26927174,,,,,4.25138136,,,,,5.23349098,,,,,3.27092546,,,,,4.25303508,,,,,5.23514470,,,,,,,,,,,,,,,
00-0033891,0,ARI,Zay Jones,WR,,,,3.36466940,,,,,4.24040028,,,,,5.11613116,,,,,3.36571266,,,,,4.24144354,,,,,5.11717442,,,,,,,,,,,,,,,
00-0037231,1,NO,Kevin Austin Jr.,WR,2,0.68824500,0.70000000,3.13417574,0.68824500,0.70000000,1.01793736,1.20000000,4.23586501,1.01793736,1.20000000,1.34762973,1.70000000,5.33755428,1.34762973,1.70000000,0.68943396,0.70000000,3.13569342,0.68943396,0.70000000,1.01912633,1.20000000,4.23738269,1.01912633,1.20000000,1.34881869,1.70000000,5.33907196,1.34881869,1.70000000,0.00000000,1.00000000,0.00000000,0.00000000,0.00000000,6.00000000,0.00000000,0.01175500,0.18206264,0.35237027,0.01056604,0.18087367,0.35118131
00-0037742,3,WAS,Treylon Burks,WR,4,3.43096578,6.00000000,3.68285519,4.64943638,10.70000000,3.79977172,6.50000000,4.21718930,5.20267465,11.20000000,4.16857765,7.00000000,4.75152340,5.75591292,11.70000000,3.43140047,6.00000000,3.68336487,4.64925043,10.70000000,3.80020640,6.50000000,4.21769898,5.20248871,11.20000000,4.16901234,7.00000000,4.75203308,5.75572698,11.70000000,0.00000000,2.00000000,0.00000000,0.33333333,0.66666667,51.33333333,0.00000000,2.56903422,2.70022828,2.83142235,2.56859953,2.69979360,2.83098766
00-0040237,4,TB,Tez Johnson,WR,4,4.09768134,2.00000000,3.61349966,2.43489660,2.70000000,4.55946149,2.50000000,4.20665759,3.12327981,3.70000000,5.02124164,3.00000000,4.79981553,3.81166302,4.70000000,4.09853083,2.00000000,3.61513517,2.43780929,2.70000000,4.56031098,2.50000000,4.20829311,3.12619250,3.70000000,5.02209113,3.00000000,4.80145104,3.81457571,4.70000000,0.50000000,2.25000000,0.00000000,0.50000000,0.25000000,56.25000000,0.00000000,-2.09768134,-2.05946149,-2.02124164,-2.09853083,-2.06031098,-2.02209113
00-0036423,0,LV,Albert Okwuegbunam,TE,,,,3.30698347,,,,,4.20566300,,,,,5.10434253,,,,,3.30587337,,,,,4.20455290,,,,,5.10323243,,,,,,,,,,,,,,,
00-0034771,1,PIT,Mason Rudolph,QB,2,1.79259635,0.30000000,4.20041662,1.79259635,0.30000000,1.79601038,0.30000000,4.20432542,1.79601038,0.30000000,1.79942440,0.30000000,4.20823423,1.79942440,0.30000000,2.21233630,0.30000000,5.01979161,2.21233630,0.30000000,2.21575032,0.30000000,5.02370042,2.21575032,0.30000000,2.21916435,0.30000000,5.02760923,2.21916435,0.30000000,1.00000000,0.00000000,0.00000000,0.00000000,0.00000000,0.00000000,1.00000000,-1.49259635,-1.49601038,-1.49942440,-1.91233630,-1.91575032,-1.91916435
00-0035359,0,ATL,David Sills,WR,,,,3.26714842,,,,,4.18193988,,,,,5.09673133,,,,,3.26851243,,,,,4.18330389,,,,,5.09809534,,,,,,,,,,,,,,,
00-0035544,0,DET,Tom Kennedy,WR,,,,3.38014436,,,,,4.16601911,,,,,4.95189387,,,,,3.38086469,,,,,4.16673945,,,,,4.95261421,,,,,,,,,,,,,,,
00-0036906,0,NYJ,Khalil Herbert,RB,,,,3.59926799,,,,,4.16295915,,,,,4.72665031,,,,,3.60071535,,,,,4.16440651,,,,,4.72809767,,,,,,,,,,,,,,,
00-0037805,3,NYJ,Jeremy Ruckert,TE,3,2.63999832,3.60000000,3.01448117,5.85446082,9.90000000,3.66518178,4.93333333,4.13398948,7.67108908,12.40000000,4.69036523,6.26666667,5.25349780,9.48771733,14.90000000,2.63759142,3.60000000,3.01209592,5.85211681,9.90000000,3.66277487,4.93333333,4.13160424,7.66874506,12.40000000,4.68795832,6.26666667,5.25111256,9.48537332,14.90000000,0.00000000,2.66666667,0.00000000,0.66666667,0.33333333,2.00000000,0.00000000,0.96000168,1.26815156,1.57630144,0.96240858,1.27055847,1.57870835
00-0039623,0,NO,Mason Tipton,WR,,,,3.18501469,,,,,4.11807029,,,,,5.05112590,,,,,3.18794335,,,,,4.12099895,,,,,5.05405456,,,,,,,,,,,,,,,
00-0036534,0,DET,Shane Zylstra,TE,,,,3.31598336,,,,,4.09262424,,,,,4.86926511,,,,,3.31566956,,,,,4.09231044,,,,,4.86895131,,,,,,,,,,,,,,,
00-0032211,0,LV,Tyler Lockett,WR,,,,2.94842870,,,,,4.05259280,,,,,5.15675691,,,,,2.94988485,,,,,4.05404895,,,,,5.15821306,,,,,,,,,,,,,,,
00-0039884,0,MIA,Tahj Washington,WR,,,,3.47824973,,,,,4.05069062,,,,,4.62313152,,,,,3.47829648,,,,,4.05073737,,,,,4.62317827,,,,,,,,,,,,,,,
00-0041436,1,MIA,DJ Herman,RB,2,3.18136977,1.80000000,3.32347942,3.18136977,1.80000000,4.06099333,2.30000000,4.02134767,4.06099333,2.30000000,4.94061689,2.80000000,4.71921591,4.94061689,2.80000000,3.17227699,1.80000000,3.32029695,3.17227699,1.80000000,4.05190055,2.30000000,4.01816519,4.05190055,2.30000000,4.93152410,2.80000000,4.71603344,4.93152410,2.80000000,0.00000000,3.00000000,0.00000000,0.00000000,0.00000000,36.00000000,0.00000000,-1.38136977,-1.76099333,-2.14061689,-1.37227699,-1.75190055,-2.13152410
00-0039394,0,ATL,Casey Washington,WR,,,,3.27933111,,,,,4.01385109,,,,,4.74837106,,,,,3.27961233,,,,,4.01413230,,,,,4.74865228,,,,,,,,,,,,,,,
00-0037132,0,PHI,Britain Covey,WR,,,,3.17157846,,,,,4.00140390,,,,,4.83122935,,,,,3.17230179,,,,,4.00212724,,,,,4.83195269,,,,,,,,,,,,,,,
00-0041550,1,LAC,Brenen Thompson,WR,2,3.07839002,1.30000000,3.28743651,3.07839002,1.30000000,3.96381505,1.80000000,3.98733527,3.96381505,1.80000000,4.84924008,2.30000000,4.68723403,4.84924008,2.30000000,3.07800646,1.30000000,3.28730226,3.07800646,1.30000000,3.96343149,1.80000000,3.98720102,3.96343149,1.80000000,4.84885652,2.30000000,4.68709978,4.84885652,2.30000000,0.00000000,3.00000000,0.00000000,0.00000000,0.00000000,44.00000000,0.00000000,-1.77839002,-2.16381505,-2.54924008,-1.77800646,-2.16343149,-2.54885652
00-0032688,0,WAS,Robbie Chosen,WR,,,,3.17787756,,,,,3.98333818,,,,,4.78879881,,,,,3.17848886,,,,,3.98394949,,,,,4.78941012,,,,,,,,,,,,,,,
00-0037563,0,DAL,Malik Davis,RB,,,,3.78691350,,,,,3.98313933,,,,,4.17936516,,,,,3.78926409,,,,,3.98548992,,,,,4.18171574,,,,,,,,,,,,,,,
00-0037098,0,NO,Samori Toure,WR,,,,3.28330131,,,,,3.97062353,,,,,4.65794576,,,,,3.28408148,,,,,3.97140371,,,,,4.65872593,,,,,,,,,,,,,,,
00-0037005,4,CAR,Tommy Tremble,TE,4,2.85335877,2.05000000,2.61366127,2.29620273,1.20000000,4.26043838,3.42500000,3.94955146,3.89285222,3.20000000,5.66751798,4.80000000,5.28544164,5.48950170,5.20000000,2.85043952,2.05000000,2.61079059,2.29270457,1.20000000,4.25751912,3.42500000,3.94668078,3.88935406,3.20000000,5.66459872,4.80000000,5.28257096,5.48600355,5.20000000,0.00000000,3.75000000,0.00000000,0.25000000,0.00000000,17.50000000,0.00000000,-0.80335877,-0.83543838,-0.86751798,-0.80043952,-0.83251912,-0.86459872
00-0039451,4,NYJ,Isaiah Williams,WR,4,2.64120140,5.22500000,2.87320863,3.23028775,13.30000000,3.66772492,6.47500000,3.94539660,4.07584128,14.30000000,4.69424845,7.72500000,5.01758457,4.92139481,15.30000000,2.64401754,5.22500000,2.87576760,3.23144357,13.30000000,3.67054107,6.47500000,3.94795557,4.07699710,14.30000000,4.69706459,7.72500000,5.02014354,4.92255063,15.30000000,0.25000000,3.00000000,0.00000000,0.25000000,0.00000000,21.00000000,0.00000000,2.58379860,2.80727508,3.03075155,2.58098246,2.80445893,3.02793541
00-0040563,3,NE,Efton Chism III,WR,4,2.74182787,3.58000000,3.19429410,4.63667653,10.20000000,3.47192765,4.24666667,3.94328413,5.81446412,11.20000000,4.20202744,4.91333333,4.69227416,6.99225171,12.20000000,2.74338118,3.58000000,3.19545385,4.63841979,10.20000000,3.47348096,4.24666667,3.94444388,5.81620738,11.20000000,4.20358075,4.91333333,4.69343391,6.99399496,12.20000000,0.00000000,2.33333333,0.00000000,0.33333333,0.66666667,16.00000000,0.33333333,0.83817213,0.77473902,0.71130590,0.83661882,0.77318571,0.70975259
00-0036309,4,NYG,Darnell Mooney,WR,4,2.53487192,2.60000000,3.06648478,1.93773440,0.00000000,3.31587548,3.35000000,3.94271898,2.52484034,0.00000000,4.09687903,4.10000000,4.81895317,3.11194629,0.00000000,2.53617087,2.60000000,3.06805774,1.93989811,0.00000000,3.31717443,3.35000000,3.94429193,2.52700406,0.00000000,4.09817798,4.10000000,4.82052612,3.11411001,0.00000000,0.25000000,2.50000000,0.00000000,0.00000000,0.00000000,29.00000000,0.00000000,0.06512808,0.03412452,0.00312097,0.06382913,0.03282557,0.00182202
00-0036970,4,ATL,Kyle Pitts,TE,4,1.86985536,1.67500000,2.73397701,1.95262889,4.70000000,2.65598501,2.30000000,3.92334735,3.11277361,6.20000000,3.44211467,2.92500000,5.11271770,4.27291834,7.70000000,1.86765055,1.67500000,2.73145269,1.94979259,4.70000000,2.65378020,2.30000000,3.92082304,3.10993732,6.20000000,3.43990986,2.92500000,5.11019339,4.27008204,7.70000000,0.00000000,2.25000000,0.00000000,0.00000000,0.00000000,17.00000000,0.00000000,-0.19485536,-0.35598501,-0.51711467,-0.19265055,-0.35378020,-0.51490986
00-0032398,3,BAL,Chris Moore,WR,3,3.59469939,4.10000000,3.44944205,2.61531071,6.40000000,3.94115799,4.60000000,3.91373343,2.83902211,6.90000000,4.28761658,5.10000000,4.37802481,3.06273351,7.40000000,3.59493675,4.10000000,3.44993190,2.61575617,6.40000000,3.94139534,4.60000000,3.91422328,2.83946757,6.90000000,4.28785394,5.10000000,4.37851466,3.06317897,7.40000000,0.00000000,2.00000000,0.00000000,0.33333333,0.33333333,55.00000000,0.00000000,0.50530061,0.65884201,0.81238342,0.50506325,0.65860466,0.81214606
00-0040581,0,LV,Dont'e Thornton Jr.,WR,,,,3.13541128,,,,,3.87602635,,,,,4.61664142,,,,,3.13665923,,,,,3.87727431,,,,,4.61788938,,,,,,,,,,,,,,,
00-0040648,2,SEA,Tory Horton,WR,4,2.43250291,5.70000000,3.21386801,1.78661579,6.60000000,3.02137997,6.70000000,3.86696911,2.07894489,7.10000000,3.61025703,7.70000000,4.52007021,2.37127399,7.60000000,2.43254883,5.70000000,3.21420858,1.78709120,6.60000000,3.02142589,6.70000000,3.86730968,2.07942029,7.10000000,3.61030296,7.70000000,4.52041078,2.37174939,7.60000000,0.00000000,2.00000000,0.00000000,0.50000000,0.00000000,24.00000000,0.00000000,3.26749709,3.67862003,4.08974297,3.26745117,3.67857411,4.08969704
00-0037745,0,SEA,Velus Jones Jr.,WR,,,,3.40541258,,,,,3.86342745,,,,,4.32144232,,,,,3.40743753,,,,,3.86545240,,,,,4.32346727,,,,,,,,,,,,,,,
00-0035406,1,DEN,Lil'Jordan Humphrey,WR,2,0.94819390,0.00000000,3.04765348,0.94819390,0.00000000,1.22610293,0.00000000,3.84855591,1.22610293,0.00000000,1.50401196,0.00000000,4.64945833,1.50401196,0.00000000,0.94879186,0.00000000,3.04836354,0.94879186,0.00000000,1.22670089,0.00000000,3.84926597,1.22670089,0.00000000,1.50460992,0.00000000,4.65016840,1.50460992,0.00000000,0.00000000,1.00000000,0.00000000,0.00000000,0.00000000,14.00000000,0.00000000,-0.94819390,-1.22610293,-1.50401196,-0.94879186,-1.22670089,-1.50460992
00-0037329,0,CHI,Brittain Brown,RB,,,,3.30674666,,,,,3.84378293,,,,,4.38081920,,,,,3.30704987,,,,,3.84408615,,,,,4.38112242,,,,,,,,,,,,,,,
00-0039603,0,HOU,British Brooks,RB,,,,3.68665063,,,,,3.82819837,,,,,3.96974611,,,,,3.68915440,,,,,3.83070214,,,,,3.97224989,,,,,,,,,,,,,,,
00-0032385,2,NYJ,Sterling Shepard,WR,4,2.01047550,1.15000000,2.96767752,1.72162857,0.00000000,2.51617631,1.40000000,3.81362782,2.02690350,0.00000000,3.02187711,1.65000000,4.65957813,2.33217843,0.00000000,2.01140735,1.15000000,2.96914624,1.72225172,0.00000000,2.51710815,1.40000000,3.81509654,2.02752665,0.00000000,3.02280896,1.65000000,4.66104685,2.33280158,0.00000000,0.00000000,1.50000000,0.00000000,1.00000000,0.00000000,2.00000000,0.00000000,-0.86047550,-1.11617631,-1.37187711,-0.86140735,-1.11710815,-1.37280896
00-0039855,1,TB,Jalen McMillan,WR,3,0.98068751,0.00000000,2.93386295,0.98068751,0.00000000,1.25212363,0.00000000,3.78924333,1.25212363,0.00000000,1.52355974,0.00000000,4.64462370,1.52355974,0.00000000,0.98121160,0.00000000,2.93629114,0.98121160,0.00000000,1.25264771,0.00000000,3.79167152,1.25264771,0.00000000,1.52408382,0.00000000,4.64705189,1.52408382,0.00000000,0.00000000,1.00000000,0.00000000,0.00000000,0.00000000,15.00000000,0.00000000,-0.98068751,-1.25212363,-1.52355974,-0.98121160,-1.25264771,-1.52408382
00-0038440,0,MIN,Zavier Scott,RB,,,,3.10488668,,,,,3.76451333,,,,,4.42413998,,,,,3.10641310,,,,,3.76603975,,,,,4.42566640,,,,,,,,,,,,,,,
00-0040406,0,NYJ,Quentin Skinner,WR,,,,3.14107742,,,,,3.76437263,,,,,4.38766784,,,,,3.14135061,,,,,3.76464582,,,,,4.38794103,,,,,,,,,,,,,,,
00-0038492,0,KC,Jason Brownlee,WR,,,,3.24444469,,,,,3.74228140,,,,,4.24011810,,,,,3.24446371,,,,,3.74230042,,,,,4.24013712,,,,,,,,,,,,,,,
00-0040179,0,IND,DJ Giddens,RB,,,,3.56804809,,,,,3.72457292,,,,,3.88109774,,,,,3.57058833,,,,,3.72711315,,,,,3.88363797,,,,,,,,,,,,,,,
00-0038576,0,CIN,Charlie Jones,WR,,,,3.23528172,,,,,3.68718094,,,,,4.13908017,,,,,3.23534684,,,,,3.68724607,,,,,4.13914530,,,,,,,,,,,,,,,
00-0035500,0,ARI,Greg Dortch,WR,,,,2.63755555,,,,,3.67137228,,,,,4.70518902,,,,,2.64349388,,,,,3.67731062,,,,,4.71112735,,,,,,,,,,,,,,,
00-0033526,4,CIN,Samaje Perine,RB,4,2.88217235,2.32500000,2.99793336,2.11071221,0.70000000,3.63396588,2.95000000,3.66001088,2.49983815,0.70000000,4.38575940,3.57500000,4.32208840,2.88896409,0.70000000,2.88175649,2.32500000,2.99812571,2.11100444,0.70000000,3.63355001,2.95000000,3.66020323,2.50013038,0.70000000,4.38534354,3.57500000,4.32228074,2.88925632,0.70000000,3.25000000,2.00000000,0.75000000,0.00000000,0.00000000,4.00000000,0.00000000,-0.55717235,-0.68396588,-0.81075940,-0.55675649,-0.68355001,-0.81034354
00-0036244,3,LA,Colby Parkinson,TE,3,2.10785504,0.70000000,2.85078328,2.27636059,0.00000000,2.73242809,1.20000000,3.65568934,2.61782733,0.00000000,3.35700114,1.70000000,4.46059539,2.95929407,0.00000000,2.10668612,0.70000000,2.84944380,2.27610180,0.00000000,2.73125917,1.20000000,3.65434985,2.61756854,0.00000000,3.35583222,1.70000000,4.45925591,2.95903528,0.00000000,0.00000000,1.66666667,0.00000000,0.66666667,0.00000000,3.00000000,0.00000000,-1.40785504,-1.53242809,-1.65700114,-1.40668612,-1.53125917,-1.65583222
00-0038090,4,GB,Skyy Moore,WR,4,3.07295528,0.87500000,2.59863820,1.09883080,-0.20000000,4.18893427,1.62500000,3.65103701,1.90721862,0.30000000,5.30491326,2.37500000,4.70343581,2.71560644,0.80000000,3.07541449,0.87500000,2.60124492,1.10230651,-0.20000000,4.19139347,1.62500000,3.65364372,1.91069434,0.30000000,5.30737246,2.37500000,4.70604253,2.71908216,0.80000000,0.00000000,3.25000000,0.00000000,1.00000000,0.25000000,17.75000000,0.00000000,-2.19795528,-2.56393427,-2.92991326,-2.20041449,-2.56639347,-2.93237246
00-0038619,2,CIN,Andrei Iosivas,WR,2,1.99383913,0.95000000,2.78810784,0.68824500,0.70000000,2.67010058,1.70000000,3.64915353,1.01793736,1.20000000,3.34636202,2.45000000,4.51019923,1.34762973,1.70000000,1.99488238,0.95000000,2.78946012,0.68943396,0.70000000,2.67114382,1.70000000,3.65050581,1.01912633,1.20000000,3.34740526,2.45000000,4.51155151,1.34881869,1.70000000,0.00000000,2.00000000,0.00000000,0.50000000,0.00000000,10.50000000,0.00000000,-1.04383913,-0.97010058,-0.89636202,-1.04488238,-0.97114382,-0.89740526
00-0039746,4,PHI,Will Shipley,RB,4,3.26549961,1.87500000,3.10625498,5.00393133,2.30000000,3.83538544,2.37500000,3.64664206,5.44479788,2.30000000,4.40527128,2.87500000,4.18702914,5.88566442,2.30000000,3.26569444,1.87500000,3.10693573,5.00775057,2.30000000,3.83558027,2.37500000,3.64732281,5.44861712,2.30000000,4.40546611,2.87500000,4.18770990,5.88948366,2.30000000,3.75000000,1.50000000,1.75000000,0.00000000,0.00000000,3.25000000,0.00000000,-1.39049961,-1.46038544,-1.53027128,-1.39069444,-1.46058027,-1.53046611
00-0036328,0,NE,Antonio Gibson,RB,,,,3.40630368,,,,,3.64311200,,,,,3.87992031,,,,,3.40859697,,,,,3.64540529,,,,,3.88221360,,,,,,,,,,,,,,,
00-0041489,3,PIT,Germie Bernard,WR,4,3.22944720,2.00000000,2.76907397,1.61872860,1.10000000,4.45523425,3.16666667,3.64222924,2.32354975,2.10000000,5.68102131,4.33333333,4.51538450,3.02837091,3.10000000,3.23149527,2.00000000,2.77049377,1.62102231,1.10000000,4.45728233,3.16666667,3.64364904,2.32584346,2.10000000,5.68306939,4.33333333,4.51680431,3.03066461,3.10000000,0.00000000,3.66666667,0.00000000,0.66666667,0.00000000,31.00000000,0.00000000,-1.22944720,-1.28856759,-1.34768798,-1.23149527,-1.29061566,-1.34973605
00-0036259,3,MIN,Jauan Jennings,WR,4,1.32867331,0.30000000,2.79398556,0.62325777,0.80000000,1.69635748,0.63333333,3.61421661,0.96589597,1.30000000,2.06404164,0.96666667,4.43444766,1.30853417,1.80000000,1.33030631,0.30000000,2.79559500,0.62459449,0.80000000,1.69799048,0.63333333,3.61582605,0.96723269,1.30000000,2.06567465,0.96666667,4.43605710,1.30987088,1.80000000,0.00000000,1.33333333,0.00000000,0.00000000,0.00000000,18.66666667,0.00000000,-1.02867331,-1.06302414,-1.09737498,-1.03030631,-1.06465715,-1.09900798
00-0033591,0,WAS,Noah Brown,WR,,,,2.89975421,,,,,3.60438556,,,,,4.30901692,,,,,2.90086202,,,,,3.60549337,,,,,4.31012472,,,,,,,,,,,,,,,
00-0040067,0,SEA,Jacardia Wright,RB,,,,3.15303416,,,,,3.59932004,,,,,4.04560593,,,,,3.15365378,,,,,3.59993967,,,,,4.04622556,,,,,,,,,,,,,,,
00-0039041,2,ARI,Elijah Higgins,TE,4,2.87918622,4.95000000,2.70866822,3.80574356,7.90000000,3.79861024,6.20000000,3.59890871,4.48444686,8.90000000,4.71803425,7.45000000,4.48914920,5.16315016,9.90000000,2.87716082,4.95000000,2.70667320,3.80452904,7.90000000,3.79658483,6.20000000,3.59691369,4.48323235,8.90000000,4.71600884,7.45000000,4.48715419,5.16193565,9.90000000,0.00000000,2.50000000,0.00000000,0.50000000,0.50000000,5.00000000,0.00000000,2.07081378,2.40138976,2.73196575,2.07283918,2.40341517,2.73399116
00-0035021,2,IND,Ashton Dulin,WR,4,2.55489664,1.45000000,2.60216395,4.61650995,2.90000000,3.80257046,2.20000000,3.59403208,6.74332774,4.40000000,5.05024429,2.95000000,4.58590020,8.87014553,5.90000000,2.55666866,1.45000000,2.60491505,4.61842177,2.90000000,3.80434248,2.20000000,3.59678318,6.74523956,4.40000000,5.05201631,2.95000000,4.58865130,8.87205736,5.90000000,0.00000000,3.50000000,0.00000000,0.00000000,0.00000000,19.00000000,0.00000000,-1.10489664,-1.60257046,-2.10024429,-1.10666866,-1.60434248,-2.10201631
00-0036637,4,KC,Noah Gray,TE,4,2.13437639,1.52500000,2.68083761,3.69064808,1.70000000,2.83644190,2.27500000,3.56397192,4.78256054,2.70000000,3.53850742,3.02500000,4.44710622,5.87447299,3.70000000,2.13260530,1.52500000,2.67908894,3.68967706,1.70000000,2.83467082,2.27500000,3.56222325,4.78158951,2.70000000,3.53673633,3.02500000,4.44535756,5.87350197,3.70000000,0.00000000,2.00000000,0.00000000,0.50000000,0.00000000,12.75000000,0.00000000,-0.60937639,-0.56144190,-0.51350742,-0.60760530,-0.55967082,-0.51173633
00-0040388,0,GB,Jakobie Keeney-James,WR,,,,2.93959535,,,,,3.55766731,,,,,4.17573928,,,,,2.93988071,,,,,3.55795268,,,,,4.17602464,,,,,,,,,,,,,,,
00-0035645,0,NYG,Gunner Olszewski,WR,,,,2.73467783,,,,,3.54458918,,,,,4.35450053,,,,,2.73615014,,,,,3.54606149,,,,,4.35597283,,,,,,,,,,,,,,,
00-0036176,0,TEN,Mason Kinsey,WR,,,,3.01005013,,,,,3.53563748,,,,,4.06122483,,,,,3.01035630,,,,,3.53594364,,,,,4.06153099,,,,,,,,,,,,,,,
00-0040466,4,CLE,Raheim Sanders,RB,4,1.78487149,2.60000000,2.54392587,1.52307928,1.60000000,2.88873194,3.85000000,3.52521760,2.37775337,2.60000000,3.99259240,5.10000000,4.50650934,3.23242747,3.60000000,1.78397437,2.60000000,2.54379509,1.52372355,1.60000000,2.88783482,3.85000000,3.52508683,2.37839765,2.60000000,3.99169528,5.10000000,4.50637856,3.23307174,3.60000000,1.50000000,2.75000000,0.00000000,0.00000000,0.00000000,-4.00000000,0.00000000,0.81512851,0.96126806,1.10740760,0.81602563,0.96216518,1.10830472
00-0035140,0,BUF,Mecole Hardman,WR,,,,3.06060160,,,,,3.52318233,,,,,3.98576307,,,,,3.06060034,,,,,3.52318107,,,,,3.98576181,,,,,,,,,,,,,,,
00-0039355,0,WAS,Luke McCaffrey,WR,,,,2.87692873,,,,,3.51560914,,,,,4.15428956,,,,,2.87765537,,,,,3.51633579,,,,,4.15501620,,,,,,,,,,,,,,,
00-0039032,4,TEN,Tyjae Spears,RB,4,2.67401271,2.62500000,2.79411655,1.48135023,0.60000000,3.38167706,3.25000000,3.48990541,1.89482563,1.10000000,4.08934141,3.87500000,4.18569428,2.30830103,1.60000000,2.67470051,2.62500000,2.79489158,1.48152064,0.60000000,3.38236486,3.25000000,3.49068045,1.89499604,1.10000000,4.09002921,3.87500000,4.18646931,2.30847145,1.60000000,3.75000000,1.75000000,0.50000000,0.00000000,0.00000000,-3.50000000,0.00000000,-0.04901271,-0.13167706,-0.21434141,-0.04970051,-0.13236486,-0.21502921
00-0037013,0,MIA,Zach Wilson,QB,,,,3.18350658,,,,,3.48582304,,,,,3.78813950,,,,,3.55902492,,,,,3.86134139,,,,,4.16365785,,,,,,,,,,,,,,,
00-0041125,4,IND,Seth McGowan,RB,4,2.11163432,1.30000000,3.07430729,5.06495443,3.80000000,2.39805188,1.55000000,3.48330307,5.82209004,4.30000000,2.68446945,1.80000000,3.89229886,6.57922566,4.80000000,2.11280325,1.30000000,3.07549573,5.06616336,3.80000000,2.39922081,1.55000000,3.48449151,5.82329897,4.30000000,2.68563838,1.80000000,3.89348729,6.58043458,4.80000000,3.00000000,0.75000000,0.75000000,0.00000000,0.00000000,0.75000000,0.00000000,-0.81163432,-0.84805188,-0.88446945,-0.81280325,-0.84922081,-0.88563838
00-0033857,0,KC,JuJu Smith-Schuster,WR,,,,2.50853287,,,,,3.47895341,,,,,4.44937394,,,,,2.51036630,,,,,3.48078684,,,,,4.45120737,,,,,,,,,,,,,,,
00-0040429,0,TB,Josh Williams,RB,,,,3.01491628,,,,,3.46141627,,,,,3.90791627,,,,,3.01541691,,,,,3.46191691,,,,,3.90841690,,,,,,,,,,,,,,,
00-0034407,0,NYG,Ray-Ray McCloud,WR,,,,2.41136452,,,,,3.45786850,,,,,4.50437249,,,,,2.41312618,,,,,3.45963017,,,,,4.50613416,,,,,,,,,,,,,,,
00-0034386,0,HOU,Justin Watson,WR,,,,2.83838908,,,,,3.44937179,,,,,4.06035451,,,,,2.83925141,,,,,3.45023413,,,,,4.06121684,,,,,,,,,,,,,,,
00-0033858,3,GB,Jonnu Smith,TE,4,2.50894234,2.83333333,2.61112228,1.08369625,1.90000000,3.32061338,3.66666667,3.44745051,1.40147240,2.40000000,4.13228443,4.50000000,4.28377874,1.71924856,2.90000000,2.50734230,2.83333333,2.61746225,1.08203081,1.90000000,3.31901335,3.66666667,3.45379048,1.39980696,2.40000000,4.13068439,4.50000000,4.29011871,1.71758312,2.90000000,0.00000000,2.33333333,0.00000000,0.33333333,0.00000000,18.66666667,0.00000000,0.32439100,0.34605328,0.36771557,0.32599103,0.34765332,0.36931561
00-0040876,1,BAL,Elijah Sarratt,WR,4,1.75334306,1.30000000,2.82367007,1.75334306,1.30000000,2.38679342,1.80000000,3.43537770,2.38679342,1.80000000,3.02024379,2.30000000,4.04708533,3.02024379,2.30000000,1.75404126,1.30000000,2.82391444,1.75404126,1.30000000,2.38749163,1.80000000,3.43562207,2.38749163,1.80000000,3.02094199,2.30000000,4.04732970,3.02094199,2.30000000,0.00000000,2.00000000,0.00000000,0.00000000,0.00000000,21.00000000,0.00000000,-0.45334306,-0.58679342,-0.72024379,-0.45404126,-0.58749163,-0.72094199
00-0037801,3,DAL,KaVontae Turpin,WR,3,2.11992054,2.90000000,2.91464511,4.48436924,7.80000000,2.45455435,3.23333333,3.42359930,5.15691493,8.30000000,2.78918816,3.56666667,3.93255349,5.82946063,8.80000000,2.12797099,2.90000000,2.92246463,4.49646076,7.80000000,2.46260480,3.23333333,3.43141882,5.16900646,8.30000000,2.79723861,3.56666667,3.94037301,5.84155215,8.80000000,0.66666667,1.00000000,0.66666667,0.33333333,0.00000000,5.33333333,0.00000000,0.78007946,0.77877898,0.77747850,0.77202901,0.77072853,0.76942805
00-0033955,0,WAS,Jeremy McNichols,RB,,,,2.63490982,,,,,3.42326435,,,,,4.21161888,,,,,2.63513022,,,,,3.42348476,,,,,4.21183929,,,,,,,,,,,,,,,
00-0041395,3,NE,Eli Raridon,TE,4,2.99284099,3.46666667,3.00135545,4.24202745,1.20000000,3.34763712,3.96666667,3.41949293,4.84719246,1.70000000,3.70243325,4.46666667,3.83763041,5.45235748,2.20000000,2.99185651,3.46666667,3.00063589,4.24117983,1.20000000,3.34665264,3.96666667,3.41877337,4.84634484,1.70000000,3.70144877,4.46666667,3.83691085,5.45150986,2.20000000,0.00000000,1.33333333,0.00000000,0.66666667,0.66666667,13.66666667,0.00000000,0.47382568,0.61902955,0.76423342,0.47481015,0.62001402,0.76521789
00-0039798,0,NYJ,Isaiah Davis,RB,,,,2.67870811,,,,,3.41413531,,,,,4.14956251,,,,,2.67811681,,,,,3.41354401,,,,,4.14897121,,,,,,,,,,,,,,,
00-0038685,4,GB,Chris Brooks,RB,4,3.33061764,2.35000000,2.93872729,4.58222712,3.50000000,3.84053043,2.72500000,3.40952253,4.96853573,4.00000000,4.35044322,3.10000000,3.88031777,5.35484434,4.50000000,3.33235333,2.35000000,2.94000943,4.58488636,3.50000000,3.84226612,2.72500000,3.41080467,4.97119497,4.00000000,4.35217891,3.10000000,3.88159991,5.35750358,4.50000000,3.75000000,1.25000000,1.50000000,0.00000000,0.00000000,-1.75000000,0.00000000,-0.98061764,-1.11553043,-1.25044322,-0.98235333,-1.11726612,-1.25217891
00-0040039,0,LAC,Amar Johnson,RB,,,,2.85394779,,,,,3.40337290,,,,,3.95279802,,,,,2.85407110,,,,,3.40349621,,,,,3.95292133,,,,,,,,,,,,,,,
00-0034854,1,SF,KhaDarel Hodge,WR,2,0.98068751,1.80000000,2.73772325,0.98068751,1.80000000,1.25212363,2.30000000,3.39027820,1.25212363,2.30000000,1.52355974,2.80000000,4.04283315,1.52355974,2.80000000,0.98121160,1.80000000,2.73817139,0.98121160,1.80000000,1.25264771,2.30000000,3.39072634,1.25264771,2.30000000,1.52408382,2.80000000,4.04328129,1.52408382,2.80000000,0.00000000,1.00000000,0.00000000,0.00000000,0.00000000,15.00000000,0.00000000,0.81931249,1.04787637,1.27644026,0.81878840,1.04735229,1.27591618
00-0037557,1,LA,Ronnie Rivers,RB,1,3.55810478,2.40000000,3.04450446,3.55810478,2.40000000,3.93779976,2.90000000,3.36770852,3.93779976,2.90000000,4.31749474,3.40000000,3.69091259,4.31749474,3.40000000,3.55867199,2.40000000,3.04543115,3.55867199,2.40000000,3.93836696,2.90000000,3.36863521,3.93836696,2.90000000,4.31806194,3.40000000,3.69183928,4.31806194,3.40000000,5.00000000,1.00000000,2.00000000,0.00000000,0.00000000,2.00000000,0.00000000,-1.15810478,-1.03779976,-0.91749474,-1.15867199,-1.03836696,-0.91806194
00-0037267,0,CLE,Jerome Ford,RB,,,,2.34841253,,,,,3.33433319,,,,,4.32025385,,,,,2.34791805,,,,,3.33383870,,,,,4.31975936,,,,,,,,,,,,,,,
00-0040432,0,NYG,Beaux Collins,WR,,,,2.75785878,,,,,3.33191938,,,,,3.90597997,,,,,2.75841519,,,,,3.33247578,,,,,3.90653637,,,,,,,,,,,,,,,
00-0037015,0,CLE,Sal Cannella,TE,,,,2.71858335,,,,,3.32928754,,,,,3.93999174,,,,,2.71746108,,,,,3.32816528,,,,,3.93886947,,,,,,,,,,,,,,,
00-0038458,0,TB,Owen Wright,RB,,,,2.87679840,,,,,3.32351251,,,,,3.77022661,,,,,2.87718004,,,,,3.32389414,,,,,3.77060825,,,,,,,,,,,,,,,
00-0035311,0,SEA,Myles Gaskin,RB,,,,2.87679840,,,,,3.32351251,,,,,3.77022661,,,,,2.87718004,,,,,3.32389414,,,,,3.77060825,,,,,,,,,,,,,,,
00-0035537,2,BUF,Ty Johnson,RB,4,1.73526711,3.10000000,2.36483437,1.77143765,1.20000000,2.90610769,4.60000000,3.32122998,2.54639076,2.20000000,4.07694827,6.10000000,4.27762559,3.32134387,3.20000000,1.73276609,3.10000000,2.36370525,1.76951071,1.20000000,2.90360667,4.60000000,3.32010086,2.54446381,2.20000000,4.07444725,6.10000000,4.27649647,3.31941692,3.20000000,0.50000000,3.00000000,0.50000000,0.50000000,0.00000000,0.00000000,0.00000000,1.36473289,1.69389231,2.02305173,1.36723391,1.69639333,2.02555275
00-0037085,3,DEN,Tyler Badie,RB,4,2.78620398,3.40000000,2.54337374,4.03951839,5.90000000,3.54318134,4.23333333,3.29087875,4.75861453,6.90000000,4.30015869,5.06666667,4.03872318,5.47771066,7.90000000,2.78597924,3.40000000,2.54312541,4.03932745,5.90000000,3.54295660,4.23333333,3.29063300,4.75842358,6.90000000,4.29993396,5.06666667,4.03847743,5.47751972,7.90000000,1.66666667,2.00000000,0.33333333,0.66666667,0.00000000,1.66666667,0.00000000,0.61379602,0.69015200,0.76650797,0.61402076,0.69037673,0.76673271
00-0034860,0,NO,Dante Pettis,WR,,,,2.39801759,,,,,3.28278440,,,,,4.16755120,,,,,2.40011174,,,,,3.28487854,,,,,4.16964535,,,,,,,,,,,,,,,
00-0040948,2,GB,J. Michael Sturdivant,WR,4,2.34918973,1.10000000,2.79140032,2.33484892,0.00000000,2.85913767,1.85000000,3.27595480,2.32691560,0.00000000,3.36908562,2.60000000,3.76050929,2.31898229,0.00000000,2.34947561,1.10000000,2.79144833,2.33417898,0.00000000,2.85942356,1.85000000,3.27600281,2.32624567,0.00000000,3.36937150,2.60000000,3.76055730,2.31831236,0.00000000,0.00000000,2.00000000,0.00000000,0.00000000,0.00000000,38.50000000,0.00000000,-1.24918973,-1.00913767,-0.76908562,-1.24947561,-1.00942356,-0.76937150
00-0037666,1,MIA,Jalen Tolbert,WR,4,0.42829609,0.00000000,2.51687067,0.42829609,0.00000000,0.80977179,0.00000000,3.26897665,0.80977179,0.00000000,1.19124749,0.00000000,4.02108263,1.19124749,0.00000000,0.43007606,0.00000000,2.51818442,0.43007606,0.00000000,0.81155176,0.00000000,3.27029040,0.81155176,0.00000000,1.19302746,0.00000000,4.02239638,1.19302746,0.00000000,0.00000000,1.00000000,0.00000000,0.00000000,0.00000000,-2.00000000,0.00000000,-0.42829609,-0.80977179,-1.19124749,-0.43007606,-0.81155176,-1.19302746
00-0035298,0,PIT,Scott Miller,WR,,,,2.29278367,,,,,3.26671175,,,,,4.24063983,,,,,2.29506362,,,,,3.26899170,,,,,4.24291977,,,,,,,,,,,,,,,
00-0039650,0,TEN,Bryce Oliver,WR,,,,2.72206125,,,,,3.25448434,,,,,3.78690743,,,,,2.72235849,,,,,3.25478158,,,,,3.78720467,,,,,,,,,,,,,,,
00-0034837,3,TEN,Calvin Ridley,WR,4,1.35498555,1.60000000,2.40756217,1.39591332,1.30000000,1.89581381,2.10000000,3.24976034,2.10056577,1.80000000,2.43664206,2.60000000,4.09195852,2.80521822,2.30000000,1.35594585,1.60000000,2.40848927,1.39742415,1.30000000,1.89677410,2.10000000,3.25068745,2.10207661,1.80000000,2.43760235,2.60000000,4.09288563,2.80672906,2.30000000,0.00000000,1.66666667,0.00000000,0.00000000,0.00000000,14.66666667,0.00000000,0.24501445,0.20418619,0.16335794,0.24405415,0.20322590,0.16239765
00-0040177,1,SF,Jordan James,RB,2,1.85966512,1.50000000,2.86088279,1.85966512,1.50000000,1.84566510,1.50000000,3.24598278,1.84566510,1.50000000,1.83166508,1.50000000,3.63108278,1.83166508,1.50000000,1.86166764,1.50000000,2.86158367,1.86166764,1.50000000,1.84766762,1.50000000,3.24668367,1.84766762,1.50000000,1.83366761,1.50000000,3.63178366,1.83366761,1.50000000,4.00000000,0.00000000,0.00000000,0.00000000,0.00000000,0.00000000,0.00000000,-0.35966512,-0.34566510,-0.33166508,-0.36166764,-0.34766762,-0.33366761
00-0036497,0,JAX,Tim Jones,WR,,,,2.70581444,,,,,3.24147399,,,,,3.77713354,,,,,2.70614862,,,,,3.24180817,,,,,3.77746772,,,,,,,,,,,,,,,
00-0040317,0,WAS,Jacoby Jones,WR,,,,2.69769104,,,,,3.23496882,,,,,3.77224660,,,,,2.69804369,,,,,3.23532147,,,,,3.77259925,,,,,,,,,,,,,,,
00-0040352,0,IND,Coleman Owen,WR,,,,2.68956764,,,,,3.22846364,,,,,3.76735965,,,,,2.68993875,,,,,3.22883476,,,,,3.76773077,,,,,,,,,,,,,,,
00-0034928,0,ARI,Steven Sims,WR,,,,2.68956764,,,,,3.22846364,,,,,3.76735965,,,,,2.68993875,,,,,3.22883476,,,,,3.76773077,,,,,,,,,,,,,,,
00-0030035,0,PIT,Adam Thielen,WR,,,,2.38093855,,,,,3.22198814,,,,,4.06303773,,,,,2.38215389,,,,,3.22320348,,,,,4.06425308,,,,,,,,,,,,,,,
00-0037475,0,NYJ,Stone Smartt,TE,,,,2.26557812,,,,,3.22060981,,,,,4.17564150,,,,,2.26358849,,,,,3.21862018,,,,,4.17365186,,,,,,,,,,,,,,,
00-0036360,0,KC,Clyde Edwards-Helaire,RB,,,,2.72224921,,,,,3.22045711,,,,,3.71866501,,,,,2.72285282,,,,,3.22106072,,,,,3.71926862,,,,,,,,,,,,,,,
00-0040729,2,LV,Jack Bech,WR,2,2.71632028,5.40000000,2.34120061,1.65586222,2.50000000,3.71842651,6.65000000,3.21347211,2.30873134,3.50000000,4.72053275,7.90000000,4.08574361,2.96160045,4.50000000,2.71804935,5.40000000,2.34276548,1.65678205,2.50000000,3.72015558,6.65000000,3.21503697,2.30965117,3.50000000,4.72226182,7.90000000,4.08730847,2.96252028,4.50000000,0.00000000,3.00000000,0.00000000,1.00000000,0.00000000,25.00000000,0.00000000,2.68367972,2.93157349,3.17946725,2.68195065,2.92984442,3.17773818
00-0036567,0,KC,Elijah Mitchell,RB,,,,2.69304773,,,,,3.20766153,,,,,3.72227534,,,,,2.69240180,,,,,3.20701560,,,,,3.72162940,,,,,,,,,,,,,,,
00-0030564,0,BAL,DeAndre Hopkins,WR,,,,2.54049385,,,,,3.20297207,,,,,3.86545028,,,,,2.54155013,,,,,3.20402835,,,,,3.86650656,,,,,,,,,,,,,,,
00-0038911,0,DET,Malik Cunningham,WR,,,,2.74802617,,,,,3.19396953,,,,,3.63991289,,,,,2.74872269,,,,,3.19466605,,,,,3.64060941,,,,,,,,,,,,,,,
00-0040628,0,GB,Drake Dabney,TE,,,,2.67655458,,,,,3.19016288,,,,,3.70377119,,,,,2.67641614,,,,,3.19002444,,,,,3.70363275,,,,,,,,,,,,,,,
00-0039266,0,CIN,Kendall Milton,RB,,,,2.73868052,,,,,3.18560874,,,,,3.63253695,,,,,2.73894316,,,,,3.18587138,,,,,3.63279959,,,,,,,,,,,,,,,
00-0034367,0,LAC,Nyheim Hines,RB,,,,2.73868052,,,,,3.18560874,,,,,3.63253695,,,,,2.73894316,,,,,3.18587138,,,,,3.63279959,,,,,,,,,,,,,,,
00-0038896,0,DET,Jacob Saylors,RB,,,,2.73868052,,,,,3.18560874,,,,,3.63253695,,,,,2.73894316,,,,,3.18587138,,,,,3.63279959,,,,,,,,,,,,,,,
00-0034867,0,SF,Malik Turner,WR,,,,2.63270381,,,,,3.18292743,,,,,3.73315104,,,,,2.63320421,,,,,3.18342783,,,,,3.73365144,,,,,,,,,,,,,,,
00-0040673,0,SEA,Jalen Milroe,QB,,,,2.87161824,,,,,3.17417719,,,,,3.47673615,,,,,3.16435276,,,,,3.46691172,,,,,3.76947068,,,,,,,,,,,,,,,
00-0039754,0,TB,Devin Culp,TE,,,,2.76895318,,,,,3.16853486,,,,,3.56811655,,,,,2.76880738,,,,,3.16838906,,,,,3.56797074,,,,,,,,,,,,,,,
00-0036463,2,ATL,Chris Blair,WR,3,2.04257955,1.30000000,2.56881226,1.65664134,2.00000000,2.70913162,1.55000000,3.16457549,1.97486211,2.00000000,3.37568368,1.80000000,3.76033873,2.29308287,2.00000000,2.04351198,1.30000000,2.56933095,1.65741225,2.00000000,2.71006405,1.55000000,3.16509419,1.97563301,2.00000000,3.37661611,1.80000000,3.76085742,2.29385377,2.00000000,0.00000000,2.00000000,0.00000000,0.50000000,0.00000000,12.00000000,0.00000000,-0.74257955,-1.15913162,-1.57568368,-0.74351198,-1.16006405,-1.57661611
00-0034521,0,NYJ,Allen Lazard,WR,,,,2.54388533,,,,,3.15006383,,,,,3.75624233,,,,,2.54531777,,,,,3.15149627,,,,,3.75767477,,,,,,,,,,,,,,,
00-0035956,0,DET,Giovanni Ricci,TE,,,,2.74168544,,,,,3.14586326,,,,,3.55004109,,,,,2.74151670,,,,,3.14569453,,,,,3.54987235,,,,,,,,,,,,,,,
00-0039365,2,SF,Jacob Cowing,WR,4,2.25489831,0.10000000,2.68998606,1.85720273,0.20000000,2.62101492,0.10000000,3.14529173,2.14473419,0.20000000,2.98713154,0.10000000,3.60059739,2.43226564,0.20000000,2.25631519,0.10000000,2.69091192,1.85949805,0.20000000,2.62243180,0.10000000,3.14621759,2.14702950,0.20000000,2.98854842,0.10000000,3.60152325,2.43456096,0.20000000,0.50000000,1.50000000,0.00000000,0.00000000,0.00000000,31.00000000,0.00000000,-2.15489831,-2.52101492,-2.88713154,-2.15631519,-2.52243180,-2.88854842
00-0034073,0,DET,Ross Dwelley,TE,,,,2.56709197,,,,,3.14234411,,,,,3.71759625,,,,,2.56605841,,,,,3.14131055,,,,,3.71656269,,,,,,,,,,,,,,,
00-0033439,0,ARI,Pharaoh Brown,TE,,,,2.59475135,,,,,3.12214808,,,,,3.64954482,,,,,2.59454412,,,,,3.12194085,,,,,3.64933758,,,,,,,,,,,,,,,
00-0040131,3,NE,Kyle Williams,WR,4,2.61232354,1.46666667,2.53806139,2.53897402,0.00000000,3.26917903,1.80000000,3.11460266,3.10277269,0.00000000,3.92603453,2.13333333,3.69114393,3.66657136,0.00000000,2.61421518,1.46666667,2.53993286,2.54162492,0.00000000,3.27107068,1.80000000,3.11647413,3.10542359,0.00000000,3.92792617,2.13333333,3.69301539,3.66922226,0.00000000,0.00000000,2.33333333,0.00000000,0.00000000,0.33333333,31.33333333,0.00000000,-1.14565687,-1.46917903,-1.79270119,-1.14754852,-1.47107068,-1.79459284
00-0039521,0,ARI,Xavier Weaver,WR,,,,2.50910330,,,,,3.10993665,,,,,3.71077000,,,,,2.51061529,,,,,3.11144863,,,,,3.71228198,,,,,,,,,,,,,,,
00-0037348,0,MIA,Tanner Conner,TE,,,,2.37572013,,,,,3.10937615,,,,,3.84303216,,,,,2.37377544,,,,,3.10743145,,,,,3.84108747,,,,,,,,,,,,,,,
00-0036331,0,CHI,Devin Duvernay,WR,,,,2.64328634,,,,,3.10878435,,,,,3.57428236,,,,,2.64409172,,,,,3.10958973,,,,,3.57508774,,,,,,,,,,,,,,,
00-0035689,4,BUF,Dawson Knox,TE,4,2.07185187,2.25000000,2.40616307,1.89076266,1.30000000,2.62860673,3.00000000,3.09809786,2.67870385,2.30000000,3.18536159,3.75000000,3.79003265,3.46664503,3.30000000,2.08391013,2.25000000,2.41686908,1.88831577,1.30000000,2.64066499,3.00000000,3.10880387,2.67625695,2.30000000,3.19741985,3.75000000,3.80073866,3.46419813,3.30000000,0.25000000,1.50000000,0.00000000,0.50000000,0.25000000,2.75000000,0.00000000,0.17814813,0.37139327,0.56463841,0.16608987,0.35933501,0.55258015
00-0040265,1,CAR,Ja'Seem Reed,WR,4,1.13851557,0.00000000,2.60848045,1.13851557,0.00000000,1.42306622,0.00000000,3.09807318,1.42306622,0.00000000,1.70761687,0.00000000,3.58766590,1.70761687,0.00000000,1.13997028,0.00000000,2.60898960,1.13997028,0.00000000,1.42452092,0.00000000,3.09858232,1.42452092,0.00000000,1.70907157,0.00000000,3.58817505,1.70907157,0.00000000,0.00000000,1.00000000,0.00000000,1.00000000,0.00000000,12.00000000,0.00000000,-1.13851557,-1.42306622,-1.70761687,-1.13997028,-1.42452092,-1.70907157
00-0038891,0,LV,Shedrick Jackson,WR,,,,2.62031606,,,,,3.09270581,,,,,3.56509555,,,,,2.62166876,,,,,3.09405850,,,,,3.56644825,,,,,,,,,,,,,,,
00-0035876,0,ARI,Andre Baccellia,WR,,,,2.42000687,,,,,3.09021796,,,,,3.76042906,,,,,2.42135688,,,,,3.09156797,,,,,3.76177907,,,,,,,,,,,,,,,
00-0040568,1,NE,Lan Larison,RB,1,0.59754734,0.90000000,2.41914157,0.59754734,0.90000000,1.39911726,1.90000000,3.08969104,1.39911726,1.90000000,2.20068719,2.90000000,3.76024052,2.20068719,2.90000000,0.59641326,0.90000000,2.41874464,0.59641326,0.90000000,1.39798318,1.90000000,3.08929411,1.39798318,1.90000000,2.19955310,2.90000000,3.75984359,2.19955310,2.90000000,0.00000000,2.00000000,0.00000000,0.00000000,0.00000000,-3.00000000,0.00000000,0.30245266,0.50088274,0.69931281,0.30358674,0.50201682,0.70044690
00-0039757,0,NE,Terrell Jennings,RB,,,,3.02139157,,,,,3.08828262,,,,,3.15517367,,,,,3.02362295,,,,,3.09051400,,,,,3.15740505,,,,,,,,,,,,,,,
00-0039021,1,CHI,Roschon Johnson,RB,4,4.54729839,2.30000000,2.76228587,4.54729839,2.30000000,4.89243818,2.80000000,3.07436982,4.89243818,2.80000000,5.23757796,3.30000000,3.38645377,5.23757796,3.30000000,4.54781634,2.30000000,2.76265389,4.54781634,2.30000000,4.89295613,2.80000000,3.07473784,4.89295613,2.80000000,5.23809591,3.30000000,3.38682179,5.23809591,3.30000000,4.00000000,1.00000000,2.00000000,1.00000000,0.00000000,5.00000000,0.00000000,-2.24729839,-2.09243818,-1.93757796,-2.24781634,-2.09295613,-1.93809591
00-0040547,0,ATL,Nate Carter,RB,,,,2.76795044,,,,,3.06073632,,,,,3.35352220,,,,,2.76907069,,,,,3.06185658,,,,,3.35464246,,,,,,,,,,,,,,,
00-0033589,1,CAR,David Moore,WR,3,3.92562904,0.00000000,2.71424677,3.92562904,0.00000000,4.20358537,0.00000000,3.05852153,4.20358537,0.00000000,4.48154170,0.00000000,3.40279629,4.48154170,0.00000000,3.92701204,0.00000000,2.71538877,3.92701204,0.00000000,4.20496837,0.00000000,3.05966353,4.20496837,0.00000000,4.48292470,0.00000000,3.40393829,4.48292470,0.00000000,0.00000000,2.00000000,0.00000000,0.00000000,1.00000000,59.00000000,0.00000000,-3.92562904,-4.20358537,-4.48154170,-3.92701204,-4.20496837,-4.48292470
00-0031235,1,NYG,Odell Beckham Jr.,WR,3,1.04567474,0.00000000,2.57598616,1.04567474,0.00000000,1.30416502,0.00000000,3.05645776,1.30416502,0.00000000,1.56265530,0.00000000,3.53692935,1.56265530,0.00000000,1.04605107,0.00000000,2.57611787,1.04605107,0.00000000,1.30454135,0.00000000,3.05658947,1.30454135,0.00000000,1.56303163,0.00000000,3.53706107,1.56303163,0.00000000,0.00000000,1.00000000,0.00000000,0.00000000,0.00000000,17.00000000,0.00000000,-1.04567474,-1.30416502,-1.56265530,-1.04605107,-1.30454135,-1.56303163
00-0040476,0,IND,Ulysses Bentley IV,RB,,,,2.60056264,,,,,3.04770497,,,,,3.49484730,,,,,2.60070629,,,,,3.04784861,,,,,3.49499094,,,,,,,,,,,,,,,
00-0034419,1,NYG,Braxton Berrios,WR,4,0.59076416,0.00000000,2.24503654,0.59076416,0.00000000,0.93987527,0.00000000,3.04553485,0.93987527,0.00000000,1.28898639,0.00000000,3.84603316,1.28898639,0.00000000,0.59217475,0.00000000,2.24660497,0.59217475,0.00000000,0.94128587,0.00000000,3.04710328,0.94128587,0.00000000,1.29039698,0.00000000,3.84760159,1.29039698,0.00000000,0.00000000,1.00000000,0.00000000,0.00000000,0.00000000,3.00000000,0.00000000,-0.59076416,-0.93987527,-1.28898639,-0.59217475,-0.94128587,-1.29039698
00-0034981,4,HOU,Foster Moreau,TE,4,2.61099982,2.92500000,2.29428843,0.46562741,0.10000000,3.42379007,3.80000000,3.02909163,0.88758280,0.60000000,4.23658031,4.67500000,3.76389482,1.30953819,1.10000000,2.60875832,2.92500000,2.29206292,0.46344220,0.10000000,3.42154856,3.80000000,3.02686612,0.88539759,0.60000000,4.23433881,4.67500000,3.76166932,1.30735298,1.10000000,0.00000000,2.25000000,0.00000000,0.50000000,0.50000000,7.50000000,0.00000000,0.31400018,0.37620993,0.43841969,0.31624168,0.37845144,0.44066119
00-0041132,2,IND,Deion Burks,WR,4,1.93315159,1.00000000,2.58530018,2.19768330,0.60000000,2.20074730,1.25000000,3.02613325,2.73300591,1.10000000,2.46834300,1.50000000,3.46696631,3.26832852,1.60000000,1.93621660,1.00000000,2.58688742,2.19925601,0.60000000,2.20381231,1.25000000,3.02772048,2.73457862,1.10000000,2.47140801,1.50000000,3.46855355,3.26990123,1.60000000,1.00000000,1.00000000,0.00000000,0.00000000,0.00000000,16.50000000,0.00000000,-0.93315159,-0.95074730,-0.96834300,-0.93621660,-0.95381231,-0.97140801
00-0041100,3,JAX,Josh Cameron,WR,4,2.30750199,6.46666667,2.37718784,1.29843248,4.20000000,2.93804619,7.30000000,3.01849282,2.02250368,5.20000000,3.56859038,8.13333333,3.65979780,2.74657488,6.20000000,2.30858270,6.46666667,2.37813538,1.30016494,4.20000000,2.93912689,7.30000000,3.01944036,2.02423614,5.20000000,3.56967109,8.13333333,3.66074533,2.74830735,6.20000000,0.00000000,2.00000000,0.00000000,0.66666667,0.33333333,15.00000000,0.00000000,4.15916467,4.36195381,4.56474295,4.15808397,4.36087311,4.56366225
00-0038679,0,BUF,Tyrell Shavers,WR,,,,2.31723126,,,,,2.99893261,,,,,3.68063397,,,,,2.31816598,,,,,2.99986733,,,,,3.68156869,,,,,,,,,,,,,,,
00-0039384,3,NYG,Tyrone Tracy Jr.,RB,4,0.38640774,-0.13333333,2.67135679,0.20225057,-0.10000000,0.37469157,-0.13333333,2.99803009,0.19081988,-0.10000000,0.36297539,-0.13333333,3.32470338,0.17938918,-0.10000000,0.38714098,-0.13333333,2.67348707,0.20282514,-0.10000000,0.37542480,-0.13333333,3.00016037,0.19139445,-0.10000000,0.36370863,-0.13333333,3.32683366,0.17996375,-0.10000000,1.33333333,0.00000000,0.00000000,0.00000000,0.00000000,0.00000000,0.00000000,-0.51974108,-0.50802490,-0.49630873,-0.52047431,-0.50875813,-0.49704196
00-0041467,1,HOU,Lewis Bond,WR,3,0.81821945,0.00000000,2.49637681,0.81821945,0.00000000,1.12202015,0.00000000,2.99270705,1.12202015,0.00000000,1.42582084,0.00000000,3.48903729,1.42582084,0.00000000,0.81911291,0.00000000,2.49668952,0.81911291,0.00000000,1.12291361,0.00000000,2.99301976,1.12291361,0.00000000,1.42671430,0.00000000,3.48935001,1.42671430,0.00000000,0.00000000,1.00000000,0.00000000,0.00000000,0.00000000,10.00000000,0.00000000,-0.81821945,-1.12202015,-1.42582084,-0.81911291,-1.12291361,-1.42671430
00-0036628,2,WAS,John Bates,TE,3,3.10075577,1.10000000,2.20229289,0.68376935,0.90000000,4.04489003,1.85000000,2.95950255,1.06895560,1.40000000,4.98902430,2.60000000,3.71671221,1.45414185,1.90000000,3.09976407,1.10000000,2.20076775,0.68176759,0.90000000,4.04389833,1.85000000,2.95797740,1.06695384,1.40000000,4.98803260,2.60000000,3.71518706,1.45214009,1.90000000,0.00000000,2.50000000,0.00000000,1.00000000,0.00000000,4.00000000,0.00000000,-2.00075577,-2.19489003,-2.38902430,-1.99976407,-2.19389833,-2.38803260
00-0040390,1,DET,Jackson Meeks,WR,3,0.65575138,0.80000000,2.43951298,0.65575138,0.80000000,0.99191667,1.30000000,2.94717083,0.99191667,1.30000000,1.32808195,1.80000000,3.45482868,1.32808195,1.80000000,0.65701422,0.80000000,2.43995498,0.65701422,0.80000000,0.99317951,1.30000000,2.94761283,0.99317951,1.30000000,1.32934479,1.80000000,3.45527068,1.32934479,1.80000000,0.00000000,1.00000000,0.00000000,0.00000000,0.00000000,5.00000000,0.00000000,0.14424862,0.30808333,0.47191805,0.14298578,0.30682049,0.47065521
00-0039814,1,CIN,Erick All,TE,2,1.62541597,0.50000000,2.22639559,1.62541597,0.50000000,2.84071441,1.50000000,2.94425004,2.84071441,1.50000000,4.05601285,2.50000000,3.66210450,4.05601285,2.50000000,1.62230450,0.50000000,2.22530658,1.62230450,0.50000000,2.83760294,1.50000000,2.94316103,2.83760294,1.50000000,4.05290138,2.50000000,3.66101548,4.05290138,2.50000000,0.00000000,3.00000000,0.00000000,0.00000000,0.00000000,-1.00000000,0.00000000,-1.12541597,-1.34071441,-1.55601285,-1.12230450,-1.33760294,-1.55290138
00-0037487,0,ATL,Deven Thompkins,WR,,,,2.36705775,,,,,2.94423186,,,,,3.52140596,,,,,2.36834173,,,,,2.94551584,,,,,3.52268994,,,,,,,,,,,,,,,
00-0037258,0,KC,Dameon Pierce,RB,,,,2.69623409,,,,,2.94370424,,,,,3.19117440,,,,,2.69778345,,,,,2.94525361,,,,,3.19272376,,,,,,,,,,,,,,,
00-0036980,0,BUF,Elijah Moore,WR,,,,2.31525363,,,,,2.94309384,,,,,3.57093405,,,,,2.31878229,,,,,2.94662249,,,,,3.57446270,,,,,,,,,,,,,,,
00-0040058,0,SEA,Nick Kallerup,TE,,,,2.52703639,,,,,2.94224283,,,,,3.35744928,,,,,2.52700991,,,,,2.94221635,,,,,3.35742280,,,,,,,,,,,,,,,
00-0033375,0,JAX,Tim Patrick,WR,,,,2.41022714,,,,,2.94203433,,,,,3.47384153,,,,,2.41118268,,,,,2.94298987,,,,,3.47479707,,,,,,,,,,,,,,,
00-0036754,3,DET,Brock Wright,TE,4,1.66182427,0.66666667,2.12096346,3.01986133,0.80000000,2.28667138,1.33333333,2.94061454,3.73042273,1.30000000,2.91151849,2.00000000,3.76026562,4.44098414,1.80000000,1.66014570,0.66666667,2.11918402,3.01927700,0.80000000,2.28499281,1.33333333,2.93883510,3.72983840,1.30000000,2.90983992,2.00000000,3.75848618,4.44039981,1.80000000,0.00000000,1.66666667,0.00000000,0.33333333,0.00000000,5.00000000,0.00000000,-0.99515760,-0.95333805,-0.91151849,-0.99347904,-0.95165948,-0.90983992
00-0041511,1,NYJ,Omar Cooper Jr.,WR,1,0.62325777,3.00000000,2.42814022,0.62325777,3.00000000,0.96589597,3.50000000,2.93806359,0.96589597,3.50000000,1.30853417,4.00000000,3.44798696,1.30853417,4.00000000,0.62459449,3.00000000,2.42860807,0.62459449,3.00000000,0.96723269,3.50000000,2.93853144,0.96723269,3.50000000,1.30987088,4.00000000,3.44845481,1.30987088,4.00000000,0.00000000,1.00000000,0.00000000,0.00000000,0.00000000,4.00000000,0.00000000,2.37674223,2.53410403,2.69146583,2.37540551,2.53276731,2.69012912
00-0038640,1,ARI,Jalen Brooks,WR,3,0.88320667,0.00000000,2.31783760,0.88320667,0.00000000,1.17406154,0.00000000,2.92011334,1.17406154,0.00000000,1.46491640,0.00000000,3.52238909,1.46491640,0.00000000,0.88395239,0.00000000,2.31850020,0.88395239,0.00000000,1.17480725,0.00000000,2.92077594,1.17480725,0.00000000,1.46566211,0.00000000,3.52305169,1.46566211,0.00000000,0.00000000,1.00000000,0.00000000,0.00000000,0.00000000,12.00000000,0.00000000,-0.88320667,-1.17406154,-1.46491640,-0.88395239,-1.17480725,-1.46566211
00-0039144,0,GB,Luke Musgrave,TE,,,,2.10746678,,,,,2.91946321,,,,,3.73145963,,,,,2.10528816,,,,,2.91728458,,,,,3.72928100,,,,,,,,,,,,,,,
00-0034975,4,BAL,Justice Hill,RB,4,2.25581034,2.60000000,2.12580586,1.61108792,2.50000000,2.86309319,3.22500000,2.91868642,2.82178900,3.50000000,3.47037604,3.85000000,3.71156698,4.03249007,4.50000000,2.25682745,2.60000000,2.12600715,1.60987251,2.50000000,2.86411030,3.22500000,2.91888771,2.82057359,3.50000000,3.47139315,3.85000000,3.71176827,4.03127466,4.50000000,3.50000000,1.50000000,0.00000000,0.00000000,0.00000000,-3.75000000,0.00000000,0.34418966,0.36190681,0.37962396,0.34317255,0.36088970,0.37860685
00-0041096,3,WAS,Kaytron Allen,RB,4,2.77344871,1.36666667,2.75304331,1.96354112,0.10000000,2.77195967,1.36666667,2.91643258,1.96580600,0.10000000,2.77047063,1.36666667,3.07982185,1.96807088,0.10000000,2.77571939,1.36666667,2.75473289,1.96594011,0.10000000,2.77423035,1.36666667,2.91812216,1.96820498,0.10000000,2.77274132,1.36666667,3.08151143,1.97046986,0.10000000,4.00000000,0.00000000,1.33333333,0.00000000,0.00000000,0.00000000,0.00000000,-1.40678204,-1.40529300,-1.40380397,-1.40905272,-1.40756369,-1.40607465
00-0040078,1,KC,Brashard Smith,RB,3,0.33855706,0.40000000,2.16449859,0.33855706,0.40000000,0.73559012,0.90000000,2.91284466,0.73559012,0.90000000,1.13262317,1.40000000,3.66119073,1.13262317,1.40000000,0.33774261,0.40000000,2.16449304,0.33774261,0.40000000,0.73477566,0.90000000,2.91283911,0.73477566,0.90000000,1.13180872,1.40000000,3.66118518,1.13180872,1.40000000,0.00000000,1.00000000,0.00000000,1.00000000,0.00000000,-3.00000000,0.00000000,0.06144294,0.16440988,0.26737683,0.06225739,0.16522434,0.26819128
00-0040075,2,BAL,LaJohntay Wester,WR,2,1.41216012,1.45000000,2.25003224,1.39591332,1.40000000,2.11357612,2.20000000,2.90899644,2.10056577,1.90000000,2.81499211,2.95000000,3.56796064,2.80521822,2.40000000,1.41363402,1.45000000,2.25088794,1.39742415,1.40000000,2.11505002,2.20000000,2.90985214,2.10207661,1.90000000,2.81646601,2.95000000,3.56881634,2.80672906,2.40000000,0.00000000,2.00000000,0.00000000,0.00000000,0.00000000,10.50000000,0.00000000,0.03783988,0.08642388,0.13500789,0.03636598,0.08494998,0.13353399
00-0038102,1,CAR,Kenny Pickett,QB,1,1.74313236,2.40000000,2.89981541,1.74313236,2.40000000,1.74657336,2.40000000,2.90338329,1.74657336,2.40000000,1.75001435,2.40000000,2.90695117,1.75001435,2.40000000,2.14936492,2.40000000,3.52579904,2.14936492,2.40000000,2.15280592,2.40000000,3.52936692,2.15280592,2.40000000,2.15624691,2.40000000,3.53293479,2.15624691,2.40000000,1.00000000,0.00000000,0.00000000,0.00000000,0.00000000,0.00000000,1.00000000,0.65686764,0.65342664,0.64998565,0.25063508,0.24719408,0.24375309
00-0038409,1,PIT,Lew Nichols III,RB,3,0.85859810,0.00000000,2.51050933,0.85859810,0.00000000,0.86257585,0.00000000,2.90190155,0.86257585,0.00000000,0.86655361,0.00000000,3.29329376,0.86655361,0.00000000,0.86004511,0.00000000,2.51101579,0.86004511,0.00000000,0.86402287,0.00000000,2.90240800,0.86402287,0.00000000,0.86800063,0.00000000,3.29380022,0.86800063,0.00000000,1.00000000,0.00000000,1.00000000,0.00000000,0.00000000,0.00000000,0.00000000,-0.85859810,-0.86257585,-0.86655361,-0.86004511,-0.86402287,-0.86800063
00-0038359,1,LA,Xavier Smith,WR,2,1.65664134,0.00000000,2.35963642,1.65664134,0.00000000,1.97486211,0.00000000,2.89306891,1.97486211,0.00000000,2.29308287,0.00000000,3.42650140,2.29308287,0.00000000,1.65741225,0.00000000,2.36063820,1.65741225,0.00000000,1.97563301,0.00000000,2.89407068,1.97563301,0.00000000,2.29385377,0.00000000,3.42750317,2.29385377,0.00000000,0.00000000,1.00000000,0.00000000,1.00000000,0.00000000,0.00000000,0.00000000,-1.65664134,-1.97486211,-2.29308287,-1.65741225,-1.97563301,-2.29385377
00-0038809,0,MIN,Ben Sims,TE,,,,2.29867773,,,,,2.88810942,,,,,3.47754111,,,,,2.29728969,,,,,2.88672137,,,,,3.47615306,,,,,,,,,,,,,,,
00-0036841,0,JAX,Austin Trammell,WR,,,,2.32011762,,,,,2.88431438,,,,,3.44851114,,,,,2.32128068,,,,,2.88547743,,,,,3.44967419,,,,,,,,,,,,,,,
00-0040506,2,MIN,Myles Price,WR,4,1.28537509,0.40000000,2.26787442,2.01247963,0.80000000,1.84943267,0.90000000,2.87265568,2.78501076,1.80000000,2.41349025,1.40000000,3.47743694,3.55754189,2.80000000,1.28805386,0.40000000,2.26956771,2.01635271,0.80000000,1.85211144,0.90000000,2.87434898,2.78888384,1.80000000,2.41616902,1.40000000,3.47913024,3.56141496,2.80000000,0.50000000,1.50000000,0.00000000,0.00000000,0.00000000,2.00000000,0.00000000,-0.88537509,-0.94943267,-1.01349025,-0.88805386,-0.95211144,-1.01616902
00-0032392,3,ATL,Austin Hooper,TE,4,2.43157117,3.33333333,2.17131689,0.53834139,0.90000000,3.28981929,4.16666667,2.86624087,0.94804040,1.40000000,4.14806742,5.00000000,3.56116486,1.35773941,1.90000000,2.42947571,3.33333333,2.16941146,0.53621733,0.90000000,3.28772383,4.16666667,2.86433544,0.94591634,1.40000000,4.14597195,5.00000000,3.55925943,1.35561535,1.90000000,0.00000000,2.33333333,0.00000000,0.33333333,0.33333333,7.00000000,0.00000000,0.90176216,0.87684737,0.85193258,0.90385763,0.87894284,0.85402805
00-0040172,1,SF,Jordan Watkins,WR,3,2.14326641,6.00000000,2.33638470,2.14326641,6.00000000,2.69904178,7.00000000,2.86558718,2.69904178,7.00000000,3.25481714,8.00000000,3.39478967,3.25481714,8.00000000,2.14307811,6.00000000,2.33643338,2.14307811,6.00000000,2.69885347,7.00000000,2.86563587,2.69885347,7.00000000,3.25462884,8.00000000,3.39483835,3.25462884,8.00000000,0.00000000,2.00000000,0.00000000,0.00000000,0.00000000,33.00000000,0.00000000,3.85673359,4.30095822,4.74518286,3.85692189,4.30114653,4.74537116
00-0041051,1,CHI,Zavion Thomas,WR,3,0.36330887,0.10000000,2.33715810,0.36330887,0.10000000,0.75773040,0.60000000,2.86520564,0.75773040,0.60000000,1.15215193,1.10000000,3.39325318,1.15215193,1.10000000,0.36523659,0.10000000,2.33783281,0.36523659,0.10000000,0.75965812,0.60000000,2.86588034,0.75965812,0.60000000,1.15407966,1.10000000,3.39392788,1.15407966,1.10000000,0.00000000,1.00000000,0.00000000,0.00000000,0.00000000,-4.00000000,0.00000000,-0.26330887,-0.15773040,-0.05215193,-0.26523659,-0.15965812,-0.05407966
00-0040879,3,BAL,Matthew Hibner,TE,4,2.10851816,4.33333333,2.30381482,1.76332759,3.40000000,2.66873483,5.16666667,2.85564009,2.39234443,4.40000000,3.22895150,6.00000000,3.40746537,3.02136127,5.40000000,2.10676888,4.33333333,2.30252640,1.76123488,3.40000000,2.66698555,5.16666667,2.85435168,2.39025172,4.40000000,3.22720222,6.00000000,3.40617696,3.01926856,5.40000000,0.00000000,1.66666667,0.00000000,0.33333333,0.33333333,8.33333333,0.00000000,2.22481517,2.49793184,2.77104850,2.22656445,2.49968112,2.77279778
00-0040259,0,CLE,Gage Larvadain,WR,,,,2.15909110,,,,,2.84961561,,,,,3.54014011,,,,,2.16073854,,,,,2.85126305,,,,,3.54178755,,,,,,,,,,,,,,,
00-0039874,3,MIA,Jaylen Wright,RB,4,1.43888202,0.56666667,2.73618280,2.41213663,0.70000000,1.43380805,0.56666667,2.84664886,2.39728017,0.70000000,1.42873408,0.56666667,2.95711492,2.38242372,0.70000000,1.44039375,0.56666667,2.73849263,2.41461514,0.70000000,1.43531978,0.56666667,2.84895869,2.39975868,0.70000000,1.43024581,0.56666667,2.95942474,2.38490222,0.70000000,2.66666667,0.00000000,0.66666667,0.00000000,0.00000000,0.00000000,0.00000000,-0.87221535,-0.86714138,-0.86206742,-0.87372708,-0.86865311,-0.86357915
00-0039792,3,BAL,Devontez Walker,WR,4,2.53584769,2.20000000,2.52134113,2.32765775,1.90000000,2.83182874,2.53333333,2.83870164,2.83708870,2.40000000,3.12780979,2.86666667,3.15606215,3.34651964,2.90000000,2.53600797,2.20000000,2.52182827,2.32893496,1.90000000,2.83198902,2.53333333,2.83918878,2.83836590,2.40000000,3.12797007,2.86666667,3.15654930,3.34779685,2.90000000,0.00000000,1.66666667,0.00000000,0.00000000,0.00000000,49.33333333,0.00000000,-0.33584769,-0.29849541,-0.26114313,-0.33600797,-0.29865569,-0.26130341
00-0031236,1,SF,Brandin Cooks,WR,4,0.88320667,0.00000000,2.21656913,0.88320667,0.00000000,1.17406154,0.00000000,2.83689590,1.17406154,0.00000000,1.46491640,0.00000000,3.45722267,1.46491640,0.00000000,0.88395239,0.00000000,2.21769757,0.88395239,0.00000000,1.17480725,0.00000000,2.83802434,1.17480725,0.00000000,1.46566211,0.00000000,3.45835111,1.46566211,0.00000000,0.00000000,1.00000000,0.00000000,0.00000000,0.00000000,12.00000000,0.00000000,-0.88320667,-1.17406154,-1.46491640,-0.88395239,-1.17480725,-1.46566211
00-0040598,1,GB,Mark Redman,TE,4,1.87239856,2.90000000,2.31283950,1.87239856,2.90000000,2.48303083,3.90000000,2.81906079,2.48303083,3.90000000,3.09366310,4.90000000,3.32528208,3.09366310,4.90000000,1.87039758,2.90000000,2.31213915,1.87039758,2.90000000,2.48102984,3.90000000,2.81836045,2.48102984,3.90000000,3.09166211,4.90000000,3.32458174,3.09166211,4.90000000,0.00000000,2.00000000,0.00000000,0.00000000,0.00000000,22.00000000,0.00000000,1.02760144,1.41696917,1.80633690,1.02960242,1.41897016,1.80833789
00-0036876,0,PHI,Kylen Granson,TE,,,,2.03117474,,,,,2.81805922,,,,,3.60494371,,,,,2.02897825,,,,,2.81586273,,,,,3.60274722,,,,,,,,,,,,,,,
00-0034272,2,LAC,Marquez Valdes-Scantling,WR,4,1.02414276,0.00000000,2.24812484,0.78572584,0.00000000,1.28211604,0.00000000,2.79941733,1.09599945,0.00000000,1.54008932,0.00000000,3.35070982,1.40627306,0.00000000,1.02551041,0.00000000,2.24925877,0.78669317,0.00000000,1.28348369,0.00000000,2.80055126,1.09696679,0.00000000,1.54145697,0.00000000,3.35184375,1.40724040,0.00000000,0.00000000,1.00000000,0.00000000,0.00000000,0.00000000,15.50000000,0.00000000,-1.02414276,-1.28211604,-1.54008932,-1.02551041,-1.28348369,-1.54145697
00-0036414,0,MIN,Cam Akers,RB,,,,2.39267127,,,,,2.79928506,,,,,3.20589885,,,,,2.39326962,,,,,2.79988341,,,,,3.20649721,,,,,,,,,,,,,,,
00-0040244,0,NO,Moliki Matavao,TE,,,,2.24204978,,,,,2.77271615,,,,,3.30338252,,,,,2.24144502,,,,,2.77211139,,,,,3.30277777,,,,,,,,,,,,,,,
00-0040646,3,KC,Jalen Royals,WR,4,1.85653514,2.56666667,2.17848705,1.91581112,0.00000000,2.39008571,3.06666667,2.75302417,2.51689690,0.00000000,2.92363628,3.56666667,3.32756129,3.11798268,0.00000000,1.85756772,2.56666667,2.17933390,1.91613995,0.00000000,2.39111829,3.06666667,2.75387102,2.51722573,0.00000000,2.92466887,3.56666667,3.32840814,3.11831151,0.00000000,0.00000000,1.66666667,0.00000000,0.33333333,0.33333333,9.66666667,0.00000000,0.71013153,0.67658096,0.64303039,0.70909895,0.67554837,0.64199780
00-0040886,2,TEN,Nicholas Singleton,RB,4,1.87461859,0.60000000,2.48525336,1.59838283,0.20000000,1.86899073,0.60000000,2.73555572,1.59318319,0.20000000,1.86336287,0.60000000,2.98585809,1.58798355,0.20000000,1.87594224,0.60000000,2.48598861,1.59946849,0.20000000,1.87031438,0.60000000,2.73629097,1.59426885,0.20000000,1.86468651,0.60000000,2.98659334,1.58906921,0.20000000,3.50000000,0.00000000,1.00000000,0.00000000,0.00000000,0.00000000,0.00000000,-1.27461859,-1.26899073,-1.26336287,-1.27594224,-1.27031438,-1.26468651
00-0040894,3,LV,Malik Benson,WR,3,2.09389459,-0.06666667,2.34951159,1.84744472,0.00000000,2.36950545,0.10000000,2.66837569,1.93660516,0.00000000,2.64511632,0.26666667,2.98723979,2.02576560,0.00000000,2.09567075,-0.06666667,2.35049947,1.84788292,0.00000000,2.37128161,0.10000000,2.66936357,1.93704337,0.00000000,2.64689248,0.26666667,2.98822767,2.02620381,0.00000000,0.33333333,1.33333333,0.00000000,0.00000000,0.00000000,32.66666667,0.00000000,-2.16056126,-2.26950545,-2.37844965,-2.16233742,-2.27128161,-2.38022581
00-0039471,1,BUF,Frank Gore Jr.,RB,1,0.20225057,0.30000000,2.28078770,0.20225057,0.30000000,0.19081988,0.30000000,2.66678696,0.19081988,0.30000000,0.17938918,0.30000000,3.05278621,0.17938918,0.30000000,0.20282514,0.30000000,2.28098880,0.20282514,0.30000000,0.19139445,0.30000000,2.66698806,0.19139445,0.30000000,0.17996375,0.30000000,3.05298731,0.17996375,0.30000000,1.00000000,0.00000000,0.00000000,0.00000000,0.00000000,0.00000000,0.00000000,0.09774943,0.10918012,0.12061082,0.09717486,0.10860555,0.12003625
00-0040184,0,LAC,KeAndre Lambert-Smith,WR,,,,2.22618287,,,,,2.65282966,,,,,3.07947645,,,,,2.22722955,,,,,2.65387634,,,,,3.08052314,,,,,,,,,,,,,,,
00-0033282,0,BUF,Curtis Samuel,WR,,,,2.16307492,,,,,2.64223813,,,,,3.12140134,,,,,2.16394299,,,,,2.64310620,,,,,3.12226941,,,,,,,,,,,,,,,
00-0036427,0,NYJ,Tyler Johnson,WR,,,,2.03657327,,,,,2.63383193,,,,,3.23109059,,,,,2.03831044,,,,,2.63556910,,,,,3.23282776,,,,,,,,,,,,,,,
00-0038394,0,IND,Will Mallory,TE,,,,2.21069181,,,,,2.62303970,,,,,3.03538760,,,,,2.21029838,,,,,2.62264627,,,,,3.03499417,,,,,,,,,,,,,,,
00-0037539,0,DEN,Lucas Krull,TE,,,,2.02499204,,,,,2.62100430,,,,,3.21701657,,,,,2.02385896,,,,,2.61987123,,,,,3.21588349,,,,,,,,,,,,,,,
00-0036133,0,TEN,James Proche,WR,,,,2.04591601,,,,,2.61627784,,,,,3.18663968,,,,,2.04689140,,,,,2.61725324,,,,,3.18761507,,,,,,,,,,,,,,,
00-0040782,2,CLE,Isaiah Bond,WR,4,0.63950458,0.60000000,2.07689051,0.55827055,0.20000000,0.97890632,1.10000000,2.60082520,0.91385458,0.70000000,1.31830806,1.60000000,3.12475989,1.26943861,1.20000000,0.64080436,0.60000000,2.07838106,0.55975501,0.20000000,0.98020610,1.10000000,2.60231575,0.91533904,0.70000000,1.31960784,1.60000000,3.12625044,1.27092308,1.20000000,0.00000000,1.00000000,0.00000000,0.00000000,0.00000000,4.50000000,0.00000000,-0.03950458,0.12109368,0.28169194,-0.04080436,0.11979390,0.28039216
00-0036265,4,CAR,AJ Dillon,RB,4,2.31392991,1.15000000,2.35146824,3.34380602,0.70000000,2.50278006,1.40000000,2.59918763,3.69206404,1.20000000,2.69163021,1.65000000,2.84690702,4.04032206,1.70000000,2.31560353,1.15000000,2.35272190,3.34445994,0.70000000,2.50445368,1.40000000,2.60044129,3.69271796,1.20000000,2.69330383,1.65000000,2.84816068,4.04097598,1.70000000,4.25000000,0.50000000,0.25000000,0.00000000,0.00000000,-0.50000000,0.00000000,-1.16392991,-1.10278006,-1.04163021,-1.16560353,-1.10445368,-1.04330383
00-0040556,3,NE,Corey Kiner,RB,3,2.37312576,1.26666667,2.36642306,3.40004705,2.70000000,2.49782765,1.43333333,2.57463848,3.80215276,3.20000000,2.62252954,1.60000000,2.78285389,4.20425846,3.70000000,2.37529919,1.26666667,2.36814304,3.40256229,2.70000000,2.50000108,1.43333333,2.57635846,3.80466799,3.20000000,2.62470297,1.60000000,2.78457387,4.20677370,3.70000000,4.66666667,0.33333333,0.00000000,0.00000000,0.00000000,-1.00000000,0.00000000,-1.10645909,-1.06449432,-1.02252954,-1.10863252,-1.06666775,-1.02470297
00-0040363,0,BUF,Keleki Latu,TE,,,,1.95227806,,,,,2.56054670,,,,,3.16881535,,,,,1.95108383,,,,,2.55935248,,,,,3.16762112,,,,,,,,,,,,,,,
00-0033854,0,HOU,Dare Ogunbowale,RB,,,,2.01585652,,,,,2.55445608,,,,,3.09305564,,,,,2.01542548,,,,,2.55402504,,,,,3.09262461,,,,,,,,,,,,,,,
00-0037524,0,WAS,Tay Martin,WR,,,,2.09286292,,,,,2.54799972,,,,,3.00313653,,,,,2.09334659,,,,,2.54848339,,,,,3.00362020,,,,,,,,,,,,,,,
00-0033455,0,DET,Anthony Firkser,TE,,,,1.77807962,,,,,2.54030031,,,,,3.30252101,,,,,1.77574171,,,,,2.53796240,,,,,3.30018310,,,,,,,,,,,,,,,
00-0036182,0,MIA,Nick Westbrook-Ikhine,WR,,,,1.75412742,,,,,2.52718341,,,,,3.30023940,,,,,1.75559436,,,,,2.52865035,,,,,3.30170634,,,,,,,,,,,,,,,
00-0038519,0,KC,Nikko Remigio,WR,,,,2.16756826,,,,,2.52651596,,,,,2.88546366,,,,,2.16834039,,,,,2.52728809,,,,,2.88623580,,,,,,,,,,,,,,,
00-0038752,0,SEA,Jake Bobo,WR,,,,2.06036931,,,,,2.52197903,,,,,2.98358875,,,,,2.06092685,,,,,2.52253657,,,,,2.98414630,,,,,,,,,,,,,,,
00-0038643,0,SF,Brayden Willis,TE,,,,2.08344234,,,,,2.51723890,,,,,2.95103546,,,,,2.08294190,,,,,2.51673846,,,,,2.95053502,,,,,,,,,,,,,,,
00-0041044,3,ATL,Zachariah Branch,WR,4,1.16845803,1.03333333,1.80716828,1.16845803,1.00000000,1.91842089,1.86666667,2.51079354,1.91842089,2.00000000,2.66838376,2.70000000,3.21441879,2.66838376,3.00000000,1.17048599,1.03333333,1.80858049,1.17048599,1.00000000,1.92044886,1.86666667,2.51220575,1.92044886,2.00000000,2.67041173,2.70000000,3.21583101,2.67041173,3.00000000,0.00000000,2.00000000,0.00000000,0.00000000,0.00000000,3.00000000,0.00000000,-0.13512469,-0.05175423,0.03161624,-0.13715266,-0.05378220,0.02958827
00-0035208,4,ATL,Olamide Zaccheaus,WR,4,1.11223199,0.42500000,1.72179301,0.84607306,0.00000000,1.75555118,0.92500000,2.50162644,1.18887996,0.00000000,2.39887037,1.42500000,3.28145986,1.53168686,0.00000000,1.11422746,0.42500000,1.72401954,0.84819264,0.00000000,1.75754665,0.92500000,2.50385296,1.19099954,0.00000000,2.40086584,1.42500000,3.28368639,1.53380644,0.00000000,0.00000000,1.75000000,0.00000000,0.25000000,0.00000000,3.75000000,0.00000000,-0.68723199,-0.83055118,-0.97387037,-0.68922746,-0.83254665,-0.97586584
00-0036290,4,CHI,Cole Kmet,TE,4,1.87857164,2.70000000,1.84623009,1.46362708,1.30000000,2.42402090,3.20000000,2.49295055,2.21177981,2.30000000,2.96947016,3.70000000,3.13967101,2.95993253,3.30000000,1.87651479,2.70000000,1.84413585,1.46133035,1.30000000,2.42196404,3.20000000,2.49085631,2.20948308,2.30000000,2.96741330,3.70000000,3.13757677,2.95763580,3.30000000,0.00000000,1.75000000,0.00000000,0.00000000,0.25000000,17.75000000,0.00000000,0.82142836,0.77597910,0.73052984,0.82348521,0.77803596,0.73258670
00-0038705,2,DAL,Emari Demercado,RB,2,1.17655246,0.75000000,2.20289891,1.30719360,0.80000000,1.16780907,0.75000000,2.49114956,1.29405003,0.80000000,1.15906568,0.75000000,2.77940021,1.28090645,0.80000000,1.17762057,0.75000000,2.20404435,1.30872014,0.80000000,1.16887718,0.75000000,2.49229500,1.29557656,0.80000000,1.16013379,0.75000000,2.78054565,1.28243299,0.80000000,2.50000000,0.00000000,0.50000000,0.00000000,0.00000000,0.00000000,0.00000000,-0.42655246,-0.41780907,-0.40906568,-0.42762057,-0.41887718,-0.41013379
00-0037086,0,PHI,Grant Calcaterra,TE,,,,1.93365792,,,,,2.48978872,,,,,3.04591951,,,,,1.93170736,,,,,2.48783816,,,,,3.04396895,,,,,,,,,,,,,,,
00-0041013,4,KC,Emmett Johnson,RB,4,2.45753844,3.25000000,2.03017946,0.00832750,1.00000000,2.97367091,3.87500000,2.48481791,0.43906486,1.50000000,3.48980339,4.50000000,2.93945636,0.86980223,2.00000000,2.45897022,3.25000000,2.03111822,0.00834100,1.00000000,2.97510269,3.87500000,2.48575667,0.43907837,1.50000000,3.49123517,4.50000000,2.94039512,0.86981574,2.00000000,4.00000000,1.25000000,0.25000000,0.00000000,0.00000000,-4.50000000,0.00000000,0.79246156,0.90132909,1.01019661,0.79102978,0.89989731,1.00876483
00-0039518,1,NO,Treyton Welch,TE,4,1.22912421,0.00000000,2.08769347,1.22912421,0.00000000,1.52238760,0.00000000,2.48283566,1.52238760,0.00000000,1.81565099,0.00000000,2.87797785,1.81565099,0.00000000,1.22758107,0.00000000,2.08715338,1.22758107,0.00000000,1.52084446,0.00000000,2.48229556,1.52084446,0.00000000,1.81410785,0.00000000,2.87743775,1.81410785,0.00000000,0.00000000,1.00000000,0.00000000,0.00000000,0.00000000,17.00000000,0.00000000,-1.22912421,-1.52238760,-1.81565099,-1.22758107,-1.52084446,-1.81410785
00-0040488,0,LV,Carter Runyon,TE,,,,2.03799610,,,,,2.47945290,,,,,2.92090970,,,,,2.03745744,,,,,2.47891424,,,,,2.92037104,,,,,,,,,,,,,,,
00-0039824,0,KC,Jared Wiley,TE,,,,2.02890685,,,,,2.47189570,,,,,2.91488455,,,,,2.02836055,,,,,2.47134940,,,,,2.91433825,,,,,,,,,,,,,,,
00-0038046,1,LAC,Charlie Kolar,TE,2,2.06169986,2.10000000,1.75420932,2.06169986,2.10000000,3.20346001,3.60000000,2.46102821,3.20346001,3.60000000,4.34522017,5.10000000,3.16784710,4.34522017,5.10000000,2.05895529,2.10000000,1.75215878,2.05895529,2.10000000,3.20071544,3.60000000,2.45897767,3.20071544,3.60000000,4.34247560,5.10000000,3.16579656,4.34247560,5.10000000,0.00000000,3.00000000,0.00000000,0.00000000,0.00000000,11.00000000,0.00000000,0.03830014,0.39653999,0.75477983,0.04104471,0.39928456,0.75752440
00-0041472,1,HOU,Marlin Klein,TE,1,1.12005324,1.60000000,2.04951863,1.12005324,1.60000000,1.43170120,2.10000000,2.45109542,1.43170120,2.10000000,1.74334917,2.60000000,2.85267221,1.74334917,2.60000000,1.11841838,1.60000000,2.04894643,1.11841838,1.60000000,1.43006634,2.10000000,2.45052322,1.43006634,2.10000000,1.74171430,2.60000000,2.85210000,1.74171430,2.60000000,0.00000000,1.00000000,0.00000000,0.00000000,0.00000000,14.00000000,0.00000000,0.47994676,0.66829880,0.85665083,0.48158162,0.66993366,0.85828570
00-0040705,3,TEN,Chimere Dike,WR,4,0.55827055,0.83333333,1.78426777,0.49328332,1.50000000,0.91385458,1.33333333,2.44148171,0.86181319,2.00000000,1.26943861,1.83333333,3.09869564,1.23034305,2.50000000,0.55975501,0.83333333,1.78660332,0.49491554,1.50000000,0.91533904,1.33333333,2.44381726,0.86344540,2.00000000,1.27092308,1.83333333,3.10103119,1.23197527,2.50000000,0.00000000,1.00000000,0.00000000,0.00000000,0.00000000,2.00000000,0.00000000,0.27506279,0.41947876,0.56389472,0.27357832,0.41799429,0.56241026
00-0038720,0,MIA,Julian Hill,TE,,,,1.71883695,,,,,2.43908764,,,,,3.15933833,,,,,1.71662168,,,,,2.43687238,,,,,3.15712307,,,,,,,,,,,,,,,
00-0038496,0,PHI,Xavier Gipson,WR,,,,1.93735826,,,,,2.43461120,,,,,2.93186414,,,,,1.93851783,,,,,2.43577078,,,,,2.93302372,,,,,,,,,,,,,,,
00-0040890,2,KC,Cyrus Allen,WR,4,0.95915554,0.00000000,2.02757933,1.26255969,0.00000000,1.23007465,0.00000000,2.42954246,1.46823263,0.00000000,1.50099376,0.00000000,2.83150560,1.67390558,0.00000000,0.96067094,0.00000000,2.02848542,1.26432766,0.00000000,1.23159005,0.00000000,2.43044855,1.47000060,0.00000000,1.50250917,0.00000000,2.83241168,1.67567354,0.00000000,0.00000000,1.00000000,0.00000000,0.00000000,0.00000000,13.50000000,0.00000000,-0.95915554,-1.23007465,-1.50099376,-0.96067094,-1.23159005,-1.50250917
00-0035567,1,WAS,Craig Reynolds,RB,4,0.75472209,0.40000000,2.13407169,0.75472209,0.40000000,0.74243495,0.40000000,2.42013536,0.74243495,0.40000000,0.73014782,0.40000000,2.70619903,0.73014782,0.40000000,0.75577264,0.40000000,2.13468745,0.75577264,0.40000000,0.74348551,0.40000000,2.42075112,0.74348551,0.40000000,0.73119837,0.40000000,2.70681479,0.73119837,0.40000000,2.00000000,0.00000000,0.00000000,0.00000000,0.00000000,0.00000000,0.00000000,-0.35472209,-0.34243495,-0.33014782,-0.35577264,-0.34348551,-0.33119837
00-0039816,0,IND,Anthony Gould,WR,,,,1.93039485,,,,,2.41789624,,,,,2.90539764,,,,,1.93124790,,,,,2.41874929,,,,,2.90625068,,,,,,,,,,,,,,,
00-0040739,1,SEA,Elijah Arroyo,TE,2,1.12005324,1.70000000,1.86462934,1.12005324,1.70000000,1.43170120,2.20000000,2.40490718,1.43170120,2.20000000,1.74334917,2.70000000,2.94518502,1.74334917,2.70000000,1.11841838,1.70000000,1.86293567,1.11841838,1.70000000,1.43006634,2.20000000,2.40321351,1.43006634,2.20000000,1.74171430,2.70000000,2.94349135,1.74171430,2.70000000,0.00000000,1.00000000,0.00000000,0.00000000,0.00000000,14.00000000,0.00000000,0.57994676,0.76829880,0.95665083,0.58158162,0.76993366,0.95828570
00-0036556,1,HOU,Brevin Jordan,TE,4,0.90191130,1.30000000,1.97316895,0.90191130,1.30000000,1.25032840,1.80000000,2.38761494,1.25032840,1.80000000,1.59874551,2.30000000,2.80206093,1.59874551,2.30000000,0.90009298,1.30000000,1.97253254,0.90009298,1.30000000,1.24851009,1.80000000,2.38697853,1.24851009,1.80000000,1.59692719,2.30000000,2.80142452,1.59692719,2.30000000,0.00000000,1.00000000,0.00000000,0.00000000,0.00000000,8.00000000,0.00000000,0.39808870,0.54967160,0.70125449,0.39990702,0.55148991,0.70307281
00-0039074,4,LA,Davis Allen,TE,4,1.29593039,0.97500000,1.63999987,1.46362708,0.00000000,1.94874536,1.47500000,2.38538356,2.21177981,0.00000000,2.60156032,1.97500000,3.13076725,2.95993253,0.00000000,1.29373034,0.97500000,1.63778757,1.46133035,0.00000000,1.94654530,1.47500000,2.38317126,2.20948308,0.00000000,2.59936026,1.97500000,3.12855495,2.95763580,0.00000000,0.00000000,1.75000000,0.00000000,0.00000000,0.00000000,8.00000000,0.00000000,-0.32093039,-0.47374536,-0.62656032,-0.31873034,-0.47154530,-0.62436026
00-0041041,1,NO,Oscar Delp,TE,2,0.86555431,0.80000000,1.96044401,0.86555431,0.80000000,1.22009960,1.30000000,2.37703486,1.22009960,1.30000000,1.57464490,1.80000000,2.79362571,1.57464490,1.80000000,0.86370542,0.80000000,1.95979690,0.86370542,0.80000000,1.21825071,1.30000000,2.37638775,1.21825071,1.30000000,1.57279601,1.80000000,2.79297860,1.57279601,1.80000000,0.00000000,1.00000000,0.00000000,0.00000000,0.00000000,7.00000000,0.00000000,-0.06555431,0.07990040,0.22535510,-0.06370542,0.08174929,0.22720399
00-0035249,2,MIN,Josh Oliver,TE,2,1.72630648,2.30000000,1.62591759,0.79284033,2.40000000,2.67739111,3.05000000,2.36847790,1.15964200,2.90000000,3.62847574,3.80000000,3.11103821,1.52644368,3.40000000,1.72375526,2.30000000,1.62376231,0.79093029,2.40000000,2.67483989,3.05000000,2.36632262,1.15773196,2.90000000,3.62592451,3.80000000,3.10888293,1.52453364,3.40000000,0.00000000,2.50000000,0.00000000,0.00000000,0.00000000,9.00000000,0.00000000,0.57369352,0.37260889,0.17152426,0.57624474,0.37516011,0.17407549
00-0034418,0,MIA,Cedrick Wilson Jr.,WR,,,,1.92560143,,,,,2.36522868,,,,,2.80485592,,,,,1.92668423,,,,,2.36631147,,,,,2.80593871,,,,,,,,,,,,,,,
00-0041503,3,JAX,Nate Boerkircher,TE,4,1.48670467,0.80000000,1.83981887,1.46362708,1.50000000,1.97626385,1.13333333,2.35850251,2.21177981,2.00000000,2.46582302,1.46666667,2.87718615,2.95993253,2.50000000,1.48519577,0.80000000,1.83866709,1.46133035,1.50000000,1.97475494,1.13333333,2.35735073,2.20948308,2.00000000,2.46431412,1.46666667,2.87603437,2.95763580,2.50000000,0.00000000,1.33333333,0.00000000,0.33333333,0.00000000,5.00000000,0.00000000,-0.68670467,-0.84293051,-0.99915635,-0.68519577,-0.84142161,-0.99764745
00-0035631,2,CIN,Drew Sample,TE,3,1.77626781,0.95000000,1.49474550,1.24548514,0.00000000,2.77482353,1.95000000,2.35375109,2.03040701,0.50000000,3.77337924,2.95000000,3.21275668,2.81532887,1.00000000,1.77350392,0.95000000,1.49433877,1.24300496,0.00000000,2.77205963,1.95000000,2.35334436,2.02792683,0.50000000,3.77061535,2.95000000,3.21234995,2.81284870,1.00000000,0.00000000,2.50000000,0.00000000,0.50000000,0.00000000,1.50000000,0.00000000,-0.82626781,-0.82482353,-0.82337924,-0.82350392,-0.82205963,-0.82061535
00-0040187,4,CAR,Mitchell Evans,TE,4,2.11549288,1.65000000,1.73001694,0.90191130,0.80000000,2.73944393,2.40000000,2.35106524,1.25032840,1.30000000,3.36339498,3.15000000,2.97211354,1.59874551,1.80000000,2.11363284,1.65000000,1.72880771,0.90009298,0.80000000,2.73758390,2.40000000,2.34985601,1.24851009,1.30000000,3.36153495,3.15000000,2.97090431,1.59692719,1.80000000,0.00000000,1.75000000,0.00000000,0.50000000,0.25000000,8.25000000,0.00000000,-0.46549288,-0.33944393,-0.21339498,-0.46363284,-0.33758390,-0.21153495
00-0035291,0,CLE,Trayveon Williams,RB,,,,1.60396554,,,,,2.35063078,,,,,3.09729602,,,,,1.60420120,,,,,2.35086644,,,,,3.09753168,,,,,,,,,,,,,,,
00-0036187,1,NE,Reggie Gilliam,RB,2,0.64880765,0.40000000,1.82258889,0.64880765,0.40000000,1.43471556,0.90000000,2.35062791,1.43471556,0.90000000,2.22062347,1.40000000,2.87866693,2.22062347,1.40000000,0.64743746,0.40000000,1.82148920,0.64743746,0.40000000,1.43334537,0.90000000,2.34952822,1.43334537,0.90000000,2.21925327,1.40000000,2.87756724,2.21925327,1.40000000,0.00000000,2.00000000,0.00000000,0.00000000,0.00000000,-1.00000000,0.00000000,-0.24880765,-0.53471556,-0.82062347,-0.24743746,-0.53334537,-0.81925327
00-0037617,0,LAC,Hassan Haskins,RB,,,,2.03914331,,,,,2.34899380,,,,,2.65884429,,,,,2.04011998,,,,,2.34997047,,,,,2.65982096,,,,,,,,,,,,,,,
00-0031484,1,NYG,Chris Manhertz,TE,4,2.16728962,0.00000000,1.95574008,2.16728962,0.00000000,2.52714093,0.00000000,2.34664339,2.52714093,0.00000000,2.88699224,0.00000000,2.73754670,2.88699224,0.00000000,2.16693910,0.00000000,1.95500701,2.16693910,0.00000000,2.52679041,0.00000000,2.34591033,2.52679041,0.00000000,2.88664172,0.00000000,2.73681364,2.88664172,0.00000000,0.00000000,1.00000000,0.00000000,1.00000000,0.00000000,0.00000000,0.00000000,-2.16728962,-2.52714093,-2.88699224,-2.16693910,-2.52679041,-2.88664172
00-0040215,1,MIN,Gavin Bartholomew,TE,4,0.75648334,0.40000000,1.92226917,0.75648334,0.40000000,1.12941320,0.90000000,2.34529462,1.12941320,0.90000000,1.50234307,1.40000000,2.76832007,1.50234307,1.40000000,0.75454272,0.40000000,1.92158995,0.75454272,0.40000000,1.12747259,0.90000000,2.34461541,1.12747259,0.90000000,1.50040246,1.40000000,2.76764086,1.50040246,1.40000000,0.00000000,1.00000000,0.00000000,0.00000000,0.00000000,4.00000000,0.00000000,-0.35648334,-0.22941320,-0.10234307,-0.35454272,-0.22747259,-0.10040246
00-0040887,1,BAL,Josh Cuevas,TE,3,0.72012634,1.40000000,1.90954422,0.72012634,1.40000000,1.09918440,1.90000000,2.33471454,1.09918440,1.90000000,1.47824246,2.40000000,2.75988486,1.47824246,2.40000000,0.71815516,1.40000000,1.90885431,0.71815516,1.40000000,1.09721321,1.90000000,2.33402463,1.09721321,1.90000000,1.47627127,2.40000000,2.75919495,1.47627127,2.40000000,0.00000000,1.00000000,0.00000000,0.00000000,0.00000000,3.00000000,0.00000000,0.67987366,0.80081560,0.92175754,0.68184484,0.80278679,0.92372873
00-0041099,2,NO,Barion Brown,WR,4,1.07086007,-0.10000000,2.08906922,1.34961546,-0.50000000,1.04739619,-0.10000000,2.32813226,1.31891425,-0.50000000,1.02393231,-0.10000000,2.56719530,1.28821303,-0.50000000,1.07750384,-0.10000000,2.09337857,1.36011694,-0.50000000,1.05403996,-0.10000000,2.33244161,1.32941573,-0.50000000,1.03057608,-0.10000000,2.57150465,1.29871451,-0.50000000,1.00000000,0.00000000,0.50000000,0.00000000,0.00000000,0.00000000,0.00000000,-1.17086007,-1.14739619,-1.12393231,-1.17750384,-1.15403996,-1.13057608
00-0040509,0,MIN,Ben Yurosek,TE,,,,1.81184911,,,,,2.32018385,,,,,2.82851860,,,,,1.81077449,,,,,2.31910923,,,,,2.82744397,,,,,,,,,,,,,,,
00-0039359,2,HOU,Cade Stover,TE,4,0.59287688,0.90000000,1.64524961,0.64741236,2.00000000,0.99338360,1.40000000,2.31130888,1.03872680,2.50000000,1.39389033,1.90000000,2.97736814,1.43004124,3.00000000,0.59079868,0.90000000,1.65886270,0.64538003,2.00000000,0.99130540,1.40000000,2.32492196,1.03669446,2.50000000,1.39181213,1.90000000,2.99098123,1.42800890,3.00000000,0.00000000,1.00000000,0.00000000,0.00000000,0.00000000,-0.50000000,0.00000000,0.30712312,0.40661640,0.50610967,0.30920132,0.40869460,0.50818787
00-0036849,2,LA,Tutu Atwell,WR,4,1.80039389,1.35000000,1.90914525,0.59076416,0.80000000,2.16169929,1.85000000,2.30544215,0.93987527,1.30000000,2.52300470,2.35000000,2.70173905,1.28898639,1.80000000,1.80096209,1.35000000,1.91000304,0.59217475,0.80000000,2.16226750,1.85000000,2.30629994,0.94128587,1.30000000,2.52357290,2.35000000,2.70259684,1.29039698,1.80000000,0.00000000,1.50000000,0.00000000,0.00000000,0.00000000,30.50000000,0.00000000,-0.45039389,-0.31169929,-0.17300470,-0.45096209,-0.31226750,-0.17357290
00-0039364,4,DET,Sione Vaki,RB,4,1.65730931,2.30000000,1.78458930,0.67443781,1.70000000,2.12403900,2.80000000,2.30540231,1.45251471,2.20000000,2.59076870,3.30000000,2.82621531,2.23059161,2.70000000,1.65714075,2.30000000,1.78436123,0.67294956,1.70000000,2.12387044,2.80000000,2.30517424,1.45102646,2.20000000,2.59060014,3.30000000,2.82598724,2.22910336,2.70000000,2.25000000,1.25000000,0.25000000,0.00000000,0.00000000,2.00000000,0.00000000,0.64269069,0.67596100,0.70923130,0.64285925,0.67612956,0.70939986
00-0033576,2,SEA,Eric Saubert,TE,3,1.44629831,3.15000000,1.67549499,1.99983363,7.30000000,2.06194854,3.65000000,2.30378215,2.76939025,7.80000000,2.67759877,4.15000000,2.93206930,3.53894686,8.30000000,1.44395304,3.15000000,1.67336424,1.99747846,7.30000000,2.05960327,3.65000000,2.30165140,2.76703507,7.80000000,2.67525350,4.15000000,2.92993856,3.53659169,8.30000000,0.00000000,1.50000000,0.00000000,1.00000000,0.00000000,-2.00000000,0.00000000,1.70370169,1.58805146,1.47240123,1.70604696,1.59039673,1.47474650
00-0041326,4,NO,CJ Donaldson,RB,4,1.34428078,0.80000000,1.85856966,2.40874282,2.30000000,1.71472343,1.17500000,2.29895274,3.16075738,3.30000000,2.08516608,1.55000000,2.73933582,3.91277194,4.30000000,1.34440091,0.80000000,1.85873047,2.40832835,2.30000000,1.71484357,1.17500000,2.29911355,3.16034291,3.30000000,2.08528622,1.55000000,2.73949663,3.91235747,4.30000000,1.75000000,1.00000000,0.25000000,0.00000000,0.00000000,2.00000000,0.00000000,-0.54428078,-0.53972343,-0.53516608,-0.54440091,-0.53984357,-0.53528622
00-0034159,0,LAC,Will Dissly,TE,,,,1.54428677,,,,,2.29281691,,,,,3.04134705,,,,,1.54199420,,,,,2.29052434,,,,,3.03905448,,,,,,,,,,,,,,,
00-0037282,0,CAR,James Mitchell,TE,,,,1.77549212,,,,,2.28995505,,,,,2.80441799,,,,,1.77438692,,,,,2.28884985,,,,,2.80331279,,,,,,,,,,,,,,,
00-0034613,3,CIN,Tanner Hudson,TE,4,1.18305243,0.63333333,1.68897554,1.32904688,0.20000000,1.68614848,1.30000000,2.28365296,1.71725244,0.70000000,2.18924454,1.96666667,2.87833037,2.10545801,1.20000000,1.18098382,0.63333333,1.68696766,1.32707840,0.20000000,1.68407988,1.30000000,2.28164507,1.71528396,0.70000000,2.18717593,1.96666667,2.87632248,2.10348952,1.20000000,0.00000000,1.33333333,0.00000000,0.33333333,0.00000000,5.00000000,0.00000000,-0.54971910,-0.38614848,-0.22257787,-0.54765049,-0.38407988,-0.22050926
00-0036630,0,BAL,Tylan Wallace,WR,,,,1.93424828,,,,,2.27039973,,,,,2.60655118,,,,,1.93531548,,,,,2.27146693,,,,,2.60761838,,,,,,,,,,,,,,,
00-0039648,0,TEN,David Martin-Robinson,TE,,,,1.73194132,,,,,2.26899207,,,,,2.80604282,,,,,1.73012378,,,,,2.26717453,,,,,2.80422527,,,,,,,,,,,,,,,
00-0039920,0,CLE,Malachi Corley,WR,,,,1.81308856,,,,,2.26344645,,,,,2.71380434,,,,,1.81806260,,,,,2.26842049,,,,,2.71877838,,,,,,,,,,,,,,,
00-0037004,2,ARI,Hunter Long,TE,4,0.86555431,0.75000000,1.67518373,0.93826829,1.00000000,1.22009960,1.25000000,2.25125893,1.28055720,1.50000000,1.57464490,1.75000000,2.82733413,1.62284612,2.00000000,0.86370542,0.75000000,1.67332833,0.93648055,1.00000000,1.21825071,1.25000000,2.24940353,1.27876946,1.50000000,1.57279601,1.75000000,2.82547874,1.62105838,2.00000000,0.00000000,1.00000000,0.00000000,0.00000000,0.00000000,7.00000000,0.00000000,-0.11555431,0.02990040,0.17535510,-0.11370542,0.03174929,0.17720399
00-0041069,2,CIN,Colbie Young,WR,3,0.60701096,0.45000000,1.77709766,0.52577693,0.20000000,0.95288562,0.95000000,2.23232261,0.88783388,0.70000000,1.29876028,1.45000000,2.68754755,1.24989083,1.20000000,0.60838462,0.45000000,1.77791357,0.52733528,0.20000000,0.95425928,0.95000000,2.23313852,0.88939222,0.70000000,1.30013393,1.45000000,2.68836346,1.25144917,1.20000000,0.00000000,1.00000000,0.00000000,0.00000000,0.00000000,3.50000000,0.00000000,-0.15701096,-0.00288562,0.15123972,-0.15838462,-0.00425928,0.14986607
00-0037340,0,NO,Zaire Mitchell-Paden,TE,,,,1.86310560,,,,,2.22568427,,,,,2.58826293,,,,,1.86198185,,,,,2.22456051,,,,,2.58713917,,,,,,,,,,,,,,,
00-0033757,1,PIT,Robert Tonyan,TE,3,1.25633290,0.20000000,1.78804602,1.25633290,0.20000000,1.65679484,0.70000000,2.21117130,1.65679484,0.70000000,2.05725679,1.20000000,2.63429658,2.05725679,1.20000000,1.25430327,0.20000000,1.78700540,1.25430327,0.20000000,1.65476521,0.70000000,2.21013067,1.65476521,0.70000000,2.05522716,1.20000000,2.63325595,2.05522716,1.20000000,0.00000000,1.00000000,0.00000000,1.00000000,0.00000000,0.00000000,0.00000000,-1.05633290,-0.95679484,-0.85725679,-1.05430327,-0.95476521,-0.85522716
00-0032104,3,JAX,Ameer Abdullah,RB,3,1.98560589,1.56666667,1.75719891,1.99597161,0.20000000,2.39442268,1.90000000,2.20360007,2.39043534,0.20000000,2.80323947,2.23333333,2.65000123,2.78489908,0.20000000,1.98681196,1.56666667,1.75786939,1.99658510,0.20000000,2.39562875,1.90000000,2.20427055,2.39104883,0.20000000,2.80444554,2.23333333,2.65067171,2.78551257,0.20000000,3.33333333,1.00000000,0.00000000,0.33333333,0.00000000,-4.00000000,0.00000000,-0.41893922,-0.49442268,-0.56990613,-0.42014530,-0.49562875,-0.57111221
00-0039737,0,ARI,Tip Reiman,TE,,,,1.59479137,,,,,2.16847200,,,,,2.74215264,,,,,1.59318842,,,,,2.16686906,,,,,2.74054970,,,,,,,,,,,,,,,
00-0037306,0,GB,John FitzPatrick,TE,,,,1.59642769,,,,,2.16364356,,,,,2.73085943,,,,,1.59465909,,,,,2.16187496,,,,,2.72909083,,,,,,,,,,,,,,,
00-0041524,3,MIA,Will Kacmarek,TE,4,1.11338789,0.63333333,1.61798778,1.82719699,1.50000000,1.59096474,0.96666667,2.12293828,2.51406781,2.00000000,2.06854159,1.30000000,2.62788878,3.20093863,2.50000000,1.11143048,0.63333333,1.61655761,1.82520601,1.50000000,1.58900733,0.96666667,2.12150811,2.51207683,2.00000000,2.06658419,1.30000000,2.62645861,3.19894765,2.50000000,0.00000000,1.33333333,0.00000000,0.00000000,0.00000000,9.00000000,0.00000000,-0.48005455,-0.62429807,-0.76854159,-0.47809715,-0.62234067,-0.76658419
00-0038824,2,MIA,Ryan Miller,WR,3,1.79679831,7.60000000,1.60212169,1.71365828,1.50000000,2.41678584,8.35000000,2.12159421,2.87094582,2.50000000,3.03677337,9.10000000,2.64106673,4.02823336,3.50000000,1.79834008,7.60000000,1.60374344,1.71637750,1.50000000,2.41832761,8.35000000,2.12321596,2.87366504,2.50000000,3.03831514,9.10000000,2.64268847,4.03095258,3.50000000,0.00000000,2.00000000,0.00000000,0.00000000,0.00000000,21.50000000,0.00000000,5.80320169,5.93321416,6.06322663,5.80165992,5.93167239,6.06168486
00-0036825,0,ATL,Feleipe Franks,TE,,,,1.89317256,,,,,2.11509139,,,,,2.33701023,,,,,1.92031402,,,,,2.14223285,,,,,2.36415168,,,,,,,,,,,,,,,
00-0036959,0,DEN,Michael Bandy,WR,,,,1.62317486,,,,,2.10937164,,,,,2.59556842,,,,,1.62428736,,,,,2.11048414,,,,,2.59668093,,,,,,,,,,,,,,,
00-0040194,1,BUF,Jackson Hawes,TE,3,1.85603763,0.00000000,1.73943290,1.85603763,0.00000000,1.97501143,0.00000000,2.09881784,1.97501143,0.00000000,2.09398522,0.00000000,2.45820279,2.09398522,0.00000000,1.85497369,0.00000000,1.73789545,1.85497369,0.00000000,1.97394748,0.00000000,2.09728039,1.97394748,0.00000000,2.09292127,0.00000000,2.45666534,2.09292127,0.00000000,0.00000000,1.00000000,0.00000000,0.00000000,0.00000000,36.00000000,0.00000000,-1.85603763,-1.97501143,-2.09398522,-1.85497369,-1.97394748,-2.09292127
00-0037120,2,DAL,Tyler Goodson,RB,4,2.70411932,1.45000000,1.79232828,1.79389282,1.20000000,3.11539715,1.70000000,2.09404113,2.18290583,1.20000000,3.52667499,1.95000000,2.39575398,2.57191884,1.20000000,2.70575917,1.45000000,1.79345685,1.79474399,1.20000000,3.11703700,1.70000000,2.09516970,2.18375701,1.20000000,3.52831484,1.95000000,2.39688255,2.57277002,1.20000000,4.50000000,1.00000000,0.50000000,0.00000000,0.00000000,-3.50000000,0.00000000,-1.25411932,-1.41539715,-1.57667499,-1.25575917,-1.41703700,-1.57831484
00-0039379,0,CLE,Jamari Thrash,WR,,,,1.45177474,,,,,2.08517558,,,,,2.71857642,,,,,1.45331400,,,,,2.08671484,,,,,2.72011568,,,,,,,,,,,,,,,
00-0036422,2,DEN,Adam Trautman,TE,4,1.11823567,0.50000000,1.33172122,0.61105537,0.00000000,1.92460621,1.00000000,2.07302714,1.00849800,0.00000000,2.73097674,1.50000000,2.81433305,1.40594063,0.00000000,1.11564848,0.50000000,1.32935943,0.60899246,0.00000000,1.92201902,1.00000000,2.07066535,1.00643509,0.00000000,2.72838955,1.50000000,2.81197127,1.40387772,0.00000000,0.00000000,2.00000000,0.00000000,0.00000000,0.00000000,-0.50000000,0.00000000,-0.61823567,-0.92460621,-1.23097674,-0.61564848,-0.92201902,-1.22838955
00-0033217,1,IND,Mo Alie-Cox,TE,3,0.61105537,1.60000000,1.48816472,0.61105537,1.60000000,1.00849800,2.10000000,2.05962959,1.00849800,2.10000000,1.40594063,2.60000000,2.63109446,1.40594063,2.60000000,0.60899246,1.60000000,1.48618479,0.60899246,1.60000000,1.00643509,2.10000000,2.05764966,1.00643509,2.10000000,1.40387772,2.60000000,2.62911453,1.40387772,2.60000000,0.00000000,1.00000000,0.00000000,0.00000000,0.00000000,0.00000000,0.00000000,0.98894463,1.09150200,1.19405937,0.99100754,1.09356491,1.19612228
00-0034270,0,LAC,Tyler Conklin,TE,,,,1.42574676,,,,,2.04818030,,,,,2.67061385,,,,,1.43287997,,,,,2.05531351,,,,,2.67774706,,,,,,,,,,,,,,,
00-0038040,0,LV,Zamir White,RB,,,,1.57512785,,,,,2.04038744,,,,,2.50564702,,,,,1.57548753,,,,,2.04074711,,,,,2.50600670,,,,,,,,,,,,,,,
00-0036332,0,ARI,Josiah Deguara,TE,,,,1.60060162,,,,,2.03618642,,,,,2.47177121,,,,,1.59891133,,,,,2.03449612,,,,,2.47008092,,,,,,,,,,,,,,,
00-0039875,2,BUF,Ray Davis,RB,4,0.36870971,0.50000000,1.69868852,0.53516885,0.70000000,0.58185033,0.75000000,2.02209500,0.97288079,1.20000000,0.79499095,1.00000000,2.34550149,1.41059272,1.70000000,0.36930077,0.50000000,1.69976099,0.53577640,0.70000000,0.58244139,0.75000000,2.02316748,0.97348833,1.20000000,0.79558201,1.00000000,2.34657397,1.41120027,1.70000000,1.00000000,0.50000000,0.00000000,0.00000000,0.00000000,-3.50000000,0.00000000,0.13129029,0.16814967,0.20500905,0.13069923,0.16755861,0.20441799
00-0039305,0,NE,Jack Westover,TE,,,,1.59870618,,,,,2.01936340,,,,,2.44002062,,,,,1.59769001,,,,,2.01834723,,,,,2.43900445,,,,,,,,,,,,,,,
00-0039589,1,TB,Kameron Johnson,WR,4,1.13596441,0.30000000,1.47511719,1.13596441,0.30000000,1.89240020,0.80000000,2.01111135,1.89240020,0.80000000,2.64883598,1.30000000,2.54710550,2.64883598,1.30000000,1.13806626,0.30000000,1.47691861,1.13806626,0.30000000,1.89450204,0.80000000,2.01291277,1.89450204,0.80000000,2.65093783,1.30000000,2.54890692,2.65093783,1.30000000,0.00000000,2.00000000,0.00000000,0.00000000,0.00000000,2.00000000,0.00000000,-0.83596441,-1.09240020,-1.34883598,-0.83806626,-1.09450204,-1.35093783
00-0036887,2,SF,Luke Farrell,TE,3,1.36897643,0.95000000,1.51271057,1.49246773,0.00000000,1.85156522,1.45000000,1.99900421,1.67272342,0.00000000,2.33415400,1.95000000,2.48529785,1.85297912,0.00000000,1.36705150,0.95000000,1.51087910,1.49109803,0.00000000,1.84964028,1.45000000,1.99717274,1.67135373,0.00000000,2.33222906,1.95000000,2.48346638,1.85160942,0.00000000,0.00000000,1.50000000,0.00000000,0.00000000,0.00000000,14.50000000,0.00000000,-0.41897643,-0.40156522,-0.38415400,-0.41705150,-0.39964028,-0.38222906
00-0039751,2,LA,Jordan Whittington,WR,4,1.00958554,0.60000000,1.38610874,1.26593887,0.40000000,1.53323087,1.10000000,1.98898227,1.99648298,0.90000000,2.05687619,1.60000000,2.59185579,2.72702710,1.40000000,1.01100932,0.60000000,1.38814037,1.26774521,0.40000000,1.53465465,1.10000000,1.99101389,1.99828932,0.90000000,2.05829997,1.60000000,2.59388742,2.72883344,1.40000000,0.00000000,1.50000000,0.00000000,0.00000000,0.00000000,7.00000000,0.00000000,-0.40958554,-0.43323087,-0.45687619,-0.41100932,-0.43465465,-0.45829997
00-0040164,2,WAS,Jaylin Lane,WR,3,0.52577693,1.25000000,1.47295506,0.42829609,2.10000000,0.88783388,1.75000000,1.98436369,0.80977179,2.60000000,1.24989083,2.25000000,2.49577232,1.19124749,3.10000000,0.52733528,1.25000000,1.47442817,0.43007606,2.10000000,0.88939222,1.75000000,1.98583680,0.81155176,2.60000000,1.25144917,2.25000000,2.49724543,1.19302746,3.10000000,0.00000000,1.00000000,0.00000000,0.00000000,0.00000000,1.00000000,0.00000000,0.72422307,0.86216612,1.00010917,0.72266472,0.86060778,0.99855083
00-0034365,2,LV,Ian Thomas,TE,4,1.31444095,5.15000000,1.38139145,1.98146953,9.20000000,1.80622202,5.90000000,1.97706741,2.57371723,10.20000000,2.29800308,6.65000000,2.57274336,3.16596493,11.20000000,1.31247015,5.15000000,1.37928245,1.97956027,9.20000000,1.80425122,5.90000000,1.97495841,2.57180797,10.20000000,2.29603228,6.65000000,2.57063436,3.16405566,11.20000000,0.00000000,1.50000000,0.00000000,0.00000000,0.00000000,13.00000000,0.00000000,3.83555905,4.09377798,4.35199692,3.83752985,4.09574878,4.35396772
00-0041558,3,CHI,Sam Roush,TE,4,1.35817203,1.10000000,1.45426782,0.46562741,0.80000000,1.99655602,1.60000000,1.97652240,0.88758280,1.30000000,2.63494001,2.10000000,2.49877697,1.30953819,1.80000000,1.35593376,1.10000000,1.45267622,0.46344220,0.80000000,1.99431775,1.60000000,1.97493080,0.88539759,1.30000000,2.63270174,2.10000000,2.49718538,1.30735298,1.80000000,0.00000000,1.66666667,0.00000000,0.33333333,0.00000000,5.00000000,0.00000000,-0.25817203,-0.39655602,-0.53494001,-0.25593376,-0.39431775,-0.53270174
00-0039631,0,CIN,Cam Grandy,TE,,,,1.52599220,,,,,1.95890580,,,,,2.39181940,,,,,1.52491488,,,,,1.95782848,,,,,2.39074208,,,,,,,,,,,,,,,
00-0038488,2,SEA,Brady Russell,RB,3,0.66175961,2.00000000,1.45627263,0.49530047,2.00000000,1.16827915,2.75000000,1.95193641,0.77724869,2.50000000,1.67479869,3.50000000,2.44760020,1.05919692,3.00000000,0.65954653,2.00000000,1.45491917,0.49307090,2.00000000,1.16606607,2.75000000,1.95058295,0.77501913,2.50000000,1.67258561,3.50000000,2.44624673,1.05696735,3.00000000,0.00000000,1.50000000,0.00000000,0.00000000,0.00000000,9.50000000,0.00000000,1.33824039,1.58172085,1.82520131,1.34045347,1.58393393,1.82741439
00-0040081,2,KC,Jake Briningstool,TE,3,0.79284033,0.45000000,1.53969402,0.82919732,0.00000000,1.15964200,0.70000000,1.94089628,1.18987080,0.00000000,1.52644368,0.95000000,2.34209855,1.55054429,0.00000000,0.79093029,0.45000000,1.53859472,0.82731785,0.00000000,1.15773196,0.70000000,1.93979698,1.18799134,0.00000000,1.52453364,0.95000000,2.34099925,1.54866482,0.00000000,0.00000000,1.00000000,0.00000000,0.00000000,0.00000000,5.00000000,0.00000000,-0.34284033,-0.45964200,-0.57644368,-0.34093029,-0.45773196,-0.57453364
00-0033949,0,NE,Joshua Dobbs,QB,,,,1.92964023,,,,,1.93253558,,,,,1.93543092,,,,,2.47116283,,,,,2.47405818,,,,,2.47695352,,,,,,,,,,,,,,,
00-0040009,0,GB,Savion Williams,WR,,,,1.59851762,,,,,1.92723006,,,,,2.25594249,,,,,1.60272733,,,,,1.93143977,,,,,2.26015220,,,,,,,,,,,,,,,
00-0039458,0,CLE,Brenden Bates,TE,,,,1.48593429,,,,,1.91569519,,,,,2.34545608,,,,,1.48447033,,,,,1.91423123,,,,,2.34399212,,,,,,,,,,,,,,,
00-0041104,3,MIN,Demond Claiborne,RB,4,0.87146240,0.50000000,1.68862931,1.30719360,1.20000000,1.00312192,0.66666667,1.90810856,1.29405003,1.20000000,1.14054900,0.83333333,2.13014644,1.28090645,1.20000000,0.87248009,0.50000000,1.68951088,1.30872014,1.20000000,1.00418347,0.66666667,1.90900959,1.29557656,1.20000000,1.14161054,0.83333333,2.13104747,1.28243299,1.20000000,2.00000000,0.33333333,0.00000000,0.00000000,0.00000000,-2.33333333,0.00000000,-0.37146240,-0.33645526,-0.30721566,-0.37248009,-0.33751680,-0.30827721
00-0037093,2,LV,Dareke Young,WR,4,1.18830042,1.80000000,1.43645080,1.46090054,0.90000000,1.67634470,2.30000000,1.88226658,2.15260716,1.40000000,2.16438898,2.80000000,2.32808237,2.84431378,1.90000000,1.18931788,1.80000000,1.43733916,1.46226363,0.90000000,1.67736216,2.30000000,1.88315494,2.15397025,1.40000000,2.16540644,2.80000000,2.32897073,2.84567686,1.90000000,0.00000000,1.50000000,0.00000000,0.00000000,0.00000000,12.50000000,0.00000000,0.61169958,0.62365530,0.63561102,0.61068212,0.62263784,0.63459356
00-0036232,0,HOU,Harrison Bryant,TE,,,,1.38494378,,,,,1.88199606,,,,,2.37904834,,,,,1.38304428,,,,,1.88009656,,,,,2.37714883,,,,,,,,,,,,,,,
00-0040218,1,CAR,Jimmy Horn Jr.,WR,1,0.59076416,0.00000000,1.41788710,0.59076416,0.00000000,0.93987527,0.00000000,1.87651206,0.93987527,0.00000000,1.28898639,0.00000000,2.33513701,1.28898639,0.00000000,0.59217475,0.00000000,1.42049845,0.59217475,0.00000000,0.94128587,0.00000000,1.87912341,0.94128587,0.00000000,1.29039698,0.00000000,2.33774837,1.29039698,0.00000000,0.00000000,1.00000000,0.00000000,0.00000000,0.00000000,3.00000000,0.00000000,-0.59076416,-0.93987527,-1.28898639,-0.59217475,-0.94128587,-1.29039698
00-0037091,4,GB,Bo Melton,WR,4,1.32879733,0.25000000,1.62721257,1.39253414,0.00000000,1.55019744,0.37500000,1.86444438,1.57231542,0.00000000,1.77159754,0.50000000,2.10167619,1.75209670,0.00000000,1.32993587,0.25000000,1.62853851,1.39400660,0.00000000,1.55133597,0.37500000,1.86577032,1.57378788,0.00000000,1.77273608,0.50000000,2.10300213,1.75356916,0.00000000,0.00000000,1.00000000,0.00000000,0.00000000,0.25000000,18.50000000,0.00000000,-1.07879733,-1.17519744,-1.27159754,-1.07993587,-1.17633597,-1.27273608
00-0033246,2,PHI,Johnny Mundt,TE,3,1.17277116,0.60000000,1.16331735,0.39291343,0.40000000,1.96994941,1.35000000,1.84621081,0.82712520,0.90000000,2.76712765,2.10000000,2.52910428,1.26133697,1.40000000,1.17022983,0.60000000,1.16097269,0.39066707,0.40000000,1.96740808,1.35000000,1.84386616,0.82487884,0.90000000,2.76458633,2.10000000,2.52675962,1.25909061,1.40000000,0.00000000,2.00000000,0.00000000,0.00000000,0.00000000,1.00000000,0.00000000,-0.57277116,-0.61994941,-0.66712765,-0.57022983,-0.61740808,-0.66458633
00-0031687,0,LV,Raheem Mostert,RB,,,,1.40902779,,,,,1.80359645,,,,,2.19816510,,,,,1.40946390,,,,,1.80403255,,,,,2.19860120,,,,,,,,,,,,,,,
00-0036620,0,MIA,Dee Eskridge,WR,,,,1.38300243,,,,,1.77682273,,,,,2.17064303,,,,,1.38413804,,,,,1.77795834,,,,,2.17177864,,,,,,,,,,,,,,,
00-0036862,3,PIT,Ben Skowronek,WR,4,1.37942643,3.06666667,1.35777247,1.48875415,0.70000000,1.78721047,3.56666667,1.77647437,2.21946697,1.20000000,2.19499450,4.06666667,2.19517626,2.95017979,1.70000000,1.38136367,3.06666667,1.35956079,1.49134336,0.70000000,1.78914770,3.56666667,1.77826269,2.22205618,1.20000000,2.19693173,4.06666667,2.19696458,2.95276900,1.70000000,0.00000000,1.33333333,0.00000000,0.33333333,0.33333333,9.66666667,0.00000000,1.68724023,1.77945620,1.87167217,1.68530300,1.77751897,1.86973493
00-0037755,2,NYJ,Jelani Woods,TE,4,0.99280377,1.55000000,1.34995011,0.68376935,1.10000000,1.32590040,2.05000000,1.76702119,1.06895560,1.60000000,1.65899703,2.55000000,2.18409227,1.45414185,2.10000000,0.99106190,1.55000000,1.34844568,0.68176759,1.10000000,1.32415853,2.05000000,1.76551676,1.06695384,1.60000000,1.65725515,2.55000000,2.18258784,1.45214009,2.10000000,0.00000000,1.00000000,0.00000000,0.00000000,0.00000000,10.50000000,0.00000000,0.55719623,0.72409960,0.89100297,0.55893810,0.72584147,0.89274485
00-0040644,0,CAR,Trevor Etienne,RB,,,,1.61780253,,,,,1.75662620,,,,,1.89544986,,,,,1.61902876,,,,,1.75785242,,,,,1.89667609,,,,,,,,,,,,,,,
00-0038710,2,CLE,Blake Whiteheart,TE,2,1.41451548,4.55000000,1.25234352,1.99983363,7.70000000,1.97963052,5.05000000,1.74903153,2.76939025,8.20000000,2.54474557,5.55000000,2.24571954,3.53894686,8.70000000,1.41239816,4.55000000,1.25030547,1.99747846,7.70000000,1.97751321,5.05000000,1.74699348,2.76703507,8.20000000,2.54262826,5.55000000,2.24368149,3.53659169,8.70000000,0.00000000,1.50000000,0.00000000,0.50000000,0.00000000,6.00000000,0.00000000,3.13548452,3.07036948,3.00525443,3.13760184,3.07248679,3.00737174
00-0035602,0,LV,Alex Bachman,WR,,,,1.33369013,,,,,1.73743233,,,,,2.14117452,,,,,1.33465573,,,,,1.73839792,,,,,2.14214011,,,,,,,,,,,,,,,
00-0037292,2,IND,Andrew Ogletree,TE,2,0.73830484,0.00000000,1.30146449,0.75648334,0.00000000,1.11429880,0.00000000,1.73315000,1.12941320,0.00000000,1.49029276,0.00000000,2.16483550,1.50234307,0.00000000,0.73634894,0.00000000,1.29963380,0.75454272,0.00000000,1.11234290,0.00000000,1.73131930,1.12747259,0.00000000,1.48833686,0.00000000,2.16300481,1.50040246,0.00000000,0.00000000,1.00000000,0.00000000,0.00000000,0.00000000,3.50000000,0.00000000,-0.73830484,-1.11429880,-1.49029276,-0.73634894,-1.11234290,-1.48833686
00-0040582,1,NYJ,Arian Smith,WR,1,0.62325777,0.00000000,1.33854147,0.62325777,0.00000000,0.96589597,0.00000000,1.69964180,0.96589597,0.00000000,1.30853417,0.00000000,2.06074212,1.30853417,0.00000000,0.62459449,0.00000000,1.34019715,0.62459449,0.00000000,0.96723269,0.00000000,1.70129747,0.96723269,0.00000000,1.30987088,0.00000000,2.06239779,1.30987088,0.00000000,0.00000000,1.00000000,0.00000000,0.00000000,0.00000000,4.00000000,0.00000000,-0.62325777,-0.96589597,-1.30853417,-0.62459449,-0.96723269,-1.30987088
00-0036741,0,NO,Jack Stoll,TE,,,,1.17328947,,,,,1.68791920,,,,,2.20254893,,,,,1.17111777,,,,,1.68574750,,,,,2.20037723,,,,,,,,,,,,,,,
00-0038397,0,NO,Evan Hull,RB,,,,1.61316826,,,,,1.67479551,,,,,1.73642277,,,,,1.61450016,,,,,1.67612741,,,,,1.73775466,,,,,,,,,,,,,,,
00-0038794,2,CLE,Jaleel McLaughlin,RB,4,0.47123034,4.55000000,1.46214878,0.20225057,8.80000000,0.65304693,4.55000000,1.67419980,0.19081988,8.80000000,0.83486352,4.55000000,1.88625082,0.17938918,8.80000000,0.47134917,4.55000000,1.46315618,0.20282514,8.80000000,0.65316576,4.55000000,1.67520720,0.19139445,8.80000000,0.83498235,4.55000000,1.88725822,0.17996375,8.80000000,1.00000000,0.50000000,0.00000000,0.00000000,0.00000000,0.50000000,0.00000000,4.07876966,3.89695307,3.71513648,4.07865083,3.89683424,3.71501765
00-0036590,2,JAX,Quintin Morris,TE,2,0.70194785,0.35000000,1.16761912,0.72012634,0.70000000,1.08407000,0.60000000,1.66679701,1.09918440,1.20000000,1.46619215,0.85000000,2.16597490,1.47824246,1.70000000,0.69996137,0.35000000,1.16569395,0.71815516,0.70000000,1.08208353,0.60000000,1.66487184,1.09721321,1.20000000,1.46420568,0.85000000,2.16404973,1.47627127,1.70000000,0.00000000,1.00000000,0.00000000,0.00000000,0.00000000,2.50000000,0.00000000,-0.35194785,-0.48407000,-0.61619215,-0.34996137,-0.48208353,-0.61420568
00-0040238,2,JAX,LeQuint Allen Jr.,RB,3,1.36520688,0.45000000,1.19732637,0.77695843,0.90000000,1.90685360,0.95000000,1.66492880,1.52371131,1.90000000,2.44850033,1.45000000,2.13253124,2.27046418,2.90000000,1.36447356,0.45000000,1.19687069,0.77499796,0.90000000,1.90612029,0.95000000,1.66447312,1.52175083,1.90000000,2.44776701,1.45000000,2.13207556,2.26850370,2.90000000,0.00000000,1.50000000,0.00000000,0.50000000,0.00000000,4.00000000,0.00000000,-0.91520688,-0.95685360,-0.99850033,-0.91447356,-0.95612029,-0.99776701
00-0035594,3,PIT,Travis Homer,RB,4,0.98347358,0.50000000,1.53383219,1.70225884,-0.10000000,0.98190403,0.50000000,1.65789130,1.71332409,-0.10000000,0.98033448,0.50000000,1.78195040,1.72438935,-0.10000000,0.98436236,0.50000000,1.53457615,1.70374096,-0.10000000,0.98279282,0.50000000,1.65863525,1.71480621,-0.10000000,0.98122327,0.50000000,1.78269435,1.72587146,-0.10000000,1.66666667,0.00000000,1.00000000,0.00000000,0.00000000,0.00000000,0.00000000,-0.48347358,-0.48190403,-0.48033448,-0.48436236,-0.48279282,-0.48122327
00-0040534,0,CIN,Ke'Shawn Williams,WR,,,,1.40999018,,,,,1.63591823,,,,,1.86184628,,,,,1.41169893,,,,,1.63762698,,,,,1.86355502,,,,,,,,,,,,,,,
00-0039062,2,DAL,Jonathan Mingo,WR,4,1.22079403,0.50000000,1.23428602,1.59087499,0.00000000,1.70236539,0.75000000,1.63415542,2.25668994,0.00000000,2.18393676,1.00000000,2.03402481,2.92250489,0.00000000,1.22173761,0.50000000,1.23522784,1.59194258,0.00000000,1.70330898,0.75000000,1.63509723,2.25775753,0.00000000,2.18488034,1.00000000,2.03496662,2.92357248,0.00000000,0.00000000,1.50000000,0.00000000,0.00000000,0.00000000,13.50000000,0.00000000,-0.72079403,-0.95236539,-1.18393676,-0.72173761,-0.95330898,-1.18488034
00-0034798,2,BAL,Durham Smythe,TE,2,1.40735099,0.20000000,1.16315570,0.50198440,0.00000000,1.78293386,0.45000000,1.62310802,0.91781160,0.00000000,2.15851674,0.70000000,2.08306034,1.33363880,0.00000000,1.40615956,0.20000000,1.16144806,0.49982977,0.00000000,1.78174244,0.45000000,1.62140038,0.91565697,0.00000000,2.15732531,0.70000000,2.08135270,1.33148417,0.00000000,0.00000000,1.00000000,0.00000000,0.50000000,0.00000000,0.50000000,0.00000000,-1.20735099,-1.33293386,-1.45851674,-1.20615956,-1.33174244,-1.45732531
00-0038547,2,DAL,Luke Schoonmaker,TE,3,0.93826829,1.05000000,1.17495104,0.82919732,0.90000000,1.28055720,1.55000000,1.61520328,1.18987080,1.40000000,1.62284612,2.05000000,2.05545553,1.55054429,1.90000000,0.93648055,1.05000000,1.17303004,0.82731785,0.90000000,1.27876946,1.55000000,1.61328229,1.18799134,1.40000000,1.62105838,2.05000000,2.05353454,1.54866482,1.90000000,0.00000000,1.00000000,0.00000000,0.00000000,0.00000000,9.00000000,0.00000000,0.11173171,0.26944280,0.42715388,0.11351945,0.27123054,0.42894162
00-0038115,4,TEN,Daniel Bellinger,TE,4,0.75148432,0.62500000,1.05069654,0.50198440,0.20000000,1.24886085,1.12500000,1.60208926,0.91781160,0.70000000,1.74623739,1.62500000,2.15348197,1.33363880,1.20000000,0.74930180,0.62500000,1.04851731,0.49982977,0.20000000,1.24667834,1.12500000,1.59991003,0.91565697,0.70000000,1.74405487,1.62500000,2.15130274,1.33148417,1.20000000,0.00000000,1.25000000,0.00000000,0.00000000,0.00000000,0.25000000,0.00000000,-0.12648432,-0.12386085,-0.12123739,-0.12430180,-0.12167834,-0.11905487
00-0038465,0,GB,Malik Heath,WR,,,,1.15766121,,,,,1.59829331,,,,,2.03892541,,,,,1.15893220,,,,,1.59956430,,,,,2.04019639,,,,,,,,,,,,,,,
00-0039912,2,WAS,Ben Sinnott,TE,3,0.81101882,0.30000000,1.14754271,0.86555431,0.00000000,1.17475640,0.55000000,1.58611012,1.22009960,0.00000000,1.53849398,0.80000000,2.02467754,1.57464490,0.00000000,0.80912407,0.30000000,1.14569360,0.86370542,0.00000000,1.17286165,0.55000000,1.58426102,1.21825071,0.00000000,1.53659923,0.80000000,2.02282843,1.57279601,0.00000000,0.00000000,1.00000000,0.00000000,0.00000000,0.00000000,5.50000000,0.00000000,-0.51101882,-0.62475640,-0.73849398,-0.50912407,-0.62286165,-0.73659923
00-0040154,2,MIN,Tai Felton,WR,4,1.04207916,0.70000000,1.11960463,0.75323222,1.40000000,1.55925156,0.95000000,1.56635171,1.06997875,1.90000000,2.07642397,1.20000000,2.01309878,1.38672528,2.40000000,1.04342906,0.70000000,1.12077776,0.75427344,1.40000000,1.56060147,0.95000000,1.56752484,1.07101997,1.90000000,2.07777387,1.20000000,2.01427191,1.38776650,2.40000000,0.00000000,1.50000000,0.00000000,0.00000000,0.00000000,8.00000000,0.00000000,-0.34207916,-0.60925156,-0.87642397,-0.34342906,-0.61060147,-0.87777387
00-0039686,3,WAS,Colson Yankoff,TE,4,1.01938411,0.53333333,1.13746175,1.27432579,0.00000000,1.48993268,0.86666667,1.56068493,1.49135062,0.00000000,1.96048125,1.20000000,1.98390811,1.70837546,0.00000000,1.01733164,0.53333333,1.13563809,1.27277264,0.00000000,1.48788022,0.86666667,1.55886128,1.48979748,0.00000000,1.95842879,1.20000000,1.98208446,1.70682232,0.00000000,0.00000000,1.33333333,0.00000000,0.00000000,0.00000000,7.00000000,0.00000000,-0.48605077,-0.62326601,-0.76048125,-0.48399831,-0.62121355,-0.75842879
00-0038589,0,GB,Josh Whyle,TE,,,,1.18319307,,,,,1.53841984,,,,,1.89364662,,,,,1.18146340,,,,,1.53669018,,,,,1.89191695,,,,,,,,,,,,,,,
00-0034487,0,ARI,Trent Sherfield,WR,,,,1.14451860,,,,,1.53217580,,,,,1.91983299,,,,,1.14626881,,,,,1.53392601,,,,,1.92158320,,,,,,,,,,,,,,,
00-0036429,2,ATL,Charlie Woerner,TE,4,0.93369413,0.00000000,1.01959077,1.21997591,0.00000000,1.33264642,0.00000000,1.49961388,1.62656604,0.00000000,1.73159871,0.00000000,1.97963699,2.03315618,0.00000000,0.93164786,0.00000000,1.01745642,1.21791570,0.00000000,1.33060015,0.00000000,1.49747953,1.62450584,0.00000000,1.72955244,0.00000000,1.97750264,2.03109597,0.00000000,0.00000000,1.00000000,0.00000000,0.50000000,0.00000000,0.00000000,0.00000000,-0.93369413,-1.33264642,-1.73159871,-0.93164786,-1.33060015,-1.72955244
00-0035628,0,NE,D'Ernest Johnson,RB,,,,1.49722426,,,,,1.48549929,,,,,1.47377433,,,,,1.49881836,,,,,1.48709339,,,,,1.47536843,,,,,,,,,,,,,,,
00-0039407,0,LV,Dylan Laube,RB,,,,1.09048835,,,,,1.48448741,,,,,1.87848648,,,,,1.09080357,,,,,1.48480264,,,,,1.87880170,,,,,,,,,,,,,,,
00-0039796,0,BAL,Rasheen Ali,RB,,,,0.93890545,,,,,1.47146793,,,,,2.00403041,,,,,0.93817488,,,,,1.47073736,,,,,2.00329984,,,,,,,,,,,,,,,
00-0039530,3,DAL,Brevyn Spann-Ford,TE,4,0.85888895,1.10000000,0.97450426,0.53834139,0.00000000,1.37936314,1.60000000,1.43775218,0.94804040,0.00000000,1.89983732,2.10000000,1.90100009,1.35773941,0.00000000,0.85671753,1.10000000,0.97251346,0.53621733,0.00000000,1.37719171,1.60000000,1.43576137,0.94591634,0.00000000,1.89766590,2.10000000,1.89900929,1.35561535,0.00000000,0.00000000,1.33333333,0.00000000,0.00000000,0.00000000,2.00000000,0.00000000,0.24111105,0.22063686,0.20016268,0.24328247,0.22280829,0.20233410
00-0040208,0,CIN,Tahj Brooks,RB,,,,1.27245443,,,,,1.39756403,,,,,1.52267363,,,,,1.27365621,,,,,1.39876581,,,,,1.52387542,,,,,,,,,,,,,,,
00-0039050,1,TB,Payne Durham,TE,3,0.75648334,0.00000000,1.03040287,0.75648334,0.00000000,1.12941320,0.00000000,1.39167562,1.12941320,0.00000000,1.50234307,0.00000000,1.75294837,1.50234307,0.00000000,0.75454272,0.00000000,1.02840004,0.75454272,0.00000000,1.12747259,0.00000000,1.38967279,1.12747259,0.00000000,1.50040246,0.00000000,1.75094554,1.50040246,0.00000000,0.00000000,1.00000000,0.00000000,0.00000000,0.00000000,4.00000000,0.00000000,-0.75648334,-1.12941320,-1.50234307,-0.75454272,-1.12747259,-1.50040246
00-0037594,0,TEN,Julius Chestnut,RB,,,,1.25739861,,,,,1.33758282,,,,,1.41776703,,,,,1.25775400,,,,,1.33793821,,,,,1.41812242,,,,,,,,,,,,,,,
00-0038573,3,LAC,Derius Davis,WR,4,1.32376260,0.20000000,1.07755950,0.68824500,0.60000000,1.52365197,0.36666667,1.29732050,1.01793736,1.10000000,1.72354133,0.53333333,1.51708150,1.34762973,1.60000000,1.32413493,0.20000000,1.07854879,0.68943396,0.60000000,1.52402430,0.36666667,1.29830978,1.01912633,1.10000000,1.72391366,0.53333333,1.51807078,1.34881869,1.60000000,0.00000000,1.00000000,0.00000000,0.00000000,0.00000000,25.00000000,0.00000000,-1.12376260,-1.15698530,-1.19020799,-1.12413493,-1.15735763,-1.19058032
00-0033376,2,NYG,Patrick Ricard,RB,4,0.40545804,0.05000000,0.70749736,0.75132828,0.10000000,0.99028766,0.30000000,1.20430356,1.50591216,0.60000000,1.57511728,0.55000000,1.70110976,2.26049604,1.10000000,0.40442553,0.05000000,0.70664096,0.74948586,0.10000000,0.98925514,0.30000000,1.20344715,1.50406974,0.60000000,1.57408476,0.55000000,1.70025335,2.25865362,1.10000000,0.00000000,1.50000000,0.00000000,0.00000000,0.00000000,-0.50000000,0.00000000,-0.35545804,-0.69028766,-1.02511728,-0.35442553,-0.68925514,-1.02408476
00-0037654,0,LAC,Tucker Fisk,TE,,,,0.79505147,,,,,1.14432556,,,,,1.49359964,,,,,0.79313129,,,,,1.14240537,,,,,1.49167946,,,,,,,,,,,,,,,
00-0040205,0,TEN,Kalel Mullings,RB,,,,1.00168793,,,,,1.14311491,,,,,1.28454189,,,,,1.00211886,,,,,1.14354584,,,,,1.28497281,,,,,,,,,,,,,,,
00-0036425,4,MIN,DeeJay Dallas,RB,4,0.44837973,0.82500000,0.70079333,0.23899890,1.00000000,0.73290732,1.20000000,0.99233702,0.59925720,1.50000000,1.01743492,1.57500000,1.28388072,0.95951550,2.00000000,0.44824024,0.82500000,0.70060932,0.23794990,1.00000000,0.73276783,1.20000000,0.99215302,0.59820820,1.50000000,1.01729543,1.57500000,1.28369671,0.95846650,2.00000000,0.75000000,0.75000000,0.00000000,0.00000000,0.00000000,0.00000000,0.00000000,0.37662027,0.46709268,0.55756508,0.37675976,0.46723217,0.55770457
00-0038738,3,DAL,Hunter Luepke,RB,4,0.20595663,0.33333333,0.56929424,0.21336875,0.20000000,0.32103260,0.50000000,0.83774082,0.58145805,0.70000000,0.43610857,0.66666667,1.10618739,0.94954736,1.20000000,0.20602936,0.33333333,0.56916128,0.21243780,0.20000000,0.32110534,0.50000000,0.83760786,0.58052711,0.70000000,0.43618131,0.66666667,1.10605443,0.94861642,1.20000000,0.66666667,0.33333333,0.00000000,0.00000000,0.00000000,0.66666667,0.00000000,0.12737670,0.17896740,0.23055809,0.12730397,0.17889466,0.23048536
