season,week,player_id,name,position,team,air_yds,pass_air_yds,pass_att,pass_i10,pass_rz,rush_att,rush_i10,rush_i5,rush_rz,tgt,tgt_deep,tgt_ez,tgt_i10,tgt_rz,ep_std,pts_std,ewma_ep_pre_std,ewma_ep_std,ep_half,pts_half,ewma_ep_pre_half,ewma_ep_half,ep_ppr,pts_ppr,ewma_ep_pre_ppr,ewma_ep_ppr,ep_std6,pts_std6,ewma_ep_pre_std6,ewma_ep_std6,ep_half6,pts_half6,ewma_ep_pre_half6,ewma_ep_half6,ep_ppr6,pts_ppr6,ewma_ep_pre_ppr6,ewma_ep_ppr6,seeded_from_prior,passing_tds
2026,1,00-0023459,Aaron Rodgers,QB,PIT,0.00000000,407.00000000,40.00000000,3.00000000,5.00000000,0.00000000,0.00000000,0.00000000,0.00000000,0.00000000,0.00000000,0.00000000,0.00000000,0.00000000,17.25633375,12.54000000,12.91456259,14.43418250,17.26080874,12.54000000,12.92009532,14.43934502,17.26528373,12.54000000,12.92562805,14.44450754,21.12422806,14.54000000,15.59495296,17.53019924,21.12870304,14.54000000,15.60048569,17.53536176,21.13317803,14.54000000,15.60601842,17.54052428,true,1
2026,2,00-0023459,Aaron Rodgers,QB,PIT,0.00000000,209.00000000,39.00000000,0.00000000,1.00000000,1.00000000,0.00000000,0.00000000,0.00000000,0.00000000,0.00000000,0.00000000,0.00000000,0.00000000,10.60558243,3.98000000,14.43418250,13.09417248,10.60948433,3.98000000,14.43934502,13.09889378,10.61338622,3.98000000,14.44450754,13.10361508,12.18038246,3.98000000,17.53019924,15.65776337,12.18428436,3.98000000,17.53536176,15.66248467,12.18818625,3.98000000,17.54052428,15.66720597,true,0
2026,3,00-0023459,Aaron Rodgers,QB,PIT,0.00000000,393.00000000,33.00000000,1.00000000,3.00000000,1.00000000,0.00000000,0.00000000,0.00000000,0.00000000,0.00000000,0.00000000,0.00000000,0.00000000,14.44833110,22.68000000,13.09417248,13.56812800,14.45130386,22.68000000,13.09889378,13.57223731,14.45427663,22.68000000,13.10361508,13.57634662,17.39810699,28.68000000,15.65776337,16.26688363,17.40107975,28.68000000,15.66248467,16.27099295,17.40405251,28.68000000,15.66720597,16.27510226,true,3
2026,4,00-0023459,Aaron Rodgers,QB,PIT,0.00000000,424.00000000,41.00000000,2.00000000,10.00000000,1.00000000,1.00000000,1.00000000,1.00000000,0.00000000,0.00000000,0.00000000,0.00000000,0.00000000,22.46546610,21.96000000,13.56812800,16.68219633,22.46866268,21.96000000,13.57223731,16.68598619,22.47185926,21.96000000,13.57634662,16.68977604,26.74456521,27.96000000,16.26688363,19.93407219,26.74776179,27.96000000,16.27099295,19.93786204,26.75095837,27.96000000,16.27510226,19.94165190,true,3
2026,1,00-0026498,Matthew Stafford,QB,LA,0.00000000,232.00000000,25.00000000,2.00000000,2.00000000,1.00000000,1.00000000,1.00000000,1.00000000,0.00000000,0.00000000,0.00000000,0.00000000,0.00000000,13.44747617,4.10000000,16.82398971,15.64220997,13.45003099,4.10000000,16.82954532,15.64671531,13.45258580,4.10000000,16.83510094,15.65122064,15.62841271,4.10000000,20.59715784,18.85809704,15.63096752,4.10000000,20.60271346,18.86260238,15.63352234,4.10000000,20.60826907,18.86710771,true,0
2026,2,00-0026498,Matthew Stafford,QB,LA,0.00000000,331.00000000,30.00000000,3.00000000,4.00000000,1.00000000,0.00000000,0.00000000,0.00000000,0.00000000,0.00000000,0.00000000,0.00000000,0.00000000,14.82203959,26.98000000,15.64220997,15.35515034,14.82697258,26.98000000,15.64671531,15.35980535,14.83190557,26.98000000,15.65122064,15.36446037,18.15926181,34.98000000,18.85809704,18.61350471,18.16419480,34.98000000,18.86260238,18.61815972,18.16912778,34.98000000,18.86710771,18.62281474,true,4
2026,3,00-0026498,Matthew Stafford,QB,LA,0.00000000,511.00000000,53.00000000,3.00000000,8.00000000,2.00000000,0.00000000,0.00000000,1.00000000,0.00000000,0.00000000,0.00000000,0.00000000,0.00000000,23.87967575,20.90000000,15.35515034,18.33873423,23.88254327,20.90000000,15.35980535,18.34276362,23.88541078,20.90000000,15.36446037,18.34679301,28.74347233,24.90000000,18.61350471,22.15899338,28.74633984,24.90000000,18.61815972,22.16302277,28.74920736,24.90000000,18.62281474,22.16705215,true,2
2026,4,00-0026498,Matthew Stafford,QB,LA,0.00000000,453.00000000,51.00000000,1.00000000,3.00000000,2.00000000,0.00000000,0.00000000,1.00000000,0.00000000,0.00000000,0.00000000,0.00000000,0.00000000,18.99579248,9.68000000,18.33873423,18.56870462,18.99676276,9.68000000,18.34276362,18.57166332,18.99773303,9.68000000,18.34679301,18.57462202,22.32223977,9.68000000,22.15899338,22.21612961,22.32321004,9.68000000,22.16302277,22.21908831,22.32418031,9.68000000,22.16705215,22.22204701,true,0
2026,3,00-0027973,Andy Dalton,QB,PHI,0.00000000,2.00000000,1.00000000,1.00000000,1.00000000,0.00000000,0.00000000,0.00000000,0.00000000,0.00000000,0.00000000,0.00000000,0.00000000,0.00000000,2.25373411,-2.00000000,6.90095538,5.27442794,2.25754259,-2.00000000,7.20426342,5.47291113,2.26135107,-2.00000000,7.50757145,5.67139431,3.08204950,-2.00000000,8.16332374,6.38487776,3.08585798,-2.00000000,8.46663177,6.58336094,3.08966646,-2.00000000,8.76993980,6.78184413,true,0
2026,3,00-0028986,Case Keenum,QB,CHI,0.00000000,209.00000000,34.00000000,4.00000000,8.00000000,2.00000000,1.00000000,1.00000000,1.00000000,0.00000000,0.00000000,0.00000000,0.00000000,0.00000000,18.98733813,24.48000000,6.80000000,11.06556835,18.99361352,24.48000000,8.00000000,11.84776473,18.99988890,24.48000000,9.20000000,12.62996111,22.49222416,28.48000000,6.80000000,12.29227846,22.49849954,28.48000000,8.00000000,13.07447484,22.50477492,28.48000000,9.20000000,13.85667122,false,2
2026,1,00-0029604,Kirk Cousins,QB,LV,0.00000000,226.00000000,30.00000000,1.00000000,8.00000000,2.00000000,0.00000000,0.00000000,0.00000000,0.00000000,0.00000000,0.00000000,0.00000000,0.00000000,14.24529626,13.80000000,10.86429127,12.04764301,14.25104106,13.80000000,10.86884257,12.05261204,14.25678586,13.80000000,10.87339387,12.05758107,17.16788099,19.80000000,13.03998211,14.48474671,17.17362579,19.80000000,13.04453341,14.48971574,17.17937059,19.80000000,13.04908471,14.49468477,true,3
2026,2,00-0029604,Kirk Cousins,QB,LV,0.00000000,283.00000000,29.00000000,0.00000000,3.00000000,1.00000000,0.00000000,0.00000000,0.00000000,0.00000000,0.00000000,0.00000000,0.00000000,0.00000000,11.44761788,20.22000000,12.04764301,11.83763422,11.45066206,20.22000000,12.05261204,11.84192955,11.45370624,20.22000000,12.05758107,11.84622488,13.63024796,26.22000000,14.48474671,14.18567215,13.63329214,26.22000000,14.48971574,14.18996748,13.63633632,26.22000000,14.49468477,14.19426281,true,3
2026,3,00-0029604,Kirk Cousins,QB,LV,0.00000000,273.00000000,35.00000000,7.00000000,10.00000000,1.00000000,0.00000000,0.00000000,0.00000000,0.00000000,0.00000000,0.00000000,0.00000000,0.00000000,19.97834373,22.22000000,11.83763422,14.68688255,19.98795587,22.22000000,11.84192955,14.69303876,19.99756800,22.22000000,11.84622488,14.69919497,25.01170344,28.22000000,14.18567215,17.97478310,25.02131558,28.22000000,14.18996748,17.98093931,25.03092771,28.22000000,14.19426281,17.98709553,true,3
2026,4,00-0029604,Kirk Cousins,QB,LV,0.00000000,457.00000000,50.00000000,1.00000000,5.00000000,0.00000000,0.00000000,0.00000000,0.00000000,0.00000000,0.00000000,0.00000000,0.00000000,0.00000000,18.07385964,22.60000000,14.68688255,15.87232453,18.07705843,22.60000000,14.69303876,15.87744564,18.08025723,22.60000000,14.69919497,15.88256676,21.66655165,26.60000000,17.97478310,19.26690209,21.66975045,26.60000000,17.98093931,19.27202321,21.67294924,26.60000000,17.98709553,19.27714433,true,2
2026,3,00-0030061,Zach Ertz,TE,PHI,4.00000000,0.00000000,0.00000000,0.00000000,0.00000000,0.00000000,0.00000000,0.00000000,0.00000000,2.00000000,0.00000000,0.00000000,0.00000000,1.00000000,1.92711965,0.90000000,6.10334549,4.64166645,2.70893265,1.40000000,7.98821048,6.14046324,3.49074564,1.90000000,9.87307546,7.63926003,1.92470333,0.90000000,6.10105943,4.63933479,2.70651633,1.40000000,7.98592441,6.13813158,3.48832932,1.90000000,9.87078940,7.63692837,true,0
2026,4,00-0030061,Zach Ertz,TE,PHI,31.00000000,0.00000000,0.00000000,0.00000000,0.00000000,0.00000000,0.00000000,0.00000000,0.00000000,4.00000000,0.00000000,0.00000000,0.00000000,0.00000000,3.31419846,1.30000000,4.64166645,4.17705266,4.73925862,2.30000000,6.14046324,5.65004162,6.16431877,3.30000000,7.63926003,7.12303059,3.31155640,1.30000000,4.63933479,4.17461236,4.73661655,2.30000000,6.13813158,5.64760132,6.16167671,3.30000000,7.63692837,7.12059029,true,0
2026,1,00-0030279,Keenan Allen,WR,IND,22.00000000,0.00000000,0.00000000,0.00000000,0.00000000,0.00000000,0.00000000,0.00000000,0.00000000,6.00000000,0.00000000,0.00000000,1.00000000,1.00000000,5.25997017,3.20000000,7.21961058,6.53373643,7.44004553,6.20000000,9.58765301,8.83599039,9.62012088,9.20000000,11.95569545,11.13824435,5.26220269,3.20000000,7.22204460,6.53609993,7.44227805,6.20000000,9.59008703,8.83835389,9.62235341,9.20000000,11.95812947,11.14060784,true,0
2026,2,00-0030279,Keenan Allen,WR,IND,31.00000000,0.00000000,0.00000000,0.00000000,0.00000000,0.00000000,0.00000000,0.00000000,0.00000000,5.00000000,0.00000000,0.00000000,0.00000000,0.00000000,3.81136079,0.50000000,6.53373643,5.58090496,5.58263725,1.00000000,8.83599039,7.69731679,7.35391370,1.50000000,11.13824435,9.81372862,3.81317237,0.50000000,6.53609993,5.58307528,5.58444882,1.00000000,8.83835389,7.69948711,7.35572528,1.50000000,11.14060784,9.81589895,true,0
2026,3,00-0030279,Keenan Allen,WR,IND,71.00000000,0.00000000,0.00000000,0.00000000,0.00000000,0.00000000,0.00000000,0.00000000,0.00000000,9.00000000,0.00000000,0.00000000,2.00000000,2.00000000,9.74859683,12.30000000,5.58090496,7.03959711,12.76374542,15.30000000,7.69731679,9.47056681,15.77889401,18.30000000,9.81372862,11.90153651,9.74820025,12.30000000,5.58307528,7.04086902,12.76334884,15.30000000,7.69948711,9.47183872,15.77849743,18.30000000,9.81589895,11.90280842,true,0
2026,1,00-0030506,Travis Kelce,TE,KC,29.00000000,0.00000000,0.00000000,0.00000000,0.00000000,0.00000000,0.00000000,0.00000000,0.00000000,5.00000000,0.00000000,0.00000000,0.00000000,0.00000000,3.76684328,7.10000000,6.22312231,5.36342465,5.61002362,8.60000000,8.48375987,7.47795219,7.45320397,10.10000000,10.74439743,9.59247972,3.76363107,7.10000000,6.22356916,5.36259083,5.60681142,8.60000000,8.48420672,7.47711836,7.44999176,10.10000000,10.74484428,9.59164590,true,0
2026,2,00-0030506,Travis Kelce,TE,KC,56.00000000,0.00000000,0.00000000,0.00000000,0.00000000,0.00000000,0.00000000,0.00000000,0.00000000,11.00000000,1.00000000,0.00000000,0.00000000,1.00000000,8.48204292,16.10000000,5.36342465,6.45494104,12.54011031,20.60000000,7.47795219,9.24970753,16.59817771,25.10000000,9.59247972,12.04447402,8.47653384,16.10000000,5.36259083,6.45247088,12.53460124,20.60000000,7.47711836,9.24723737,16.59266864,25.10000000,9.59164590,12.04200386,true,0
2026,3,00-0030506,Travis Kelce,TE,KC,33.00000000,0.00000000,0.00000000,0.00000000,0.00000000,0.00000000,0.00000000,0.00000000,0.00000000,2.00000000,1.00000000,1.00000000,0.00000000,1.00000000,3.95798415,11.90000000,6.45494104,5.58100613,4.42947020,12.90000000,9.24970753,7.56262447,4.90095625,13.90000000,12.04447402,9.54424280,3.95593661,11.90000000,6.45247088,5.57868389,4.42742266,12.90000000,9.24723737,7.56030222,4.89890871,13.90000000,12.04200386,9.54192055,true,0
2026,4,00-0030506,Travis Kelce,TE,KC,14.00000000,0.00000000,0.00000000,0.00000000,0.00000000,0.00000000,0.00000000,0.00000000,0.00000000,4.00000000,0.00000000,0.00000000,0.00000000,0.00000000,2.69612962,1.50000000,5.58100613,4.57129935,4.22536902,2.50000000,7.56262447,6.39458506,5.75460841,3.50000000,9.54424280,8.21787076,2.69296779,1.50000000,5.57868389,4.56868325,4.22220718,2.50000000,7.56030222,6.39196896,5.75144657,3.50000000,9.54192055,8.21525466,true,0
2026,1,00-0030565,Geno Smith,QB,NYJ,0.00000000,168.00000000,24.00000000,0.00000000,1.00000000,3.00000000,0.00000000,0.00000000,1.00000000,0.00000000,0.00000000,0.00000000,0.00000000,0.00000000,9.75031866,9.30000000,12.88133415,11.78547873,9.75179613,9.30000000,12.88613931,11.78911920,9.75327360,9.30000000,12.89094447,11.79275966,11.15245585,9.30000000,15.21284967,13.79171183,11.15393332,9.30000000,15.21765483,13.79535230,11.15541080,9.30000000,15.22245998,13.79899277,true,0
2026,2,00-0030565,Geno Smith,QB,NYJ,0.00000000,253.00000000,40.00000000,1.00000000,6.00000000,5.00000000,0.00000000,0.00000000,0.00000000,0.00000000,0.00000000,0.00000000,0.00000000,0.00000000,16.87579719,15.58000000,11.78547873,13.56709019,16.88304839,15.58000000,11.78911920,13.57199441,16.89029959,15.58000000,11.79275966,13.57689864,19.60037872,17.58000000,13.79171183,15.82474524,19.60762992,17.58000000,13.79535230,15.82964947,19.61488111,17.58000000,13.79899277,15.83455369,true,1
2026,3,00-0030565,Geno Smith,QB,NYJ,0.00000000,322.00000000,39.00000000,3.00000000,4.00000000,2.00000000,0.00000000,0.00000000,0.00000000,0.00000000,0.00000000,0.00000000,0.00000000,0.00000000,16.45966022,26.04000000,13.56709019,14.57948970,16.46569730,26.04000000,13.57199441,14.58479042,16.47173438,26.04000000,13.57689864,14.59009115,19.76309858,32.04000000,15.82474524,17.20316891,19.76913566,32.04000000,15.82964947,17.20846963,19.77517274,32.04000000,15.83455369,17.21377036,true,3
2026,4,00-0030565,Geno Smith,QB,NYJ,0.00000000,93.00000000,15.00000000,1.00000000,1.00000000,0.00000000,0.00000000,0.00000000,0.00000000,0.00000000,0.00000000,0.00000000,0.00000000,0.00000000,5.59529192,8.76000000,14.57948970,11.43502048,5.59906663,8.76000000,14.58479042,11.43978709,5.60284133,8.76000000,14.59009115,11.44455371,6.86710600,10.76000000,17.20316891,13.58554689,6.87088070,10.76000000,17.20846963,13.59031351,6.87465541,10.76000000,17.21377036,13.59508012,true,1
2026,3,00-0031235,Odell Beckham Jr.,WR,NYG,17.00000000,0.00000000,0.00000000,0.00000000,0.00000000,0.00000000,0.00000000,0.00000000,0.00000000,1.00000000,0.00000000,0.00000000,0.00000000,0.00000000,1.04567474,0.00000000,3.40000000,2.57598616,1.30416502,0.00000000,4.00000000,3.05645776,1.56265530,0.00000000,4.60000000,3.53692935,1.04605107,0.00000000,3.40000000,2.57611787,1.30454135,0.00000000,4.00000000,3.05658947,1.56303163,0.00000000,4.60000000,3.53706107,false,0
2026,4,00-0031236,Brandin Cooks,WR,SF,12.00000000,0.00000000,0.00000000,0.00000000,0.00000000,0.00000000,0.00000000,0.00000000,0.00000000,1.00000000,0.00000000,0.00000000,0.00000000,0.00000000,0.88320667,0.00000000,2.93453353,2.21656913,1.17406154,0.00000000,3.73226825,2.83689590,1.46491640,0.00000000,4.53000297,3.45722267,0.88395239,0.00000000,2.93586806,2.21769757,1.17480725,0.00000000,3.73360277,2.83802434,1.46566211,0.00000000,4.53133749,3.45835111,true,0
2026,1,00-0031381,Davante Adams,WR,LA,73.00000000,0.00000000,0.00000000,0.00000000,0.00000000,0.00000000,0.00000000,0.00000000,0.00000000,6.00000000,1.00000000,0.00000000,0.00000000,0.00000000,5.80820329,2.60000000,11.78552552,9.69346274,7.68801624,4.10000000,14.09502916,11.85257464,9.56782919,5.60000000,16.40453280,14.01168654,5.80929047,2.60000000,11.78557020,9.69387230,7.68910342,4.10000000,14.09507384,11.85298420,9.56891638,5.60000000,16.40457749,14.01209610,true,0
2026,2,00-0031381,Davante Adams,WR,LA,198.00000000,0.00000000,0.00000000,0.00000000,0.00000000,0.00000000,0.00000000,0.00000000,0.00000000,10.00000000,4.00000000,1.00000000,0.00000000,1.00000000,13.42793485,31.50000000,9.69346274,11.00052798,15.96576005,35.50000000,11.85257464,13.29218953,18.50358524,39.50000000,14.01168654,15.58385108,13.42821915,31.50000000,9.69387230,11.00089370,15.96604435,35.50000000,11.85298420,13.29255525,18.50386955,39.50000000,14.01209610,15.58421681,true,0
2026,3,00-0031381,Davante Adams,WR,LA,227.00000000,0.00000000,0.00000000,0.00000000,0.00000000,0.00000000,0.00000000,0.00000000,0.00000000,13.00000000,3.00000000,1.00000000,0.00000000,1.00000000,16.04891434,13.70000000,11.00052798,12.76746320,19.62203296,17.20000000,13.29218953,15.50763473,23.19515158,20.70000000,15.58385108,18.24780626,16.04714737,13.70000000,11.00089370,12.76708248,19.62026598,17.20000000,13.29255525,15.50725401,23.19338460,20.70000000,15.58421681,18.24742553,true,0
2026,4,00-0031381,Davante Adams,WR,LA,138.00000000,0.00000000,0.00000000,0.00000000,0.00000000,0.00000000,0.00000000,0.00000000,0.00000000,9.00000000,3.00000000,1.00000000,0.00000000,2.00000000,11.10151622,3.20000000,12.76746320,12.18438176,13.64101321,5.20000000,15.50763473,14.85431720,16.18051020,7.20000000,18.24780626,17.52425264,11.10456367,3.20000000,12.76708248,12.18520090,13.64406066,5.20000000,15.50725401,14.85513634,16.18355765,7.20000000,18.24742553,17.52507177,true,0
2026,1,00-0031408,Mike Evans,WR,SF,55.00000000,0.00000000,0.00000000,0.00000000,0.00000000,0.00000000,0.00000000,0.00000000,0.00000000,7.00000000,0.00000000,1.00000000,1.00000000,2.00000000,7.99395708,10.90000000,9.41464988,8.91740740,10.28635602,13.90000000,11.69179055,11.19988846,12.57875497,16.90000000,13.96893122,13.48236953,7.99504812,10.90000000,9.41571193,8.91847959,10.28744707,13.90000000,11.69285260,11.20096066,12.57984601,16.90000000,13.96999327,13.48344173,true,0
2026,2,00-0031408,Mike Evans,WR,SF,40.00000000,0.00000000,0.00000000,0.00000000,0.00000000,0.00000000,0.00000000,0.00000000,0.00000000,3.00000000,0.00000000,0.00000000,0.00000000,0.00000000,2.94841557,5.40000000,8.91740740,6.82826026,3.85973227,6.90000000,11.19988846,8.63083380,4.77104897,8.40000000,13.48236953,10.43340733,2.94832751,5.40000000,8.91847959,6.82892637,3.85964421,6.90000000,11.20096066,8.63149990,4.77096091,8.40000000,13.48344173,10.43407344,true,0
2026,3,00-0031408,Mike Evans,WR,SF,80.00000000,0.00000000,0.00000000,0.00000000,0.00000000,0.00000000,0.00000000,0.00000000,0.00000000,6.00000000,1.00000000,1.00000000,0.00000000,0.00000000,6.86435350,9.40000000,6.82826026,6.84089289,8.63023834,10.90000000,8.63083380,8.63062538,10.39612317,12.40000000,10.43340733,10.42035788,6.86489360,9.40000000,6.82892637,6.84151490,8.63077844,10.90000000,8.63149990,8.63124739,10.39666328,12.40000000,10.43407344,10.42097989,true,0
2026,4,00-0031408,Mike Evans,WR,SF,140.00000000,0.00000000,0.00000000,0.00000000,0.00000000,0.00000000,0.00000000,0.00000000,0.00000000,8.00000000,3.00000000,1.00000000,1.00000000,2.00000000,11.49685870,7.60000000,6.84089289,8.47048092,13.57855322,10.10000000,8.63062538,10.36240013,15.66024773,12.60000000,10.42035788,12.25431933,11.49757072,7.60000000,6.84151490,8.47113444,13.57926524,10.10000000,8.63124739,10.36305364,15.66095975,12.60000000,10.42097989,12.25497284,true,0
2026,4,00-0031484,Chris Manhertz,TE,NYG,0.00000000,0.00000000,0.00000000,0.00000000,0.00000000,0.00000000,0.00000000,0.00000000,0.00000000,1.00000000,0.00000000,0.00000000,1.00000000,1.00000000,2.16728962,0.00000000,1.84182879,1.95574008,2.52714093,0.00000000,2.24945241,2.34664339,2.88699224,0.00000000,2.65707603,2.73754670,2.16693910,0.00000000,1.84088974,1.95500701,2.52679041,0.00000000,2.24851336,2.34591033,2.88664172,0.00000000,2.65613698,2.73681364,true,0
2026,2,00-0031503,Jameis Winston,QB,NYG,0.00000000,294.00000000,27.00000000,0.00000000,1.00000000,2.00000000,0.00000000,0.00000000,0.00000000,0.00000000,0.00000000,0.00000000,0.00000000,0.00000000,11.03134990,2.54000000,10.38489488,10.61115414,11.03433416,2.54000000,10.68712445,10.80864785,11.03731841,2.54000000,10.98935403,11.00614156,12.94493561,2.54000000,11.99019626,12.32435503,12.94791986,2.54000000,12.29242583,12.52184874,12.95090411,2.54000000,12.59465541,12.71934246,true,0
2026,3,00-0031503,Jameis Winston,QB,NYG,0.00000000,136.00000000,22.00000000,1.00000000,2.00000000,1.00000000,0.00000000,0.00000000,0.00000000,0.00000000,0.00000000,0.00000000,0.00000000,0.00000000,8.29578238,6.12000000,10.61115414,9.80077402,8.30026554,6.12000000,10.80864785,9.93071404,8.30474870,6.12000000,11.00614156,10.06065406,9.91250198,6.12000000,12.32435503,11.48020646,9.91698514,6.12000000,12.52184874,11.61014648,9.92146830,6.12000000,12.71934246,11.74008650,true,0
2026,4,00-0031503,Jameis Winston,QB,NYG,0.00000000,332.00000000,30.00000000,1.00000000,5.00000000,0.00000000,0.00000000,0.00000000,0.00000000,0.00000000,0.00000000,0.00000000,0.00000000,0.00000000,13.38264561,18.00000000,9.80077402,11.05442908,13.38584770,18.00000000,9.93071404,11.14001082,13.38904979,18.00000000,10.06065406,11.22559257,16.36428039,24.00000000,11.48020646,13.18963233,16.36748248,24.00000000,11.61014648,13.27521408,16.37068457,24.00000000,11.74008650,13.36079582,true,3
2026,1,00-0031588,Stefon Diggs,WR,WAS,83.00000000,0.00000000,0.00000000,0.00000000,0.00000000,0.00000000,0.00000000,0.00000000,0.00000000,9.00000000,1.00000000,0.00000000,1.00000000,1.00000000,9.02957904,11.50000000,5.78854629,6.92290776,11.99690898,13.50000000,7.77937409,9.25551130,14.96423893,15.50000000,9.77020189,11.58811485,9.03091829,11.50000000,5.79067559,6.92476053,11.99824823,13.50000000,7.78150339,9.25736408,14.96557817,15.50000000,9.77233118,11.58996763,true,0
2026,2,00-0031588,Stefon Diggs,WR,WAS,72.00000000,0.00000000,0.00000000,0.00000000,0.00000000,0.00000000,0.00000000,0.00000000,0.00000000,6.00000000,2.00000000,2.00000000,1.00000000,3.00000000,9.16149222,16.70000000,6.92290776,7.70641232,10.82717241,19.20000000,9.25551130,9.80559269,12.49285261,21.70000000,11.58811485,11.90477306,9.16491106,16.70000000,6.92476053,7.70881322,10.83059126,19.20000000,9.25736408,9.80799359,12.49627146,21.70000000,11.58996763,11.90717397,true,0
2026,3,00-0031588,Stefon Diggs,WR,WAS,33.00000000,0.00000000,0.00000000,0.00000000,0.00000000,0.00000000,0.00000000,0.00000000,0.00000000,7.00000000,0.00000000,0.00000000,0.00000000,0.00000000,5.03173575,3.30000000,7.70641232,6.77027552,7.59176988,5.30000000,9.80559269,9.03075471,10.15180401,7.30000000,11.90477306,11.29123390,5.03463433,3.30000000,7.70881322,6.77285061,7.59466846,5.30000000,9.80799359,9.03332980,10.15470259,7.30000000,11.90717397,11.29380898,true,0
2026,4,00-0031588,Stefon Diggs,WR,WAS,92.00000000,0.00000000,0.00000000,0.00000000,0.00000000,0.00000000,0.00000000,0.00000000,0.00000000,9.00000000,1.00000000,0.00000000,0.00000000,0.00000000,8.15866354,3.50000000,6.77027552,7.25621133,11.11804633,6.00000000,9.03075471,9.76130678,14.07742912,8.50000000,11.29123390,12.26640222,8.16019921,3.50000000,6.77285061,7.25842262,11.11958200,6.00000000,9.03332980,9.76351807,14.07896479,8.50000000,11.29380898,12.26861352,true,0
2026,1,00-0031610,Darren Waller,TE,CAR,8.00000000,0.00000000,0.00000000,0.00000000,0.00000000,0.00000000,0.00000000,0.00000000,0.00000000,2.00000000,0.00000000,0.00000000,0.00000000,0.00000000,1.42727009,2.80000000,6.35840254,4.63250618,2.18155101,3.80000000,7.72190693,5.78278236,2.93583192,4.80000000,9.08541132,6.93305853,1.42494279,2.80000000,6.36383833,4.63522489,2.17922370,3.80000000,7.72734272,5.78550106,2.93350462,4.80000000,9.09084710,6.93577723,true,0
2026,2,00-0031610,Darren Waller,TE,CAR,26.00000000,0.00000000,0.00000000,0.00000000,0.00000000,0.00000000,0.00000000,0.00000000,0.00000000,3.00000000,0.00000000,2.00000000,1.00000000,2.00000000,6.88932882,15.30000000,4.63250618,5.42239411,7.75508324,16.80000000,5.78278236,6.47308767,8.62083766,18.30000000,6.93305853,7.52378122,6.88795623,15.30000000,4.63522489,5.42368086,7.75371065,16.80000000,5.78550106,6.47437442,8.61946506,18.30000000,6.93577723,7.52506797,true,0
2026,3,00-0031610,Darren Waller,TE,CAR,56.00000000,0.00000000,0.00000000,0.00000000,0.00000000,0.00000000,0.00000000,0.00000000,0.00000000,8.00000000,0.00000000,0.00000000,0.00000000,0.00000000,6.32455841,5.10000000,5.42239411,5.73815161,9.21986904,7.60000000,6.47308767,7.43446115,12.11517967,10.10000000,7.52378122,9.13077068,6.32064475,5.10000000,5.42368086,5.73761822,9.21595538,7.60000000,6.47437442,7.43392775,12.11126601,10.10000000,7.52506797,9.13023729,true,0
2026,4,00-0031610,Darren Waller,TE,CAR,51.00000000,0.00000000,0.00000000,0.00000000,0.00000000,0.00000000,0.00000000,0.00000000,0.00000000,6.00000000,0.00000000,1.00000000,0.00000000,2.00000000,7.42299208,3.60000000,5.73815161,6.32784578,9.46849924,5.10000000,7.43446115,8.14637448,11.51400640,6.60000000,9.13077068,9.96490318,7.41959393,3.60000000,5.73761822,6.32630972,9.46510109,5.10000000,7.43392775,8.14483842,11.51060825,6.60000000,9.13023729,9.96336712,true,0
2026,1,00-0032104,Ameer Abdullah,RB,JAX,-3.00000000,0.00000000,0.00000000,0.00000000,0.00000000,4.00000000,0.00000000,0.00000000,0.00000000,1.00000000,0.00000000,0.00000000,0.00000000,0.00000000,2.29510402,3.20000000,1.23901329,1.60864505,2.69892261,3.70000000,1.78964032,2.10788912,3.10274119,4.20000000,2.34026735,2.60713319,2.29666729,3.20000000,1.23863699,1.60894760,2.70048588,3.70000000,1.78926402,2.10819167,3.10430446,4.20000000,2.33989105,2.60743574,true,0
2026,2,00-0032104,Ameer Abdullah,RB,JAX,-6.00000000,0.00000000,0.00000000,0.00000000,0.00000000,3.00000000,0.00000000,0.00000000,0.00000000,1.00000000,0.00000000,0.00000000,0.00000000,0.00000000,1.66574204,1.30000000,1.60864505,1.62862899,2.09391009,1.80000000,2.10788912,2.10299646,2.52207813,2.30000000,2.60713319,2.57736392,1.66718349,1.30000000,1.60894760,1.62933016,2.09535154,1.80000000,2.10819167,2.10369762,2.52351959,2.30000000,2.60743574,2.57806509,true,0
2026,3,00-0032104,Ameer Abdullah,RB,JAX,-3.00000000,0.00000000,0.00000000,0.00000000,0.00000000,3.00000000,0.00000000,0.00000000,0.00000000,1.00000000,0.00000000,0.00000000,0.00000000,1.00000000,1.99597161,0.20000000,1.62862899,1.75719891,2.39043534,0.20000000,2.10299646,2.20360007,2.78489908,0.20000000,2.57736392,2.65000123,1.99658510,0.20000000,1.62933016,1.75786939,2.39104883,0.20000000,2.10369762,2.20427055,2.78551257,0.20000000,2.57806509,2.65067171,true,0
2026,2,00-0032268,Marcus Mariota,QB,WAS,0.00000000,187.00000000,16.00000000,0.00000000,1.00000000,1.00000000,0.00000000,0.00000000,0.00000000,0.00000000,0.00000000,0.00000000,0.00000000,0.00000000,7.21810007,8.74000000,14.17533066,11.74029995,7.22091112,8.74000000,14.17950386,11.74399640,7.22372216,8.74000000,14.18367706,11.74769285,8.63835906,10.74000000,16.56537298,13.79091811,8.64117011,10.74000000,16.56954618,13.79461455,8.64398115,10.74000000,16.57371938,13.79831100,true,1
2026,3,00-0032268,Marcus Mariota,QB,WAS,0.00000000,248.00000000,31.00000000,1.00000000,2.00000000,3.00000000,0.00000000,0.00000000,1.00000000,0.00000000,0.00000000,0.00000000,0.00000000,0.00000000,13.11943943,20.42000000,11.74029995,12.22299877,13.12146725,20.42000000,11.74399640,12.22611120,13.12349506,20.42000000,11.74769285,12.22922362,15.31027227,26.42000000,13.79091811,14.32269206,15.31230008,26.42000000,13.79461455,14.32580449,15.31432789,26.42000000,13.79831100,14.32891691,true,3
2026,4,00-0032268,Marcus Mariota,QB,WAS,0.00000000,17.00000000,4.00000000,1.00000000,1.00000000,1.00000000,0.00000000,0.00000000,0.00000000,0.00000000,0.00000000,0.00000000,0.00000000,0.00000000,3.49800241,5.34000000,12.22299877,9.16925004,3.50236303,5.34000000,12.22611120,9.17279934,3.50672365,5.34000000,12.22922362,9.17634863,4.38611820,5.34000000,14.32269206,10.84489121,4.39047882,5.34000000,14.32580449,10.84844051,4.39483945,5.34000000,14.32891691,10.85198980,true,0
2026,3,00-0032385,Sterling Shepard,WR,NYJ,2.00000000,0.00000000,0.00000000,0.00000000,0.00000000,0.00000000,0.00000000,0.00000000,0.00000000,2.00000000,0.00000000,0.00000000,1.00000000,1.00000000,2.29932244,2.30000000,4.35979092,3.63862695,3.00544912,2.80000000,5.72892763,4.77571015,3.71157580,3.30000000,7.09806434,5.91279335,2.30056297,2.30000000,4.36208298,3.64055097,3.00668965,2.80000000,5.73121969,4.77763418,3.71281633,3.30000000,7.10035640,5.91471738,true,0
2026,4,00-0032385,Sterling Shepard,WR,NYJ,2.00000000,0.00000000,0.00000000,0.00000000,0.00000000,0.00000000,0.00000000,0.00000000,0.00000000,1.00000000,0.00000000,0.00000000,1.00000000,1.00000000,1.72162857,0.00000000,3.63862695,2.96767752,2.02690350,0.00000000,4.77571015,3.81362782,2.33217843,0.00000000,5.91279335,4.65957813,1.72225172,0.00000000,3.64055097,2.96914624,2.02752665,0.00000000,4.77763418,3.81509654,2.33280158,0.00000000,5.91471738,4.66104685,true,0
2026,2,00-0032392,Austin Hooper,TE,ATL,13.00000000,0.00000000,0.00000000,0.00000000,0.00000000,0.00000000,0.00000000,0.00000000,0.00000000,4.00000000,0.00000000,0.00000000,0.00000000,0.00000000,2.65977263,2.00000000,2.39456399,2.48738702,4.19514022,3.00000000,3.05450084,3.45372462,5.73050780,4.00000000,3.71443768,4.42006222,2.65658022,2.00000000,2.39285522,2.48515897,4.19194781,3.00000000,3.05279207,3.45149658,5.72731539,4.00000000,3.71272891,4.41783418,true,0
2026,3,00-0032392,Austin Hooper,TE,ATL,10.00000000,0.00000000,0.00000000,0.00000000,0.00000000,0.00000000,0.00000000,0.00000000,0.00000000,2.00000000,0.00000000,1.00000000,1.00000000,1.00000000,4.09659949,7.10000000,2.48738702,3.05061138,4.72627726,8.10000000,3.45372462,3.89911805,5.35595504,9.10000000,4.42006222,4.74762471,4.09562957,7.10000000,2.48515897,3.04882368,4.72530734,8.10000000,3.45149658,3.89733035,5.35498512,9.10000000,4.41783418,4.74583701,true,0
2026,4,00-0032392,Austin Hooper,TE,ATL,-2.00000000,0.00000000,0.00000000,0.00000000,0.00000000,0.00000000,0.00000000,0.00000000,0.00000000,1.00000000,0.00000000,0.00000000,0.00000000,0.00000000,0.53834139,0.90000000,3.05061138,2.17131689,0.94804040,1.40000000,3.89911805,2.86624087,1.35773941,1.90000000,4.74762471,3.56116486,0.53621733,0.90000000,3.04882368,2.16941146,0.94591634,1.40000000,3.89733035,2.86433544,1.35561535,1.90000000,4.74583701,3.55925943,true,0
2026,1,00-0032398,Chris Moore,WR,BAL,68.00000000,0.00000000,0.00000000,0.00000000,0.00000000,0.00000000,0.00000000,0.00000000,0.00000000,2.00000000,2.00000000,0.00000000,0.00000000,0.00000000,3.38937664,5.30000000,3.44310703,3.42430139,3.67769441,5.80000000,4.25652915,4.05393699,3.96601218,6.30000000,5.06995126,4.68357258,3.39012471,5.30000000,3.44431904,3.42535103,3.67844248,5.80000000,4.25774116,4.05498662,3.96676025,6.30000000,5.07116327,4.68462221,true,0
2026,2,00-0032398,Chris Moore,WR,BAL,93.00000000,0.00000000,0.00000000,0.00000000,0.00000000,0.00000000,0.00000000,0.00000000,0.00000000,3.00000000,2.00000000,0.00000000,0.00000000,0.00000000,4.77941083,0.60000000,3.42430139,3.89858970,5.30675743,1.10000000,4.05393699,4.49242414,5.83410404,1.60000000,4.68357258,5.08625859,4.77892938,0.60000000,3.42535103,3.89910345,5.30627599,1.10000000,4.05498662,4.49293790,5.83362259,1.60000000,4.68462221,5.08677235,true,0
2026,3,00-0032398,Chris Moore,WR,BAL,4.00000000,0.00000000,0.00000000,0.00000000,0.00000000,0.00000000,0.00000000,0.00000000,0.00000000,1.00000000,0.00000000,1.00000000,1.00000000,1.00000000,2.61531071,6.40000000,3.89858970,3.44944205,2.83902211,6.90000000,4.49242414,3.91373343,3.06273351,7.40000000,5.08625859,4.37802481,2.61575617,6.40000000,3.89910345,3.44993190,2.83946757,6.90000000,4.49293790,3.91422328,3.06317897,7.40000000,5.08677235,4.37851466,true,0
2026,1,00-0032464,Kalif Raymond,WR,CHI,65.00000000,0.00000000,0.00000000,0.00000000,0.00000000,0.00000000,0.00000000,0.00000000,0.00000000,9.00000000,1.00000000,0.00000000,0.00000000,1.00000000,7.53664489,8.40000000,2.09082010,3.99685877,10.66449222,12.40000000,2.96402334,5.65918745,13.79233955,16.40000000,3.83722658,7.32151612,7.54088420,8.40000000,2.09291398,3.99970356,10.66873153,12.40000000,2.96611722,5.66203223,13.79657886,16.40000000,3.83932046,7.32436090,true,0
2026,2,00-0032464,Kalif Raymond,WR,CHI,7.00000000,0.00000000,0.00000000,0.00000000,0.00000000,0.00000000,0.00000000,0.00000000,0.00000000,5.00000000,0.00000000,0.00000000,1.00000000,1.00000000,4.19487211,4.00000000,3.99685877,4.06616344,6.07118946,6.50000000,5.65918745,5.80338815,7.94750682,9.00000000,7.32151612,7.54061286,4.19759539,4.00000000,3.99970356,4.06896570,6.07391274,6.50000000,5.66203223,5.80619041,7.95023010,9.00000000,7.32436090,7.54341512,true,0
2026,3,00-0032464,Kalif Raymond,WR,CHI,58.00000000,0.00000000,0.00000000,0.00000000,0.00000000,0.00000000,0.00000000,0.00000000,0.00000000,7.00000000,0.00000000,0.00000000,0.00000000,1.00000000,6.09938497,15.00000000,4.06616344,4.77779098,8.49129197,18.00000000,5.80338815,6.74415449,10.88319896,21.00000000,7.54061286,8.71051800,6.10114565,15.00000000,4.06896570,4.78022868,8.49305264,18.00000000,5.80619041,6.74659219,10.88495964,21.00000000,7.54341512,8.71295570,true,0
2026,4,00-0032464,Kalif Raymond,WR,CHI,0.00000000,0.00000000,0.00000000,0.00000000,0.00000000,0.00000000,0.00000000,0.00000000,0.00000000,2.00000000,0.00000000,0.00000000,0.00000000,1.00000000,1.32628609,0.60000000,4.77779098,3.56976426,2.08936349,1.60000000,6.74415449,5.11497764,2.85244089,2.60000000,8.71051800,6.66019101,1.32924467,0.60000000,4.78022868,3.57238428,2.09232208,1.60000000,6.74659219,5.11759765,2.85539948,2.60000000,8.71295570,6.66281102,true,0
2026,1,00-0032764,Derrick Henry,RB,BAL,-1.00000000,0.00000000,0.00000000,0.00000000,0.00000000,24.00000000,5.00000000,2.00000000,6.00000000,1.00000000,0.00000000,0.00000000,0.00000000,0.00000000,18.66127600,34.30000000,13.58993502,15.36490436,19.09894629,34.80000000,14.07670925,15.83449222,19.53661658,35.30000000,14.56348348,16.30408007,18.67592689,34.30000000,13.59887332,15.37584207,19.11359718,34.80000000,14.08564755,15.84542992,19.55126747,35.30000000,14.57242178,16.31501777,true,0
2026,2,00-0032764,Derrick Henry,RB,BAL,-13.00000000,0.00000000,0.00000000,0.00000000,0.00000000,16.00000000,2.00000000,1.00000000,5.00000000,3.00000000,0.00000000,0.00000000,0.00000000,0.00000000,12.72565939,14.70000000,15.36490436,14.44116862,14.03163880,16.20000000,15.83449222,15.20349352,15.33761821,17.70000000,16.30408007,15.96581842,12.73289178,14.70000000,15.37584207,14.45080947,14.03887119,16.20000000,15.84542992,15.21313436,15.34485060,17.70000000,16.31501777,15.97545926,true,0
2026,3,00-0032764,Derrick Henry,RB,BAL,-5.00000000,0.00000000,0.00000000,0.00000000,0.00000000,26.00000000,7.00000000,6.00000000,9.00000000,1.00000000,0.00000000,0.00000000,0.00000000,0.00000000,24.65269176,20.90000000,14.44116862,18.01520172,25.12204667,21.40000000,15.20349352,18.67498712,25.59140158,21.90000000,15.96581842,19.33477252,24.66983629,20.90000000,14.45080947,18.02746886,25.13919120,21.40000000,15.21313436,18.68725426,25.60854612,21.90000000,15.97545926,19.34703966,true,0
2026,4,00-0032764,Derrick Henry,RB,BAL,-11.00000000,0.00000000,0.00000000,0.00000000,0.00000000,23.00000000,3.00000000,2.00000000,3.00000000,2.00000000,0.00000000,0.00000000,0.00000000,0.00000000,16.76094802,13.90000000,18.01520172,17.57621293,17.63334956,14.90000000,18.67498712,18.31041398,18.50575110,15.90000000,19.33477252,19.04461502,16.77420607,13.90000000,18.02746886,17.58882688,17.64660761,14.90000000,18.68725426,18.32302793,18.51900915,15.90000000,19.34703966,19.05722898,true,0
2026,1,00-0032775,Demarcus Robinson,WR,SF,45.00000000,0.00000000,0.00000000,0.00000000,0.00000000,0.00000000,0.00000000,0.00000000,0.00000000,3.00000000,1.00000000,2.00000000,1.00000000,2.00000000,6.24135728,11.00000000,2.97442162,4.11784910,6.90600793,12.00000000,3.71984168,4.83499987,7.57065859,13.00000000,4.46526173,5.55215063,6.24244864,11.00000000,2.97576375,4.11910346,6.90709929,12.00000000,3.72118381,4.83625423,7.57174995,13.00000000,4.46660387,5.55340500,true,0
2026,2,00-0032775,Demarcus Robinson,WR,SF,27.00000000,0.00000000,0.00000000,0.00000000,0.00000000,0.00000000,0.00000000,0.00000000,0.00000000,3.00000000,0.00000000,0.00000000,0.00000000,0.00000000,2.52599860,3.40000000,4.11784910,3.56070143,3.52146322,4.90000000,4.83499987,4.37526204,4.51692784,6.40000000,5.55215063,5.18982266,2.52687093,3.40000000,4.11910346,3.56182208,3.52233555,4.90000000,4.83625423,4.37638269,4.51780017,6.40000000,5.55340500,5.19094331,true,0
2026,1,00-0032950,Carson Wentz,QB,MIN,0.00000000,141.00000000,20.00000000,2.00000000,6.00000000,2.00000000,0.00000000,0.00000000,0.00000000,0.00000000,0.00000000,0.00000000,0.00000000,0.00000000,11.25266915,19.22000000,15.96746585,14.31728701,11.25894347,19.22000000,15.97331415,14.32328441,11.26521778,19.22000000,15.97916245,14.32928181,13.73187235,25.22000000,19.15505995,17.25694429,13.73814667,25.22000000,19.16090825,17.26294170,13.74442099,25.22000000,19.16675655,17.26893910,true,3
2026,2,00-0032950,Carson Wentz,QB,MIN,0.00000000,157.00000000,20.00000000,0.00000000,1.00000000,3.00000000,0.00000000,0.00000000,0.00000000,0.00000000,0.00000000,0.00000000,0.00000000,0.00000000,8.45433536,6.32000000,14.31728701,12.26525393,8.45867808,6.32000000,14.32328441,12.27067220,8.46302081,6.32000000,14.32928181,12.27609046,9.71922247,6.32000000,17.25694429,14.61874166,9.72356520,6.32000000,17.26294170,14.62415992,9.72790792,6.32000000,17.26893910,14.62957819,true,0
2026,1,00-0032951,Laquon Treadwell,WR,IND,4.00000000,0.00000000,0.00000000,0.00000000,0.00000000,0.00000000,0.00000000,0.00000000,0.00000000,1.00000000,0.00000000,0.00000000,0.00000000,0.00000000,0.62325777,0.00000000,3.40000000,2.42814022,0.96589597,0.00000000,4.00000000,2.93806359,1.30853417,0.00000000,4.60000000,3.44798696,0.62459449,0.00000000,3.40000000,2.42860807,0.96723269,0.00000000,4.00000000,2.93853144,1.30987088,0.00000000,4.60000000,3.44845481,false,0
2026,2,00-0032951,Laquon Treadwell,WR,IND,54.00000000,0.00000000,0.00000000,0.00000000,0.00000000,0.00000000,0.00000000,0.00000000,0.00000000,3.00000000,1.00000000,0.00000000,0.00000000,0.00000000,3.45774304,6.10000000,2.42814022,2.78850121,4.25798615,7.60000000,2.93806359,3.40003649,5.05822926,9.10000000,3.44798696,4.01157176,3.45838173,6.10000000,2.42860807,2.78902885,4.25862485,7.60000000,2.93853144,3.40056413,5.05886796,9.10000000,3.44845481,4.01209941,false,0
2026,3,00-0032951,Laquon Treadwell,WR,IND,18.00000000,0.00000000,0.00000000,0.00000000,0.00000000,0.00000000,0.00000000,0.00000000,0.00000000,1.00000000,0.00000000,0.00000000,0.00000000,0.00000000,1.07816835,2.00000000,2.78850121,2.18988471,1.33018571,2.50000000,3.40003649,2.67558872,1.58220308,3.00000000,4.01157176,3.16129272,1.07847081,2.00000000,2.78902885,2.19033354,1.33048817,2.50000000,3.40056413,2.67603755,1.58250553,3.00000000,4.01209941,3.16174155,false,0
2026,4,00-0032951,Laquon Treadwell,WR,IND,47.00000000,0.00000000,0.00000000,0.00000000,0.00000000,0.00000000,0.00000000,0.00000000,0.00000000,6.00000000,1.00000000,0.00000000,0.00000000,2.00000000,5.47398715,4.20000000,2.18988471,3.33932056,7.50948751,6.70000000,2.67558872,4.36745329,9.54498787,9.20000000,3.16129272,5.39558602,5.47841309,4.20000000,2.19033354,3.34116138,7.51391345,6.70000000,2.67603755,4.36929411,9.54941381,9.20000000,3.16174155,5.39742684,false,0
2026,1,00-0033077,Dak Prescott,QB,DAL,0.00000000,309.00000000,34.00000000,2.00000000,5.00000000,2.00000000,0.00000000,0.00000000,0.00000000,0.00000000,0.00000000,0.00000000,0.00000000,0.00000000,15.39528746,14.40000000,17.27612357,16.61783093,15.40065176,14.40000000,17.28208370,16.62358252,15.40601606,14.40000000,17.28804383,16.62933411,18.51529266,18.40000000,20.68762245,19.92730703,18.52065696,18.40000000,20.69358258,19.93305861,18.52602126,18.40000000,20.69954271,19.93881020,true,2
2026,2,00-0033077,Dak Prescott,QB,DAL,0.00000000,244.00000000,31.00000000,3.00000000,5.00000000,4.00000000,0.00000000,0.00000000,1.00000000,0.00000000,0.00000000,0.00000000,0.00000000,0.00000000,16.38343086,29.76000000,16.61783093,16.53579091,16.38795233,29.76000000,16.62358252,16.54111195,16.39247379,29.76000000,16.62933411,16.54643300,19.51388887,37.76000000,19.92730703,19.78261067,19.51841033,37.76000000,19.93305861,19.78793172,19.52293180,37.76000000,19.93881020,19.79325276,true,4
2026,3,00-0033077,Dak Prescott,QB,DAL,0.00000000,272.00000000,41.00000000,4.00000000,9.00000000,4.00000000,1.00000000,0.00000000,1.00000000,0.00000000,0.00000000,0.00000000,0.00000000,0.00000000,21.46035744,18.94000000,16.53579091,18.25938919,21.47040460,18.94000000,16.54111195,18.26636438,21.48045177,18.94000000,16.54643300,18.27333957,25.46323400,20.94000000,19.78261067,21.77082884,25.47328116,20.94000000,19.78793172,21.77780402,25.48332833,20.94000000,19.79325276,21.78477921,true,1
2026,4,00-0033077,Dak Prescott,QB,DAL,0.00000000,260.00000000,45.00000000,1.00000000,4.00000000,2.00000000,1.00000000,1.00000000,1.00000000,0.00000000,0.00000000,0.00000000,0.00000000,0.00000000,17.41781071,18.10000000,18.25938919,17.96483673,17.42142769,18.10000000,18.26636438,17.97063654,17.42504467,18.10000000,18.27333957,17.97643635,19.79463919,20.10000000,21.77082884,21.07916246,19.79825617,20.10000000,21.77780402,21.08496228,19.80187315,20.10000000,21.78477921,21.09076209,true,1
2026,1,00-0033090,Hunter Henry,TE,NE,12.00000000,0.00000000,0.00000000,0.00000000,0.00000000,0.00000000,0.00000000,0.00000000,0.00000000,3.00000000,0.00000000,0.00000000,0.00000000,0.00000000,2.09805685,2.60000000,6.12319336,4.71439558,3.23368881,4.10000000,7.85351215,6.23657398,4.36932078,5.60000000,9.58383094,7.75875238,2.09534285,2.60000000,6.12109863,4.71208411,3.23097482,4.10000000,7.85141742,6.23426251,4.36660678,5.60000000,9.58173620,7.75644091,true,0
2026,2,00-0033090,Hunter Henry,TE,NE,57.00000000,0.00000000,0.00000000,0.00000000,0.00000000,0.00000000,0.00000000,0.00000000,0.00000000,5.00000000,1.00000000,0.00000000,0.00000000,1.00000000,5.36624714,4.00000000,4.71439558,4.94254363,6.98300349,5.50000000,6.23657398,6.49782431,8.59975983,7.00000000,7.75875238,8.05310499,5.36382258,4.00000000,4.71208411,4.94019257,6.98057893,5.50000000,6.23426251,6.49547325,8.59733528,7.00000000,7.75644091,8.05075394,true,0
2026,3,00-0033090,Hunter Henry,TE,NE,15.00000000,0.00000000,0.00000000,0.00000000,0.00000000,0.00000000,0.00000000,0.00000000,0.00000000,2.00000000,0.00000000,0.00000000,0.00000000,0.00000000,1.68176903,0.50000000,4.94254363,3.80127252,2.39315261,1.00000000,6.49782431,5.06118921,3.10453619,1.50000000,8.05310499,6.32110591,1.67965575,0.50000000,4.94019257,3.79900468,2.39103933,1.00000000,6.49547325,5.05892138,3.10242291,1.50000000,8.05075394,6.31883808,true,0
2026,4,00-0033090,Hunter Henry,TE,NE,35.00000000,0.00000000,0.00000000,0.00000000,0.00000000,0.00000000,0.00000000,0.00000000,0.00000000,5.00000000,0.00000000,0.00000000,0.00000000,0.00000000,3.98498522,6.20000000,3.80127252,3.86557196,5.79139642,8.70000000,5.06118921,5.31676174,7.59780763,11.20000000,6.32110591,6.76795151,3.98195647,6.20000000,3.79900468,3.86303781,5.78836767,8.70000000,5.05892138,5.31422758,7.59477887,11.20000000,6.31883808,6.76541735,true,0
2026,1,00-0033106,Jared Goff,QB,DET,0.00000000,207.00000000,39.00000000,4.00000000,7.00000000,2.00000000,0.00000000,0.00000000,0.00000000,0.00000000,0.00000000,0.00000000,0.00000000,0.00000000,16.63007709,16.44000000,13.75264454,14.75974594,16.63839342,16.44000000,13.75862396,14.76654327,16.64670975,16.44000000,13.76460337,14.77334060,20.12611619,20.44000000,16.70022761,17.89928862,20.13443253,20.44000000,16.70620703,17.90608595,20.14274886,20.44000000,16.71218644,17.91288329,true,2
2026,2,00-0033106,Jared Goff,QB,DET,0.00000000,337.00000000,38.00000000,2.00000000,7.00000000,3.00000000,0.00000000,0.00000000,1.00000000,0.00000000,0.00000000,0.00000000,0.00000000,0.00000000,18.51101363,29.78000000,14.75974594,16.07268963,18.51424665,29.78000000,14.76654327,16.07823945,18.51747966,29.78000000,14.77334060,16.08378927,22.12860939,37.78000000,17.89928862,19.37955089,22.13184240,37.78000000,17.90608595,19.38510071,22.13507542,37.78000000,17.91288329,19.39065053,true,4
2026,3,00-0033106,Jared Goff,QB,DET,0.00000000,193.00000000,32.00000000,4.00000000,9.00000000,2.00000000,0.00000000,0.00000000,0.00000000,0.00000000,0.00000000,0.00000000,0.00000000,0.00000000,16.41570084,19.36000000,16.07268963,16.19274355,16.42411874,19.36000000,16.07823945,16.19929720,16.43253664,19.36000000,16.08378927,16.20585085,20.13059073,23.36000000,19.37955089,19.64241483,20.13900863,23.36000000,19.38510071,19.64896848,20.14742652,23.36000000,19.39065053,19.65552213,true,2
2026,4,00-0033106,Jared Goff,QB,DET,0.00000000,494.00000000,52.00000000,5.00000000,11.00000000,0.00000000,0.00000000,0.00000000,0.00000000,0.00000000,0.00000000,0.00000000,0.00000000,0.00000000,24.40199146,20.48000000,16.19274355,19.06598032,24.40884718,20.48000000,16.19929720,19.07263969,24.41570290,20.48000000,16.20585085,19.07929907,30.11131747,22.48000000,19.64241483,23.30653076,30.11817319,22.48000000,19.64896848,23.31319013,30.12502892,22.48000000,19.65552213,23.31984951,true,1
2026,1,00-0033110,Tyler Higbee,TE,LA,9.00000000,0.00000000,0.00000000,0.00000000,0.00000000,0.00000000,0.00000000,0.00000000,0.00000000,2.00000000,0.00000000,0.00000000,0.00000000,0.00000000,1.46362708,-0.80000000,4.25613455,3.27875694,2.21177981,0.20000000,5.67146791,4.46057707,2.95993253,1.20000000,7.08680126,5.64239720,1.46133035,-0.80000000,4.25393473,3.27652320,2.20948308,0.20000000,5.66926808,4.45834333,2.95763580,1.20000000,7.08460143,5.64016346,true,0
2026,3,00-0033110,Tyler Higbee,TE,LA,78.00000000,0.00000000,0.00000000,0.00000000,0.00000000,0.00000000,0.00000000,0.00000000,0.00000000,11.00000000,0.00000000,0.00000000,1.00000000,2.00000000,10.90200035,12.20000000,3.27875694,5.94689213,14.84551022,16.20000000,4.46057707,8.09530367,18.78902009,20.20000000,5.64239720,10.24371521,10.89897805,12.20000000,3.27652320,5.94438239,14.84248792,16.20000000,4.45834333,8.09279393,18.78599779,20.20000000,5.64016346,10.24120548,true,0
2026,4,00-0033110,Tyler Higbee,TE,LA,64.00000000,0.00000000,0.00000000,0.00000000,0.00000000,0.00000000,0.00000000,0.00000000,0.00000000,6.00000000,0.00000000,0.00000000,0.00000000,0.00000000,5.56469674,6.70000000,5.94689213,5.81312375,7.59925423,9.20000000,8.09530367,7.92168637,9.63381172,11.70000000,10.24371521,10.03024899,5.56204566,6.70000000,5.94438239,5.81056454,7.59660315,9.20000000,8.09279393,7.91912716,9.63116064,11.70000000,10.24120548,10.02768978,true,0
2026,1,00-0033119,Jacoby Brissett,QB,ARI,0.00000000,283.00000000,37.00000000,2.00000000,7.00000000,3.00000000,0.00000000,0.00000000,0.00000000,0.00000000,0.00000000,0.00000000,0.00000000,0.00000000,16.90057856,16.48000000,16.40293598,16.57711088,16.90723151,16.48000000,16.40896918,16.58336100,16.91388447,16.48000000,16.41500238,16.58961111,20.19455577,18.48000000,19.45743214,19.71542541,20.20120873,18.48000000,19.46346534,19.72167553,20.20786169,18.48000000,19.46949854,19.72792564,true,1
2026,2,00-0033119,Jacoby Brissett,QB,ARI,0.00000000,109.00000000,28.00000000,2.00000000,2.00000000,1.00000000,1.00000000,0.00000000,1.00000000,0.00000000,0.00000000,0.00000000,0.00000000,0.00000000,10.65433723,6.50000000,16.57711088,14.50414011,10.66089024,6.50000000,16.58336100,14.51049623,10.66744324,6.50000000,16.58961111,14.51685236,12.36671804,8.50000000,19.71542541,17.14337783,12.37327104,8.50000000,19.72167553,17.14973396,12.37982405,8.50000000,19.72792564,17.15609008,true,1
2026,3,00-0033119,Jacoby Brissett,QB,ARI,0.00000000,319.00000000,51.00000000,5.00000000,11.00000000,4.00000000,2.00000000,2.00000000,2.00000000,0.00000000,0.00000000,0.00000000,0.00000000,0.00000000,28.82139234,25.60000000,14.50414011,19.51517839,28.82798758,25.60000000,14.51049623,19.52161820,28.83458281,25.60000000,14.51685236,19.52805801,33.40551534,29.60000000,17.14337783,22.83512596,33.41211058,29.60000000,17.14973396,22.84156578,33.41870581,29.60000000,17.15609008,22.84800559,true,2
2026,4,00-0033119,Jacoby Brissett,QB,ARI,0.00000000,234.00000000,35.00000000,6.00000000,8.00000000,4.00000000,0.00000000,0.00000000,1.00000000,0.00000000,0.00000000,0.00000000,0.00000000,0.00000000,20.13311154,10.44000000,19.51517839,19.73145499,20.14057926,10.44000000,19.52161820,19.73825457,20.14804698,10.44000000,19.52805801,19.74505415,24.46302886,14.44000000,22.83512596,23.40489197,24.47049657,14.44000000,22.84156578,23.41169155,24.47796429,14.44000000,22.84800559,23.41849113,true,2
2026,3,00-0033217,Mo Alie-Cox,TE,IND,0.00000000,0.00000000,0.00000000,0.00000000,0.00000000,0.00000000,0.00000000,0.00000000,0.00000000,1.00000000,0.00000000,0.00000000,0.00000000,0.00000000,0.61105537,1.60000000,1.96045438,1.48816472,1.00849800,2.10000000,2.62562353,2.05962959,1.40594063,2.60000000,3.29079268,2.63109446,0.60899246,1.60000000,1.95851913,1.48618479,1.00643509,2.10000000,2.62368828,2.05764966,1.40387772,2.60000000,3.28885743,2.62911453,true,0
2026,2,00-0033246,Johnny Mundt,TE,PHI,8.00000000,0.00000000,0.00000000,0.00000000,0.00000000,0.00000000,0.00000000,0.00000000,0.00000000,3.00000000,0.00000000,0.00000000,0.00000000,0.00000000,1.95262889,0.80000000,1.37650788,1.57815023,3.11277361,1.80000000,2.00842839,2.39494922,4.27291834,2.80000000,2.64034891,3.21174821,1.94979259,0.80000000,1.37434652,1.57575265,3.10993732,1.80000000,2.00626704,2.39255164,4.27008204,2.80000000,2.63818755,3.20935062,true,0
2026,3,00-0033246,Johnny Mundt,TE,PHI,-6.00000000,0.00000000,0.00000000,0.00000000,0.00000000,0.00000000,0.00000000,0.00000000,0.00000000,1.00000000,0.00000000,0.00000000,0.00000000,0.00000000,0.39291343,0.40000000,1.57815023,1.16331735,0.82712520,0.90000000,2.39494922,1.84621081,1.26133697,1.40000000,3.21174821,2.52910428,0.39066707,0.40000000,1.57575265,1.16097269,0.82487884,0.90000000,2.39255164,1.84386616,1.25909061,1.40000000,3.20935062,2.52675962,true,0
2026,1,00-0033280,Christian McCaffrey,RB,SF,-3.00000000,0.00000000,0.00000000,0.00000000,0.00000000,10.00000000,1.00000000,0.00000000,2.00000000,8.00000000,0.00000000,0.00000000,0.00000000,0.00000000,10.14377549,8.80000000,19.13896662,15.99064973,13.32608688,11.30000000,21.94119677,18.92590831,16.50839826,13.80000000,24.74342691,21.86116688,10.14307228,8.80000000,19.14556894,15.99469511,13.32538366,11.30000000,21.94779908,18.92995369,16.50769505,13.80000000,24.75002923,21.86521227,true,0
2026,2,00-0033280,Christian McCaffrey,RB,SF,11.00000000,0.00000000,0.00000000,0.00000000,0.00000000,10.00000000,4.00000000,4.00000000,4.00000000,4.00000000,0.00000000,0.00000000,0.00000000,2.00000000,14.02292078,18.60000000,15.99064973,15.30194460,15.49946722,20.60000000,18.92590831,17.72665393,16.97601367,22.60000000,21.86116688,20.15136326,14.02561455,18.60000000,15.99469511,15.30551691,15.50216099,20.60000000,18.92995369,17.73022624,16.97870743,22.60000000,21.86521227,20.15493557,true,0
2026,3,00-0033280,Christian McCaffrey,RB,SF,32.00000000,0.00000000,0.00000000,0.00000000,0.00000000,15.00000000,1.00000000,1.00000000,2.00000000,5.00000000,0.00000000,0.00000000,0.00000000,1.00000000,13.36581677,17.60000000,15.30194460,14.62429986,15.06740083,19.60000000,17.72665393,16.79591534,16.76898489,21.60000000,20.15136326,18.96753083,13.36520934,17.60000000,15.30551691,14.62640926,15.06679340,19.60000000,17.73022624,16.79802475,16.76837745,21.60000000,20.15493557,18.96964023,true,0
2026,4,00-0033280,Christian McCaffrey,RB,SF,15.00000000,0.00000000,0.00000000,0.00000000,0.00000000,15.00000000,3.00000000,3.00000000,4.00000000,5.00000000,0.00000000,0.00000000,0.00000000,0.00000000,15.68201460,13.00000000,14.62429986,14.99450002,17.53941029,14.50000000,16.79591534,17.05613858,19.39680599,16.00000000,18.96753083,19.11777713,15.68551553,13.00000000,14.62640926,14.99709646,17.54291123,14.50000000,16.79802475,17.05873501,19.40030692,16.00000000,18.96964023,19.12037357,true,0
2026,1,00-0033288,George Kittle,TE,SF,38.00000000,0.00000000,0.00000000,0.00000000,0.00000000,0.00000000,0.00000000,0.00000000,0.00000000,5.00000000,1.00000000,0.00000000,1.00000000,1.00000000,5.58642104,1.20000000,6.63246392,6.26634891,7.27900237,2.20000000,8.84394264,8.29621354,8.97158370,3.20000000,11.05542136,10.32607818,5.58509468,1.20000000,6.63464830,6.26730453,7.27767601,2.20000000,8.84612703,8.29716917,8.97025734,3.20000000,11.05760575,10.32703380,true,0
2026,2,00-0033288,George Kittle,TE,SF,50.00000000,0.00000000,0.00000000,0.00000000,0.00000000,0.00000000,0.00000000,0.00000000,0.00000000,4.00000000,0.00000000,1.00000000,1.00000000,2.00000000,7.24687422,14.00000000,6.26634891,6.60953277,8.44617132,16.00000000,8.29621354,8.34869876,9.64546841,18.00000000,10.32607818,10.08786476,7.24614259,14.00000000,6.26730453,6.60989786,8.44543969,16.00000000,8.29716917,8.34906385,9.64473678,18.00000000,10.32703380,10.08822985,true,0
2026,3,00-0033288,George Kittle,TE,SF,54.00000000,0.00000000,0.00000000,0.00000000,0.00000000,0.00000000,0.00000000,0.00000000,0.00000000,7.00000000,0.00000000,0.00000000,1.00000000,2.00000000,7.92799740,20.20000000,6.60953277,7.07099539,10.39512860,23.20000000,8.34869876,9.06494921,12.86225980,26.20000000,10.08786476,11.05890302,7.92627726,20.20000000,6.60989786,7.07063065,10.39340846,23.20000000,8.34906385,9.06458447,12.86053966,26.20000000,10.08822985,11.05853828,true,0
2026,4,00-0033288,George Kittle,TE,SF,42.00000000,0.00000000,0.00000000,0.00000000,0.00000000,0.00000000,0.00000000,0.00000000,0.00000000,6.00000000,1.00000000,0.00000000,0.00000000,0.00000000,4.70097355,13.00000000,7.07099539,6.24148775,6.81249725,15.00000000,9.06494921,8.27659102,8.92402095,17.00000000,11.05890302,10.31169430,4.69754810,13.00000000,7.07063065,6.24005176,6.80907180,15.00000000,9.06458447,8.27515503,8.92059550,17.00000000,11.05853828,10.31025831,true,0
2026,1,00-0033293,Aaron Jones,RB,MIN,4.00000000,0.00000000,0.00000000,0.00000000,0.00000000,12.00000000,1.00000000,1.00000000,4.00000000,1.00000000,0.00000000,0.00000000,0.00000000,0.00000000,9.27047972,10.00000000,8.35278186,8.67397611,9.64269815,10.00000000,9.70192772,9.68119737,10.01491658,10.00000000,11.05107358,10.68841863,9.27451562,10.00000000,8.35536817,8.67706977,9.64673405,10.00000000,9.70451403,9.68429103,10.01895248,10.00000000,11.05365989,10.69151229,true,0
2026,2,00-0033293,Aaron Jones,RB,MIN,0.00000000,0.00000000,0.00000000,0.00000000,0.00000000,23.00000000,0.00000000,0.00000000,0.00000000,0.00000000,0.00000000,0.00000000,0.00000000,0.00000000,12.35662389,10.50000000,8.67397611,9.96290283,12.32635151,10.50000000,9.68119737,10.60700132,12.29607913,10.50000000,10.68841863,11.25109981,12.36767010,10.50000000,8.67706977,9.96877989,12.33739772,10.50000000,9.68429103,10.61287837,12.30712534,10.50000000,10.69151229,11.25697686,true,0
2026,3,00-0033293,Aaron Jones,RB,MIN,-11.00000000,0.00000000,0.00000000,0.00000000,0.00000000,17.00000000,0.00000000,0.00000000,0.00000000,6.00000000,0.00000000,0.00000000,0.00000000,0.00000000,11.83383934,9.20000000,9.96290283,10.61773061,14.26080015,11.70000000,10.60700132,11.88583091,16.68776097,14.20000000,11.25109981,13.15393122,11.83856774,9.20000000,9.96877989,10.62320563,14.26552856,11.70000000,10.61287837,11.89130594,16.69248938,14.20000000,11.25697686,13.15940624,true,0
2026,4,00-0033293,Aaron Jones,RB,MIN,6.00000000,0.00000000,0.00000000,0.00000000,0.00000000,20.00000000,0.00000000,0.00000000,2.00000000,8.00000000,0.00000000,0.00000000,0.00000000,2.00000000,16.04068194,12.80000000,10.61773061,12.51576358,19.11606277,14.80000000,11.88583091,14.41641206,22.19144359,16.80000000,13.15393122,16.31706055,16.04141515,12.80000000,10.62320563,12.51957896,19.11679597,14.80000000,11.89130594,14.42022745,22.19217679,16.80000000,13.15940624,16.32087593,true,0
2026,1,00-0033307,Kendrick Bourne,WR,ARI,40.00000000,0.00000000,0.00000000,0.00000000,0.00000000,0.00000000,0.00000000,0.00000000,0.00000000,8.00000000,0.00000000,0.00000000,0.00000000,1.00000000,6.09219381,7.50000000,3.64186860,4.49948242,9.00146506,11.50000000,4.83933328,6.29607940,11.91073631,15.50000000,6.03679796,8.09267639,6.09590163,7.50000000,3.64288068,4.50143801,9.00517288,11.50000000,4.84034536,6.29803499,11.91444413,15.50000000,6.03781004,8.09463197,true,0
2026,2,00-0033307,Kendrick Bourne,WR,ARI,10.00000000,0.00000000,0.00000000,0.00000000,0.00000000,0.00000000,0.00000000,0.00000000,0.00000000,3.00000000,0.00000000,0.00000000,0.00000000,0.00000000,1.97360719,1.10000000,4.49948242,3.61542609,3.07911139,2.10000000,6.29607940,5.17014060,4.18461559,3.10000000,8.09267639,6.72485511,1.97573540,1.10000000,4.50143801,3.61744210,3.08123960,2.10000000,6.29803499,5.17215661,4.18674381,3.10000000,8.09463197,6.72687111,true,0
2026,3,00-0033307,Kendrick Bourne,WR,ARI,6.00000000,0.00000000,0.00000000,0.00000000,0.00000000,0.00000000,0.00000000,0.00000000,0.00000000,3.00000000,0.00000000,0.00000000,0.00000000,1.00000000,2.09894163,2.20000000,3.61542609,3.08465653,3.22403329,3.20000000,5.17014060,4.48900304,4.34912494,4.20000000,6.72485511,5.89334955,2.10207434,2.20000000,3.61744210,3.08706338,3.22716600,3.20000000,5.17215661,4.49140989,4.35225765,4.20000000,6.72687111,5.89575640,true,0
2026,1,00-0033376,Patrick Ricard,RB,NYG,-4.00000000,0.00000000,0.00000000,0.00000000,0.00000000,0.00000000,0.00000000,0.00000000,0.00000000,1.00000000,0.00000000,0.00000000,0.00000000,0.00000000,0.05958781,0.00000000,1.02006209,0.68389609,0.47466316,0.00000000,1.34733357,1.04189893,0.88973851,0.00000000,1.67460505,1.39990176,0.05936520,0.00000000,1.01968124,0.68357062,0.47444055,0.00000000,1.34695271,1.04157346,0.88951591,0.00000000,1.67422419,1.39957629,true,0
2026,4,00-0033376,Patrick Ricard,RB,NYG,3.00000000,0.00000000,0.00000000,0.00000000,0.00000000,0.00000000,0.00000000,0.00000000,0.00000000,2.00000000,0.00000000,0.00000000,0.00000000,0.00000000,0.75132828,0.10000000,0.68389609,0.70749736,1.50591216,0.60000000,1.04189893,1.20430356,2.26049604,1.10000000,1.39990176,1.70110976,0.74948586,0.10000000,0.68357062,0.70664096,1.50406974,0.60000000,1.04157346,1.20344715,2.25865362,1.10000000,1.39957629,1.70025335,true,0
2026,1,00-0033526,Samaje Perine,RB,CIN,3.00000000,0.00000000,0.00000000,0.00000000,0.00000000,5.00000000,0.00000000,0.00000000,1.00000000,3.00000000,0.00000000,0.00000000,0.00000000,0.00000000,4.31720446,5.00000000,4.47585772,4.42032908,5.46977565,6.50000000,5.07952696,5.21611400,6.62234684,8.00000000,5.68319619,6.01189892,4.31650765,5.00000000,4.47808793,4.42153483,5.46907884,6.50000000,5.08175717,5.21731975,6.62165004,8.00000000,5.68542640,6.01310468,true,0
2026,2,00-0033526,Samaje Perine,RB,CIN,7.00000000,0.00000000,0.00000000,0.00000000,0.00000000,2.00000000,0.00000000,0.00000000,0.00000000,1.00000000,0.00000000,0.00000000,0.00000000,0.00000000,1.44646256,2.20000000,4.42032908,3.37947580,1.77368395,2.70000000,5.21611400,4.01126348,2.10090534,3.20000000,6.01189892,4.64305117,1.44589330,2.20000000,4.42153483,3.38006030,1.77311469,2.70000000,5.21731975,4.01184798,2.10033608,3.20000000,6.01310468,4.64363567,true,0
2026,3,00-0033526,Samaje Perine,RB,CIN,6.00000000,0.00000000,0.00000000,0.00000000,0.00000000,3.00000000,1.00000000,0.00000000,1.00000000,3.00000000,0.00000000,0.00000000,0.00000000,0.00000000,3.65431019,1.40000000,3.37947580,3.47566783,4.79256576,1.90000000,4.01126348,4.28471928,5.93082133,2.40000000,4.64305117,5.09377072,3.65362057,1.40000000,3.38006030,3.47580639,4.79187614,1.90000000,4.01184798,4.28485784,5.93013171,2.40000000,4.64363567,5.09390928,true,0
2026,4,00-0033526,Samaje Perine,RB,CIN,0.00000000,0.00000000,0.00000000,0.00000000,0.00000000,3.00000000,0.00000000,0.00000000,1.00000000,1.00000000,0.00000000,0.00000000,0.00000000,0.00000000,2.11071221,0.70000000,3.47566783,2.99793336,2.49983815,0.70000000,4.28471928,3.66001088,2.88896409,0.70000000,5.09377072,4.32208840,2.11100444,0.70000000,3.47580639,2.99812571,2.50013038,0.70000000,4.28485784,3.66020323,2.88925632,0.70000000,5.09390928,4.32228074,true,0
2026,1,00-0033537,Deshaun Watson,QB,CLE,0.00000000,228.00000000,22.00000000,1.00000000,1.00000000,6.00000000,0.00000000,0.00000000,2.00000000,0.00000000,0.00000000,0.00000000,0.00000000,0.00000000,13.53338873,14.00000000,6.80000000,9.15668605,13.53347445,14.00000000,8.00000000,9.93671606,13.53356018,14.00000000,9.20000000,10.71674606,15.49622504,16.00000000,6.80000000,9.84367876,15.49631076,16.00000000,8.00000000,10.62370877,15.49639649,16.00000000,9.20000000,11.40373877,false,1
2026,2,00-0033537,Deshaun Watson,QB,CLE,0.00000000,108.00000000,30.00000000,0.00000000,4.00000000,5.00000000,0.00000000,0.00000000,0.00000000,0.00000000,0.00000000,0.00000000,0.00000000,0.00000000,11.57190904,19.72000000,9.15668605,10.00201410,11.57884228,19.72000000,9.93671606,10.51146023,11.58577551,19.72000000,10.71674606,11.02090637,13.05851118,23.72000000,9.84367876,10.96887011,13.06544441,23.72000000,10.62370877,11.47831624,13.07237765,23.72000000,11.40373877,11.98776238,false,2
2026,3,00-0033537,Deshaun Watson,QB,CLE,0.00000000,176.00000000,31.00000000,2.00000000,4.00000000,9.00000000,2.00000000,1.00000000,3.00000000,0.00000000,0.00000000,0.00000000,0.00000000,0.00000000,21.01182121,20.26000000,10.00201410,13.85544659,21.01754192,20.26000000,10.51146023,14.18858882,21.02326263,20.26000000,11.02090637,14.52173106,23.15267656,24.26000000,10.96887011,15.23320237,23.15839727,24.26000000,11.47831624,15.56634460,23.16411798,24.26000000,11.98776238,15.89948684,false,2
2026,4,00-0033537,Deshaun Watson,QB,CLE,0.00000000,251.00000000,33.00000000,3.00000000,4.00000000,5.00000000,0.00000000,0.00000000,0.00000000,0.00000000,0.00000000,0.00000000,0.00000000,0.00000000,16.30719664,12.92000000,13.85544659,14.71355911,16.31509267,12.92000000,14.18858882,14.93286517,16.32298869,12.92000000,14.52173106,15.15217123,19.23156350,14.92000000,15.23320237,16.63262876,19.23945952,14.92000000,15.56634460,16.85193482,19.24735554,14.92000000,15.89948684,17.07124089,false,1
2026,1,00-0033555,Mack Hollins,WR,NE,62.00000000,0.00000000,0.00000000,0.00000000,0.00000000,0.00000000,0.00000000,0.00000000,0.00000000,5.00000000,0.00000000,1.00000000,0.00000000,1.00000000,5.90266661,5.10000000,5.32305697,5.52592034,7.39836073,7.10000000,6.70090166,6.94501234,8.89405485,9.10000000,8.07874636,8.36410433,5.90286708,5.10000000,5.32398745,5.52659532,7.39856121,7.10000000,6.70183214,6.94568732,8.89425533,9.10000000,8.07967684,8.36477931,true,0
2026,2,00-0033555,Mack Hollins,WR,NE,12.00000000,0.00000000,0.00000000,0.00000000,0.00000000,0.00000000,0.00000000,0.00000000,0.00000000,2.00000000,0.00000000,0.00000000,0.00000000,0.00000000,1.46090054,1.80000000,5.52592034,4.10316341,2.15260716,2.80000000,6.94501234,5.26767052,2.84431378,3.80000000,8.36410433,6.43217764,1.46226363,1.80000000,5.52659532,4.10407923,2.15397025,2.80000000,6.94568732,5.26858634,2.84567686,3.80000000,8.36477931,6.43309345,true,0
2026,3,00-0033555,Mack Hollins,WR,NE,120.00000000,0.00000000,0.00000000,0.00000000,0.00000000,0.00000000,0.00000000,0.00000000,0.00000000,9.00000000,1.00000000,2.00000000,0.00000000,3.00000000,11.49180123,8.70000000,4.10316341,6.68918665,14.11379431,11.70000000,5.26767052,8.36381385,16.73578740,14.70000000,6.43217764,10.03844105,11.49333546,8.70000000,4.10407923,6.69031891,14.11532855,11.70000000,5.26858634,8.36494611,16.73732163,14.70000000,6.43309345,10.03957332,true,0
2026,4,00-0033555,Mack Hollins,WR,NE,103.00000000,0.00000000,0.00000000,0.00000000,0.00000000,0.00000000,0.00000000,0.00000000,0.00000000,4.00000000,2.00000000,0.00000000,0.00000000,0.00000000,5.68204083,5.30000000,6.68918665,6.33668561,6.54551001,6.80000000,8.36381385,7.72740751,7.40897920,8.30000000,10.03844105,9.11812941,5.68143800,5.30000000,6.69031891,6.33721059,6.54490719,6.80000000,8.36494611,7.72793249,7.40837638,8.30000000,10.03957332,9.11865439,true,0
2026,2,00-0033576,Eric Saubert,TE,SEA,-10.00000000,0.00000000,0.00000000,0.00000000,0.00000000,0.00000000,0.00000000,0.00000000,0.00000000,1.00000000,0.00000000,0.00000000,0.00000000,1.00000000,0.89276299,-1.00000000,1.82828316,1.50085110,1.35450684,-0.50000000,2.42921953,2.05307009,1.81625069,0.00000000,3.03015591,2.60528908,0.89042761,-1.00000000,1.82644852,1.49884120,1.35217146,-0.50000000,2.42738490,2.05106019,1.81391531,0.00000000,3.02832127,2.60327918,true,0
2026,3,00-0033576,Eric Saubert,TE,SEA,6.00000000,0.00000000,0.00000000,0.00000000,0.00000000,0.00000000,0.00000000,0.00000000,0.00000000,2.00000000,0.00000000,0.00000000,0.00000000,1.00000000,1.99983363,7.30000000,1.50085110,1.67549499,2.76939025,7.80000000,2.05307009,2.30378215,3.53894686,8.30000000,2.60528908,2.93206930,1.99747846,7.30000000,1.49884120,1.67336424,2.76703507,7.80000000,2.05106019,2.30165140,3.53659169,8.30000000,2.60327918,2.92993856,true,0
2026,3,00-0033589,David Moore,WR,CAR,59.00000000,0.00000000,0.00000000,0.00000000,0.00000000,0.00000000,0.00000000,0.00000000,0.00000000,2.00000000,2.00000000,1.00000000,0.00000000,0.00000000,3.92562904,0.00000000,2.06196401,2.71424677,4.20358537,0.00000000,2.44194870,3.05852153,4.48154170,0.00000000,2.82193338,3.40279629,3.92701204,0.00000000,2.06297624,2.71538877,4.20496837,0.00000000,2.44296093,3.05966353,4.48292470,0.00000000,2.82294561,3.40393829,true,0
2026,1,00-0033662,Cooper Rush,QB,ATL,0.00000000,77.00000000,22.00000000,0.00000000,0.00000000,0.00000000,0.00000000,0.00000000,0.00000000,0.00000000,0.00000000,0.00000000,0.00000000,0.00000000,5.12255301,5.72000000,5.94329574,5.65603578,5.12598635,5.72000000,6.24578997,5.85385871,5.12941970,5.72000000,6.54828420,6.05168163,5.92760365,7.72000000,6.75486344,6.46532251,5.93103699,7.72000000,7.05735767,6.66314543,5.93447034,7.72000000,7.35985190,6.86096835,true,1
2026,2,00-0033662,Cooper Rush,QB,ATL,0.00000000,106.00000000,17.00000000,0.00000000,0.00000000,2.00000000,0.00000000,0.00000000,0.00000000,0.00000000,0.00000000,0.00000000,0.00000000,0.00000000,6.14798377,-0.56000000,5.65603578,5.82821758,6.15191408,-0.56000000,5.85385871,5.95817808,6.15584439,-0.56000000,6.05168163,6.08813859,7.04159555,-0.56000000,6.46532251,6.66701808,7.04552586,-0.56000000,6.66314543,6.79697858,7.04945617,-0.56000000,6.86096835,6.92693909,true,0
2026,4,00-0033699,Austin Ekeler,RB,WAS,-4.00000000,0.00000000,0.00000000,0.00000000,0.00000000,4.00000000,0.00000000,0.00000000,0.00000000,2.00000000,0.00000000,0.00000000,0.00000000,0.00000000,2.78180324,4.00000000,4.84558056,4.12325850,3.58777841,4.50000000,5.80512894,5.02905625,4.39375358,5.00000000,6.76467732,5.93485401,2.78269115,4.00000000,4.84469243,4.12299198,3.58866632,4.50000000,5.80424081,5.02878974,4.39464149,5.00000000,6.76378918,5.93458749,true,0
2026,3,00-0033757,Robert Tonyan,TE,PIT,0.00000000,0.00000000,0.00000000,0.00000000,0.00000000,0.00000000,0.00000000,0.00000000,0.00000000,1.00000000,0.00000000,0.00000000,0.00000000,1.00000000,1.25633290,0.20000000,2.07435309,1.78804602,1.65679484,0.70000000,2.50968170,2.21117130,2.05725679,1.20000000,2.94501031,2.63429658,1.25430327,0.20000000,2.07384501,1.78700540,1.65476521,0.70000000,2.50917362,2.21013067,2.05522716,1.20000000,2.94450223,2.63325595,true,0
2026,1,00-0033858,Jonnu Smith,TE,GB,24.00000000,0.00000000,0.00000000,0.00000000,0.00000000,0.00000000,0.00000000,0.00000000,0.00000000,3.00000000,0.00000000,0.00000000,0.00000000,0.00000000,2.53434074,5.00000000,3.52412644,3.17770144,3.59643441,6.00000000,4.71849830,4.32577594,4.65852809,7.00000000,5.91287017,5.47385044,2.53199364,5.00000000,3.55125115,3.19451102,3.59408732,6.00000000,4.74562301,4.34258552,4.65618099,7.00000000,5.93999487,5.49066001,true,0
2026,3,00-0033858,Jonnu Smith,TE,GB,19.00000000,0.00000000,0.00000000,0.00000000,0.00000000,0.00000000,0.00000000,0.00000000,0.00000000,3.00000000,0.00000000,0.00000000,1.00000000,1.00000000,3.90879003,1.60000000,3.17770144,3.43358245,4.96393334,2.60000000,4.32577594,4.54913103,6.01907665,3.60000000,5.47385044,5.66467961,3.90800245,1.60000000,3.19451102,3.44423302,4.96314576,2.60000000,4.34258552,4.55978160,6.01828907,3.60000000,5.49066001,5.67533019,true,0
2026,4,00-0033858,Jonnu Smith,TE,GB,13.00000000,0.00000000,0.00000000,0.00000000,0.00000000,0.00000000,0.00000000,0.00000000,0.00000000,1.00000000,0.00000000,0.00000000,0.00000000,0.00000000,1.08369625,1.90000000,3.43358245,2.61112228,1.40147240,2.40000000,4.54913103,3.44745051,1.71924856,2.90000000,5.66467961,4.28377874,1.08203081,1.90000000,3.44423302,2.61746225,1.39980696,2.40000000,4.55978160,3.45379048,1.71758312,2.90000000,5.67533019,4.29011871,true,0
2026,1,00-0033873,Patrick Mahomes,QB,KC,0.00000000,133.00000000,27.00000000,1.00000000,3.00000000,4.00000000,1.00000000,0.00000000,2.00000000,0.00000000,0.00000000,0.00000000,0.00000000,0.00000000,13.12188429,21.66000000,19.44787501,17.23377826,13.12622226,21.66000000,19.45382315,17.23916284,13.13056023,21.66000000,19.45977128,17.24454741,14.86022420,25.66000000,23.15887231,20.25434547,14.86456217,25.66000000,23.16482045,20.25973005,14.86890013,25.66000000,23.17076859,20.26511463,true,2
2026,2,00-0033873,Patrick Mahomes,QB,KC,0.00000000,262.00000000,47.00000000,3.00000000,10.00000000,2.00000000,0.00000000,0.00000000,0.00000000,0.00000000,0.00000000,0.00000000,0.00000000,0.00000000,19.33355819,28.98000000,17.23377826,17.96870123,19.34168662,28.98000000,17.23916284,17.97504616,19.34981505,28.98000000,17.24454741,17.98139109,23.28246628,34.98000000,20.25434547,21.31418776,23.29059471,34.98000000,20.25973005,21.32053268,23.29872314,34.98000000,20.26511463,21.32687761,true,3
2026,3,00-0033873,Patrick Mahomes,QB,KC,0.00000000,161.00000000,24.00000000,1.00000000,8.00000000,1.00000000,0.00000000,0.00000000,0.00000000,0.00000000,0.00000000,0.00000000,0.00000000,0.00000000,11.78209591,15.94000000,17.96870123,15.80338937,11.78757003,15.94000000,17.97504616,15.80942952,11.79304415,15.94000000,17.98139109,15.81546966,14.41251970,19.94000000,21.31418776,18.89860394,14.41799382,19.94000000,21.32053268,18.90464408,14.42346794,19.94000000,21.32687761,18.91068422,true,2
2026,4,00-0033873,Patrick Mahomes,QB,KC,0.00000000,335.00000000,31.00000000,5.00000000,5.00000000,1.00000000,0.00000000,0.00000000,0.00000000,0.00000000,0.00000000,0.00000000,0.00000000,0.00000000,16.80999881,17.00000000,15.80338937,16.15570268,16.81652274,17.00000000,15.80942952,16.16191214,16.82304667,17.00000000,15.81546966,16.16812161,20.84147976,21.00000000,18.89860394,19.57861048,20.84800369,21.00000000,18.90464408,19.58481994,20.85452762,21.00000000,18.91068422,19.59102941,true,2
2026,1,00-0033881,Evan Engram,TE,DEN,18.00000000,0.00000000,0.00000000,0.00000000,0.00000000,0.00000000,0.00000000,0.00000000,0.00000000,5.00000000,0.00000000,1.00000000,0.00000000,1.00000000,5.05257507,10.30000000,3.98765612,4.36037775,6.89142939,12.30000000,5.78622067,6.17304372,8.73028371,14.30000000,7.58478521,7.98570969,5.04864367,10.30000000,3.98785138,4.35912868,6.88749799,12.30000000,5.78641593,6.17179465,8.72635230,14.30000000,7.58498048,7.98446062,true,0
2026,2,00-0033881,Evan Engram,TE,DEN,17.00000000,0.00000000,0.00000000,0.00000000,0.00000000,0.00000000,0.00000000,0.00000000,0.00000000,1.00000000,0.00000000,0.00000000,0.00000000,0.00000000,1.22912421,1.70000000,4.36037775,3.26443901,1.52238760,2.20000000,6.17304372,4.54531408,1.81565099,2.70000000,7.98570969,5.82618914,1.22758107,1.70000000,4.35912868,3.26308702,1.52084446,2.20000000,6.17179465,4.54396208,1.81410785,2.70000000,7.98446062,5.82483715,true,0
2026,3,00-0033881,Evan Engram,TE,DEN,1.00000000,0.00000000,0.00000000,0.00000000,0.00000000,0.00000000,0.00000000,0.00000000,0.00000000,2.00000000,0.00000000,0.00000000,0.00000000,0.00000000,1.17277116,0.00000000,3.26443901,2.53235526,1.96994941,0.00000000,4.54531408,3.64393644,2.76712765,0.00000000,5.82618914,4.75551762,1.17022983,0.00000000,3.26308702,2.53058700,1.96740808,0.00000000,4.54396208,3.64216818,2.76458633,0.00000000,5.82483715,4.75374936,true,0
2026,4,00-0033881,Evan Engram,TE,DEN,25.00000000,0.00000000,0.00000000,0.00000000,0.00000000,0.00000000,0.00000000,0.00000000,0.00000000,5.00000000,0.00000000,0.00000000,0.00000000,0.00000000,3.62141532,0.60000000,2.53235526,2.91352628,5.48910842,1.10000000,3.64393644,4.28974664,7.35680153,1.60000000,4.75551762,5.66596699,3.61808081,0.60000000,2.53058700,2.91120984,5.48577392,1.10000000,3.64216818,4.28743019,7.35346703,1.60000000,4.75374936,5.66365054,true,0
2026,1,00-0033885,David Njoku,TE,LAC,28.00000000,0.00000000,0.00000000,0.00000000,0.00000000,0.00000000,0.00000000,0.00000000,0.00000000,5.00000000,0.00000000,0.00000000,0.00000000,1.00000000,4.37576381,5.80000000,4.35748699,4.36388388,6.22809166,8.30000000,5.93285153,6.03618557,8.08041951,10.80000000,7.50821607,7.70848727,4.37255431,5.80000000,4.35473058,4.36096889,6.22488217,8.30000000,5.93009512,6.03327059,8.07721002,10.80000000,7.50545966,7.70557228,true,0
2026,2,00-0033885,David Njoku,TE,LAC,25.00000000,0.00000000,0.00000000,0.00000000,0.00000000,0.00000000,0.00000000,0.00000000,0.00000000,3.00000000,1.00000000,0.00000000,0.00000000,0.00000000,2.50682833,0.90000000,4.36388388,3.71391443,3.50493983,1.40000000,6.03618557,5.15024957,4.50305134,1.90000000,7.70848727,6.58658470,2.50441008,0.90000000,4.36096889,3.71117330,3.50252158,1.40000000,6.03327059,5.14750843,4.50063309,1.90000000,7.70557228,6.58384357,true,0
2026,2,00-0033906,Alvin Kamara,RB,NO,-6.00000000,0.00000000,0.00000000,0.00000000,0.00000000,9.00000000,0.00000000,0.00000000,1.00000000,6.00000000,0.00000000,0.00000000,0.00000000,1.00000000,8.08674633,2.20000000,9.34626440,8.90543307,10.47913628,4.70000000,10.70663679,10.62701161,12.87152623,7.20000000,12.06700919,12.34859015,8.08616191,2.20000000,9.34890874,8.90694735,10.47855185,4.70000000,10.70928114,10.62852589,12.87094180,7.20000000,12.06965354,12.35010443,true,0
2026,3,00-0033906,Alvin Kamara,RB,NO,-1.00000000,0.00000000,0.00000000,0.00000000,0.00000000,9.00000000,0.00000000,0.00000000,1.00000000,1.00000000,0.00000000,0.00000000,0.00000000,0.00000000,5.39991114,4.10000000,8.90543307,7.67850040,5.79172944,4.60000000,10.62701161,8.93466285,6.18354775,5.10000000,12.34859015,10.19082531,5.40317733,4.10000000,8.90694735,7.68062784,5.79499563,4.60000000,10.62852589,8.93679030,6.18681394,5.10000000,12.35010443,10.19295276,true,0
2026,4,00-0033906,Alvin Kamara,RB,NO,12.00000000,0.00000000,0.00000000,0.00000000,0.00000000,7.00000000,2.00000000,2.00000000,3.00000000,7.00000000,1.00000000,0.00000000,0.00000000,0.00000000,11.77930294,17.80000000,7.67850040,9.11378129,14.43859507,20.30000000,8.93466285,10.86103913,17.09788720,22.80000000,10.19082531,12.60829697,11.77438843,17.80000000,7.68062784,9.11344405,14.43368056,20.30000000,8.93679030,10.86070189,17.09297269,22.80000000,10.19295276,12.60795974,true,0
2026,1,00-0033908,Cooper Kupp,WR,SEA,49.00000000,0.00000000,0.00000000,0.00000000,0.00000000,0.00000000,0.00000000,0.00000000,0.00000000,3.00000000,1.00000000,0.00000000,0.00000000,0.00000000,3.29527497,3.50000000,4.32669489,3.96569792,4.12788267,4.50000000,5.81121996,5.22205191,4.96049037,5.50000000,7.29574502,6.47840589,3.29628305,3.50000000,4.32861927,3.96730159,4.12889074,4.50000000,5.81314433,5.22365558,4.96149844,5.50000000,7.29766940,6.48000956,true,0
2026,2,00-0033908,Cooper Kupp,WR,SEA,14.00000000,0.00000000,0.00000000,0.00000000,0.00000000,0.00000000,0.00000000,0.00000000,0.00000000,2.00000000,0.00000000,0.00000000,0.00000000,0.00000000,1.52588777,2.00000000,3.96569792,3.11176437,2.20464855,3.00000000,5.22205191,4.16596073,2.88340933,4.00000000,6.47840589,5.22015710,1.52710310,2.00000000,3.96730159,3.11323212,2.20586389,3.00000000,5.22365558,4.16742848,2.88462467,4.00000000,6.48000956,5.22162485,true,0
2026,3,00-0033908,Cooper Kupp,WR,SEA,35.00000000,0.00000000,0.00000000,0.00000000,0.00000000,0.00000000,0.00000000,0.00000000,0.00000000,5.00000000,0.00000000,1.00000000,1.00000000,1.00000000,5.93338818,10.60000000,3.11176437,4.09933270,7.55984618,12.60000000,4.16596073,5.35382064,9.18630417,14.60000000,5.22015710,6.60830857,5.93401300,10.60000000,3.11323212,4.10050543,7.56047099,12.60000000,4.16742848,5.35499336,9.18692898,14.60000000,5.22162485,6.60948130,true,0
2026,4,00-0033908,Cooper Kupp,WR,SEA,17.00000000,0.00000000,0.00000000,0.00000000,0.00000000,0.00000000,0.00000000,0.00000000,0.00000000,2.00000000,0.00000000,0.00000000,0.00000000,0.00000000,1.62336861,1.30000000,4.09933270,3.23274527,2.28271064,1.80000000,5.35382064,4.27893214,2.94205267,2.30000000,6.60830857,5.32511901,1.62436232,1.30000000,4.10050543,3.23385534,2.28370435,1.80000000,5.35499336,4.28004221,2.94304638,2.30000000,6.60948130,5.32622907,true,0
2026,1,00-0033921,Chris Godwin Jr.,WR,TB,3.00000000,0.00000000,0.00000000,0.00000000,0.00000000,1.00000000,0.00000000,0.00000000,0.00000000,4.00000000,0.00000000,0.00000000,0.00000000,0.00000000,3.20036098,4.30000000,5.78153262,4.87812255,4.76812270,6.30000000,7.73108000,6.69404494,6.33588442,8.30000000,9.68062737,8.50996734,3.20539494,4.30000000,5.78350400,4.88116583,4.77315665,6.30000000,7.73305137,6.69708822,6.34091837,8.30000000,9.68259875,8.51301062,true,0
2026,2,00-0033921,Chris Godwin Jr.,WR,TB,33.00000000,0.00000000,0.00000000,0.00000000,0.00000000,1.00000000,0.00000000,0.00000000,0.00000000,3.00000000,0.00000000,0.00000000,0.00000000,0.00000000,3.59747550,5.80000000,4.87812255,4.42989608,4.57019796,7.30000000,6.69404494,5.95069850,5.54292042,8.80000000,8.50996734,7.47150092,3.59967581,5.80000000,4.88116583,4.43264432,4.57239826,7.30000000,6.69708822,5.95344674,5.54512072,8.80000000,8.51301062,7.47424915,true,0
2026,3,00-0033921,Chris Godwin Jr.,WR,TB,16.00000000,0.00000000,0.00000000,0.00000000,0.00000000,0.00000000,0.00000000,0.00000000,0.00000000,4.00000000,0.00000000,0.00000000,0.00000000,0.00000000,2.74626273,2.50000000,4.42989608,3.84062441,4.21378119,4.00000000,5.95069850,5.34277744,5.68129964,5.50000000,7.47150092,6.84493047,2.74856507,2.50000000,4.43264432,3.84321658,4.21608352,4.00000000,5.95344674,5.34536961,5.68360198,5.50000000,7.47424915,6.84752264,true,0
2026,4,00-0033921,Chris Godwin Jr.,WR,TB,16.00000000,0.00000000,0.00000000,0.00000000,0.00000000,0.00000000,0.00000000,0.00000000,0.00000000,7.00000000,0.00000000,0.00000000,0.00000000,0.00000000,4.47934434,3.10000000,3.84062441,4.06417638,7.14941805,6.10000000,5.34277744,5.97510165,9.81949177,9.10000000,6.84493047,7.88602692,4.48349880,3.10000000,3.84321658,4.06731536,7.15357251,6.10000000,5.34536961,5.97824063,9.82364623,9.10000000,6.84752264,7.88916590,true,0
2026,3,00-0034272,Marquez Valdes-Scantling,WR,LAC,22.00000000,0.00000000,0.00000000,0.00000000,0.00000000,0.00000000,0.00000000,0.00000000,0.00000000,1.00000000,1.00000000,0.00000000,0.00000000,0.00000000,1.26255969,0.00000000,3.99026857,3.03557046,1.46823263,0.00000000,4.92732449,3.71664234,1.67390558,0.00000000,5.86438042,4.39771422,1.26432766,0.00000000,3.99119911,3.03679410,1.47000060,0.00000000,4.92825503,3.71786598,1.67567354,0.00000000,5.86531096,4.39893786,true,0
2026,4,00-0034272,Marquez Valdes-Scantling,WR,LAC,9.00000000,0.00000000,0.00000000,0.00000000,0.00000000,0.00000000,0.00000000,0.00000000,0.00000000,1.00000000,0.00000000,0.00000000,0.00000000,0.00000000,0.78572584,0.00000000,3.03557046,2.24812484,1.09599945,0.00000000,3.71664234,2.79941733,1.40627306,0.00000000,4.39771422,3.35070982,0.78669317,0.00000000,3.03679410,2.24925877,1.09696679,0.00000000,3.71786598,2.80055126,1.40724040,0.00000000,4.39893786,3.35184375,true,0
2026,1,00-0034348,Courtland Sutton,WR,DEN,40.00000000,0.00000000,0.00000000,0.00000000,0.00000000,0.00000000,0.00000000,0.00000000,0.00000000,5.00000000,0.00000000,0.00000000,0.00000000,1.00000000,4.35911221,1.10000000,8.59125745,7.11000661,6.06582820,2.10000000,10.80814143,9.14833179,7.77254418,3.10000000,13.02502540,11.18665698,4.36096789,1.10000000,8.59246029,7.11143795,6.06768388,2.10000000,10.80934427,9.14976314,7.77439987,3.10000000,13.02622825,11.18808832,true,0
2026,2,00-0034348,Courtland Sutton,WR,DEN,31.00000000,0.00000000,0.00000000,0.00000000,0.00000000,0.00000000,0.00000000,0.00000000,0.00000000,4.00000000,0.00000000,1.00000000,1.00000000,1.00000000,5.22571986,2.50000000,7.11000661,6.45050625,6.47721777,4.00000000,9.14833179,8.21344189,7.72871568,5.50000000,11.18665698,9.97637752,5.22602280,2.50000000,7.11143795,6.45154265,6.47752071,4.00000000,9.14976314,8.21447829,7.72901861,5.50000000,11.18808832,9.97741392,true,0
2026,3,00-0034348,Courtland Sutton,WR,DEN,83.00000000,0.00000000,0.00000000,0.00000000,0.00000000,0.00000000,0.00000000,0.00000000,0.00000000,7.00000000,2.00000000,2.00000000,2.00000000,3.00000000,11.00466495,4.60000000,6.45050625,8.04446180,12.95598993,6.10000000,8.21344189,9.87333370,14.90731490,7.60000000,9.97637752,11.70220560,11.00631824,4.60000000,6.45154265,8.04571411,12.95764321,6.10000000,8.21447829,9.87458601,14.90896819,7.60000000,9.97741392,11.70345792,true,0
2026,4,00-0034348,Courtland Sutton,WR,DEN,98.00000000,0.00000000,0.00000000,0.00000000,0.00000000,0.00000000,0.00000000,0.00000000,0.00000000,6.00000000,2.00000000,0.00000000,0.00000000,0.00000000,6.67496050,0.40000000,8.04446180,7.56513634,8.37249778,0.90000000,9.87333370,9.34804113,10.07003506,1.40000000,11.70220560,11.13094591,6.67596180,0.40000000,8.04571411,7.56630080,8.37349908,0.90000000,9.87458601,9.34920559,10.07103636,1.40000000,11.70345792,11.13211037,true,0
2026,1,00-0034351,Dallas Goedert,TE,PHI,52.00000000,0.00000000,0.00000000,0.00000000,0.00000000,0.00000000,0.00000000,0.00000000,0.00000000,5.00000000,0.00000000,1.00000000,0.00000000,2.00000000,6.93399028,19.70000000,5.88383054,6.25138645,8.56750544,21.70000000,7.78654205,8.05987923,10.20102059,23.70000000,9.68925356,9.86837202,6.93113169,19.70000000,5.88154382,6.24889958,8.56464685,21.70000000,7.78425533,8.05739236,10.19816201,23.70000000,9.68696683,9.86588514,true,0
2026,2,00-0034351,Dallas Goedert,TE,PHI,4.00000000,0.00000000,0.00000000,0.00000000,0.00000000,0.00000000,0.00000000,0.00000000,0.00000000,2.00000000,0.00000000,0.00000000,0.00000000,0.00000000,1.28184213,0.40000000,6.25138645,4.51204594,2.06063581,0.90000000,8.05987923,5.96014403,2.83942948,1.40000000,9.86837202,7.40824213,1.27939253,0.40000000,6.24889958,4.50957211,2.05818620,0.90000000,8.05739236,5.95767021,2.83697988,1.40000000,9.86588514,7.40576830,true,0
2026,2,00-0034365,Ian Thomas,TE,LV,1.00000000,0.00000000,0.00000000,0.00000000,0.00000000,0.00000000,0.00000000,0.00000000,0.00000000,1.00000000,0.00000000,0.00000000,0.00000000,0.00000000,0.64741236,1.10000000,1.27950485,1.05827248,1.03872680,1.60000000,1.98806161,1.65579442,1.43004124,2.10000000,2.69661836,2.25331637,0.64538003,1.10000000,1.27718911,1.05605593,1.03669446,1.60000000,1.98574587,1.65357788,1.42800890,2.10000000,2.69430262,2.25109982,true,0
2026,4,00-0034365,Ian Thomas,TE,LV,25.00000000,0.00000000,0.00000000,0.00000000,0.00000000,0.00000000,0.00000000,0.00000000,0.00000000,2.00000000,1.00000000,0.00000000,0.00000000,0.00000000,1.98146953,9.20000000,1.05827248,1.38139145,2.57371723,10.20000000,1.65579442,1.97706741,3.16596493,11.20000000,2.25331637,2.57274336,1.97956027,9.20000000,1.05605593,1.37928245,2.57180797,10.20000000,1.65357788,1.97495841,3.16405566,11.20000000,2.25109982,2.57063436,true,0
2026,1,00-0034383,Dalton Schultz,TE,HOU,26.00000000,0.00000000,0.00000000,0.00000000,0.00000000,0.00000000,0.00000000,0.00000000,0.00000000,8.00000000,0.00000000,0.00000000,0.00000000,0.00000000,5.23384869,3.50000000,5.91577685,5.67710199,8.31300504,5.50000000,8.16735605,8.21833319,11.39216138,7.50000000,10.41893524,10.75956439,5.22901779,3.50000000,5.91276109,5.67345094,8.30817414,5.50000000,8.16434029,8.21468214,11.38733048,7.50000000,10.41591949,10.75591334,true,0
2026,2,00-0034383,Dalton Schultz,TE,HOU,104.00000000,0.00000000,0.00000000,0.00000000,0.00000000,0.00000000,0.00000000,0.00000000,0.00000000,14.00000000,2.00000000,0.00000000,0.00000000,0.00000000,11.09410792,14.00000000,5.67710199,7.57305407,16.01474031,20.00000000,8.21833319,10.94707568,20.93537270,26.00000000,10.75956439,14.32109730,11.08840446,14.00000000,5.67345094,7.56868467,16.00903685,20.00000000,8.21468214,10.94270629,20.92966924,26.00000000,10.75591334,14.31672790,true,0
2026,3,00-0034383,Dalton Schultz,TE,HOU,27.00000000,0.00000000,0.00000000,0.00000000,0.00000000,0.00000000,0.00000000,0.00000000,0.00000000,3.00000000,0.00000000,0.00000000,0.00000000,1.00000000,3.28868923,3.00000000,7.57305407,6.07352638,4.33541765,4.50000000,10.94707568,8.63299537,5.38214607,6.00000000,14.32109730,11.19246437,3.28646714,3.00000000,7.56868467,6.06990853,4.33319556,4.50000000,10.94270629,8.62937753,5.37992398,6.00000000,14.31672790,11.18884653,true,0
2026,4,00-0034383,Dalton Schultz,TE,HOU,4.00000000,0.00000000,0.00000000,0.00000000,0.00000000,0.00000000,0.00000000,0.00000000,0.00000000,2.00000000,0.00000000,0.00000000,0.00000000,1.00000000,1.92711965,0.90000000,6.07352638,4.62228402,2.70893265,1.90000000,8.63299537,6.55957342,3.49074564,2.90000000,11.19246437,8.49686281,1.92470333,0.90000000,6.06990853,4.61908671,2.70651633,1.90000000,8.62937753,6.55637611,3.48832932,2.90000000,11.18884653,8.49366551,true,0
2026,4,00-0034419,Braxton Berrios,WR,NYG,3.00000000,0.00000000,0.00000000,0.00000000,0.00000000,0.00000000,0.00000000,0.00000000,0.00000000,1.00000000,0.00000000,0.00000000,0.00000000,0.00000000,0.59076416,0.00000000,3.13579859,2.24503654,0.93987527,0.00000000,4.17935154,3.04553485,1.28898639,0.00000000,5.22290450,3.84603316,0.59217475,0.00000000,3.13745200,2.24660497,0.94128587,0.00000000,4.18100496,3.04710328,1.29039698,0.00000000,5.22455791,3.84760159,true,0
2026,1,00-0034613,Tanner Hudson,TE,CIN,4.00000000,0.00000000,0.00000000,0.00000000,0.00000000,0.00000000,0.00000000,0.00000000,0.00000000,1.00000000,0.00000000,0.00000000,0.00000000,0.00000000,0.75648334,0.40000000,2.83648249,2.10848278,1.12941320,0.90000000,3.68656429,2.79156141,1.50234307,1.40000000,4.53664609,3.47464003,0.75454272,0.40000000,2.83462742,2.10659778,1.12747259,0.90000000,3.68470922,2.78967640,1.50040246,1.40000000,4.53479103,3.47275503,true,0
2026,3,00-0034613,Tanner Hudson,TE,CIN,9.00000000,0.00000000,0.00000000,0.00000000,0.00000000,0.00000000,0.00000000,0.00000000,0.00000000,2.00000000,0.00000000,0.00000000,0.00000000,0.00000000,1.46362708,1.30000000,2.10848278,1.88278329,2.21177981,2.30000000,2.79156141,2.58863785,2.95993253,3.30000000,3.47464003,3.29449241,1.46133035,1.30000000,2.10659778,1.88075418,2.20948308,2.30000000,2.78967640,2.58660874,2.95763580,3.30000000,3.47275503,3.29246330,true,0
2026,4,00-0034613,Tanner Hudson,TE,CIN,2.00000000,0.00000000,0.00000000,0.00000000,0.00000000,0.00000000,0.00000000,0.00000000,0.00000000,1.00000000,0.00000000,0.00000000,0.00000000,1.00000000,1.32904688,0.20000000,1.88278329,1.68897554,1.71725244,0.70000000,2.58863785,2.28365296,2.10545801,1.20000000,3.29449241,2.87833037,1.32707840,0.20000000,1.88075418,1.68696766,1.71528396,0.70000000,2.58660874,2.28164507,2.10348952,1.20000000,3.29246330,2.87632248,true,0
2026,1,00-0034753,Mark Andrews,TE,BAL,44.00000000,0.00000000,0.00000000,0.00000000,0.00000000,0.00000000,0.00000000,0.00000000,0.00000000,6.00000000,0.00000000,0.00000000,0.00000000,1.00000000,5.48283446,4.90000000,5.66833179,5.60340772,7.64297507,6.90000000,7.07970273,7.27684805,9.80311568,8.90000000,8.49107367,8.95028837,5.47960516,4.90000000,5.69910240,5.62227837,7.63974578,6.90000000,7.11047334,7.29571869,9.79988639,8.90000000,8.52184428,8.96915902,true,0
2026,2,00-0034753,Mark Andrews,TE,BAL,47.00000000,0.00000000,0.00000000,0.00000000,0.00000000,0.00000000,0.00000000,0.00000000,0.00000000,7.00000000,0.00000000,0.00000000,0.00000000,0.00000000,5.47198670,4.90000000,5.60340772,5.55741036,8.01658723,7.90000000,7.27684805,7.53575676,10.56118777,10.90000000,8.95028837,9.51410316,5.46830686,4.90000000,5.62227837,5.56838834,8.01290739,7.90000000,7.29571869,7.54673474,10.55750793,10.90000000,8.96915902,9.52508114,true,0
2026,3,00-0034753,Mark Andrews,TE,BAL,41.00000000,0.00000000,0.00000000,0.00000000,0.00000000,0.00000000,0.00000000,0.00000000,0.00000000,5.00000000,1.00000000,0.00000000,0.00000000,0.00000000,4.13925777,2.40000000,5.55741036,5.06105695,5.85104584,3.90000000,7.53575676,6.94610794,7.56283392,5.40000000,9.51410316,8.83115893,4.13631073,2.40000000,5.56838834,5.06716118,5.84809881,3.90000000,7.54673474,6.95221216,7.55988689,5.40000000,9.52508114,8.83726315,true,0
2026,4,00-0034753,Mark Andrews,TE,BAL,40.00000000,0.00000000,0.00000000,0.00000000,0.00000000,0.00000000,0.00000000,0.00000000,0.00000000,6.00000000,0.00000000,2.00000000,1.00000000,2.00000000,8.97440308,8.70000000,5.06105695,6.43072810,10.97195426,11.20000000,6.94610794,8.35515415,12.96950544,13.70000000,8.83115893,10.27958021,8.97193156,8.70000000,5.06716118,6.43383081,10.96948274,11.20000000,6.95221216,8.35825686,12.96703392,13.70000000,8.83726315,10.28268292,true,0
2026,2,00-0034771,Mason Rudolph,QB,PIT,0.00000000,6.00000000,1.00000000,0.00000000,0.00000000,1.00000000,0.00000000,0.00000000,0.00000000,0.00000000,0.00000000,0.00000000,0.00000000,0.00000000,1.79259635,0.30000000,5.49693522,4.20041662,1.79601038,0.30000000,5.50111045,4.20432542,1.79942440,0.30000000,5.50528568,4.20823423,2.21233630,0.30000000,6.53149832,5.01979161,2.21575032,0.30000000,6.53567355,5.02370042,2.21916435,0.30000000,6.53984878,5.02760923,true,0
2026,1,00-0034796,Lamar Jackson,QB,BAL,0.00000000,270.00000000,24.00000000,2.00000000,4.00000000,4.00000000,1.00000000,1.00000000,1.00000000,0.00000000,0.00000000,0.00000000,0.00000000,0.00000000,16.68678868,24.96000000,13.86033300,14.84959249,16.69087046,24.96000000,13.86514606,14.85414960,16.69495224,24.96000000,13.86995913,14.85870672,19.29025702,26.96000000,16.18367791,17.27098060,19.29433881,26.96000000,16.18849097,17.27553771,19.29842059,26.96000000,16.19330404,17.28009483,true,1
2026,2,00-0034796,Lamar Jackson,QB,BAL,0.00000000,321.00000000,30.00000000,0.00000000,1.00000000,4.00000000,0.00000000,0.00000000,0.00000000,0.00000000,0.00000000,0.00000000,0.00000000,0.00000000,13.07589037,14.80000000,14.84959249,14.22879675,13.07983780,14.80000000,14.85414960,14.23314047,13.08378522,14.80000000,14.85870672,14.23748419,15.08833208,16.80000000,17.27098060,16.50705362,15.09227950,16.80000000,17.27553771,16.51139734,15.09622693,16.80000000,17.28009483,16.51574106,true,1
2026,3,00-0034796,Lamar Jackson,QB,BAL,0.00000000,181.00000000,20.00000000,4.00000000,5.00000000,6.00000000,1.00000000,1.00000000,4.00000000,0.00000000,0.00000000,0.00000000,0.00000000,0.00000000,19.45436028,20.44000000,14.22879675,16.05774398,19.45265546,20.44000000,14.23314047,16.05997072,19.45095064,20.44000000,14.23748419,16.06219745,22.52556742,24.44000000,16.50705362,18.61353345,22.52386260,24.44000000,16.51139734,18.61576018,22.52215778,24.44000000,16.51574106,18.61798691,true,2
2026,4,00-0034796,Lamar Jackson,QB,BAL,0.00000000,201.00000000,20.00000000,1.00000000,4.00000000,2.00000000,0.00000000,0.00000000,0.00000000,0.00000000,0.00000000,0.00000000,0.00000000,0.00000000,10.64392774,18.88000000,16.05774398,14.16290830,10.64860125,18.88000000,16.05997072,14.16599140,10.65327476,18.88000000,16.06219745,14.16907451,12.83228106,22.88000000,18.61353345,16.59009511,12.83695456,22.88000000,18.61576018,16.59317821,12.84162807,22.88000000,18.61798691,16.59626132,true,2
2026,1,00-0034798,Durham Smythe,TE,BAL,4.00000000,0.00000000,0.00000000,0.00000000,0.00000000,0.00000000,0.00000000,0.00000000,0.00000000,1.00000000,0.00000000,0.00000000,1.00000000,1.00000000,2.31271758,0.40000000,1.09187671,1.51917102,2.64805613,0.90000000,1.65548210,2.00288301,2.98339468,1.40000000,2.21908750,2.48659501,2.31248936,0.40000000,1.08974276,1.51770407,2.64782791,0.90000000,1.65334815,2.00141606,2.98316646,1.40000000,2.21695354,2.48512806,true,0
2026,2,00-0034798,Durham Smythe,TE,BAL,-3.00000000,0.00000000,0.00000000,0.00000000,0.00000000,0.00000000,0.00000000,0.00000000,0.00000000,1.00000000,0.00000000,0.00000000,0.00000000,0.00000000,0.50198440,0.00000000,1.51917102,1.16315570,0.91781160,0.00000000,2.00288301,1.62310802,1.33363880,0.00000000,2.48659501,2.08306034,0.49982977,0.00000000,1.51770407,1.16144806,0.91565697,0.00000000,2.00141606,1.62140038,1.33148417,0.00000000,2.48512806,2.08135270,true,0
2026,1,00-0034827,DJ Moore,WR,BUF,158.00000000,0.00000000,0.00000000,0.00000000,0.00000000,0.00000000,0.00000000,0.00000000,0.00000000,8.00000000,3.00000000,0.00000000,0.00000000,0.00000000,9.83438190,16.00000000,6.79405823,7.85817151,11.92479492,18.50000000,8.30404299,9.57130617,14.01520794,21.00000000,9.81402776,11.28444082,9.83394642,16.00000000,6.79854198,7.86093354,11.92435944,18.50000000,8.30852675,9.57406819,14.01477247,21.00000000,9.81851152,11.28720285,true,0
2026,2,00-0034827,DJ Moore,WR,BUF,0.00000000,0.00000000,0.00000000,0.00000000,0.00000000,1.00000000,0.00000000,0.00000000,0.00000000,0.00000000,0.00000000,0.00000000,0.00000000,0.00000000,0.79210467,-0.10000000,7.85817151,5.38504812,0.77587812,-0.10000000,9.57130617,6.49290635,0.75965158,-0.10000000,11.28444082,7.60076459,0.79489075,-0.10000000,7.86093354,5.38781856,0.77866420,-0.10000000,9.57406819,6.49567680,0.76243766,-0.10000000,11.28720285,7.60353503,true,0
2026,3,00-0034827,DJ Moore,WR,BUF,127.00000000,0.00000000,0.00000000,0.00000000,0.00000000,0.00000000,0.00000000,0.00000000,0.00000000,10.00000000,1.00000000,1.00000000,1.00000000,2.00000000,12.12099570,6.70000000,5.38504812,7.74262977,15.12944714,9.70000000,6.49290635,9.51569563,18.13789858,12.70000000,7.60076459,11.28876149,12.12038083,6.70000000,5.38781856,7.74421535,15.12883227,9.70000000,6.49567680,9.51728121,18.13728371,12.70000000,7.60353503,11.29034707,true,0
2026,4,00-0034827,DJ Moore,WR,BUF,18.00000000,0.00000000,0.00000000,0.00000000,0.00000000,1.00000000,0.00000000,0.00000000,0.00000000,2.00000000,0.00000000,0.00000000,0.00000000,1.00000000,2.78768634,1.70000000,7.74262977,6.00839957,3.45034658,2.20000000,9.51569563,7.39282346,4.11300682,2.70000000,11.28876149,8.77724735,2.79108640,1.70000000,7.74421535,6.01062022,3.45374664,2.20000000,9.51728121,7.39504411,4.11640688,2.70000000,11.29034707,8.77946800,true,0
2026,1,00-0034829,Mike Gesicki,TE,CIN,63.00000000,0.00000000,0.00000000,0.00000000,0.00000000,0.00000000,0.00000000,0.00000000,0.00000000,7.00000000,1.00000000,1.00000000,2.00000000,2.00000000,10.14267881,13.80000000,4.45662010,6.44674065,12.38143624,16.30000000,5.62373796,7.98893236,14.62019367,18.80000000,6.79085581,9.53112406,10.14239507,13.80000000,4.45482183,6.44547246,12.38115250,16.30000000,5.62193968,7.98766417,14.61990993,18.80000000,6.78905754,9.52985588,true,0
2026,3,00-0034829,Mike Gesicki,TE,CIN,32.00000000,0.00000000,0.00000000,0.00000000,0.00000000,0.00000000,0.00000000,0.00000000,0.00000000,3.00000000,1.00000000,0.00000000,0.00000000,0.00000000,2.76132726,9.70000000,6.44674065,5.15684596,3.71654143,11.20000000,7.98893236,6.49359553,4.67175561,12.70000000,9.53112406,7.83034510,2.75912303,9.70000000,6.44547246,5.15525016,3.71433721,11.20000000,7.98766417,6.49199973,4.66955138,12.70000000,9.52985588,7.82874930,true,0
2026,4,00-0034829,Mike Gesicki,TE,CIN,61.00000000,0.00000000,0.00000000,0.00000000,0.00000000,0.00000000,0.00000000,0.00000000,0.00000000,5.00000000,0.00000000,1.00000000,0.00000000,1.00000000,6.61592567,10.00000000,5.15684596,5.66752386,8.19126780,11.50000000,6.49359553,7.08778083,9.76660992,13.00000000,7.83034510,8.50803779,6.61330898,10.00000000,5.15525016,5.66557075,8.18865110,11.50000000,6.49199973,7.08582771,9.76399323,13.00000000,7.82874930,8.50608468,true,0
2026,2,00-0034837,Calvin Ridley,WR,TEN,27.00000000,0.00000000,0.00000000,0.00000000,0.00000000,0.00000000,0.00000000,0.00000000,0.00000000,2.00000000,0.00000000,0.00000000,0.00000000,0.00000000,1.94830474,3.50000000,5.34153449,4.15390408,2.54291760,4.50000000,6.92226829,5.38949555,3.13753046,5.50000000,8.50300208,6.62508701,1.94855969,3.50000000,5.34192385,4.15424639,2.54317255,4.50000000,6.92265765,5.38983786,3.13778541,5.50000000,8.50339144,6.62542933,true,0
2026,3,00-0034837,Calvin Ridley,WR,TEN,7.00000000,0.00000000,0.00000000,0.00000000,0.00000000,0.00000000,0.00000000,0.00000000,0.00000000,1.00000000,0.00000000,0.00000000,0.00000000,0.00000000,0.72073861,0.00000000,4.15390408,2.95229616,1.04395806,0.00000000,5.38949555,3.86855742,1.36717751,0.00000000,6.62508701,4.78481869,0.72185370,0.00000000,4.15424639,2.95290895,1.04507315,0.00000000,5.38983786,3.86917021,1.36829259,0.00000000,6.62542933,4.78543147,true,0
2026,4,00-0034837,Calvin Ridley,WR,TEN,10.00000000,0.00000000,0.00000000,0.00000000,0.00000000,0.00000000,0.00000000,0.00000000,0.00000000,2.00000000,0.00000000,0.00000000,0.00000000,0.00000000,1.39591332,1.30000000,2.95229616,2.40756217,2.10056577,1.80000000,3.86855742,3.24976034,2.80521822,2.30000000,4.78481869,4.09195852,1.39742415,1.30000000,2.95290895,2.40848927,2.10207661,1.80000000,3.86917021,3.25068745,2.80672906,2.30000000,4.78543147,4.09288563,true,0
2026,1,00-0034844,Saquon Barkley,RB,PHI,-1.00000000,0.00000000,0.00000000,0.00000000,0.00000000,15.00000000,0.00000000,0.00000000,2.00000000,2.00000000,0.00000000,0.00000000,0.00000000,0.00000000,9.51825883,8.00000000,13.94069427,12.39284186,10.30720801,8.50000000,15.16707478,13.46612141,11.09615719,9.00000000,16.39345529,14.53940095,9.52314662,8.00000000,13.94801899,12.39931366,10.31209580,8.50000000,15.17439950,13.47259321,11.10104498,9.00000000,16.40078001,14.54587275,true,0
2026,2,00-0034844,Saquon Barkley,RB,PHI,4.00000000,0.00000000,0.00000000,0.00000000,0.00000000,4.00000000,0.00000000,0.00000000,0.00000000,2.00000000,0.00000000,0.00000000,0.00000000,0.00000000,2.98684449,2.00000000,12.39284186,9.10074278,3.73017160,2.50000000,13.46612141,10.05853898,4.47349872,3.00000000,14.53940095,11.01633517,2.98678795,2.00000000,12.39931366,9.10492966,3.73011506,2.50000000,13.47259321,10.06272585,4.47344217,3.00000000,14.54587275,11.02052205,true,0
2026,3,00-0034844,Saquon Barkley,RB,PHI,-6.00000000,0.00000000,0.00000000,0.00000000,0.00000000,15.00000000,2.00000000,2.00000000,3.00000000,2.00000000,0.00000000,0.00000000,0.00000000,0.00000000,12.10416840,8.00000000,9.10074278,10.15194175,12.93680190,8.50000000,10.05853898,11.06593100,13.76943541,9.00000000,11.01633517,11.97992025,12.11171497,8.00000000,9.10492966,10.15730452,12.94434847,8.50000000,10.06272585,11.07129377,13.77698197,9.00000000,11.02052205,11.98528302,true,0
2026,4,00-0034844,Saquon Barkley,RB,PHI,1.00000000,0.00000000,0.00000000,0.00000000,0.00000000,2.00000000,0.00000000,0.00000000,0.00000000,1.00000000,0.00000000,0.00000000,0.00000000,0.00000000,1.29268162,1.00000000,10.15194175,7.05120070,1.66688905,1.50000000,11.06593100,7.77626632,2.04109649,2.00000000,11.97992025,8.50133194,1.29282070,1.00000000,10.15730452,7.05473518,1.66702813,1.50000000,11.07129377,7.77980080,2.04123557,2.00000000,11.98528302,8.50486641,true,0
2026,2,00-0034854,KhaDarel Hodge,WR,SF,15.00000000,0.00000000,0.00000000,0.00000000,0.00000000,0.00000000,0.00000000,0.00000000,0.00000000,1.00000000,0.00000000,0.00000000,0.00000000,0.00000000,0.98068751,1.80000000,3.68381942,2.73772325,1.25212363,2.30000000,4.54159220,3.39027820,1.52355974,2.80000000,5.39936499,4.04283315,0.98121160,1.80000000,3.68422667,2.73817139,1.25264771,2.30000000,4.54199945,3.39072634,1.52408382,2.80000000,5.39977224,4.04328129,true,0
2026,1,00-0034855,Baker Mayfield,QB,TB,0.00000000,143.00000000,28.00000000,1.00000000,4.00000000,4.00000000,1.00000000,0.00000000,3.00000000,0.00000000,0.00000000,0.00000000,0.00000000,0.00000000,14.47536281,11.64000000,14.56785503,14.53548275,14.47686038,11.64000000,14.57303115,14.53937138,14.47835795,11.64000000,14.57820728,14.54326001,16.48859920,11.64000000,17.28636498,17.00714696,16.49009677,11.64000000,17.29154110,17.01103559,16.49159433,11.64000000,17.29671723,17.01492421,true,0
2026,2,00-0034855,Baker Mayfield,QB,TB,0.00000000,421.00000000,34.00000000,1.00000000,9.00000000,4.00000000,0.00000000,0.00000000,2.00000000,0.00000000,0.00000000,0.00000000,0.00000000,0.00000000,20.83699142,12.18000000,14.53548275,16.74101079,20.83644796,12.18000000,14.53937138,16.74334819,20.83590451,12.18000000,14.54326001,16.74568559,24.92279077,14.18000000,17.00714696,19.77762229,24.92224732,14.18000000,17.01103559,19.77995969,24.92170387,14.18000000,17.01492421,19.78229709,true,1
2026,3,00-0034855,Baker Mayfield,QB,TB,0.00000000,288.00000000,34.00000000,1.00000000,3.00000000,2.00000000,0.00000000,0.00000000,0.00000000,0.00000000,0.00000000,0.00000000,0.00000000,0.00000000,13.45101820,11.28000000,16.74101079,15.58951338,13.45550995,11.28000000,16.74334819,15.59260480,13.46000171,11.28000000,16.74568559,15.59569623,15.91547407,13.28000000,19.77762229,18.42587041,15.91996582,13.28000000,19.77995969,18.42896184,15.92445757,13.28000000,19.78229709,18.43205326,true,1
2026,1,00-0034857,Josh Allen,QB,BUF,0.00000000,383.00000000,30.00000000,2.00000000,5.00000000,5.00000000,1.00000000,1.00000000,1.00000000,0.00000000,0.00000000,0.00000000,0.00000000,0.00000000,20.40992829,35.66000000,18.65703465,19.27054742,20.41403314,35.66000000,18.66218276,19.27533040,20.41813799,35.66000000,18.66733088,19.28011337,23.67106205,39.66000000,21.13681684,22.02380266,23.67516690,39.66000000,21.14196495,22.02858563,23.67927174,39.66000000,21.14711307,22.03336860,true,2
2026,2,00-0034857,Josh Allen,QB,BUF,0.00000000,235.00000000,31.00000000,2.00000000,4.00000000,11.00000000,2.00000000,2.00000000,3.00000000,0.00000000,0.00000000,0.00000000,0.00000000,0.00000000,24.34909278,40.82000000,19.27054742,21.04803830,24.35259665,40.82000000,19.27533040,21.05237358,24.35610051,40.82000000,19.28011337,21.05670887,26.64763580,46.82000000,22.02380266,23.64214426,26.65113966,46.82000000,22.02858563,23.64647954,26.65464353,46.82000000,22.03336860,23.65081483,true,3
2026,3,00-0034857,Josh Allen,QB,BUF,-8.00000000,266.00000000,26.00000000,2.00000000,3.00000000,7.00000000,2.00000000,2.00000000,3.00000000,1.00000000,0.00000000,0.00000000,0.00000000,0.00000000,21.32448704,16.46000000,21.04803830,21.14479536,21.32517242,16.96000000,21.05237358,21.14785318,21.32585780,17.46000000,21.05670887,21.15091100,23.66105354,16.46000000,23.64214426,23.64876251,23.66173892,16.96000000,23.64647954,23.65182032,23.66242430,17.46000000,23.65081483,23.65487814,true,0
2026,4,00-0034857,Josh Allen,QB,BUF,0.00000000,280.00000000,34.00000000,2.00000000,6.00000000,5.00000000,1.00000000,1.00000000,2.00000000,0.00000000,0.00000000,0.00000000,0.00000000,0.00000000,20.29479516,18.52000000,21.14479536,20.84729529,20.29724367,18.52000000,21.14785318,20.85013985,20.29969217,18.52000000,21.15091100,20.85298441,23.32928458,20.52000000,23.64876251,23.53694523,23.33173308,20.52000000,23.65182032,23.53978979,23.33418158,20.52000000,23.65487814,23.54263435,true,1
2026,1,00-0034869,Sam Darnold,QB,SEA,0.00000000,15.00000000,2.00000000,0.00000000,0.00000000,0.00000000,0.00000000,0.00000000,0.00000000,0.00000000,0.00000000,0.00000000,0.00000000,0.00000000,1.47008286,0.52000000,12.23425625,8.46679556,1.47295307,0.52000000,12.23924386,8.47104209,1.47582329,0.52000000,12.24423148,8.47528861,1.94773139,0.52000000,14.75120407,10.26998863,1.95060160,0.52000000,14.75619168,10.27423516,1.95347182,0.52000000,14.76117930,10.27848168,true,0
2026,3,00-0034869,Sam Darnold,QB,SEA,0.00000000,297.00000000,45.00000000,5.00000000,9.00000000,1.00000000,0.00000000,0.00000000,0.00000000,0.00000000,0.00000000,0.00000000,0.00000000,0.00000000,19.89866630,27.66000000,8.46679556,12.46795032,19.90705206,27.66000000,8.47104209,12.47364558,19.91543782,27.66000000,8.47528861,12.47934084,24.39037343,35.66000000,10.26998863,15.21212331,24.39875919,35.66000000,10.27423516,15.21781857,24.40714494,35.66000000,10.27848168,15.22351382,true,4
2026,4,00-0034869,Sam Darnold,QB,SEA,0.00000000,157.00000000,22.00000000,1.00000000,3.00000000,1.00000000,0.00000000,0.00000000,0.00000000,0.00000000,0.00000000,0.00000000,0.00000000,0.00000000,9.11054570,13.32000000,12.46795032,11.29285870,9.11502400,13.32000000,12.47364558,11.29812803,9.11950230,13.32000000,12.47934084,11.30339735,10.97120329,17.32000000,15.21212331,13.72780130,10.97568158,17.32000000,15.21781857,13.73307062,10.98015988,17.32000000,15.22351382,13.73833994,true,2
2026,1,00-0034960,Jakobi Meyers,WR,JAX,29.00000000,0.00000000,0.00000000,0.00000000,0.00000000,1.00000000,0.00000000,0.00000000,0.00000000,2.00000000,1.00000000,1.00000000,0.00000000,0.00000000,3.77291899,10.20000000,7.53202978,6.21634100,4.28161091,11.20000000,9.77148616,7.85002982,4.79030284,12.20000000,12.01094254,9.48371864,3.77652848,10.20000000,7.53513574,6.21962320,4.28522041,11.20000000,9.77459211,7.85331202,4.79391234,12.20000000,12.01404849,9.48700084,true,0
2026,2,00-0034960,Jakobi Meyers,WR,JAX,21.00000000,0.00000000,0.00000000,0.00000000,0.00000000,0.00000000,0.00000000,0.00000000,0.00000000,1.00000000,1.00000000,0.00000000,0.00000000,0.00000000,1.23006608,2.80000000,6.21634100,4.47114478,1.44221194,3.30000000,7.85002982,5.60729356,1.65435780,3.80000000,9.48371864,6.74344235,1.23190792,2.80000000,6.21962320,4.47392285,1.44405378,3.30000000,7.85331202,5.61007163,1.65619964,3.80000000,9.48700084,6.74622042,true,0
2026,3,00-0034960,Jakobi Meyers,WR,JAX,64.00000000,0.00000000,0.00000000,0.00000000,0.00000000,0.00000000,0.00000000,0.00000000,0.00000000,8.00000000,0.00000000,1.00000000,1.00000000,2.00000000,8.86409346,12.40000000,4.47114478,6.00867682,11.49908791,15.90000000,5.60729356,7.66942158,14.13408236,19.40000000,6.74344235,9.33016635,8.86513700,12.40000000,4.47392285,6.01084780,11.50013145,15.90000000,5.61007163,7.67159257,14.13512589,19.40000000,6.74622042,9.33233733,true,0
2026,4,00-0034960,Jakobi Meyers,WR,JAX,35.00000000,0.00000000,0.00000000,0.00000000,0.00000000,0.00000000,0.00000000,0.00000000,0.00000000,4.00000000,0.00000000,1.00000000,1.00000000,1.00000000,5.35569432,3.30000000,6.00867682,5.78013294,6.58130055,4.80000000,7.66942158,7.28857922,7.80690679,6.30000000,9.33016635,8.79702550,5.35570175,3.30000000,6.01084780,5.78154668,6.58130799,4.80000000,7.67159257,7.28999297,7.80691423,6.30000000,9.33233733,8.79843925,true,0
2026,1,00-0034975,Justice Hill,RB,BAL,-1.00000000,0.00000000,0.00000000,0.00000000,0.00000000,6.00000000,0.00000000,0.00000000,0.00000000,1.00000000,0.00000000,0.00000000,0.00000000,0.00000000,3.45130736,2.80000000,2.53443926,2.85534310,3.83775105,3.30000000,3.71167322,3.75580046,4.22419474,3.80000000,4.88890718,4.65625783,3.45358649,2.80000000,2.53312806,2.85528851,3.84003018,3.30000000,3.71036202,3.75574588,4.22647387,3.80000000,4.88759598,4.65620324,true,0
2026,2,00-0034975,Justice Hill,RB,BAL,-9.00000000,0.00000000,0.00000000,0.00000000,0.00000000,2.00000000,0.00000000,0.00000000,0.00000000,2.00000000,0.00000000,0.00000000,0.00000000,0.00000000,1.54870943,1.80000000,2.85534310,2.39802131,2.39555252,2.80000000,3.75580046,3.27971368,3.24239561,3.80000000,4.65625783,4.16140605,1.54923565,1.80000000,2.85528851,2.39817001,2.39607874,2.80000000,3.75574588,3.27986238,3.24292183,3.80000000,4.65620324,4.16155475,true,0
2026,3,00-0034975,Justice Hill,RB,BAL,0.00000000,0.00000000,0.00000000,0.00000000,0.00000000,5.00000000,0.00000000,0.00000000,0.00000000,0.00000000,0.00000000,0.00000000,0.00000000,0.00000000,2.41213663,3.30000000,2.39802131,2.40296167,2.39728017,3.30000000,3.27971368,2.97086195,2.38242372,3.30000000,4.16140605,3.53876223,2.41461514,3.30000000,2.39817001,2.40392580,2.39975868,3.30000000,3.27986238,2.97182608,2.38490222,3.30000000,4.16155475,3.53972636,true,0
2026,4,00-0034975,Justice Hill,RB,BAL,-5.00000000,0.00000000,0.00000000,0.00000000,0.00000000,1.00000000,0.00000000,0.00000000,0.00000000,3.00000000,0.00000000,0.00000000,0.00000000,0.00000000,1.61108792,2.50000000,2.40296167,2.12580586,2.82178900,3.50000000,2.97086195,2.91868642,4.03249007,4.50000000,3.53876223,3.71156698,1.60987251,2.50000000,2.40392580,2.12600715,2.82057359,3.50000000,2.97182608,2.91888771,4.03127466,4.50000000,3.53972636,3.71176827,true,0
2026,1,00-0034981,Foster Moreau,TE,HOU,7.00000000,0.00000000,0.00000000,0.00000000,0.00000000,0.00000000,0.00000000,0.00000000,0.00000000,2.00000000,0.00000000,0.00000000,0.00000000,0.00000000,1.39091310,1.50000000,0.98033020,1.12403422,2.15132221,2.50000000,1.54339124,1.75616708,2.91173131,3.50000000,2.10645227,2.38829994,1.38855522,1.50000000,0.97809759,1.12175776,2.14896433,2.50000000,1.54115862,1.75389062,2.90937343,3.50000000,2.10421965,2.38602348,true,0
2026,2,00-0034981,Foster Moreau,TE,HOU,14.00000000,0.00000000,0.00000000,0.00000000,0.00000000,0.00000000,0.00000000,0.00000000,0.00000000,2.00000000,0.00000000,0.00000000,0.00000000,0.00000000,1.64541204,3.40000000,1.12403422,1.30651645,2.36292381,4.40000000,1.75616708,1.96853193,3.08043558,5.40000000,2.38829994,2.63054741,1.64326818,3.40000000,1.12175776,1.30428641,2.36077995,4.40000000,1.75389062,1.96630189,3.07829172,5.40000000,2.38602348,2.62831736,true,0
2026,3,00-0034981,Foster Moreau,TE,HOU,13.00000000,0.00000000,0.00000000,0.00000000,0.00000000,0.00000000,0.00000000,0.00000000,0.00000000,4.00000000,0.00000000,2.00000000,1.00000000,2.00000000,6.94204674,6.70000000,1.30651645,3.27895205,8.29333144,7.70000000,1.96853193,4.18221176,9.64461615,8.70000000,2.63054741,5.08547147,6.93976768,6.70000000,1.30428641,3.27670485,8.29105239,7.70000000,1.96630189,4.17996456,9.64233709,8.70000000,2.62831736,5.08322427,true,0
2026,4,00-0034981,Foster Moreau,TE,HOU,-4.00000000,0.00000000,0.00000000,0.00000000,0.00000000,0.00000000,0.00000000,0.00000000,0.00000000,1.00000000,0.00000000,0.00000000,0.00000000,0.00000000,0.46562741,0.10000000,3.27895205,2.29428843,0.88758280,0.60000000,4.18221176,3.02909163,1.30953819,1.10000000,5.08547147,3.76389482,0.46344220,0.10000000,3.27670485,2.29206292,0.88539759,0.60000000,4.17996456,3.02686612,1.30735298,1.10000000,5.08322427,3.76166932,true,0
2026,1,00-0035021,Ashton Dulin,WR,IND,0.00000000,0.00000000,0.00000000,0.00000000,0.00000000,0.00000000,0.00000000,0.00000000,0.00000000,1.00000000,0.00000000,0.00000000,0.00000000,0.00000000,0.49328332,0.00000000,2.06902607,1.51751611,0.86181319,0.00000000,2.45634288,1.89825749,1.23034305,0.00000000,2.84365969,2.27899887,0.49491554,0.00000000,2.07307490,1.52071912,0.86344540,0.00000000,2.46039171,1.90146050,1.23197527,0.00000000,2.84770852,2.28220188,true,0
2026,4,00-0035021,Ashton Dulin,WR,IND,38.00000000,0.00000000,0.00000000,0.00000000,0.00000000,0.00000000,0.00000000,0.00000000,0.00000000,6.00000000,0.00000000,0.00000000,0.00000000,0.00000000,4.61650995,2.90000000,1.51751611,2.60216395,6.74332774,4.40000000,1.89825749,3.59403208,8.87014553,5.90000000,2.27899887,4.58590020,4.61842177,2.90000000,1.52071912,2.60491505,6.74523956,4.40000000,1.90146050,3.59678318,8.87205736,5.90000000,2.28220188,4.58865130,true,0
2026,1,00-0035208,Olamide Zaccheaus,WR,ATL,5.00000000,0.00000000,0.00000000,0.00000000,0.00000000,0.00000000,0.00000000,0.00000000,0.00000000,1.00000000,0.00000000,0.00000000,0.00000000,0.00000000,0.65575138,0.50000000,4.71444528,3.29390242,0.99191667,1.00000000,6.31750915,4.45355178,1.32808195,1.50000000,7.92057302,5.61320115,0.65701422,0.50000000,4.71726885,3.29617973,0.99317951,1.00000000,6.32033272,4.45582909,1.32934479,1.50000000,7.92339659,5.61547846,true,0
2026,2,00-0035208,Olamide Zaccheaus,WR,ATL,7.00000000,0.00000000,0.00000000,0.00000000,0.00000000,0.00000000,0.00000000,0.00000000,0.00000000,3.00000000,0.00000000,0.00000000,0.00000000,0.00000000,1.87612635,0.30000000,3.29390242,2.79768079,3.00104930,0.80000000,4.45355178,3.94517591,4.12597225,1.30000000,5.61320115,5.09267103,1.87847619,0.30000000,3.29617973,2.79998349,3.00339914,0.80000000,4.45582909,3.94747861,4.12832210,1.30000000,5.61547846,5.09497373,true,0
2026,3,00-0035208,Olamide Zaccheaus,WR,ATL,0.00000000,0.00000000,0.00000000,0.00000000,0.00000000,0.00000000,0.00000000,0.00000000,0.00000000,2.00000000,0.00000000,0.00000000,0.00000000,0.00000000,1.07097719,0.90000000,2.79768079,2.19333453,1.84035881,1.90000000,3.94517591,3.20848993,2.60974043,2.90000000,5.09267103,4.22364532,1.07322678,0.90000000,2.79998349,2.19561864,1.84260840,1.90000000,3.94747861,3.21077404,2.61199002,2.90000000,5.09497373,4.22592943,true,0
2026,4,00-0035208,Olamide Zaccheaus,WR,ATL,3.00000000,0.00000000,0.00000000,0.00000000,0.00000000,0.00000000,0.00000000,0.00000000,0.00000000,1.00000000,0.00000000,0.00000000,0.00000000,1.00000000,0.84607306,0.00000000,2.19333453,1.72179301,1.18887996,0.00000000,3.20848993,2.50162644,1.53168686,0.00000000,4.22364532,3.28145986,0.84819264,0.00000000,2.19561864,1.72401954,1.19099954,0.00000000,3.21077404,2.50385296,1.53380644,0.00000000,4.22592943,3.28368639,true,0
2026,1,00-0035228,Kyler Murray,QB,MIN,0.00000000,35.00000000,5.00000000,0.00000000,0.00000000,2.00000000,0.00000000,0.00000000,0.00000000,0.00000000,0.00000000,0.00000000,0.00000000,0.00000000,3.39920734,-0.38000000,15.87582975,11.50901191,3.40310366,-0.38000000,15.88244142,11.51467320,3.40699999,-0.38000000,15.88905308,11.52033450,3.94419463,-0.38000000,18.23614098,13.23395976,3.94809096,-0.38000000,18.24275264,13.23962105,3.95198728,-0.38000000,18.24936431,13.24528235,true,0
2026,3,00-0035228,Kyler Murray,QB,MIN,0.00000000,252.00000000,29.00000000,0.00000000,0.00000000,2.00000000,0.00000000,0.00000000,0.00000000,0.00000000,0.00000000,0.00000000,0.00000000,0.00000000,10.13336005,10.42000000,11.50901191,11.02753376,10.13665003,10.42000000,11.51467320,11.03236509,10.13994001,10.42000000,11.52033450,11.03719643,11.71328100,12.42000000,13.23395976,12.70172219,11.71657098,12.42000000,13.23962105,12.70655353,11.71986096,12.42000000,13.24528235,12.71138486,true,1
2026,4,00-0035228,Kyler Murray,QB,MIN,0.00000000,178.00000000,37.00000000,1.00000000,6.00000000,3.00000000,0.00000000,0.00000000,0.00000000,0.00000000,0.00000000,0.00000000,0.00000000,0.00000000,14.03983282,11.48000000,11.02753376,12.08183843,14.04655240,11.48000000,11.03236509,12.08733065,14.05327199,11.48000000,11.03719643,12.09282288,16.44944015,11.48000000,12.70172219,14.01342348,16.45615974,11.48000000,12.70655353,14.01891570,16.46287932,11.48000000,12.71138486,14.02440793,true,0
2026,1,00-0035229,T.J. Hockenson,TE,MIN,17.00000000,0.00000000,0.00000000,0.00000000,0.00000000,0.00000000,0.00000000,0.00000000,0.00000000,5.00000000,0.00000000,1.00000000,0.00000000,2.00000000,5.66149561,9.60000000,4.19572909,4.70874737,7.50949743,11.60000000,5.80529101,6.40176326,9.35749926,13.60000000,7.41485293,8.09477914,5.65756691,9.60000000,4.19656436,4.70791525,7.50556873,11.60000000,5.80612628,6.40093114,9.35357056,13.60000000,7.41568820,8.09394703,true,0
2026,2,00-0035229,T.J. Hockenson,TE,MIN,32.00000000,0.00000000,0.00000000,0.00000000,0.00000000,0.00000000,0.00000000,0.00000000,0.00000000,4.00000000,0.00000000,0.00000000,0.00000000,0.00000000,3.35055546,2.90000000,4.70874737,4.23338020,4.76948742,4.40000000,6.40176326,5.83046671,6.18841938,5.90000000,8.09477914,7.42755323,3.34794397,2.90000000,4.70791525,4.23192530,4.76687593,4.40000000,6.40093114,5.82901182,6.18580789,5.90000000,8.09394703,7.42609833,true,0
2026,3,00-0035229,T.J. Hockenson,TE,MIN,44.00000000,0.00000000,0.00000000,0.00000000,0.00000000,0.00000000,0.00000000,0.00000000,0.00000000,4.00000000,1.00000000,0.00000000,0.00000000,0.00000000,3.72296994,1.10000000,4.23338020,4.05473661,5.01050964,2.10000000,5.83046671,5.54348174,6.29804934,3.10000000,7.42755323,7.03222687,3.72062362,1.10000000,4.23192530,4.05296971,5.00816332,2.10000000,5.82901182,5.54171484,6.29570302,3.10000000,7.42609833,7.03045997,true,0
2026,4,00-0035229,T.J. Hockenson,TE,MIN,83.00000000,0.00000000,0.00000000,0.00000000,0.00000000,0.00000000,0.00000000,0.00000000,0.00000000,13.00000000,1.00000000,0.00000000,1.00000000,3.00000000,12.71591102,11.90000000,4.05473661,7.08614765,17.38567289,18.40000000,5.54348174,9.68824864,22.05543476,24.90000000,7.03222687,12.29034963,12.71195516,11.90000000,4.05296971,7.08361462,17.38171703,18.40000000,5.54171484,9.68571561,22.05147891,24.90000000,7.03045997,12.28781660,true,0
2026,1,00-0035249,Josh Oliver,TE,MIN,13.00000000,0.00000000,0.00000000,0.00000000,0.00000000,0.00000000,0.00000000,0.00000000,0.00000000,4.00000000,0.00000000,0.00000000,0.00000000,0.00000000,2.65977263,2.20000000,1.75934959,2.07449765,4.19514022,3.20000000,2.38629302,3.01938954,5.73050780,4.20000000,3.01323644,3.96428142,2.65658022,2.20000000,1.75754961,2.07221032,4.19194781,3.20000000,2.38449304,3.01710221,5.72731539,4.20000000,3.01143646,3.96199409,true,0
2026,2,00-0035249,Josh Oliver,TE,MIN,5.00000000,0.00000000,0.00000000,0.00000000,0.00000000,0.00000000,0.00000000,0.00000000,0.00000000,1.00000000,0.00000000,0.00000000,0.00000000,0.00000000,0.79284033,2.40000000,2.07449765,1.62591759,1.15964200,2.90000000,3.01938954,2.36847790,1.52644368,3.40000000,3.96428142,3.11103821,0.79093029,2.40000000,2.07221032,1.62376231,1.15773196,2.90000000,3.01710221,2.36632262,1.52453364,3.40000000,3.96199409,3.10888293,true,0
2026,1,00-0035250,Devin Singletary,RB,NYG,-16.00000000,0.00000000,0.00000000,0.00000000,0.00000000,6.00000000,0.00000000,0.00000000,1.00000000,4.00000000,0.00000000,0.00000000,1.00000000,2.00000000,6.83719774,9.80000000,5.48869174,5.96066884,8.50592921,11.80000000,5.92854254,6.83062788,10.17466068,13.80000000,6.36839334,7.70058691,6.83961367,9.80000000,5.49194624,5.96362984,8.50834514,11.80000000,5.93179704,6.83358887,10.17707660,13.80000000,6.37164784,7.70354791,true,0
2026,2,00-0035250,Devin Singletary,RB,NYG,-1.00000000,0.00000000,0.00000000,0.00000000,0.00000000,3.00000000,0.00000000,0.00000000,0.00000000,1.00000000,0.00000000,0.00000000,0.00000000,0.00000000,1.79389282,0.90000000,5.96066884,4.50229723,2.18290583,0.90000000,6.83062788,5.20392516,2.57191884,0.90000000,7.70058691,5.90555309,1.79474399,0.90000000,5.96362984,4.50451979,2.18375701,0.90000000,6.83358887,5.20614772,2.57277002,0.90000000,7.70354791,5.90777565,true,0
2026,1,00-0035261,Tony Pollard,RB,TEN,24.00000000,0.00000000,0.00000000,0.00000000,0.00000000,7.00000000,0.00000000,0.00000000,0.00000000,2.00000000,1.00000000,0.00000000,0.00000000,0.00000000,6.22877912,3.40000000,9.56531528,8.39752763,6.80205411,3.90000000,10.49943094,9.20534905,7.37532910,4.40000000,11.43354659,10.01317047,6.22522832,3.40000000,9.57058539,8.39971042,6.79850330,3.90000000,10.50470105,9.20753184,7.37177829,4.40000000,11.43881670,10.01535326,true,0
2026,2,00-0035261,Tony Pollard,RB,TEN,-7.00000000,0.00000000,0.00000000,0.00000000,0.00000000,14.00000000,3.00000000,1.00000000,5.00000000,1.00000000,0.00000000,0.00000000,0.00000000,0.00000000,11.11499684,6.50000000,8.39752763,9.34864185,11.59451644,7.00000000,9.20534905,10.04155764,12.07403605,7.50000000,10.01317047,10.73447342,11.12346910,6.50000000,8.39971042,9.35302595,11.60298870,7.00000000,9.20753184,10.04594174,12.08250830,7.50000000,10.01535326,10.73885752,true,0
2026,3,00-0035261,Tony Pollard,RB,TEN,2.00000000,0.00000000,0.00000000,0.00000000,0.00000000,17.00000000,2.00000000,1.00000000,3.00000000,4.00000000,0.00000000,0.00000000,0.00000000,0.00000000,13.59253416,9.60000000,9.34864185,10.83400416,15.15862973,11.60000000,10.04155764,11.83253287,16.72472529,13.60000000,10.73447342,12.83106158,13.59856004,9.60000000,9.35302595,10.83896288,15.16465560,11.60000000,10.04594174,11.83749159,16.73075117,13.60000000,10.73885752,12.83602030,true,0
2026,4,00-0035261,Tony Pollard,RB,TEN,-3.00000000,0.00000000,0.00000000,0.00000000,0.00000000,16.00000000,8.00000000,4.00000000,9.00000000,4.00000000,0.00000000,0.00000000,0.00000000,0.00000000,19.38882881,11.00000000,10.83400416,13.82819279,21.05987104,12.00000000,11.83253287,15.06210123,22.73091328,13.00000000,12.83106158,16.29600967,19.40002773,11.00000000,10.83896288,13.83533558,21.07106997,12.00000000,11.83749159,15.06924402,22.74211221,13.00000000,12.83602030,16.30315247,true,0
2026,2,00-0035406,Lil'Jordan Humphrey,WR,DEN,14.00000000,0.00000000,0.00000000,0.00000000,0.00000000,0.00000000,0.00000000,0.00000000,0.00000000,1.00000000,0.00000000,0.00000000,0.00000000,0.00000000,0.94819390,0.00000000,4.17813172,3.04765348,1.22610293,0.00000000,5.26064597,3.84855591,1.50401196,0.00000000,6.34316023,4.64945833,0.94879186,0.00000000,4.17890214,3.04836354,1.22670089,0.00000000,5.26141640,3.84926597,1.50460992,0.00000000,6.34393065,4.65016840,true,0
2026,3,00-0035537,Ty Johnson,RB,BUF,0.00000000,0.00000000,0.00000000,0.00000000,0.00000000,0.00000000,0.00000000,0.00000000,0.00000000,4.00000000,0.00000000,0.00000000,0.00000000,0.00000000,1.69909656,5.00000000,3.21487981,2.68435567,3.26582462,7.00000000,3.99294227,3.73845109,4.83255268,9.00000000,4.77100474,4.79254652,1.69602147,5.00000000,3.21545946,2.68365616,3.26274953,7.00000000,3.99352192,3.73775158,4.82947759,9.00000000,4.77158438,4.79184700,true,0
2026,4,00-0035537,Ty Johnson,RB,BUF,0.00000000,0.00000000,0.00000000,0.00000000,0.00000000,1.00000000,0.00000000,0.00000000,1.00000000,2.00000000,0.00000000,0.00000000,0.00000000,1.00000000,1.77143765,1.20000000,2.68435567,2.36483437,2.54639076,2.20000000,3.73845109,3.32122998,3.32134387,3.20000000,4.79254652,4.27762559,1.76951071,1.20000000,2.68365616,2.36370525,2.54446381,2.20000000,3.73775158,3.32010086,3.31941692,3.20000000,4.79184700,4.27649647,true,0
2026,4,00-0035567,Craig Reynolds,RB,WAS,0.00000000,0.00000000,0.00000000,0.00000000,0.00000000,2.00000000,0.00000000,0.00000000,0.00000000,0.00000000,0.00000000,0.00000000,0.00000000,0.00000000,0.75472209,0.40000000,2.87679840,2.13407169,0.74243495,0.40000000,3.32351251,2.42013536,0.73014782,0.40000000,3.77022661,2.70619903,0.75577264,0.40000000,2.87718004,2.13468745,0.74348551,0.40000000,3.32389414,2.42075112,0.73119837,0.40000000,3.77060825,2.70681479,true,0
2026,2,00-0035594,Travis Homer,RB,PIT,0.00000000,0.00000000,0.00000000,0.00000000,0.00000000,2.00000000,0.00000000,0.00000000,0.00000000,0.00000000,0.00000000,0.00000000,0.00000000,0.00000000,0.75472209,1.60000000,2.60056264,1.95451845,0.74243495,1.60000000,3.04770497,2.24086046,0.73014782,1.60000000,3.49484730,2.52720248,0.75577264,1.60000000,2.60070629,1.95497951,0.74348551,1.60000000,3.04784861,2.24132153,0.73119837,1.60000000,3.49499094,2.52766354,true,0
2026,3,00-0035594,Travis Homer,RB,PIT,0.00000000,0.00000000,0.00000000,0.00000000,0.00000000,1.00000000,0.00000000,0.00000000,1.00000000,0.00000000,0.00000000,0.00000000,0.00000000,0.00000000,0.49343980,0.00000000,1.95451845,1.44314092,0.48995304,0.00000000,2.24086046,1.62804287,0.48646628,0.00000000,2.52720248,1.81294481,0.49357349,0.00000000,1.95497951,1.44348740,0.49008673,0.00000000,2.24132153,1.62838935,0.48659997,0.00000000,2.52766354,1.81329129,true,0
2026,4,00-0035594,Travis Homer,RB,PIT,0.00000000,0.00000000,0.00000000,0.00000000,0.00000000,2.00000000,1.00000000,0.00000000,2.00000000,0.00000000,0.00000000,0.00000000,0.00000000,0.00000000,1.70225884,-0.10000000,1.44314092,1.53383219,1.71332409,-0.10000000,1.62804287,1.65789130,1.72438935,-0.10000000,1.81294481,1.78195040,1.70374096,-0.10000000,1.44348740,1.53457615,1.71480621,-0.10000000,1.62838935,1.65863525,1.72587146,-0.10000000,1.81329129,1.78269435,true,0
2026,1,00-0035631,Drew Sample,TE,CIN,0.00000000,0.00000000,0.00000000,0.00000000,0.00000000,0.00000000,0.00000000,0.00000000,0.00000000,3.00000000,0.00000000,0.00000000,0.00000000,1.00000000,2.30705049,1.90000000,1.26383837,1.62896261,3.51924005,3.40000000,1.99403911,2.52785944,4.73142962,4.90000000,2.72423984,3.42675626,2.30400288,1.90000000,1.26657131,1.62967236,3.51619244,3.40000000,1.99677204,2.52856918,4.72838201,4.90000000,2.72697277,3.42746600,true,0
2026,3,00-0035631,Drew Sample,TE,CIN,3.00000000,0.00000000,0.00000000,0.00000000,0.00000000,0.00000000,0.00000000,0.00000000,0.00000000,2.00000000,0.00000000,0.00000000,0.00000000,0.00000000,1.24548514,0.00000000,1.62896261,1.49474550,2.03040701,0.50000000,2.52785944,2.35375109,2.81532887,1.00000000,3.42675626,3.21275668,1.24300496,0.00000000,1.62967236,1.49433877,2.02792683,0.50000000,2.52856918,2.35334436,2.81284870,1.00000000,3.42746600,3.21234995,true,0
2026,1,00-0035640,DK Metcalf,WR,PIT,204.00000000,0.00000000,0.00000000,0.00000000,0.00000000,0.00000000,0.00000000,0.00000000,0.00000000,10.00000000,6.00000000,1.00000000,0.00000000,0.00000000,13.47642140,4.00000000,7.48919156,9.58472201,15.94080781,6.00000000,9.55719903,11.79146210,18.40519422,8.00000000,11.62520649,13.99820220,13.47907548,4.00000000,7.49191506,9.58742121,15.94346189,6.00000000,9.55992252,11.79416130,18.40784830,8.00000000,11.62792999,14.00090140,true,0
2026,2,00-0035640,DK Metcalf,WR,PIT,62.00000000,0.00000000,0.00000000,0.00000000,0.00000000,0.00000000,0.00000000,0.00000000,0.00000000,9.00000000,1.00000000,0.00000000,0.00000000,0.00000000,7.18385515,2.70000000,9.58472201,8.74441861,10.33742545,4.70000000,11.79146210,11.28254927,13.49099574,6.70000000,13.99820220,13.82067994,7.18760710,2.70000000,9.58742121,8.74748627,10.34117739,4.70000000,11.79416130,11.28561693,13.49474769,6.70000000,14.00090140,13.82374760,true,0
2026,3,00-0035640,DK Metcalf,WR,PIT,73.00000000,0.00000000,0.00000000,0.00000000,0.00000000,0.00000000,0.00000000,0.00000000,0.00000000,5.00000000,2.00000000,1.00000000,1.00000000,1.00000000,7.27697925,9.10000000,8.74441861,8.23081483,8.61656090,10.60000000,11.28254927,10.34945334,9.95614255,12.10000000,13.82067994,12.46809185,7.27831881,9.10000000,8.74748627,8.23327766,8.61790046,10.60000000,11.28561693,10.35191617,9.95748211,12.10000000,13.82374760,12.47055468,true,0
2026,4,00-0035640,DK Metcalf,WR,PIT,155.00000000,0.00000000,0.00000000,0.00000000,0.00000000,0.00000000,0.00000000,0.00000000,0.00000000,9.00000000,3.00000000,0.00000000,0.00000000,0.00000000,10.31459492,11.50000000,8.23081483,8.96013786,12.82527845,14.00000000,10.34945334,11.21599213,15.33596198,16.50000000,12.46809185,13.47184640,10.31499845,11.50000000,8.23327766,8.96187993,12.82568198,14.00000000,10.35191617,11.21773420,15.33636551,16.50000000,12.47055468,13.47358847,true,0
2026,1,00-0035644,Noah Fant,TE,NO,48.00000000,0.00000000,0.00000000,0.00000000,0.00000000,0.00000000,0.00000000,0.00000000,0.00000000,8.00000000,0.00000000,1.00000000,1.00000000,1.00000000,8.63031790,9.30000000,2.76477375,4.81771420,11.46230730,11.30000000,3.93720836,6.57099298,14.29429669,13.30000000,5.10964296,8.32427177,8.62745588,9.30000000,2.76222281,4.81505438,11.45944528,11.30000000,3.93465741,6.56833316,14.29143467,13.30000000,5.10709201,8.32161194,true,0
2026,3,00-0035644,Noah Fant,TE,NO,13.00000000,0.00000000,0.00000000,0.00000000,0.00000000,0.00000000,0.00000000,0.00000000,0.00000000,4.00000000,0.00000000,1.00000000,1.00000000,2.00000000,5.90166557,15.30000000,4.81771420,5.19709718,7.32770571,17.30000000,6.57099298,6.83584244,8.75374586,19.30000000,8.32427177,8.47458770,5.89980268,15.30000000,4.81505438,5.19471628,7.32584282,17.30000000,6.56833316,6.83346154,8.75188296,19.30000000,8.32161194,8.47220680,true,0
2026,1,00-0035659,Terry McLaurin,WR,WAS,22.00000000,0.00000000,0.00000000,0.00000000,0.00000000,0.00000000,0.00000000,0.00000000,0.00000000,4.00000000,1.00000000,0.00000000,1.00000000,1.00000000,4.15899932,1.40000000,7.15802923,6.10836876,5.51691842,2.40000000,8.89969083,7.71572049,6.87483752,3.40000000,10.64135243,9.32307221,4.16175810,1.40000000,7.15909371,6.11002624,5.51967720,2.40000000,8.90075531,7.71737797,6.87759630,3.40000000,10.64241691,9.32472970,true,0
2026,2,00-0035659,Terry McLaurin,WR,WAS,154.00000000,0.00000000,0.00000000,0.00000000,0.00000000,0.00000000,0.00000000,0.00000000,0.00000000,9.00000000,4.00000000,3.00000000,1.00000000,1.00000000,13.98596097,5.00000000,6.10836876,8.86552604,16.22650248,6.00000000,7.71572049,10.69449419,18.46704399,7.00000000,9.32307221,12.52346234,13.98724823,5.00000000,6.11002624,8.86705394,16.22778974,6.00000000,7.71737797,10.69602209,18.46833125,7.00000000,9.32472970,12.52499024,true,0
2026,3,00-0035659,Terry McLaurin,WR,WAS,110.00000000,0.00000000,0.00000000,0.00000000,0.00000000,0.00000000,0.00000000,0.00000000,0.00000000,9.00000000,2.00000000,0.00000000,0.00000000,0.00000000,8.79796546,13.70000000,8.86552604,8.84187983,11.62038299,16.70000000,10.69449419,11.01855527,14.44280053,19.70000000,12.52346234,13.19523070,8.79993238,13.70000000,8.86705394,8.84356139,11.62234992,16.70000000,10.69602209,11.02023683,14.44476745,19.70000000,12.52499024,13.19691227,true,0
2026,2,00-0035662,Marquise Brown,WR,PHI,0.00000000,0.00000000,0.00000000,0.00000000,0.00000000,2.00000000,0.00000000,0.00000000,0.00000000,0.00000000,0.00000000,0.00000000,0.00000000,0.00000000,1.66861989,1.20000000,5.25038075,3.99676445,1.66848869,1.20000000,6.66677454,4.91737449,1.66835748,1.20000000,8.08316833,5.83798453,1.67317720,1.20000000,5.25135845,3.99899501,1.67304600,1.20000000,6.66775223,4.91960505,1.67291479,1.20000000,8.08414602,5.84021509,true,0
2026,1,00-0035676,A.J. Brown,WR,NE,19.00000000,0.00000000,0.00000000,0.00000000,0.00000000,0.00000000,0.00000000,0.00000000,0.00000000,4.00000000,0.00000000,0.00000000,0.00000000,0.00000000,2.84374357,2.60000000,8.54254037,6.54796149,4.29184327,4.10000000,11.05582698,8.68843268,5.73994298,5.60000000,13.56911359,10.82890387,2.84582428,2.60000000,8.54418105,6.54975618,4.29392398,4.10000000,11.05746766,8.69022737,5.74202369,5.60000000,13.57075426,10.83069856,true,0
2026,1,00-0035685,David Montgomery,RB,HOU,5.00000000,0.00000000,0.00000000,0.00000000,0.00000000,20.00000000,4.00000000,3.00000000,5.00000000,3.00000000,0.00000000,0.00000000,1.00000000,1.00000000,19.50858565,25.90000000,7.72166475,11.84708706,20.65087979,27.40000000,8.38718476,12.67947802,21.79317394,28.90000000,9.05270477,13.51186898,19.51976724,25.90000000,7.72568765,11.85361551,20.66206139,27.40000000,8.39120766,12.68600646,21.80435554,28.90000000,9.05672767,13.51839742,true,0
2026,2,00-0035685,David Montgomery,RB,HOU,9.00000000,0.00000000,0.00000000,0.00000000,0.00000000,6.00000000,0.00000000,0.00000000,1.00000000,2.00000000,0.00000000,0.00000000,0.00000000,0.00000000,4.51112753,2.40000000,11.84708706,9.27950123,5.22153066,3.40000000,12.67947802,10.06919644,5.93193379,4.40000000,13.51186898,10.85889166,4.51099179,2.40000000,11.85361551,9.28369721,5.22139492,3.40000000,12.68600646,10.07339242,5.93179805,4.40000000,13.51839742,10.86308764,true,0
2026,3,00-0035685,David Montgomery,RB,HOU,11.00000000,0.00000000,0.00000000,0.00000000,0.00000000,11.00000000,0.00000000,0.00000000,1.00000000,2.00000000,0.00000000,0.00000000,0.00000000,0.00000000,7.32474542,4.80000000,9.27950123,8.59533669,8.01520433,5.80000000,10.06919644,9.35029921,8.70566325,6.80000000,10.85889166,10.10526172,7.32675348,4.80000000,9.28369721,8.59876690,8.01721240,5.80000000,10.07339242,9.35372941,8.70767131,6.80000000,10.86308764,10.10869193,true,0
2026,4,00-0035685,David Montgomery,RB,HOU,0.00000000,0.00000000,0.00000000,0.00000000,0.00000000,10.00000000,1.00000000,0.00000000,1.00000000,0.00000000,0.00000000,0.00000000,0.00000000,0.00000000,5.83084173,4.30000000,8.59533669,7.62776345,5.82711152,4.30000000,9.35029921,8.11718352,5.82338132,4.30000000,10.10526172,8.60660358,5.83657259,4.30000000,8.59876690,7.63199889,5.83284239,4.30000000,9.35372941,8.12141896,5.82911219,4.30000000,10.10869193,8.61083902,true,0
2026,1,00-0035689,Dawson Knox,TE,BUF,2.00000000,0.00000000,0.00000000,0.00000000,0.00000000,0.00000000,0.00000000,0.00000000,0.00000000,1.00000000,0.00000000,0.00000000,0.00000000,0.00000000,0.68376935,0.70000000,3.83695904,2.73334265,1.06895560,1.20000000,4.91773419,3.57066168,1.45414185,1.70000000,5.99850934,4.40798072,0.68176759,0.70000000,3.83514104,2.73146033,1.06695384,1.20000000,4.91591619,3.56877937,1.45214009,1.70000000,5.99669134,4.40609840,true,0
2026,2,00-0035689,Dawson Knox,TE,BUF,3.00000000,0.00000000,0.00000000,0.00000000,0.00000000,0.00000000,0.00000000,0.00000000,0.00000000,2.00000000,0.00000000,1.00000000,1.00000000,1.00000000,3.84210055,6.50000000,2.73334265,3.12140792,4.51467566,7.50000000,3.57066168,3.90106658,5.18725077,8.50000000,4.40798072,4.68072524,3.84091661,6.50000000,2.73146033,3.11977003,4.51349172,7.50000000,3.56877937,3.89942869,5.18606683,8.50000000,4.40609840,4.67908735,true,0
2026,3,00-0035689,Dawson Knox,TE,BUF,3.00000000,0.00000000,0.00000000,0.00000000,0.00000000,1.00000000,0.00000000,0.00000000,0.00000000,1.00000000,0.00000000,0.00000000,0.00000000,0.00000000,1.87077489,0.50000000,3.12140792,2.68368636,2.25209179,1.00000000,3.90106658,3.32392540,2.63340870,1.50000000,4.68072524,3.96416445,1.92464053,0.50000000,3.11977003,2.70147471,2.30595743,1.00000000,3.89942869,3.34171375,2.68727433,1.50000000,4.67908735,3.98195280,true,0
2026,4,00-0035689,Dawson Knox,TE,BUF,3.00000000,0.00000000,0.00000000,0.00000000,0.00000000,0.00000000,0.00000000,0.00000000,0.00000000,2.00000000,0.00000000,0.00000000,0.00000000,1.00000000,1.89076266,1.30000000,2.68368636,2.40616307,2.67870385,2.30000000,3.32392540,3.09809786,3.46664503,3.30000000,3.96416445,3.79003265,1.88831577,1.30000000,2.70147471,2.41686908,2.67625695,2.30000000,3.34171375,3.10880387,3.46419813,3.30000000,3.98195280,3.80073866,true,0
2026,1,00-0035704,Drew Lock,QB,SEA,0.00000000,139.00000000,22.00000000,2.00000000,3.00000000,1.00000000,0.00000000,0.00000000,1.00000000,0.00000000,0.00000000,0.00000000,0.00000000,0.00000000,10.06332478,12.78000000,2.84025722,5.36833087,10.06566791,12.78000000,3.14271723,5.56574997,10.06801104,12.78000000,3.44517724,5.76316907,12.18323621,14.78000000,3.14417267,6.30784491,12.18557934,14.78000000,3.44663268,6.50526401,12.18792248,14.78000000,3.74909269,6.70268311,true,1
2026,2,00-0035704,Drew Lock,QB,SEA,0.00000000,227.00000000,26.00000000,1.00000000,6.00000000,0.00000000,0.00000000,0.00000000,0.00000000,0.00000000,0.00000000,0.00000000,0.00000000,0.00000000,11.59387831,21.40000000,5.36833087,7.54727247,11.59798427,21.40000000,5.56574997,7.67703198,11.60209024,21.40000000,5.76316907,7.80679148,14.24249094,27.40000000,6.30784491,9.08497102,14.24659690,27.40000000,6.50526401,9.21473052,14.25070287,27.40000000,6.70268311,9.34449003,true,3
2026,1,00-0035710,Daniel Jones,QB,IND,0.00000000,201.00000000,31.00000000,2.00000000,3.00000000,1.00000000,0.00000000,0.00000000,0.00000000,0.00000000,0.00000000,0.00000000,0.00000000,0.00000000,11.68060461,9.04000000,16.05549601,14.52428402,11.68588503,9.04000000,16.05983377,14.52895171,11.69116545,9.04000000,16.06417152,14.53361940,14.02330786,11.04000000,18.79370068,17.12406319,14.02858828,11.04000000,18.79803843,17.12873088,14.03386870,11.04000000,18.80237619,17.13339856,true,1
2026,2,00-0035710,Daniel Jones,QB,IND,0.00000000,162.00000000,31.00000000,1.00000000,4.00000000,3.00000000,0.00000000,0.00000000,1.00000000,0.00000000,0.00000000,0.00000000,0.00000000,0.00000000,12.63850231,11.40000000,14.52428402,13.86426043,12.64167123,11.40000000,14.52895171,13.86840354,12.64484015,11.40000000,14.53361940,13.87254666,14.74089595,13.40000000,17.12406319,16.28995466,14.74406487,13.40000000,17.12873088,16.29409778,14.74723379,13.40000000,17.13339856,16.29824089,true,1
2026,3,00-0035710,Daniel Jones,QB,IND,0.00000000,281.00000000,36.00000000,2.00000000,6.00000000,3.00000000,0.00000000,0.00000000,1.00000000,0.00000000,0.00000000,0.00000000,0.00000000,0.00000000,16.85614895,7.90000000,13.86426043,14.91142141,16.85958945,7.90000000,13.86840354,14.91531861,16.86302995,7.90000000,13.87254666,14.91921581,20.06739559,9.90000000,16.28995466,17.61205899,20.07083609,9.90000000,16.29409778,17.61595619,20.07427660,9.90000000,16.29824089,17.61985339,true,1
2026,4,00-0035710,Daniel Jones,QB,IND,0.00000000,128.00000000,34.00000000,0.00000000,3.00000000,2.00000000,1.00000000,1.00000000,1.00000000,0.00000000,0.00000000,0.00000000,0.00000000,0.00000000,12.66527118,7.92000000,14.91142141,14.12526883,12.66858123,7.92000000,14.91531861,14.12896053,12.67189129,7.92000000,14.91921581,14.13265223,14.00962609,7.92000000,17.61205899,16.35120747,14.01293615,7.92000000,17.61595619,16.35489917,14.01624620,7.92000000,17.61985339,16.35859087,true,0
2026,1,00-0035719,Deebo Samuel Sr.,WR,SF,17.00000000,0.00000000,0.00000000,0.00000000,0.00000000,1.00000000,0.00000000,0.00000000,0.00000000,7.00000000,0.00000000,1.00000000,2.00000000,3.00000000,8.79907303,12.00000000,6.71073434,7.44165288,11.30322905,15.00000000,8.93268570,9.76237587,13.80738508,18.00000000,11.15463705,12.08309886,8.80388127,12.00000000,6.71752339,7.44774865,11.30803729,15.00000000,8.93947474,9.76847164,13.81219332,18.00000000,11.16142610,12.08919463,true,0
2026,2,00-0035719,Deebo Samuel Sr.,WR,SF,19.00000000,0.00000000,0.00000000,0.00000000,0.00000000,1.00000000,0.00000000,0.00000000,0.00000000,4.00000000,0.00000000,0.00000000,0.00000000,0.00000000,3.72025879,3.50000000,7.44165288,6.13916495,5.18445384,5.00000000,9.76237587,8.16010316,6.64864888,6.50000000,12.08309886,10.18104137,3.72411073,3.50000000,7.44774865,6.14447538,5.18830578,5.00000000,9.76847164,8.16541359,6.65250082,6.50000000,12.08919463,10.18635180,true,0
2026,3,00-0035719,Deebo Samuel Sr.,WR,SF,0.00000000,0.00000000,0.00000000,0.00000000,0.00000000,2.00000000,0.00000000,0.00000000,0.00000000,0.00000000,0.00000000,0.00000000,0.00000000,0.00000000,1.66861989,15.40000000,6.13916495,4.57447418,1.66848869,15.40000000,8.16010316,5.88803809,1.66835748,15.40000000,10.18104137,7.20160201,1.67317720,15.40000000,6.14447538,4.57952101,1.67304600,15.40000000,8.16541359,5.89308493,1.67291479,15.40000000,10.18635180,7.20664884,true,0
2026,4,00-0035719,Deebo Samuel Sr.,WR,SF,14.00000000,0.00000000,0.00000000,0.00000000,0.00000000,3.00000000,0.00000000,0.00000000,0.00000000,6.00000000,0.00000000,0.00000000,2.00000000,2.00000000,8.79292494,13.00000000,4.57447418,6.05093195,11.02276056,15.50000000,5.88803809,7.68519096,13.25259618,18.00000000,7.20160201,9.31944997,8.80020086,13.00000000,4.57952101,6.05675896,11.03003647,15.50000000,5.89308493,7.69101797,13.25987209,18.00000000,7.20664884,9.32527698,true,0
2026,1,00-0035891,Cody White,WR,LV,3.00000000,0.00000000,0.00000000,0.00000000,0.00000000,0.00000000,0.00000000,0.00000000,0.00000000,1.00000000,0.00000000,0.00000000,0.00000000,0.00000000,0.59076416,0.00000000,1.68119868,1.29954660,0.93987527,0.00000000,2.14469808,1.72301010,1.28898639,0.00000000,2.60819748,2.14647360,0.59217475,0.00000000,1.68185690,1.30046815,0.94128587,0.00000000,2.14535630,1.72393165,1.29039698,0.00000000,2.60885570,2.14739515,true,0
2026,2,00-0035891,Cody White,WR,LV,24.00000000,0.00000000,0.00000000,0.00000000,0.00000000,0.00000000,0.00000000,0.00000000,0.00000000,2.00000000,0.00000000,2.00000000,0.00000000,2.00000000,4.01883153,14.40000000,1.29954660,2.25129632,4.48301932,15.40000000,1.72301010,2.68901333,4.94720712,16.40000000,2.14647360,3.12673033,4.02066620,14.40000000,1.30046815,2.25253747,4.48485399,15.40000000,1.72393165,2.69025447,4.94904179,16.40000000,2.14739515,3.12797147,true,0
2026,3,00-0035891,Cody White,WR,LV,14.00000000,0.00000000,0.00000000,0.00000000,0.00000000,0.00000000,0.00000000,0.00000000,0.00000000,3.00000000,0.00000000,1.00000000,1.00000000,2.00000000,4.35094347,6.40000000,2.25129632,2.98617283,5.30532500,6.90000000,2.68901333,3.60472241,6.25970652,7.40000000,3.12673033,4.22327200,4.35259392,6.40000000,2.25253747,2.98755722,5.30697544,6.90000000,2.69025447,3.60610681,6.26135697,7.40000000,3.12797147,4.22465639,true,0
2026,4,00-0035891,Cody White,WR,LV,55.00000000,0.00000000,0.00000000,0.00000000,0.00000000,0.00000000,0.00000000,0.00000000,0.00000000,5.00000000,1.00000000,0.00000000,1.00000000,1.00000000,5.80898241,5.60000000,2.98617283,3.97415618,7.35414701,6.60000000,3.60472241,4.91702102,8.89931161,7.60000000,4.22327200,5.85988586,5.80992067,5.60000000,2.98755722,3.97538443,7.35508527,6.60000000,3.60610681,4.91824927,8.90024987,7.60000000,4.22465639,5.86111411,true,0
2026,4,00-0035993,Tyler Huntley,QB,BAL,0.00000000,4.00000000,9.00000000,0.00000000,0.00000000,2.00000000,0.00000000,0.00000000,0.00000000,0.00000000,0.00000000,0.00000000,0.00000000,0.00000000,3.41412225,4.12000000,10.99917846,8.34440879,3.41852140,4.12000000,11.00132814,8.34734578,3.42292056,4.12000000,11.00347781,8.35028277,3.82918310,4.12000000,12.64044955,9.55650630,3.83358226,4.12000000,12.64259923,9.55944329,3.83798141,4.12000000,12.64474890,9.56238028,true,0
2026,1,00-0036040,Juwan Johnson,TE,NO,77.00000000,0.00000000,0.00000000,0.00000000,0.00000000,0.00000000,0.00000000,0.00000000,0.00000000,7.00000000,1.00000000,2.00000000,2.00000000,3.00000000,12.33733537,11.40000000,5.46676520,7.87146476,14.41856201,12.90000000,7.57249470,9.96861826,16.49978866,14.40000000,9.67822421,12.06577176,12.33709679,11.40000000,5.46352221,7.86927332,14.41832344,12.90000000,7.56925172,9.96642682,16.49955008,14.40000000,9.67498122,12.06358032,true,0
2026,2,00-0036040,Juwan Johnson,TE,NO,11.00000000,0.00000000,0.00000000,0.00000000,0.00000000,0.00000000,0.00000000,0.00000000,0.00000000,4.00000000,0.00000000,0.00000000,1.00000000,1.00000000,4.14329290,6.60000000,7.87146476,6.56660461,5.65332554,8.60000000,9.96861826,8.45826581,7.16335819,10.60000000,12.06577176,10.34992701,4.14175174,6.60000000,7.86927332,6.56464076,5.65178438,8.60000000,9.96642682,8.45630197,7.16181702,10.60000000,12.06358032,10.34796317,true,0
2026,3,00-0036040,Juwan Johnson,TE,NO,15.00000000,0.00000000,0.00000000,0.00000000,0.00000000,0.00000000,0.00000000,0.00000000,0.00000000,8.00000000,0.00000000,2.00000000,2.00000000,2.00000000,10.02715262,15.30000000,6.56660461,7.77779641,12.94902555,19.30000000,8.45826581,10.03003172,15.87089848,23.30000000,10.34992701,12.28226703,10.02457787,15.30000000,6.56464076,7.77561875,12.94645080,19.30000000,8.45630197,10.02785406,15.86832373,23.30000000,10.34796317,12.28008936,true,0
2026,4,00-0036040,Juwan Johnson,TE,NO,59.00000000,0.00000000,0.00000000,0.00000000,0.00000000,0.00000000,0.00000000,0.00000000,0.00000000,8.00000000,0.00000000,0.00000000,0.00000000,1.00000000,7.07890690,5.90000000,7.77779641,7.53318508,9.95885228,8.90000000,10.03003172,10.00511891,12.83879766,11.90000000,12.28226703,12.47705275,7.07511825,5.90000000,7.77561875,7.53044358,9.95506363,8.90000000,10.02785406,10.00237741,12.83500901,11.90000000,12.28008936,12.47431124,true,0
2026,1,00-0036139,Rico Dowdle,RB,PIT,4.00000000,0.00000000,0.00000000,0.00000000,0.00000000,8.00000000,0.00000000,0.00000000,1.00000000,5.00000000,0.00000000,0.00000000,0.00000000,0.00000000,7.02490791,2.10000000,10.40159340,9.21975347,8.95572993,3.10000000,11.57074967,10.65549276,10.88655195,4.10000000,12.73990595,12.09123205,7.02393415,2.10000000,10.40729667,9.22311979,8.95475617,3.10000000,11.57645295,10.65885908,10.88557820,4.10000000,12.74560922,12.09459837,true,0
2026,2,00-0036139,Rico Dowdle,RB,PIT,2.00000000,0.00000000,0.00000000,0.00000000,0.00000000,7.00000000,0.00000000,0.00000000,0.00000000,2.00000000,0.00000000,0.00000000,0.00000000,0.00000000,4.59299872,4.40000000,9.21975347,7.60038931,5.34941853,5.40000000,10.65549276,8.79836678,6.10583834,6.40000000,12.09123205,9.99634425,4.59460624,4.40000000,9.22311979,7.60314005,5.35102605,5.40000000,10.65885908,8.80111752,6.10744585,6.40000000,12.09459837,9.99909499,true,0
2026,1,00-0036158,J.K. Dobbins,RB,DEN,0.00000000,0.00000000,0.00000000,0.00000000,0.00000000,8.00000000,0.00000000,0.00000000,0.00000000,0.00000000,0.00000000,0.00000000,0.00000000,0.00000000,4.06955117,3.60000000,10.31941056,8.13195977,4.05212540,3.60000000,10.88896015,8.49606799,4.03469962,3.60000000,11.45850975,8.86017620,4.07345763,3.60000000,10.32655692,8.13797217,4.05603185,3.60000000,10.89610651,8.50208038,4.03860608,3.60000000,11.46565611,8.86618860,true,0
2026,2,00-0036158,J.K. Dobbins,RB,DEN,0.00000000,0.00000000,0.00000000,0.00000000,0.00000000,10.00000000,3.00000000,3.00000000,3.00000000,0.00000000,0.00000000,0.00000000,0.00000000,0.00000000,9.68236857,3.60000000,8.13195977,8.67460285,9.68193975,3.60000000,8.49606799,8.91112310,9.68151093,3.60000000,8.86017620,9.14764336,9.68966842,3.60000000,8.13797217,8.68106586,9.68923960,3.60000000,8.50208038,8.91758611,9.68881077,3.60000000,8.86618860,9.15410636,true,0
2026,3,00-0036158,J.K. Dobbins,RB,DEN,-3.00000000,0.00000000,0.00000000,0.00000000,0.00000000,17.00000000,2.00000000,1.00000000,3.00000000,2.00000000,0.00000000,0.00000000,0.00000000,0.00000000,12.43972463,5.30000000,8.67460285,9.99239547,13.25632407,5.80000000,8.91112310,10.43194344,14.07292352,6.30000000,9.14764336,10.87149141,12.44792763,5.30000000,8.68106586,9.99946748,13.26452707,5.80000000,8.91758611,10.43901545,14.08112652,6.30000000,9.15410636,10.87856341,true,0
2026,4,00-0036158,J.K. Dobbins,RB,DEN,3.00000000,0.00000000,0.00000000,0.00000000,0.00000000,11.00000000,0.00000000,0.00000000,0.00000000,2.00000000,0.00000000,0.00000000,0.00000000,0.00000000,6.82851494,5.20000000,9.99239547,8.88503729,7.57367798,6.20000000,10.43194344,9.43155053,8.31884101,7.20000000,10.87149141,9.97806377,6.83190833,5.20000000,9.99946748,8.89082178,7.57707137,6.20000000,10.43901545,9.43733502,8.32223441,7.20000000,10.87856341,9.98384826,true,0
2026,2,00-0036187,Reggie Gilliam,RB,NE,-1.00000000,0.00000000,0.00000000,0.00000000,0.00000000,0.00000000,0.00000000,0.00000000,0.00000000,2.00000000,0.00000000,0.00000000,0.00000000,0.00000000,0.64880765,0.40000000,2.45462495,1.82258889,1.43471556,0.90000000,2.84381149,2.35062791,2.22062347,1.40000000,3.23299803,2.87866693,0.64743746,0.40000000,2.45367091,1.82148920,1.43334537,0.90000000,2.84285745,2.34952822,2.21925327,1.40000000,3.23204399,2.87756724,true,0
2026,1,00-0036223,Jonathan Taylor,RB,IND,0.00000000,0.00000000,0.00000000,0.00000000,0.00000000,19.00000000,4.00000000,3.00000000,5.00000000,4.00000000,0.00000000,0.00000000,0.00000000,0.00000000,17.65146646,22.10000000,15.37559476,16.17214986,19.24398438,23.60000000,16.70186446,17.59160643,20.83650230,25.10000000,18.02813415,19.01106300,17.66030803,22.10000000,15.38359112,16.18044204,19.25282595,23.60000000,16.70986081,17.59989861,20.84534388,25.10000000,18.03613050,19.01935518,true,0
2026,2,00-0036223,Jonathan Taylor,RB,IND,-1.00000000,0.00000000,0.00000000,0.00000000,0.00000000,24.00000000,2.00000000,2.00000000,5.00000000,4.00000000,0.00000000,0.00000000,0.00000000,0.00000000,18.81160002,25.20000000,16.17214986,17.09595741,20.40190956,27.20000000,17.59160643,18.57521252,21.99221909,29.20000000,19.01106300,20.05446763,18.82037155,25.20000000,16.18044204,17.10441737,20.41068109,27.20000000,17.59989861,18.58367248,22.00099062,29.20000000,19.01935518,20.06292759,true,0
2026,3,00-0036223,Jonathan Taylor,RB,IND,-13.00000000,0.00000000,0.00000000,0.00000000,0.00000000,23.00000000,0.00000000,0.00000000,2.00000000,3.00000000,0.00000000,0.00000000,0.00000000,1.00000000,14.39613754,7.20000000,17.09595741,16.15102046,15.65632158,8.20000000,18.57521252,17.55360069,16.91650562,9.20000000,20.05446763,18.95618093,14.40498266,7.20000000,17.10441737,16.15961522,15.66516670,8.20000000,18.58367248,17.56219545,16.92535074,9.20000000,20.06292759,18.96477569,true,0
2026,4,00-0036223,Jonathan Taylor,RB,IND,-12.00000000,0.00000000,0.00000000,0.00000000,0.00000000,20.00000000,2.00000000,2.00000000,4.00000000,4.00000000,0.00000000,0.00000000,0.00000000,0.00000000,16.02859302,21.70000000,16.15102046,16.10817085,17.70052546,22.20000000,17.55360069,17.60502436,19.37245790,22.70000000,18.95618093,19.10187787,16.03720011,21.70000000,16.15961522,16.11676993,17.70913255,22.20000000,17.56219545,17.61362344,19.38106500,22.70000000,18.96477569,19.11047695,true,0
2026,1,00-0036244,Colby Parkinson,TE,LA,9.00000000,0.00000000,0.00000000,0.00000000,0.00000000,0.00000000,0.00000000,0.00000000,0.00000000,2.00000000,0.00000000,0.00000000,1.00000000,1.00000000,3.01986133,0.60000000,5.00236507,4.30848876,3.73042273,1.10000000,6.43480465,5.48827098,4.44098414,1.60000000,7.86724424,6.66805320,3.01927700,0.60000000,5.00033859,4.30696703,3.72983840,1.10000000,6.43277817,5.48674925,4.44039981,1.60000000,7.86521775,6.66653147,true,0
2026,2,00-0036244,Colby Parkinson,TE,LA,-3.00000000,0.00000000,0.00000000,0.00000000,0.00000000,0.00000000,0.00000000,0.00000000,0.00000000,2.00000000,0.00000000,0.00000000,0.00000000,0.00000000,1.02734320,1.50000000,4.30848876,3.16008781,1.84903421,2.50000000,5.48827098,4.21453811,2.67072522,3.50000000,6.66805320,5.26898841,1.02467957,1.50000000,4.30696703,3.15816642,1.84637058,2.50000000,5.48674925,4.21261672,2.66806159,3.50000000,6.66653147,5.26706701,true,0
2026,3,00-0036244,Colby Parkinson,TE,LA,3.00000000,0.00000000,0.00000000,0.00000000,0.00000000,0.00000000,0.00000000,0.00000000,0.00000000,1.00000000,0.00000000,0.00000000,1.00000000,1.00000000,2.27636059,0.00000000,3.16008781,2.85078328,2.61782733,0.00000000,4.21453811,3.65568934,2.95929407,0.00000000,5.26898841,4.46059539,2.27610180,0.00000000,3.15816642,2.84944380,2.61756854,0.00000000,4.21261672,3.65434985,2.95903528,0.00000000,5.26706701,4.45925591,true,0
2026,1,00-0036252,Michael Pittman,WR,PIT,33.00000000,0.00000000,0.00000000,0.00000000,0.00000000,0.00000000,0.00000000,0.00000000,0.00000000,3.00000000,0.00000000,0.00000000,0.00000000,0.00000000,2.72096028,5.80000000,6.69767626,5.30582566,3.67758740,7.30000000,8.93642736,7.09583338,4.63421451,8.80000000,11.17517847,8.88584109,2.72138935,5.80000000,6.69963662,5.30725008,3.67801647,7.30000000,8.93838773,7.09725779,4.63464359,8.80000000,11.17713884,8.88726550,true,0
2026,3,00-0036252,Michael Pittman,WR,PIT,40.00000000,0.00000000,0.00000000,0.00000000,0.00000000,0.00000000,0.00000000,0.00000000,0.00000000,5.00000000,0.00000000,0.00000000,0.00000000,0.00000000,4.10380331,1.60000000,5.30582566,4.88511784,5.81682351,2.60000000,7.09583338,6.64817992,7.52984372,3.60000000,8.88584109,8.41124201,4.10495000,1.60000000,5.30725008,4.88644505,5.81797021,2.60000000,7.09725779,6.64950714,7.53099041,3.60000000,8.88726550,8.41256922,true,0
2026,4,00-0036252,Michael Pittman,WR,PIT,40.00000000,0.00000000,0.00000000,0.00000000,0.00000000,0.00000000,0.00000000,0.00000000,0.00000000,4.00000000,1.00000000,0.00000000,0.00000000,0.00000000,3.58052633,1.50000000,4.88511784,4.42851081,4.87224203,2.50000000,6.64817992,6.02660166,6.16395773,3.50000000,8.41124201,7.62469251,3.58281666,1.50000000,4.88644505,4.43017511,4.87453236,2.50000000,6.64950714,6.02826596,6.16624806,3.50000000,8.41256922,7.62635681,true,0
2026,1,00-0036259,Jauan Jennings,WR,MIN,30.00000000,0.00000000,0.00000000,0.00000000,0.00000000,0.00000000,0.00000000,0.00000000,0.00000000,1.00000000,1.00000000,0.00000000,0.00000000,0.00000000,1.52250859,0.00000000,7.03521782,5.10576959,1.67639820,0.00000000,8.99995842,6.43671234,1.83028781,0.00000000,10.96469902,7.76765510,1.52368555,0.00000000,7.03676497,5.10718717,1.67757516,0.00000000,9.00150557,6.43812992,1.83146477,0.00000000,10.96624616,7.76907268,true,0
2026,3,00-0036259,Jauan Jennings,WR,MIN,22.00000000,0.00000000,0.00000000,0.00000000,0.00000000,0.00000000,0.00000000,0.00000000,0.00000000,2.00000000,1.00000000,0.00000000,0.00000000,0.00000000,1.84025356,0.10000000,5.10576959,3.96283898,2.44677826,0.60000000,6.43671234,5.04023541,3.05330295,1.10000000,7.76765510,6.11763185,1.84263890,0.10000000,5.10718717,3.96459528,2.44916360,0.60000000,6.43812992,5.04199171,3.05568829,1.10000000,7.76907268,6.11938814,true,0
2026,4,00-0036259,Jauan Jennings,WR,MIN,4.00000000,0.00000000,0.00000000,0.00000000,0.00000000,0.00000000,0.00000000,0.00000000,0.00000000,1.00000000,0.00000000,0.00000000,0.00000000,0.00000000,0.62325777,0.80000000,3.96283898,2.79398556,0.96589597,1.30000000,5.04023541,3.61421661,1.30853417,1.80000000,6.11763185,4.43444766,0.62459449,0.80000000,3.96459528,2.79559500,0.96723269,1.30000000,5.04199171,3.61582605,1.30987088,1.80000000,6.11938814,4.43605710,true,0
2026,1,00-0036264,Jordan Love,QB,GB,0.00000000,469.00000000,42.00000000,3.00000000,7.00000000,1.00000000,0.00000000,0.00000000,1.00000000,0.00000000,0.00000000,0.00000000,0.00000000,0.00000000,20.66963044,19.48000000,14.17529068,16.44830960,20.67155639,19.48000000,14.17985874,16.45195292,20.67348235,19.48000000,14.18442680,16.45559624,25.18337407,23.48000000,16.87695706,19.78420301,25.18530002,23.48000000,16.88152512,19.78784633,25.18722598,23.48000000,16.88609317,19.79148966,true,2
2026,2,00-0036264,Jordan Love,QB,GB,0.00000000,216.00000000,29.00000000,2.00000000,3.00000000,0.00000000,0.00000000,0.00000000,0.00000000,0.00000000,0.00000000,0.00000000,0.00000000,0.00000000,11.06248697,13.80000000,16.44830960,14.56327168,11.06700155,13.80000000,16.45195292,14.56721994,11.07151613,13.80000000,16.45559624,14.57116820,13.48287615,17.80000000,19.78420301,17.57873861,13.48739073,17.80000000,19.78784633,17.58268687,13.49190531,17.80000000,19.79148966,17.58663513,true,2
2026,3,00-0036264,Jordan Love,QB,GB,0.00000000,392.00000000,53.00000000,4.00000000,8.00000000,1.00000000,0.00000000,0.00000000,0.00000000,0.00000000,0.00000000,0.00000000,0.00000000,0.00000000,21.38760590,18.48000000,14.56327168,16.95178865,21.39470834,18.48000000,14.56721994,16.95684088,21.40181078,18.48000000,14.57116820,16.96189310,25.91473537,22.48000000,17.57873861,20.49633748,25.92183781,22.48000000,17.58268687,20.50138970,25.92894025,22.48000000,17.58663513,20.50644193,true,2
2026,4,00-0036264,Jordan Love,QB,GB,0.00000000,215.00000000,30.00000000,4.00000000,7.00000000,1.00000000,0.00000000,0.00000000,0.00000000,0.00000000,0.00000000,0.00000000,0.00000000,0.00000000,14.97596847,13.08000000,16.95178865,16.26025159,14.98318970,13.08000000,16.95684088,16.26606296,14.99041093,13.08000000,16.96189310,16.27187434,18.50128896,17.08000000,20.49633748,19.79807050,18.50851019,17.08000000,20.50138970,19.80388187,18.51573143,17.08000000,20.50644193,19.80969325,true,2
2026,1,00-0036265,AJ Dillon,RB,CAR,0.00000000,0.00000000,0.00000000,0.00000000,0.00000000,5.00000000,0.00000000,0.00000000,0.00000000,0.00000000,0.00000000,0.00000000,0.00000000,0.00000000,2.41213663,2.80000000,1.44068121,1.78069061,2.39728017,2.80000000,1.60989504,1.88547984,2.38242372,2.80000000,1.77910887,1.99026907,2.41461514,2.80000000,1.44122880,1.78191402,2.39975868,2.80000000,1.61044263,1.88670325,2.38490222,2.80000000,1.77965646,1.99149248,true,0
2026,2,00-0036265,AJ Dillon,RB,CAR,0.00000000,0.00000000,0.00000000,0.00000000,0.00000000,3.00000000,0.00000000,0.00000000,0.00000000,0.00000000,0.00000000,0.00000000,0.00000000,0.00000000,1.30719360,-0.30000000,1.78069061,1.61496666,1.29405003,-0.30000000,1.88547984,1.67847940,1.28090645,-0.30000000,1.99026907,1.74199215,1.30872014,-0.30000000,1.78191402,1.61629616,1.29557656,-0.30000000,1.88670325,1.67980891,1.28243299,-0.30000000,1.99149248,1.74332166,true,0
2026,3,00-0036265,AJ Dillon,RB,CAR,-7.00000000,0.00000000,0.00000000,0.00000000,0.00000000,4.00000000,0.00000000,0.00000000,0.00000000,1.00000000,0.00000000,0.00000000,0.00000000,0.00000000,2.19258340,1.40000000,1.61496666,1.81713252,2.62772601,1.90000000,1.67847940,2.01071572,3.06286863,2.40000000,1.74199215,2.20429892,2.19461889,1.40000000,1.61629616,1.81870912,2.62976151,1.90000000,1.67980891,2.01229232,3.06490412,2.40000000,1.74332166,2.20587552,true,0
2026,4,00-0036265,AJ Dillon,RB,CAR,5.00000000,0.00000000,0.00000000,0.00000000,0.00000000,5.00000000,0.00000000,0.00000000,1.00000000,1.00000000,0.00000000,0.00000000,0.00000000,0.00000000,3.34380602,0.70000000,1.81713252,2.35146824,3.69206404,1.20000000,2.01071572,2.59918763,4.04032206,1.70000000,2.20429892,2.84690702,3.34445994,0.70000000,1.81870912,2.35272190,3.69271796,1.20000000,2.01229232,2.60044129,4.04097598,1.70000000,2.20587552,2.84816068,true,0
2026,1,00-0036275,D'Andre Swift,RB,CHI,4.00000000,0.00000000,0.00000000,0.00000000,0.00000000,18.00000000,4.00000000,3.00000000,6.00000000,1.00000000,0.00000000,0.00000000,0.00000000,0.00000000,15.95571668,31.40000000,10.87882862,12.65573944,16.34273421,31.90000000,12.07392346,13.56800722,16.72975174,32.40000000,13.26901831,14.48027501,15.96554942,31.40000000,10.88415229,12.66264128,16.35256695,31.90000000,12.07924713,13.57490907,16.73958448,32.40000000,13.27434198,14.48717685,true,0
2026,2,00-0036275,D'Andre Swift,RB,CHI,-15.00000000,0.00000000,0.00000000,0.00000000,0.00000000,16.00000000,1.00000000,1.00000000,2.00000000,5.00000000,0.00000000,0.00000000,1.00000000,1.00000000,14.14915811,7.90000000,12.65573944,13.17843597,16.21226765,10.40000000,13.56800722,14.49349837,18.27537719,12.90000000,14.48027501,15.80856077,14.15671000,7.90000000,12.66264128,13.18556533,16.21981953,10.40000000,13.57490907,14.50062773,18.28292907,12.90000000,14.48717685,15.81569013,true,0
2026,3,00-0036275,D'Andre Swift,RB,CHI,-1.00000000,0.00000000,0.00000000,0.00000000,0.00000000,20.00000000,5.00000000,2.00000000,6.00000000,3.00000000,0.00000000,0.00000000,0.00000000,0.00000000,17.47604870,8.80000000,13.17843597,14.68260043,18.70579590,9.80000000,14.49349837,15.96780251,19.93554311,10.80000000,15.80856077,17.25300459,17.48720881,8.80000000,13.18556533,14.69114055,18.71695601,9.80000000,14.50062773,15.97634263,19.94670322,10.80000000,15.81569013,17.26154471,true,0
2026,4,00-0036275,D'Andre Swift,RB,CHI,-12.00000000,0.00000000,0.00000000,0.00000000,0.00000000,15.00000000,3.00000000,2.00000000,5.00000000,2.00000000,0.00000000,0.00000000,0.00000000,0.00000000,12.89792422,5.40000000,14.68260043,14.05796375,13.80089615,6.40000000,15.96780251,15.20938528,14.70386809,7.40000000,17.25300459,16.36080681,12.90661068,5.40000000,14.69114055,14.06655510,13.80958262,6.40000000,15.97634263,15.21797663,14.71255455,7.40000000,17.26154471,16.36939816,true,0
2026,1,00-0036290,Cole Kmet,TE,CHI,47.00000000,0.00000000,0.00000000,0.00000000,0.00000000,0.00000000,0.00000000,0.00000000,0.00000000,3.00000000,2.00000000,1.00000000,0.00000000,0.00000000,4.28319389,9.50000000,3.33252510,3.66525917,5.01387579,10.50000000,4.35190443,4.58359440,5.74455769,11.50000000,5.37128376,5.50192963,4.28093039,9.50000000,3.33039138,3.66308003,5.01161229,10.50000000,4.34977071,4.58141526,5.74229419,11.50000000,5.36915004,5.49975050,true,0
2026,2,00-0036290,Cole Kmet,TE,CHI,9.00000000,0.00000000,0.00000000,0.00000000,0.00000000,0.00000000,0.00000000,0.00000000,0.00000000,1.00000000,0.00000000,0.00000000,0.00000000,0.00000000,0.93826829,0.00000000,3.66525917,2.71081236,1.28055720,0.00000000,4.58359440,3.42753138,1.62284612,0.00000000,5.50192963,4.14425040,0.93648055,0.00000000,3.66308003,2.70877021,1.27876946,0.00000000,4.58141526,3.42548923,1.62105838,0.00000000,5.49975050,4.14220825,true,0
2026,3,00-0036290,Cole Kmet,TE,CHI,6.00000000,0.00000000,0.00000000,0.00000000,0.00000000,0.00000000,0.00000000,0.00000000,0.00000000,1.00000000,0.00000000,0.00000000,0.00000000,0.00000000,0.82919732,0.00000000,2.71081236,2.05224710,1.18987080,0.00000000,3.42753138,2.64435018,1.55054429,0.00000000,4.14425040,3.23645326,0.82731785,0.00000000,2.70877021,2.05026189,1.18799134,0.00000000,3.42548923,2.64236497,1.54866482,0.00000000,4.14220825,3.23446805,true,0
2026,4,00-0036290,Cole Kmet,TE,CHI,9.00000000,0.00000000,0.00000000,0.00000000,0.00000000,0.00000000,0.00000000,0.00000000,0.00000000,2.00000000,0.00000000,0.00000000,0.00000000,0.00000000,1.46362708,1.30000000,2.05224710,1.84623009,2.21177981,2.30000000,2.64435018,2.49295055,2.95993253,3.30000000,3.23645326,3.13967101,1.46133035,1.30000000,2.05026189,1.84413585,2.20948308,2.30000000,2.64236497,2.49085631,2.95763580,3.30000000,3.23446805,3.13757677,true,0
2026,1,00-0036309,Darnell Mooney,WR,NYG,25.00000000,0.00000000,0.00000000,0.00000000,0.00000000,0.00000000,0.00000000,0.00000000,0.00000000,2.00000000,0.00000000,0.00000000,0.00000000,0.00000000,1.88331751,2.70000000,5.55522593,4.27005798,2.49087621,3.70000000,6.94768655,5.38780293,3.09843491,4.70000000,8.34014717,6.50554787,1.88372021,2.70000000,5.55635285,4.27093143,2.49127891,3.70000000,6.94881347,5.38867638,3.09883761,4.70000000,8.34127409,6.50642132,true,0
2026,2,00-0036309,Darnell Mooney,WR,NYG,35.00000000,0.00000000,0.00000000,0.00000000,0.00000000,0.00000000,0.00000000,0.00000000,0.00000000,3.00000000,0.00000000,0.00000000,0.00000000,0.00000000,2.78594751,4.80000000,4.27005798,3.75061932,3.72962879,5.80000000,5.38780293,4.80744198,4.67331007,6.80000000,6.50554787,5.86426464,2.78622883,4.80000000,4.27093143,3.75128552,3.72991011,5.80000000,5.38867638,4.80810818,4.67359139,6.80000000,6.50642132,5.86493085,true,0
2026,3,00-0036309,Darnell Mooney,WR,NYG,31.00000000,0.00000000,0.00000000,0.00000000,0.00000000,1.00000000,0.00000000,0.00000000,0.00000000,3.00000000,0.00000000,0.00000000,0.00000000,0.00000000,3.53248827,2.90000000,3.75061932,3.67427345,4.51815657,3.90000000,4.80744198,4.70619209,5.50382486,4.90000000,5.86426464,5.73811072,3.53483633,2.90000000,3.75128552,3.67552830,4.52050462,3.90000000,4.80810818,4.70744694,5.50617292,4.90000000,5.86493085,5.73936557,true,0
2026,4,00-0036309,Darnell Mooney,WR,NYG,25.00000000,0.00000000,0.00000000,0.00000000,0.00000000,0.00000000,0.00000000,0.00000000,0.00000000,2.00000000,1.00000000,0.00000000,0.00000000,0.00000000,1.93773440,0.00000000,3.67427345,3.06648478,2.52484034,0.00000000,4.70619209,3.94271898,3.11194629,0.00000000,5.73811072,4.81895317,1.93989811,0.00000000,3.67552830,3.06805774,2.52700406,0.00000000,4.70744694,3.94429193,3.11411001,0.00000000,5.73936557,4.82052612,true,0
2026,1,00-0036322,Justin Jefferson,WR,MIN,80.00000000,0.00000000,0.00000000,0.00000000,0.00000000,0.00000000,0.00000000,0.00000000,0.00000000,10.00000000,1.00000000,1.00000000,2.00000000,3.00000000,11.75715391,23.20000000,9.31280462,10.16832687,15.01952334,27.20000000,11.95776864,13.02938279,18.28189278,31.20000000,14.60273266,15.89043870,11.75914989,23.20000000,9.31485923,10.17036096,15.02151932,27.20000000,11.95982326,13.03141688,18.28388875,31.20000000,14.60478728,15.89247280,true,0
2026,2,00-0036322,Justin Jefferson,WR,MIN,91.00000000,0.00000000,0.00000000,0.00000000,0.00000000,0.00000000,0.00000000,0.00000000,0.00000000,6.00000000,2.00000000,1.00000000,0.00000000,1.00000000,7.53150902,5.50000000,10.16832687,9.24544062,9.19943481,7.00000000,13.02938279,11.68890099,10.86736060,8.50000000,15.89043870,14.13236137,7.53370650,5.50000000,10.17036096,9.24753190,9.20163229,7.00000000,13.03141688,11.69099227,10.86955808,8.50000000,15.89247280,14.13445264,true,0
2026,3,00-0036322,Justin Jefferson,WR,MIN,18.00000000,0.00000000,0.00000000,0.00000000,0.00000000,0.00000000,0.00000000,0.00000000,0.00000000,2.00000000,1.00000000,0.00000000,0.00000000,0.00000000,1.71027911,3.20000000,9.24544062,6.60813409,2.34269547,4.20000000,11.68890099,8.41772906,2.97511184,5.20000000,14.13236137,10.22732403,1.71295995,3.20000000,9.24753190,6.61043172,2.34537632,4.20000000,11.69099227,8.42002669,2.97779268,5.20000000,14.13445264,10.22962166,true,0
2026,1,00-0036355,Justin Herbert,QB,LAC,0.00000000,273.00000000,27.00000000,2.00000000,3.00000000,5.00000000,2.00000000,0.00000000,3.00000000,0.00000000,0.00000000,0.00000000,0.00000000,0.00000000,18.04728674,13.26000000,16.91810242,17.31331693,18.05237583,13.26000000,16.92404075,17.31895803,18.05746491,13.26000000,16.92997909,17.32459912,20.60375028,15.26000000,19.74536491,20.04579979,20.60883936,15.26000000,19.75130324,20.05144088,20.61392845,15.26000000,19.75724157,20.05708198,true,1
2026,2,00-0036355,Justin Herbert,QB,LAC,0.00000000,269.00000000,27.00000000,1.00000000,1.00000000,3.00000000,1.00000000,1.00000000,1.00000000,0.00000000,0.00000000,0.00000000,0.00000000,0.00000000,14.39587997,7.88000000,17.31331693,16.29221400,14.39837461,7.88000000,17.31895803,16.29675383,14.40086925,7.88000000,17.32459912,16.30129367,16.30667331,9.88000000,20.04579979,18.73710552,16.30916795,9.88000000,20.05144088,18.74164536,16.31166259,9.88000000,20.05708198,18.74618519,true,1
2026,3,00-0036355,Justin Herbert,QB,LAC,0.00000000,292.00000000,34.00000000,2.00000000,7.00000000,4.00000000,0.00000000,0.00000000,0.00000000,0.00000000,0.00000000,0.00000000,0.00000000,0.00000000,17.25685459,12.74000000,16.29221400,16.62983820,17.26377746,12.74000000,16.29675383,16.63521210,17.27070034,12.74000000,16.30129367,16.64058600,20.56914260,14.74000000,18.73710552,19.37831850,20.57606548,14.74000000,18.74164536,19.38369240,20.58298835,14.74000000,18.74618519,19.38906630,true,1
2026,4,00-0036355,Justin Herbert,QB,LAC,9.00000000,215.00000000,31.00000000,1.00000000,2.00000000,6.00000000,1.00000000,1.00000000,1.00000000,1.00000000,0.00000000,1.00000000,1.00000000,1.00000000,16.30733486,9.56000000,16.62983820,16.51696203,16.31227982,9.56000000,16.63521210,16.52218580,16.31722478,9.56000000,16.64058600,16.52740958,18.08910956,11.56000000,19.37831850,18.92709537,18.09405452,11.56000000,19.38369240,18.93231914,18.09899949,11.56000000,19.38906630,18.93754291,true,1
2026,1,00-0036358,CeeDee Lamb,WR,DAL,90.00000000,0.00000000,0.00000000,0.00000000,0.00000000,1.00000000,0.00000000,0.00000000,0.00000000,8.00000000,1.00000000,1.00000000,1.00000000,2.00000000,10.63985950,10.40000000,10.36473756,10.46103024,13.10220070,12.90000000,13.11442507,13.11014654,15.56454190,15.40000000,15.86411258,15.75926284,10.64251452,10.40000000,10.36637081,10.46302111,13.10485572,12.90000000,13.11605832,13.11213741,15.56719692,15.40000000,15.86574583,15.76125371,true,0
2026,2,00-0036358,CeeDee Lamb,WR,DAL,136.00000000,0.00000000,0.00000000,0.00000000,0.00000000,0.00000000,0.00000000,0.00000000,0.00000000,9.00000000,3.00000000,2.00000000,1.00000000,1.00000000,12.51796414,27.30000000,10.46103024,11.18095710,14.96408859,31.30000000,13.11014654,13.75902626,17.41021305,35.30000000,15.75926284,16.33709542,12.51885009,27.30000000,10.46302111,11.18256125,14.96497455,31.30000000,13.11213741,13.76063041,17.41109901,35.30000000,15.76125371,16.33869956,true,0
2026,3,00-0036358,CeeDee Lamb,WR,DAL,85.00000000,0.00000000,0.00000000,0.00000000,0.00000000,0.00000000,0.00000000,0.00000000,0.00000000,9.00000000,1.00000000,0.00000000,1.00000000,1.00000000,9.09456627,13.20000000,11.18095710,10.45072031,12.04895038,16.70000000,13.75902626,13.16049970,15.00333448,20.20000000,16.33709542,15.87027909,9.09575776,13.20000000,11.18256125,10.45218003,12.05014187,16.70000000,13.76063041,13.16195942,15.00452597,20.20000000,16.33869956,15.87173881,true,0
2026,4,00-0036358,CeeDee Lamb,WR,DAL,159.00000000,0.00000000,0.00000000,0.00000000,0.00000000,1.00000000,0.00000000,0.00000000,0.00000000,21.00000000,0.00000000,2.00000000,1.00000000,3.00000000,21.42152600,24.30000000,10.45072031,14.29050230,28.59383958,32.80000000,13.16049970,18.56216866,35.76615315,41.30000000,15.87027909,22.83383501,21.42602752,24.30000000,10.45218003,14.29302665,28.59834109,32.80000000,13.16195942,18.56469300,35.77065466,41.30000000,15.87173881,22.83635936,true,0
2026,1,00-0036389,Jalen Hurts,QB,PHI,0.00000000,225.00000000,25.00000000,1.00000000,3.00000000,5.00000000,0.00000000,0.00000000,0.00000000,0.00000000,0.00000000,0.00000000,0.00000000,0.00000000,13.03592647,24.72000000,17.49708600,15.93568016,13.04203716,24.72000000,17.50036522,15.93995040,13.04814784,24.72000000,17.50364445,15.94422063,15.15009312,30.72000000,19.83776177,18.19707774,15.15620380,30.72000000,19.84104100,18.20134798,15.16231448,30.72000000,19.84432022,18.20561821,true,3
2026,2,00-0036389,Jalen Hurts,QB,PHI,0.00000000,292.00000000,37.00000000,3.00000000,4.00000000,5.00000000,1.00000000,0.00000000,1.00000000,0.00000000,0.00000000,0.00000000,0.00000000,0.00000000,18.86292337,16.16000000,15.93568016,16.96021528,18.87147233,16.16000000,15.93995040,16.96598307,18.88002129,16.16000000,15.94422063,16.97175086,21.92206886,20.16000000,18.19707774,19.50082463,21.93061782,20.16000000,18.20134798,19.50659242,21.93916678,20.16000000,18.20561821,19.51236021,true,2
2026,3,00-0036389,Jalen Hurts,QB,PHI,0.00000000,153.00000000,25.00000000,2.00000000,3.00000000,4.00000000,2.00000000,1.00000000,2.00000000,0.00000000,0.00000000,0.00000000,0.00000000,0.00000000,15.77436420,12.62000000,16.96021528,16.54516740,15.78016745,12.62000000,16.96598307,16.55094760,15.78597070,12.62000000,16.97175086,16.55672781,17.64459844,12.62000000,19.50082463,18.85114547,17.65040169,12.62000000,19.50659242,18.85692567,17.65620494,12.62000000,19.51236021,18.86270587,true,0
2026,4,00-0036389,Jalen Hurts,QB,PHI,0.00000000,217.00000000,27.00000000,2.00000000,3.00000000,5.00000000,1.00000000,1.00000000,3.00000000,0.00000000,0.00000000,0.00000000,0.00000000,0.00000000,17.51850268,13.52000000,16.54516740,16.88583475,17.51758311,13.52000000,16.55094760,16.88927003,17.51666354,13.52000000,16.55672781,16.89270531,19.88236392,17.52000000,18.85114547,19.21207192,19.88144435,17.52000000,18.85692567,19.21550720,19.88052478,17.52000000,18.86270587,19.21894249,true,2
2026,1,00-0036407,Jerry Jeudy,WR,CLE,40.00000000,0.00000000,0.00000000,0.00000000,0.00000000,0.00000000,0.00000000,0.00000000,0.00000000,4.00000000,0.00000000,0.00000000,0.00000000,0.00000000,3.52610944,2.60000000,6.67661531,5.57393825,4.83827789,3.60000000,8.59727319,7.28162483,6.15044634,4.60000000,10.51793106,8.98931141,3.52663876,2.60000000,6.67793896,5.57498389,4.83880721,3.60000000,8.59859684,7.28267047,6.15097566,4.60000000,10.51925471,8.99035705,true,0
2026,2,00-0036407,Jerry Jeudy,WR,CLE,10.00000000,0.00000000,0.00000000,0.00000000,0.00000000,0.00000000,0.00000000,0.00000000,0.00000000,1.00000000,0.00000000,0.00000000,0.00000000,0.00000000,0.81821945,0.00000000,5.57393825,3.90943667,1.12202015,0.00000000,7.28162483,5.12576319,1.42582084,0.00000000,8.98931141,6.34208971,0.81911291,0.00000000,5.57498389,3.91042905,1.12291361,0.00000000,7.28267047,5.12675557,1.42671430,0.00000000,8.99035705,6.34308209,true,0
2026,4,00-0036407,Jerry Jeudy,WR,CLE,23.00000000,0.00000000,0.00000000,0.00000000,0.00000000,0.00000000,0.00000000,0.00000000,0.00000000,3.00000000,0.00000000,0.00000000,0.00000000,0.00000000,2.39602415,3.60000000,3.90943667,3.37974229,3.41738044,5.10000000,5.12576319,4.52782923,4.43873672,6.60000000,6.34208971,5.67591617,2.39719198,3.60000000,3.91042905,3.38079607,3.41854827,5.10000000,5.12675557,4.52888301,4.43990455,6.60000000,6.34308209,5.67696995,true,0
2026,1,00-0036410,Tee Higgins,WR,CIN,117.00000000,0.00000000,0.00000000,0.00000000,0.00000000,0.00000000,0.00000000,0.00000000,0.00000000,6.00000000,2.00000000,0.00000000,0.00000000,0.00000000,7.29233914,5.90000000,8.02983625,7.77171226,8.86689100,7.40000000,9.96150708,9.57839146,10.44144286,8.90000000,11.89317792,11.38507065,7.29193681,5.90000000,8.03128608,7.77251383,8.86648867,7.40000000,9.96295692,9.57919303,10.44104053,8.90000000,11.89462776,11.38587223,true,0
2026,2,00-0036410,Tee Higgins,WR,CIN,93.00000000,0.00000000,0.00000000,0.00000000,0.00000000,0.00000000,0.00000000,0.00000000,0.00000000,10.00000000,1.00000000,0.00000000,0.00000000,0.00000000,8.76885102,9.50000000,7.77171226,8.12071083,12.12261265,12.00000000,9.57839146,10.46886887,15.47637427,14.50000000,11.38507065,12.81702692,8.77093019,9.50000000,7.77251383,8.12195956,12.12469182,12.00000000,9.57919303,10.47011761,15.47845345,14.50000000,11.38587223,12.81827565,true,0
2026,3,00-0036410,Tee Higgins,WR,CIN,92.00000000,0.00000000,0.00000000,0.00000000,0.00000000,0.00000000,0.00000000,0.00000000,0.00000000,7.00000000,1.00000000,1.00000000,0.00000000,1.00000000,8.08727962,15.00000000,8.12071083,8.10900990,10.17003699,18.00000000,10.46886887,10.36427771,12.25279437,21.00000000,12.81702692,12.61954553,8.08825958,15.00000000,8.12195956,8.11016457,10.17101696,18.00000000,10.47011761,10.36543238,12.25377433,21.00000000,12.81827565,12.62070019,true,0
2026,4,00-0036410,Tee Higgins,WR,CIN,219.00000000,0.00000000,0.00000000,0.00000000,0.00000000,0.00000000,0.00000000,0.00000000,0.00000000,16.00000000,1.00000000,0.00000000,0.00000000,1.00000000,16.58451835,15.70000000,8.10900990,11.07543786,21.52149876,21.20000000,10.36427771,14.26930508,26.45847917,26.70000000,12.61954553,17.46317230,16.58170244,15.70000000,8.11016457,11.07520282,21.51868284,21.20000000,10.36543238,14.26907004,26.45566325,26.70000000,12.62070019,17.46293726,true,0
2026,1,00-0036422,Adam Trautman,TE,DEN,-1.00000000,0.00000000,0.00000000,0.00000000,0.00000000,0.00000000,0.00000000,0.00000000,0.00000000,3.00000000,0.00000000,0.00000000,0.00000000,0.00000000,1.62541597,1.00000000,1.77057919,1.71977206,2.84071441,2.00000000,2.54151552,2.64623513,4.05601285,3.00000000,3.31245186,3.57269820,1.62230450,1.00000000,1.76837348,1.71724934,2.83760294,2.00000000,2.53930982,2.64371241,4.05290138,3.00000000,3.31024615,3.57017548,true,0
2026,4,00-0036422,Adam Trautman,TE,DEN,0.00000000,0.00000000,0.00000000,0.00000000,0.00000000,0.00000000,0.00000000,0.00000000,0.00000000,1.00000000,0.00000000,0.00000000,0.00000000,0.00000000,0.61105537,0.00000000,1.71977206,1.33172122,1.00849800,0.00000000,2.64623513,2.07302714,1.40594063,0.00000000,3.57269820,2.81433305,0.60899246,0.00000000,1.71724934,1.32935943,1.00643509,0.00000000,2.64371241,2.07066535,1.40387772,0.00000000,3.57017548,2.81197127,true,0
2026,1,00-0036425,DeeJay Dallas,RB,MIN,1.00000000,0.00000000,0.00000000,0.00000000,0.00000000,0.00000000,0.00000000,0.00000000,0.00000000,1.00000000,0.00000000,0.00000000,0.00000000,0.00000000,0.18773859,0.10000000,2.13371528,1.45262344,0.56365891,0.60000000,2.53031095,1.84198273,0.93957922,1.10000000,2.92690662,2.23134203,0.18692570,0.10000000,2.13384250,1.45242162,0.56284602,0.60000000,2.53043817,1.84178092,0.93876633,1.10000000,2.92703384,2.23114021,true,0
2026,2,00-0036425,DeeJay Dallas,RB,MIN,-4.00000000,0.00000000,0.00000000,0.00000000,0.00000000,2.00000000,0.00000000,0.00000000,0.00000000,1.00000000,0.00000000,0.00000000,0.00000000,0.00000000,1.16453084,2.00000000,1.45262344,1.35179103,1.57789331,2.50000000,1.84198273,1.74955144,1.99125578,3.00000000,2.23134203,2.14731184,1.16526020,2.00000000,1.45242162,1.35191512,1.57862267,2.50000000,1.84178092,1.74967553,1.99198514,3.00000000,2.23114021,2.14743594,true,0
2026,3,00-0036425,DeeJay Dallas,RB,MIN,0.00000000,0.00000000,0.00000000,0.00000000,0.00000000,1.00000000,0.00000000,0.00000000,0.00000000,0.00000000,0.00000000,0.00000000,0.00000000,0.00000000,0.20225057,0.20000000,1.35179103,0.94945187,0.19081988,0.20000000,1.74955144,1.20399539,0.17938918,0.20000000,2.14731184,1.45853891,0.20282514,0.20000000,1.35191512,0.94973363,0.19139445,0.20000000,1.74967553,1.20427715,0.17996375,0.20000000,2.14743594,1.45882067,true,0
2026,4,00-0036425,DeeJay Dallas,RB,MIN,3.00000000,0.00000000,0.00000000,0.00000000,0.00000000,0.00000000,0.00000000,0.00000000,0.00000000,1.00000000,0.00000000,0.00000000,0.00000000,0.00000000,0.23899890,1.00000000,0.94945187,0.70079333,0.59925720,1.50000000,1.20399539,0.99233702,0.95951550,2.00000000,1.45853891,1.28388072,0.23794990,1.00000000,0.94973363,0.70060932,0.59820820,1.50000000,1.20427715,0.99215302,0.95846650,2.00000000,1.45882067,1.28369671,true,0
2026,2,00-0036429,Charlie Woerner,TE,ATL,1.00000000,0.00000000,0.00000000,0.00000000,0.00000000,0.00000000,0.00000000,0.00000000,0.00000000,1.00000000,0.00000000,0.00000000,0.00000000,0.00000000,0.64741236,0.00000000,1.05399501,0.91169108,1.03872680,0.00000000,1.64261638,1.43125503,1.43004124,0.00000000,2.23123775,1.95081897,0.64538003,0.00000000,1.05174430,0.90951680,1.03669446,0.00000000,1.64036567,1.42908075,1.42800890,0.00000000,2.22898704,1.94864469,true,0
2026,4,00-0036429,Charlie Woerner,TE,ATL,-1.00000000,0.00000000,0.00000000,0.00000000,0.00000000,0.00000000,0.00000000,0.00000000,0.00000000,1.00000000,0.00000000,0.00000000,0.00000000,1.00000000,1.21997591,0.00000000,0.91169108,1.01959077,1.62656604,0.00000000,1.43125503,1.49961388,2.03315618,0.00000000,1.95081897,1.97963699,1.21791570,0.00000000,0.90951680,1.01745642,1.62450584,0.00000000,1.42908075,1.49747953,2.03109597,0.00000000,1.94864469,1.97750264,true,0
2026,1,00-0036442,Joe Burrow,QB,CIN,0.00000000,226.00000000,35.00000000,3.00000000,6.00000000,4.00000000,0.00000000,0.00000000,3.00000000,0.00000000,0.00000000,0.00000000,0.00000000,0.00000000,18.25835004,14.16000000,15.02669552,16.15777460,18.25746047,14.16000000,15.03263778,16.16132572,18.25657089,14.16000000,15.03858004,16.16487684,21.62294611,16.16000000,18.13855500,19.35809189,21.62205653,16.16000000,18.14449727,19.36164301,21.62116696,16.16000000,18.15043953,19.36519413,true,1
2026,2,00-0036442,Joe Burrow,QB,CIN,0.00000000,173.00000000,31.00000000,0.00000000,1.00000000,0.00000000,0.00000000,0.00000000,0.00000000,0.00000000,0.00000000,0.00000000,0.00000000,0.00000000,8.35751260,16.18000000,16.15777460,13.42768290,8.36077103,16.18000000,16.16132572,13.43113158,8.36402945,16.18000000,16.16487684,13.43458025,9.76589816,20.18000000,19.35809189,16.00082408,9.76915658,20.18000000,19.36164301,16.00427276,9.77241500,20.18000000,19.36519413,16.00772143,true,2
2026,3,00-0036442,Joe Burrow,QB,CIN,0.00000000,259.00000000,37.00000000,1.00000000,3.00000000,2.00000000,0.00000000,0.00000000,0.00000000,0.00000000,0.00000000,0.00000000,0.00000000,0.00000000,13.36739840,22.58000000,13.42768290,13.40658333,13.37231897,22.58000000,13.43113158,13.41054716,13.37723954,22.58000000,13.43458025,13.41451100,15.70852028,28.58000000,16.00082408,15.89851775,15.71344085,28.58000000,16.00427276,15.90248159,15.71836142,28.58000000,16.00772143,15.90644543,true,3
2026,4,00-0036442,Joe Burrow,QB,CIN,0.00000000,464.00000000,54.00000000,2.00000000,6.00000000,3.00000000,1.00000000,1.00000000,2.00000000,0.00000000,0.00000000,0.00000000,0.00000000,0.00000000,24.75396870,23.72000000,13.40658333,17.37816821,24.75484561,23.72000000,13.41054716,17.38105162,24.75572251,23.72000000,13.41451100,17.38393503,28.69510853,25.72000000,15.89851775,20.37732452,28.69598543,25.72000000,15.90248159,20.38020793,28.69686234,25.72000000,15.90644543,20.38309135,true,1
2026,2,00-0036463,Chris Blair,WR,ATL,24.00000000,0.00000000,0.00000000,0.00000000,0.00000000,0.00000000,0.00000000,0.00000000,0.00000000,3.00000000,0.00000000,0.00000000,0.00000000,0.00000000,2.42851777,0.60000000,3.40000000,3.05998122,3.44340113,1.10000000,4.00000000,3.80519040,4.45828450,1.60000000,4.60000000,4.55039958,2.42961172,0.60000000,3.40000000,3.06036410,3.44449509,1.10000000,4.00000000,3.80557328,4.45937846,1.60000000,4.60000000,4.55078246,false,0
2026,3,00-0036463,Chris Blair,WR,ATL,0.00000000,0.00000000,0.00000000,0.00000000,0.00000000,0.00000000,0.00000000,0.00000000,0.00000000,1.00000000,0.00000000,0.00000000,1.00000000,1.00000000,1.65664134,2.00000000,3.05998122,2.56881226,1.97486211,2.00000000,3.80519040,3.16457549,2.29308287,2.00000000,4.55039958,3.76033873,1.65741225,2.00000000,3.06036410,2.56933095,1.97563301,2.00000000,3.80557328,3.16509419,2.29385377,2.00000000,4.55078246,3.76085742,false,0
2026,1,00-0036550,Rashod Bateman,WR,BAL,23.00000000,0.00000000,0.00000000,0.00000000,0.00000000,0.00000000,0.00000000,0.00000000,0.00000000,1.00000000,1.00000000,0.00000000,0.00000000,0.00000000,1.29505330,0.00000000,3.55469170,2.76381826,1.49425333,0.00000000,4.44344278,3.41122647,1.69345336,0.00000000,5.33219385,4.05863468,1.29674739,0.00000000,3.55571038,2.76507333,1.49594742,0.00000000,4.44446145,3.41248154,1.69514745,0.00000000,5.33321253,4.05988975,true,0
2026,2,00-0036550,Rashod Bateman,WR,BAL,125.00000000,0.00000000,0.00000000,0.00000000,0.00000000,0.00000000,0.00000000,0.00000000,0.00000000,9.00000000,2.00000000,1.00000000,0.00000000,1.00000000,10.36937347,14.80000000,2.76381826,5.42576258,13.01977534,18.30000000,3.41122647,6.77421858,15.67017721,21.80000000,4.05863468,8.12267457,10.37091130,14.80000000,2.76507333,5.42711662,13.02131317,18.30000000,3.41248154,6.77557261,15.67171505,21.80000000,4.05988975,8.12402860,true,0
2026,3,00-0036550,Rashod Bateman,WR,BAL,27.00000000,0.00000000,0.00000000,0.00000000,0.00000000,0.00000000,0.00000000,0.00000000,0.00000000,3.00000000,1.00000000,1.00000000,1.00000000,1.00000000,4.57246843,3.70000000,5.42576258,5.12710963,5.42855350,4.70000000,6.77421858,6.30323580,6.28463857,5.70000000,8.12267457,7.47936197,4.57421051,3.70000000,5.42711662,5.12859948,5.43029558,4.70000000,6.77557261,6.30472565,6.28638065,5.70000000,8.12402860,7.48085182,true,0
2026,4,00-0036550,Rashod Bateman,WR,BAL,26.00000000,0.00000000,0.00000000,0.00000000,0.00000000,0.00000000,0.00000000,0.00000000,0.00000000,2.00000000,0.00000000,0.00000000,0.00000000,0.00000000,1.91581112,4.60000000,5.12710963,4.00315515,2.51689690,5.60000000,6.30323580,4.97801719,3.11798268,6.60000000,7.47936197,5.95287922,1.91613995,4.60000000,5.12859948,4.00423865,2.51722573,5.60000000,6.30472565,4.97910068,3.11831151,6.60000000,7.48085182,5.95396271,true,0
2026,1,00-0036554,Nico Collins,WR,HOU,120.00000000,0.00000000,0.00000000,0.00000000,0.00000000,1.00000000,0.00000000,0.00000000,0.00000000,10.00000000,2.00000000,1.00000000,0.00000000,2.00000000,11.91642339,14.20000000,9.90633258,10.60986437,15.00983272,17.70000000,12.31789020,13.26007008,18.10324206,21.20000000,14.72944781,15.91027580,11.92142820,14.20000000,9.90800407,10.61270252,15.01483754,17.70000000,12.31956168,13.26290823,18.10824688,21.20000000,14.73111929,15.91311395,true,0
2026,4,00-0036554,Nico Collins,WR,HOU,112.00000000,0.00000000,0.00000000,0.00000000,0.00000000,0.00000000,0.00000000,0.00000000,0.00000000,8.00000000,2.00000000,2.00000000,1.00000000,1.00000000,11.10600667,23.80000000,10.60986437,10.78351417,13.32708213,27.30000000,13.26007008,13.28352430,15.54815759,30.80000000,15.91027580,15.78353442,11.10628726,23.80000000,10.61270252,10.78545718,13.32736272,27.30000000,13.26290823,13.28546730,15.54843817,30.80000000,15.91311395,15.78547743,true,0
2026,1,00-0036555,Chuba Hubbard,RB,CAR,0.00000000,0.00000000,0.00000000,0.00000000,0.00000000,10.00000000,3.00000000,1.00000000,3.00000000,3.00000000,0.00000000,1.00000000,1.00000000,1.00000000,12.08258840,20.70000000,7.04629195,8.80899571,13.17009743,22.20000000,8.08136144,9.86241904,14.25760646,23.70000000,9.11643094,10.91584237,12.10565728,20.70000000,7.04944022,8.81911619,13.19316631,22.20000000,8.08450971,9.87253952,14.28067534,23.70000000,9.11957920,10.92596285,true,0
2026,2,00-0036555,Chuba Hubbard,RB,CAR,-4.00000000,0.00000000,0.00000000,0.00000000,0.00000000,12.00000000,2.00000000,0.00000000,3.00000000,2.00000000,0.00000000,0.00000000,1.00000000,1.00000000,10.49428590,12.40000000,8.80899571,9.39884727,11.31628368,13.40000000,9.86241904,10.37127166,12.13828145,14.40000000,10.91584237,11.34369605,10.50194658,12.40000000,8.81911619,9.40810682,11.32394435,13.40000000,9.87253952,10.38053121,12.14594213,14.40000000,10.92596285,11.35295560,true,0
2026,3,00-0036555,Chuba Hubbard,RB,CAR,-14.00000000,0.00000000,0.00000000,0.00000000,0.00000000,20.00000000,1.00000000,1.00000000,1.00000000,4.00000000,0.00000000,0.00000000,0.00000000,0.00000000,13.89232945,11.00000000,9.39884727,10.97156604,15.55779942,13.00000000,10.37127166,12.18655638,17.22326940,15.00000000,11.34369605,13.40154672,13.90124062,11.00000000,9.40810682,10.98070365,15.56671059,13.00000000,10.38053121,12.19569399,17.23218057,15.00000000,11.35295560,13.41068434,true,0
2026,4,00-0036555,Chuba Hubbard,RB,CAR,5.00000000,0.00000000,0.00000000,0.00000000,0.00000000,20.00000000,1.00000000,1.00000000,3.00000000,2.00000000,0.00000000,0.00000000,0.00000000,0.00000000,13.93702213,24.90000000,10.97156604,12.00947567,14.68093968,25.40000000,12.18655638,13.05959053,15.42485722,25.90000000,13.40154672,14.10970540,13.94439531,24.90000000,10.98070365,12.01799573,14.68831285,25.40000000,12.19569399,13.06811059,15.43223040,25.90000000,13.41068434,14.11822546,true,0
2026,4,00-0036556,Brevin Jordan,TE,HOU,8.00000000,0.00000000,0.00000000,0.00000000,0.00000000,0.00000000,0.00000000,0.00000000,0.00000000,1.00000000,0.00000000,0.00000000,0.00000000,0.00000000,0.90191130,1.30000000,2.55000000,1.97316895,1.25032840,1.80000000,3.00000000,2.38761494,1.59874551,2.30000000,3.45000000,2.80206093,0.90009298,1.30000000,2.55000000,1.97253254,1.24851009,1.80000000,3.00000000,2.38697853,1.59692719,2.30000000,3.45000000,2.80142452,false,0
2026,1,00-0036590,Quintin Morris,TE,JAX,2.00000000,0.00000000,0.00000000,0.00000000,0.00000000,0.00000000,0.00000000,0.00000000,0.00000000,1.00000000,0.00000000,0.00000000,0.00000000,0.00000000,0.68376935,0.00000000,1.79885768,1.40857676,1.06895560,0.00000000,2.45892324,1.97243457,1.45414185,0.00000000,3.11898880,2.53629237,0.68176759,0.00000000,1.79701188,1.40667638,1.06695384,0.00000000,2.45707744,1.97053418,1.45214009,0.00000000,3.11714301,2.53439198,true,0
2026,2,00-0036590,Quintin Morris,TE,JAX,3.00000000,0.00000000,0.00000000,0.00000000,0.00000000,0.00000000,0.00000000,0.00000000,0.00000000,1.00000000,0.00000000,0.00000000,0.00000000,0.00000000,0.72012634,0.70000000,1.40857676,1.16761912,1.09918440,1.20000000,1.97243457,1.66679701,1.47824246,1.70000000,2.53629237,2.16597490,0.71815516,0.70000000,1.40667638,1.16569395,1.09721321,1.20000000,1.97053418,1.66487184,1.47627127,1.70000000,2.53439198,2.16404973,true,0
2026,1,00-0036613,Jaylen Waddle,WR,DEN,13.00000000,0.00000000,0.00000000,0.00000000,0.00000000,0.00000000,0.00000000,0.00000000,0.00000000,3.00000000,0.00000000,0.00000000,0.00000000,0.00000000,2.07108802,0.20000000,7.22288836,5.41975824,3.15717348,0.70000000,9.09414614,7.01620571,4.24325893,1.20000000,10.96540392,8.61265318,2.07299461,0.20000000,7.22391598,5.42109350,3.15908006,0.70000000,9.09517376,7.01754097,4.24516552,1.20000000,10.96643154,8.61398843,true,0
2026,2,00-0036613,Jaylen Waddle,WR,DEN,153.00000000,0.00000000,0.00000000,0.00000000,0.00000000,0.00000000,0.00000000,0.00000000,0.00000000,10.00000000,3.00000000,0.00000000,0.00000000,1.00000000,11.08261046,13.80000000,5.41975824,7.40175652,14.00078736,17.80000000,7.01620571,9.46080929,16.91896426,21.80000000,8.61265318,11.51986206,11.08448811,13.80000000,5.42109350,7.40328161,14.00266501,17.80000000,7.01754097,9.46233438,16.92084191,21.80000000,8.61398843,11.52138715,true,0
2026,3,00-0036613,Jaylen Waddle,WR,DEN,81.00000000,0.00000000,0.00000000,0.00000000,0.00000000,1.00000000,0.00000000,0.00000000,0.00000000,8.00000000,1.00000000,0.00000000,1.00000000,1.00000000,9.26341317,4.40000000,7.40175652,8.05333635,11.85893253,5.40000000,9.46080929,10.30015242,14.45445189,6.40000000,11.51986206,12.54696850,9.26605402,4.40000000,7.40328161,8.05525196,11.86157338,5.40000000,9.46233438,10.30206803,14.45709275,6.40000000,11.52138715,12.54888411,true,0
2026,4,00-0036613,Jaylen Waddle,WR,DEN,30.00000000,0.00000000,0.00000000,0.00000000,0.00000000,0.00000000,0.00000000,0.00000000,0.00000000,6.00000000,0.00000000,0.00000000,0.00000000,1.00000000,4.61186994,9.50000000,8.05333635,6.84882311,6.78416686,12.00000000,10.30015242,9.06955748,8.95646377,14.50000000,12.54696850,11.29029184,4.61508177,9.50000000,8.05525196,6.85119239,6.78737868,12.00000000,10.30206803,9.07192676,8.95967559,14.50000000,12.54888411,11.29266113,true,0
2026,1,00-0036626,Dyami Brown,WR,WAS,64.00000000,0.00000000,0.00000000,0.00000000,0.00000000,0.00000000,0.00000000,0.00000000,0.00000000,2.00000000,1.00000000,0.00000000,0.00000000,0.00000000,3.20498530,0.00000000,4.82261172,4.25644247,3.53964749,0.00000000,5.78657984,5.00015352,3.87430968,0.00000000,6.75054796,5.74386456,3.20426786,0.00000000,4.82522201,4.25788806,3.53893005,0.00000000,5.78919012,5.00159910,3.87359224,0.00000000,6.75315824,5.74531014,true,0
2026,2,00-0036626,Dyami Brown,WR,WAS,48.00000000,-6.00000000,1.00000000,0.00000000,0.00000000,0.00000000,0.00000000,0.00000000,0.00000000,6.00000000,1.00000000,2.00000000,1.00000000,1.00000000,7.81661082,0.10000000,4.25644247,5.50250140,9.67070220,2.10000000,5.00015352,6.63484556,11.52479358,4.10000000,5.74386456,7.76718972,7.81862369,0.10000000,4.25788806,5.50414553,9.67271507,2.10000000,5.00159910,6.63648969,11.52680645,4.10000000,5.74531014,7.76883385,true,0
2026,3,00-0036626,Dyami Brown,WR,WAS,22.00000000,0.00000000,0.00000000,0.00000000,0.00000000,0.00000000,0.00000000,0.00000000,0.00000000,1.00000000,1.00000000,0.00000000,0.00000000,0.00000000,1.26255969,0.00000000,5.50250140,4.01852180,1.46823263,0.00000000,6.63484556,4.82653104,1.67390558,0.00000000,7.76718972,5.63454027,1.26432766,0.00000000,5.50414553,4.02020927,1.47000060,0.00000000,6.63648969,4.82821851,1.67567354,0.00000000,7.76883385,5.63622774,true,0
2026,4,00-0036626,Dyami Brown,WR,WAS,103.00000000,0.00000000,0.00000000,0.00000000,0.00000000,0.00000000,0.00000000,0.00000000,0.00000000,4.00000000,2.00000000,0.00000000,0.00000000,0.00000000,5.68204083,6.50000000,4.01852180,4.60075346,6.54551001,8.00000000,4.82653104,5.42817368,7.40897920,9.50000000,5.63454027,6.25559390,5.68143800,6.50000000,4.02020927,4.60163933,6.54490719,8.00000000,4.82821851,5.42905955,7.40837638,9.50000000,5.63622774,6.25647976,true,0
2026,1,00-0036628,John Bates,TE,WAS,6.00000000,0.00000000,0.00000000,0.00000000,0.00000000,0.00000000,0.00000000,0.00000000,0.00000000,4.00000000,0.00000000,0.00000000,2.00000000,2.00000000,5.51774219,1.30000000,1.67499946,3.01995941,7.02082447,2.30000000,2.33877047,3.97748937,8.52390675,3.30000000,3.00254148,4.93501932,5.51776055,1.30000000,1.67303802,3.01869091,7.02084283,2.30000000,2.33680904,3.97622086,8.52392511,3.30000000,3.00058005,4.93375082,true,0
2026,3,00-0036628,John Bates,TE,WAS,2.00000000,0.00000000,0.00000000,0.00000000,0.00000000,0.00000000,0.00000000,0.00000000,0.00000000,1.00000000,0.00000000,0.00000000,0.00000000,0.00000000,0.68376935,0.90000000,3.01995941,2.20229289,1.06895560,1.40000000,3.97748937,2.95950255,1.45414185,1.90000000,4.93501932,3.71671221,0.68176759,0.90000000,3.01869091,2.20076775,1.06695384,1.40000000,3.97622086,2.95797740,1.45214009,1.90000000,4.93375082,3.71518706,true,0
2026,1,00-0036637,Noah Gray,TE,KC,5.00000000,0.00000000,0.00000000,0.00000000,0.00000000,0.00000000,0.00000000,0.00000000,0.00000000,1.00000000,0.00000000,0.00000000,0.00000000,0.00000000,0.79284033,0.50000000,2.63920462,1.99297712,1.15964200,1.00000000,3.67538748,2.79487656,1.52644368,1.50000000,4.71157034,3.59677601,0.79093029,0.50000000,2.63692768,1.99082859,1.15773196,1.00000000,3.67311054,2.79272804,1.52453364,1.50000000,4.70929340,3.59462749,true,0
2026,2,00-0036637,Noah Gray,TE,KC,11.00000000,0.00000000,0.00000000,0.00000000,0.00000000,0.00000000,0.00000000,0.00000000,0.00000000,1.00000000,0.00000000,0.00000000,0.00000000,0.00000000,1.01098227,0.00000000,1.99297712,1.64927892,1.34101480,0.00000000,2.79487656,2.28602495,1.67104734,0.00000000,3.59677601,2.92277098,1.00925568,0.00000000,1.99082859,1.64727807,1.33928821,0.00000000,2.79272804,2.28402410,1.66932075,0.00000000,3.59462749,2.92077013,true,0
2026,3,00-0036637,Noah Gray,TE,KC,22.00000000,0.00000000,0.00000000,0.00000000,0.00000000,0.00000000,0.00000000,0.00000000,0.00000000,3.00000000,1.00000000,0.00000000,0.00000000,1.00000000,3.04303488,3.90000000,1.64927892,2.13709351,4.06255027,5.40000000,2.28602495,2.90780881,5.08206567,6.90000000,2.92277098,3.67852412,3.04055819,3.90000000,1.64727807,2.13492611,4.06007358,5.40000000,2.28402410,2.90564142,5.07958897,6.90000000,2.92077013,3.67635672,true,0
2026,4,00-0036637,Noah Gray,TE,KC,13.00000000,0.00000000,0.00000000,0.00000000,0.00000000,0.00000000,0.00000000,0.00000000,0.00000000,3.00000000,0.00000000,0.00000000,1.00000000,1.00000000,3.69064808,1.70000000,2.13709351,2.68083761,4.78256054,2.70000000,2.90780881,3.56397192,5.87447299,3.70000000,3.67852412,4.44710622,3.68967706,1.70000000,2.13492611,2.67908894,4.78158951,2.70000000,2.90564142,3.56222325,5.87350197,3.70000000,3.67635672,4.44535756,true,0
2026,1,00-0036754,Brock Wright,TE,DET,2.00000000,0.00000000,0.00000000,0.00000000,0.00000000,0.00000000,0.00000000,0.00000000,0.00000000,1.00000000,0.00000000,0.00000000,0.00000000,0.00000000,0.68376935,0.50000000,2.44435328,1.82814891,1.06895560,1.00000000,3.67082432,2.76017027,1.45414185,1.50000000,4.89729536,3.69219163,0.68176759,0.50000000,2.44172557,1.82574028,1.06695384,1.00000000,3.66819662,2.75776164,1.45214009,1.50000000,4.89466766,3.68978301,true,0
2026,3,00-0036754,Brock Wright,TE,DET,4.00000000,0.00000000,0.00000000,0.00000000,0.00000000,0.00000000,0.00000000,0.00000000,0.00000000,2.00000000,0.00000000,0.00000000,0.00000000,0.00000000,1.28184213,0.70000000,1.82814891,1.63694154,2.06063581,1.70000000,2.76017027,2.51533321,2.83942948,2.70000000,3.69219163,3.39372488,1.27939253,0.70000000,1.82574028,1.63451857,2.05818620,1.70000000,2.75776164,2.51291024,2.83697988,2.70000000,3.68978301,3.39130191,true,0
2026,4,00-0036754,Brock Wright,TE,DET,9.00000000,0.00000000,0.00000000,0.00000000,0.00000000,0.00000000,0.00000000,0.00000000,0.00000000,2.00000000,0.00000000,0.00000000,1.00000000,1.00000000,3.01986133,0.80000000,1.63694154,2.12096346,3.73042273,1.30000000,2.51533321,2.94061454,4.44098414,1.80000000,3.39372488,3.76026562,3.01927700,0.80000000,1.63451857,2.11918402,3.72983840,1.30000000,2.51291024,2.93883510,4.44039981,1.80000000,3.39130191,3.75848618,true,0
2026,2,00-0036849,Tutu Atwell,WR,LA,58.00000000,0.00000000,0.00000000,0.00000000,0.00000000,0.00000000,0.00000000,0.00000000,0.00000000,2.00000000,1.00000000,0.00000000,0.00000000,0.00000000,3.01002362,1.90000000,2.40851459,2.61904275,3.38352331,2.40000000,2.85617574,3.04074739,3.75702300,2.90000000,3.30383688,3.46245202,3.00974944,1.90000000,2.40952397,2.61960289,3.38324913,2.40000000,2.85718512,3.04130752,3.75674882,2.90000000,3.30484626,3.46301216,true,0
2026,4,00-0036849,Tutu Atwell,WR,LA,3.00000000,0.00000000,0.00000000,0.00000000,0.00000000,0.00000000,0.00000000,0.00000000,0.00000000,1.00000000,0.00000000,0.00000000,0.00000000,0.00000000,0.59076416,0.80000000,2.61904275,1.90914525,0.93987527,1.30000000,3.04074739,2.30544215,1.28898639,1.80000000,3.46245202,2.70173905,0.59217475,0.80000000,2.61960289,1.91000304,0.94128587,1.30000000,3.04130752,2.30629994,1.29039698,1.80000000,3.46301216,2.70259684,true,0
2026,2,00-0036862,Ben Skowronek,WR,PIT,1.00000000,0.00000000,0.00000000,0.00000000,0.00000000,0.00000000,0.00000000,0.00000000,0.00000000,1.00000000,0.00000000,0.00000000,0.00000000,0.00000000,0.52577693,0.20000000,1.00430235,0.83681846,0.88783388,0.70000000,1.29453725,1.15219107,1.24989083,1.20000000,1.58477214,1.46756368,0.52733528,0.20000000,1.00529668,0.83801019,0.88939222,0.70000000,1.29553157,1.15338280,1.25144917,1.20000000,1.58576646,1.46875541,true,0
2026,3,00-0036862,Ben Skowronek,WR,PIT,23.00000000,0.00000000,0.00000000,0.00000000,0.00000000,0.00000000,0.00000000,0.00000000,0.00000000,1.00000000,1.00000000,1.00000000,0.00000000,0.00000000,2.12374822,8.30000000,0.83681846,1.28724387,2.25433055,8.80000000,1.15219107,1.53793989,2.38491289,9.30000000,1.46756368,1.78863590,2.12541236,8.30000000,0.83801019,1.28860095,2.25599469,8.80000000,1.15338280,1.53929696,2.38657703,9.30000000,1.46875541,1.78999298,true,0
2026,4,00-0036862,Ben Skowronek,WR,PIT,5.00000000,0.00000000,0.00000000,0.00000000,0.00000000,0.00000000,0.00000000,0.00000000,0.00000000,2.00000000,0.00000000,0.00000000,0.00000000,1.00000000,1.48875415,0.70000000,1.28724387,1.35777247,2.21946697,1.20000000,1.53793989,1.77647437,2.95017979,1.70000000,1.78863590,2.19517626,1.49134336,0.70000000,1.28860095,1.35956079,2.22205618,1.20000000,1.53929696,1.77826269,2.95276900,1.70000000,1.78999298,2.19696458,true,0
2026,1,00-0036875,Rhamondre Stevenson,RB,NE,-6.00000000,0.00000000,0.00000000,0.00000000,0.00000000,18.00000000,0.00000000,0.00000000,0.00000000,6.00000000,0.00000000,0.00000000,0.00000000,0.00000000,12.51446163,9.50000000,8.79605045,10.09749436,14.90141097,12.00000000,9.75432236,11.55580337,17.28836031,14.50000000,10.71259427,13.01411238,12.51907574,9.50000000,8.79954210,10.10137887,14.90602508,12.00000000,9.75781401,11.55968788,17.29297442,14.50000000,10.71608592,13.01799689,true,0
2026,2,00-0036875,Rhamondre Stevenson,RB,NE,3.00000000,0.00000000,0.00000000,0.00000000,0.00000000,6.00000000,0.00000000,0.00000000,0.00000000,2.00000000,0.00000000,0.00000000,0.00000000,0.00000000,4.06615736,2.60000000,10.09749436,7.98652641,4.81560260,3.10000000,11.55580337,9.19673310,5.56504784,3.60000000,13.01411238,10.40693979,4.06717084,2.60000000,10.10137887,7.98940606,4.81661608,3.10000000,11.55968788,9.19961275,5.56606132,3.60000000,13.01799689,10.40981944,true,0
2026,3,00-0036875,Rhamondre Stevenson,RB,NE,0.00000000,0.00000000,0.00000000,0.00000000,0.00000000,7.00000000,1.00000000,1.00000000,1.00000000,3.00000000,0.00000000,0.00000000,0.00000000,0.00000000,6.55669258,3.80000000,7.98652641,7.48608457,7.72933659,5.30000000,9.19673310,8.68314432,8.90198060,6.80000000,10.40693979,9.88020408,6.55855659,3.80000000,7.98940606,7.48860875,7.73120061,5.30000000,9.19961275,8.68566850,8.90384462,6.80000000,10.40981944,9.88272825,true,0
2026,4,00-0036875,Rhamondre Stevenson,RB,NE,-4.00000000,0.00000000,0.00000000,0.00000000,0.00000000,13.00000000,1.00000000,1.00000000,1.00000000,6.00000000,0.00000000,0.00000000,1.00000000,1.00000000,12.99481543,15.40000000,7.48608457,9.41414037,15.36073485,16.90000000,8.68314432,11.02030101,17.72665427,18.40000000,9.88020408,12.62646164,12.99928821,15.40000000,7.48860875,9.41734656,15.36520763,16.90000000,8.68566850,11.02350720,17.73112705,18.40000000,9.88272825,12.62966783,true,0
2026,1,00-0036887,Luke Farrell,TE,SF,3.00000000,0.00000000,0.00000000,0.00000000,0.00000000,0.00000000,0.00000000,0.00000000,0.00000000,2.00000000,0.00000000,0.00000000,0.00000000,0.00000000,1.24548514,1.90000000,1.67337041,1.52361056,2.03040701,2.90000000,2.25238679,2.17469387,2.81532887,3.90000000,2.83140317,2.82577717,1.24300496,1.90000000,1.67150569,1.52153044,2.02792683,2.90000000,2.25052208,2.17261374,2.81284870,3.90000000,2.82953846,2.82369704,true,0
2026,3,00-0036887,Luke Farrell,TE,SF,26.00000000,0.00000000,0.00000000,0.00000000,0.00000000,0.00000000,0.00000000,0.00000000,0.00000000,1.00000000,1.00000000,0.00000000,0.00000000,0.00000000,1.49246773,0.00000000,1.52361056,1.51271057,1.67272342,0.00000000,2.17469387,1.99900421,1.85297912,0.00000000,2.82577717,2.48529785,1.49109803,0.00000000,1.52153044,1.51087910,1.67135373,0.00000000,2.17261374,1.99717274,1.85160942,0.00000000,2.82369704,2.48346638,true,0
2026,2,00-0036893,Najee Harris,RB,NYG,0.00000000,0.00000000,0.00000000,0.00000000,0.00000000,4.00000000,2.00000000,1.00000000,2.00000000,0.00000000,0.00000000,0.00000000,0.00000000,0.00000000,4.01863743,0.60000000,3.18022220,3.47366753,4.02628248,0.60000000,3.59723251,3.74740000,4.03392753,0.60000000,4.01424282,4.02113247,4.02232620,0.60000000,3.18108066,3.47551660,4.02997125,0.60000000,3.59809096,3.74924906,4.03761630,0.60000000,4.01510127,4.02298153,true,0
2026,3,00-0036893,Najee Harris,RB,NYG,0.00000000,0.00000000,0.00000000,0.00000000,0.00000000,9.00000000,0.00000000,0.00000000,1.00000000,0.00000000,0.00000000,0.00000000,0.00000000,0.00000000,4.91321192,5.20000000,3.47366753,3.97750807,4.90287364,5.20000000,3.74740000,4.15181577,4.89253536,5.20000000,4.02113247,4.32612348,4.91715348,5.20000000,3.47551660,3.98008950,4.90681519,5.20000000,3.74924906,4.15439721,4.89647691,5.20000000,4.02298153,4.32870491,true,0
2026,4,00-0036893,Najee Harris,RB,NYG,0.00000000,0.00000000,0.00000000,0.00000000,0.00000000,10.00000000,1.00000000,1.00000000,4.00000000,0.00000000,0.00000000,0.00000000,0.00000000,0.00000000,7.55068669,3.00000000,3.97750807,5.22812058,7.56161645,3.00000000,4.15181577,5.34524601,7.57254621,3.00000000,4.32612348,5.46237143,7.55503627,3.00000000,3.98008950,5.23132087,7.56596603,3.00000000,4.15439721,5.34844630,7.57689579,3.00000000,4.32870491,5.46557172,true,0
2026,1,00-0036894,Pat Freiermuth,TE,PIT,21.00000000,0.00000000,0.00000000,0.00000000,0.00000000,0.00000000,0.00000000,0.00000000,0.00000000,5.00000000,0.00000000,1.00000000,1.00000000,2.00000000,6.71788029,10.60000000,3.65036688,4.72399657,8.50075872,13.10000000,4.92671462,6.17763006,10.28363715,15.60000000,6.20306236,7.63126354,6.71575300,10.60000000,3.64796860,4.72169314,8.49863143,13.10000000,4.92431634,6.17532662,10.28150986,15.60000000,6.20066408,7.62896011,true,0
2026,2,00-0036894,Pat Freiermuth,TE,PIT,47.00000000,0.00000000,0.00000000,0.00000000,0.00000000,1.00000000,0.00000000,0.00000000,0.00000000,5.00000000,1.00000000,0.00000000,0.00000000,0.00000000,5.50804826,3.40000000,4.72399657,4.99841466,7.18532604,5.40000000,6.17763006,6.53032365,8.86260382,7.40000000,7.63126354,8.06223264,5.56112150,3.40000000,4.72169314,5.01549307,7.23839928,5.40000000,6.17532662,6.54740205,8.91567706,7.40000000,7.62896011,8.07931104,true,0
2026,3,00-0036894,Pat Freiermuth,TE,PIT,50.00000000,0.00000000,0.00000000,0.00000000,0.00000000,1.00000000,0.00000000,0.00000000,0.00000000,4.00000000,1.00000000,0.00000000,0.00000000,0.00000000,5.09176044,3.10000000,4.99841466,5.03108568,6.34478983,4.10000000,6.53032365,6.46538681,7.59781923,5.10000000,8.06223264,7.89968794,5.14543439,3.10000000,5.01549307,5.06097253,6.39846379,4.10000000,6.54740205,6.49527366,7.65149319,5.10000000,8.07931104,7.92957479,true,0
2026,4,00-0036894,Pat Freiermuth,TE,PIT,37.00000000,0.00000000,0.00000000,0.00000000,0.00000000,0.00000000,0.00000000,0.00000000,0.00000000,5.00000000,1.00000000,1.00000000,1.00000000,1.00000000,6.59044522,7.70000000,5.03108568,5.57686152,8.21439930,9.20000000,6.46538681,7.07754118,9.83835339,10.70000000,7.89968794,8.57822085,6.58867212,7.70000000,5.06097253,5.59566739,8.21262620,9.20000000,6.49527366,7.09634705,9.83658029,10.70000000,7.92957479,8.59702671,true,0
2026,1,00-0036900,Ja'Marr Chase,WR,CIN,34.00000000,0.00000000,0.00000000,0.00000000,0.00000000,0.00000000,0.00000000,0.00000000,0.00000000,4.00000000,0.00000000,0.00000000,0.00000000,1.00000000,3.58645666,1.20000000,11.33898690,8.62560132,4.93115840,2.20000000,15.21025358,11.61257027,6.27586014,3.20000000,19.08152027,14.59953922,3.58813823,1.20000000,11.34259547,8.62853543,4.93283996,2.20000000,15.21386215,11.61550438,6.27754170,3.20000000,19.08512883,14.60247334,true,0
2026,2,00-0036900,Ja'Marr Chase,WR,CIN,81.00000000,0.00000000,0.00000000,0.00000000,0.00000000,0.00000000,0.00000000,0.00000000,0.00000000,9.00000000,1.00000000,2.00000000,0.00000000,1.00000000,9.71393253,19.50000000,8.62560132,9.00651724,12.60097780,23.00000000,11.61257027,11.95851290,15.48802307,26.50000000,14.59953922,14.91050857,9.71692993,19.50000000,8.62853543,9.00947351,12.60397520,23.00000000,11.61550438,11.96146917,15.49102048,26.50000000,14.60247334,14.91346484,true,0
2026,3,00-0036900,Ja'Marr Chase,WR,CIN,99.00000000,0.00000000,0.00000000,0.00000000,0.00000000,0.00000000,0.00000000,0.00000000,0.00000000,12.00000000,0.00000000,1.00000000,1.00000000,2.00000000,12.31214538,15.80000000,9.00651724,10.16348709,16.32399475,20.30000000,11.95851290,13.48643155,20.33584413,24.80000000,14.91050857,16.80937601,12.31307278,15.80000000,9.00947351,10.16573325,16.32492215,20.30000000,11.96146917,13.48867771,20.33677152,24.80000000,14.91346484,16.81162217,true,0
2026,4,00-0036900,Ja'Marr Chase,WR,CIN,12.00000000,0.00000000,0.00000000,0.00000000,0.00000000,0.00000000,0.00000000,0.00000000,0.00000000,3.00000000,0.00000000,0.00000000,0.00000000,0.00000000,2.03859441,2.70000000,10.16348709,7.31977465,3.13115278,4.20000000,13.48643155,9.86208398,4.22371115,5.70000000,16.80937601,12.40439331,2.04057487,2.70000000,10.16573325,7.32192782,3.13313324,4.20000000,13.48867771,9.86423715,4.22569161,5.70000000,16.81162217,12.40654648,true,0
2026,1,00-0036912,DeVonta Smith,WR,PHI,79.00000000,0.00000000,0.00000000,0.00000000,0.00000000,0.00000000,0.00000000,0.00000000,0.00000000,6.00000000,2.00000000,0.00000000,0.00000000,0.00000000,6.05758185,5.30000000,7.23054026,6.82000482,7.87810455,6.80000000,9.29799355,8.80103240,9.69862725,8.30000000,11.36544684,10.78205999,6.05998679,5.30000000,7.23209908,6.82185978,7.88050949,6.80000000,9.29955237,8.80288736,9.70103219,8.30000000,11.36700567,10.78391495,true,0
2026,2,00-0036912,DeVonta Smith,WR,PHI,188.00000000,0.00000000,0.00000000,0.00000000,0.00000000,0.00000000,0.00000000,0.00000000,0.00000000,13.00000000,3.00000000,3.00000000,1.00000000,1.00000000,17.34710240,17.70000000,6.82000482,10.50448897,20.99142450,22.70000000,8.80103240,13.06766963,24.63574659,27.70000000,10.78205999,15.63085030,17.34658637,17.70000000,6.82185978,10.50551409,20.99090847,22.70000000,8.80288736,13.06869475,24.63523057,27.70000000,10.78391495,15.63187542,true,0
2026,3,00-0036912,DeVonta Smith,WR,PHI,56.00000000,0.00000000,0.00000000,0.00000000,0.00000000,0.00000000,0.00000000,0.00000000,0.00000000,8.00000000,1.00000000,0.00000000,1.00000000,1.00000000,7.57455763,6.50000000,10.50448897,9.47901300,10.31580457,9.50000000,13.06766963,12.10451686,13.05705151,12.50000000,15.63085030,14.73002072,7.57727414,6.50000000,10.50551409,9.48063011,10.31852108,9.50000000,13.06869475,12.10613397,13.05976802,12.50000000,15.63187542,14.73163783,true,0
2026,1,00-0036919,Kenny Gainwell,RB,TB,-5.00000000,0.00000000,0.00000000,0.00000000,0.00000000,5.00000000,0.00000000,0.00000000,0.00000000,1.00000000,0.00000000,0.00000000,0.00000000,0.00000000,2.79631522,1.80000000,8.00130505,6.17955861,3.21493938,2.30000000,9.95304047,7.59470509,3.63356354,2.80000000,11.90477590,9.00985157,2.79859059,1.80000000,8.00341001,6.18172321,3.21721475,2.30000000,9.95514543,7.59686969,3.63583891,2.80000000,11.90688086,9.01201618,true,0
2026,2,00-0036919,Kenny Gainwell,RB,TB,-15.00000000,0.00000000,0.00000000,0.00000000,0.00000000,2.00000000,0.00000000,0.00000000,1.00000000,4.00000000,0.00000000,0.00000000,0.00000000,1.00000000,2.96411557,1.50000000,6.17955861,5.05415355,4.64432851,3.00000000,7.59470509,6.56207329,6.32454145,4.50000000,9.00985157,8.06999303,2.96284861,1.50000000,6.18172321,5.05511710,4.64306155,3.00000000,7.59686969,6.56303684,6.32327449,4.50000000,9.01201618,8.07095658,true,0
2026,3,00-0036919,Kenny Gainwell,RB,TB,15.00000000,0.00000000,0.00000000,0.00000000,0.00000000,3.00000000,0.00000000,0.00000000,0.00000000,5.00000000,0.00000000,1.00000000,1.00000000,1.00000000,6.80907905,1.00000000,5.05415355,5.66837747,8.53671570,2.00000000,6.56207329,7.25319813,10.26435234,3.00000000,8.06999303,8.83801879,6.82289967,1.00000000,5.05511710,5.67384100,8.55053632,2.00000000,6.56303684,7.25866166,10.27817296,3.00000000,8.07095658,8.84348232,true,0
2026,4,00-0036919,Kenny Gainwell,RB,TB,-1.00000000,0.00000000,0.00000000,0.00000000,0.00000000,3.00000000,0.00000000,0.00000000,0.00000000,2.00000000,0.00000000,0.00000000,1.00000000,1.00000000,3.99504847,8.70000000,5.66837747,5.08271232,4.76250034,9.70000000,7.25319813,6.38145390,5.52995221,10.70000000,8.83801879,7.68019548,3.99676712,8.70000000,5.67384100,5.08686514,4.76421899,9.70000000,7.25866166,6.38560672,5.53167086,10.70000000,8.84348232,7.68434831,true,0
2026,1,00-0036963,Amon-Ra St. Brown,WR,DET,70.00000000,0.00000000,0.00000000,0.00000000,0.00000000,0.00000000,0.00000000,0.00000000,0.00000000,14.00000000,0.00000000,0.00000000,2.00000000,4.00000000,13.11519035,18.70000000,10.81396274,11.61939240,18.12846219,23.70000000,14.18868742,15.56760859,23.14173404,28.70000000,17.56341211,19.51582478,13.11937252,18.70000000,10.81627920,11.62236186,18.13264436,23.70000000,14.19100389,15.57057805,23.14591621,28.70000000,17.56572857,19.51879424,true,0
2026,2,00-0036963,Amon-Ra St. Brown,WR,DET,148.00000000,0.00000000,0.00000000,0.00000000,0.00000000,0.00000000,0.00000000,0.00000000,0.00000000,13.00000000,1.00000000,1.00000000,1.00000000,2.00000000,14.53644317,26.20000000,11.61939240,12.64036017,18.61151862,30.70000000,15.56760859,16.63297710,22.68659407,35.20000000,19.51582478,20.62559403,14.53612904,26.20000000,11.62236186,12.64218038,18.61120449,30.70000000,15.57057805,16.63479731,22.68627994,35.20000000,19.51879424,20.62741424,true,0
2026,3,00-0036963,Amon-Ra St. Brown,WR,DET,57.00000000,0.00000000,0.00000000,0.00000000,0.00000000,0.00000000,0.00000000,0.00000000,0.00000000,8.00000000,0.00000000,1.00000000,1.00000000,3.00000000,8.89194707,7.90000000,12.64036017,11.32841559,11.56594772,9.90000000,16.63297710,14.85951682,14.23994837,11.90000000,20.62559403,18.39061805,8.89421673,7.90000000,12.64218038,11.33039310,11.56821738,9.90000000,16.63479731,14.86149433,14.24221803,11.90000000,20.62741424,18.39259556,true,0
2026,4,00-0036963,Amon-Ra St. Brown,WR,DET,98.00000000,0.00000000,0.00000000,0.00000000,0.00000000,0.00000000,0.00000000,0.00000000,0.00000000,11.00000000,0.00000000,1.00000000,0.00000000,3.00000000,11.04921767,7.50000000,11.32841559,11.23069632,14.70438888,11.50000000,14.85951682,14.80522204,18.35956009,15.50000000,18.39061805,18.37974776,11.05188087,7.50000000,11.33039310,11.23291382,14.70705207,11.50000000,14.86149433,14.80743954,18.36222328,15.50000000,18.39259556,18.38196526,true,0
2026,1,00-0036970,Kyle Pitts,TE,ATL,26.00000000,0.00000000,0.00000000,0.00000000,0.00000000,0.00000000,0.00000000,0.00000000,0.00000000,1.00000000,1.00000000,0.00000000,0.00000000,0.00000000,1.49246773,0.00000000,6.70497868,4.88059985,1.67272342,0.00000000,9.16511743,6.54277953,1.85297912,0.00000000,11.62525619,8.20495922,1.49109803,0.00000000,6.70199579,4.87818158,1.67135373,0.00000000,9.16213455,6.54036126,1.85160942,0.00000000,11.62227331,8.20254095,true,0
2026,2,00-0036970,Kyle Pitts,TE,ATL,26.00000000,0.00000000,0.00000000,0.00000000,0.00000000,0.00000000,0.00000000,0.00000000,0.00000000,3.00000000,0.00000000,0.00000000,0.00000000,0.00000000,2.60705472,1.50000000,4.88059985,4.08485905,3.65689201,2.00000000,6.54277953,5.53271890,4.70672931,2.50000000,8.20495922,6.98057875,2.60476877,1.50000000,4.87818158,4.08248709,3.65460606,2.00000000,6.54036126,5.53034694,4.70444336,2.50000000,8.20254095,6.97820679,true,0
2026,3,00-0036970,Kyle Pitts,TE,ATL,8.00000000,0.00000000,0.00000000,0.00000000,0.00000000,0.00000000,0.00000000,0.00000000,0.00000000,2.00000000,0.00000000,0.00000000,0.00000000,0.00000000,1.42727009,0.50000000,4.08485905,3.15470292,2.18155101,1.00000000,5.53271890,4.35981014,2.93583192,1.50000000,6.98057875,5.56491736,1.42494279,0.50000000,4.08248709,3.15234659,2.17922370,1.00000000,5.53034694,4.35745381,2.93350462,1.50000000,6.97820679,5.56256103,true,0
2026,4,00-0036970,Kyle Pitts,TE,ATL,8.00000000,0.00000000,0.00000000,0.00000000,0.00000000,0.00000000,0.00000000,0.00000000,0.00000000,3.00000000,0.00000000,0.00000000,0.00000000,0.00000000,1.95262889,4.70000000,3.15470292,2.73397701,3.11277361,6.20000000,4.35981014,3.92334735,4.27291834,7.70000000,5.56491736,5.11271770,1.94979259,4.70000000,3.15234659,2.73145269,3.10993732,6.20000000,4.35745381,3.92082304,4.27008204,7.70000000,5.56256103,5.11019339,true,0
2026,1,00-0036971,Trevor Lawrence,QB,JAX,0.00000000,242.00000000,23.00000000,1.00000000,2.00000000,2.00000000,0.00000000,0.00000000,0.00000000,0.00000000,0.00000000,0.00000000,0.00000000,0.00000000,10.77743709,26.10000000,18.97433406,16.10542012,10.78154216,26.10000000,18.97877318,16.10974232,10.78564724,26.10000000,18.98321230,16.11406453,12.85885621,34.10000000,22.03718581,18.82477045,12.86296128,34.10000000,22.04162493,18.82909266,12.86706636,34.10000000,22.04606405,18.83341486,true,4
2026,2,00-0036971,Trevor Lawrence,QB,JAX,0.00000000,302.00000000,29.00000000,3.00000000,3.00000000,2.00000000,0.00000000,0.00000000,0.00000000,0.00000000,0.00000000,0.00000000,0.00000000,0.00000000,14.34627777,6.16000000,16.10542012,15.48972029,14.35175044,6.16000000,16.10974232,15.49444516,14.35722311,6.16000000,16.11406453,15.49917003,17.38615587,6.16000000,18.82477045,18.32125535,17.39162854,6.16000000,18.82909266,18.32598021,17.39710121,6.16000000,18.83341486,18.33070508,true,0
2026,3,00-0036971,Trevor Lawrence,QB,JAX,0.00000000,180.00000000,28.00000000,4.00000000,8.00000000,4.00000000,0.00000000,0.00000000,1.00000000,0.00000000,0.00000000,0.00000000,0.00000000,0.00000000,17.00020350,19.78000000,15.48972029,16.01838942,17.00637759,19.78000000,15.49444516,16.02362151,17.01255169,19.78000000,15.49917003,16.02885361,20.54565041,25.78000000,18.32125535,19.09979362,20.55182451,25.78000000,18.32598021,19.10502572,20.55799860,25.78000000,18.33070508,19.11025781,true,3
2026,4,00-0036971,Trevor Lawrence,QB,JAX,0.00000000,162.00000000,24.00000000,4.00000000,4.00000000,1.00000000,0.00000000,0.00000000,0.00000000,0.00000000,0.00000000,0.00000000,0.00000000,0.00000000,11.90749421,13.08000000,16.01838942,14.57957609,11.91430395,13.08000000,16.02362151,14.58536037,11.92111369,13.08000000,16.02885361,14.59114464,14.73155052,15.08000000,19.09979362,17.57090854,14.73836027,15.08000000,19.10502572,17.57669281,14.74517001,15.08000000,19.11025781,17.58247708,true,1
2026,1,00-0036973,Travis Etienne,RB,NO,-2.00000000,0.00000000,0.00000000,0.00000000,0.00000000,9.00000000,0.00000000,0.00000000,1.00000000,9.00000000,0.00000000,0.00000000,0.00000000,2.00000000,9.97959418,7.80000000,12.40240739,11.55442277,13.51342555,11.30000000,13.63570820,13.59290927,17.04725691,14.80000000,14.86900901,15.63139578,9.97568348,7.80000000,12.40974042,11.55782049,13.50951484,11.30000000,13.64304123,13.59630699,17.04334621,14.80000000,14.87634204,15.63479350,true,0
2026,2,00-0036973,Travis Etienne,RB,NO,-7.00000000,0.00000000,0.00000000,0.00000000,0.00000000,9.00000000,1.00000000,1.00000000,1.00000000,2.00000000,0.00000000,0.00000000,0.00000000,0.00000000,6.96989514,5.10000000,11.55442277,9.94983809,7.80131774,6.10000000,13.59290927,11.56585224,8.63274034,7.10000000,15.63139578,13.18186638,6.97433093,5.10000000,11.55782049,9.95359914,7.80575354,6.10000000,13.59630699,11.56961328,8.63717614,7.10000000,15.63479350,13.18562743,true,0
2026,3,00-0036973,Travis Etienne,RB,NO,0.00000000,0.00000000,0.00000000,0.00000000,0.00000000,13.00000000,2.00000000,1.00000000,3.00000000,2.00000000,0.00000000,0.00000000,0.00000000,0.00000000,10.30672904,7.00000000,9.94983809,10.07474993,11.10326122,8.00000000,11.56585224,11.40394538,11.89979340,9.00000000,13.18186638,12.73314084,10.31267394,7.00000000,9.95359914,10.07927532,11.10920612,8.00000000,11.56961328,11.40847078,11.90573830,9.00000000,13.18562743,12.73766623,true,0
2026,1,00-0036988,Josh Palmer,WR,BUF,62.00000000,0.00000000,0.00000000,0.00000000,0.00000000,0.00000000,0.00000000,0.00000000,0.00000000,2.00000000,2.00000000,1.00000000,0.00000000,0.00000000,4.02310988,9.40000000,3.35376327,3.58803458,4.28164746,9.90000000,4.29252857,4.28872018,4.54018503,10.40000000,5.23129386,4.98940577,4.02427125,9.40000000,3.35489046,3.58917374,4.28280883,9.90000000,4.29365576,4.28985933,4.54134641,10.40000000,5.23242106,4.99054493,true,0
2026,2,00-0036988,Josh Palmer,WR,BUF,39.00000000,0.00000000,0.00000000,0.00000000,0.00000000,0.00000000,0.00000000,0.00000000,0.00000000,3.00000000,1.00000000,0.00000000,0.00000000,0.00000000,2.97033885,10.30000000,3.58803458,3.37184107,3.86767571,10.80000000,4.28872018,4.14135461,4.76501257,11.30000000,4.98940577,4.91086815,2.97208568,10.30000000,3.58917374,3.37319292,3.86942254,10.80000000,4.28985933,4.14270646,4.76675940,11.30000000,4.99054493,4.91222000,true,0
2026,4,00-0036988,Josh Palmer,WR,BUF,110.00000000,0.00000000,0.00000000,0.00000000,0.00000000,0.00000000,0.00000000,0.00000000,0.00000000,5.00000000,3.00000000,0.00000000,1.00000000,1.00000000,7.70496489,0.30000000,3.37184107,4.88843441,8.85321356,0.80000000,4.14135461,5.79050525,10.00146224,1.30000000,4.91086815,6.69257608,7.70536201,0.30000000,3.37319292,4.88945210,8.85361068,0.80000000,4.14270646,5.79152294,10.00185935,1.30000000,4.91222000,6.69359377,true,0
2026,1,00-0036997,Javonte Williams,RB,DAL,-11.00000000,0.00000000,0.00000000,0.00000000,0.00000000,12.00000000,3.00000000,3.00000000,3.00000000,5.00000000,0.00000000,0.00000000,0.00000000,2.00000000,13.57370496,19.20000000,13.24934533,13.36287120,15.60890965,21.70000000,14.52787062,14.90623428,17.64411435,24.20000000,15.80639592,16.44959737,13.57834070,19.20000000,13.25697797,13.36945493,15.61354539,21.70000000,14.53550327,14.91281801,17.64875009,24.20000000,15.81402857,16.45618110,true,0
2026,2,00-0036997,Javonte Williams,RB,DAL,-12.00000000,0.00000000,0.00000000,0.00000000,0.00000000,12.00000000,1.00000000,1.00000000,3.00000000,4.00000000,0.00000000,0.00000000,0.00000000,1.00000000,10.35953521,5.00000000,13.36287120,12.31170360,12.02187127,6.50000000,14.90623428,13.89670723,13.68420733,8.00000000,16.44959737,15.48171086,10.36304684,5.00000000,13.36945493,12.31721209,12.02538290,6.50000000,14.91281801,13.90221572,13.68771896,8.00000000,16.45618110,15.48721935,true,0
2026,3,00-0036997,Javonte Williams,RB,DAL,-9.00000000,0.00000000,0.00000000,0.00000000,0.00000000,19.00000000,3.00000000,2.00000000,5.00000000,3.00000000,0.00000000,0.00000000,0.00000000,0.00000000,15.69703012,16.30000000,12.31170360,13.49656788,16.96740885,17.30000000,13.89670723,14.97145280,18.23778759,18.30000000,15.48171086,16.44633771,15.70647293,16.30000000,12.31721209,13.50345339,16.97685166,17.30000000,13.90221572,14.97833830,18.24723039,18.30000000,15.48721935,16.45322321,true,0
2026,4,00-0036997,Javonte Williams,RB,DAL,1.00000000,0.00000000,0.00000000,0.00000000,0.00000000,19.00000000,6.00000000,5.00000000,8.00000000,5.00000000,0.00000000,0.00000000,0.00000000,0.00000000,21.48586480,26.30000000,13.49656788,16.29282180,23.48529445,28.80000000,14.97145280,17.95129738,25.48472410,31.30000000,16.44633771,19.60977295,21.49498163,26.30000000,13.50345339,16.30048827,23.49441128,28.80000000,14.97833830,17.95896384,25.49384093,31.30000000,16.45322321,19.61743942,true,0
2026,3,00-0037004,Hunter Long,TE,ARI,5.00000000,0.00000000,0.00000000,0.00000000,0.00000000,0.00000000,0.00000000,0.00000000,0.00000000,1.00000000,0.00000000,0.00000000,0.00000000,0.00000000,0.79284033,0.50000000,2.76075422,2.07198436,1.15964200,1.00000000,3.64318428,2.77394448,1.52644368,1.50000000,4.52561434,3.47590461,0.79093029,0.50000000,2.75887219,2.07009252,1.15773196,1.00000000,3.64130225,2.77205265,1.52453364,1.50000000,4.52373231,3.47401277,true,0
2026,4,00-0037004,Hunter Long,TE,ARI,9.00000000,0.00000000,0.00000000,0.00000000,0.00000000,0.00000000,0.00000000,0.00000000,0.00000000,1.00000000,0.00000000,0.00000000,0.00000000,0.00000000,0.93826829,1.00000000,2.07198436,1.67518373,1.28055720,1.50000000,2.77394448,2.25125893,1.62284612,2.00000000,3.47590461,2.82733413,0.93648055,1.00000000,2.07009252,1.67332833,1.27876946,1.50000000,2.77205265,2.24940353,1.62105838,2.00000000,3.47401277,2.82547874,true,0
2026,1,00-0037005,Tommy Tremble,TE,CAR,23.00000000,0.00000000,0.00000000,0.00000000,0.00000000,0.00000000,0.00000000,0.00000000,0.00000000,5.00000000,0.00000000,0.00000000,0.00000000,0.00000000,3.54870133,2.50000000,2.23478758,2.69465739,5.42865082,4.00000000,3.14109088,3.94173686,7.30860031,5.50000000,4.04739418,5.18881632,3.54530568,2.50000000,2.23261600,2.69205739,5.42525517,4.00000000,3.13891930,3.93913686,7.30520466,5.50000000,4.04522260,5.18621632,true,0
2026,2,00-0037005,Tommy Tremble,TE,CAR,19.00000000,0.00000000,0.00000000,0.00000000,0.00000000,0.00000000,0.00000000,0.00000000,0.00000000,2.00000000,0.00000000,0.00000000,0.00000000,1.00000000,2.47247451,0.40000000,2.69465739,2.61689339,3.16236465,0.90000000,3.94173686,3.66895658,3.85225478,1.40000000,5.18881632,4.72101978,2.47051681,0.40000000,2.69205739,2.61451819,3.16040695,0.90000000,3.93913686,3.66658139,3.85029708,1.40000000,5.18621632,4.71864459,true,0
2026,3,00-0037005,Tommy Tremble,TE,CAR,25.00000000,0.00000000,0.00000000,0.00000000,0.00000000,0.00000000,0.00000000,0.00000000,0.00000000,4.00000000,0.00000000,0.00000000,0.00000000,0.00000000,3.09605652,4.10000000,2.61689339,2.78460048,4.55788582,5.60000000,3.66895658,3.98008182,6.01971511,7.10000000,4.72101978,5.17556315,3.09323101,4.10000000,2.61451819,2.78206768,4.55506030,5.60000000,3.66658139,3.97754901,6.01688960,7.10000000,4.71864459,5.17303034,true,0
2026,4,00-0037005,Tommy Tremble,TE,CAR,3.00000000,0.00000000,0.00000000,0.00000000,0.00000000,0.00000000,0.00000000,0.00000000,0.00000000,4.00000000,0.00000000,0.00000000,0.00000000,0.00000000,2.29620273,1.20000000,2.78460048,2.61366127,3.89285222,3.20000000,3.98008182,3.94955146,5.48950170,5.20000000,5.17556315,5.28544164,2.29270457,1.20000000,2.78206768,2.61079059,3.88935406,3.20000000,3.97754901,3.94668078,5.48600355,5.20000000,5.17303034,5.28257096,true,0
2026,2,00-0037085,Tyler Badie,RB,DEN,-9.00000000,0.00000000,0.00000000,0.00000000,0.00000000,1.00000000,0.00000000,0.00000000,0.00000000,3.00000000,0.00000000,0.00000000,1.00000000,1.00000000,3.19739356,2.90000000,1.46214285,2.06948060,4.42353195,3.90000000,2.33755463,3.06764669,5.64967034,4.90000000,3.21420232,4.06661613,3.19831127,2.90000000,1.46214838,2.06980539,4.42444966,3.90000000,2.33756956,3.06797760,5.65058805,4.90000000,3.21421725,4.06694703,true,0
2026,3,00-0037085,Tyler Badie,RB,DEN,6.00000000,0.00000000,0.00000000,0.00000000,0.00000000,1.00000000,0.00000000,0.00000000,0.00000000,1.00000000,0.00000000,0.00000000,0.00000000,1.00000000,1.12169998,1.40000000,2.06948060,1.73775738,1.44739753,1.90000000,3.06764669,2.50055949,1.77309508,2.40000000,4.06661613,3.26388376,1.12029900,1.40000000,2.06980539,1.73747816,1.44599655,1.90000000,3.06797760,2.50028423,1.77169410,2.40000000,4.06694703,3.26360851,true,0
2026,4,00-0037085,Tyler Badie,RB,DEN,8.00000000,0.00000000,0.00000000,0.00000000,0.00000000,3.00000000,1.00000000,1.00000000,1.00000000,2.00000000,0.00000000,0.00000000,0.00000000,0.00000000,4.03951839,5.90000000,1.73775738,2.54337374,4.75861453,6.90000000,2.50055949,3.29087875,5.47771066,7.90000000,3.26388376,4.03872318,4.03932745,5.90000000,1.73747816,2.54312541,4.75842358,6.90000000,2.50028423,3.29063300,5.47751972,7.90000000,3.26360851,4.03847743,true,0
2026,1,00-0037091,Bo Melton,WR,GB,10.00000000,0.00000000,0.00000000,0.00000000,0.00000000,0.00000000,0.00000000,0.00000000,0.00000000,1.00000000,0.00000000,0.00000000,0.00000000,0.00000000,0.81821945,1.00000000,2.32426809,1.79715107,1.12202015,1.50000000,2.76609667,2.19066988,1.42582084,2.00000000,3.20792524,2.58418870,0.81911291,1.00000000,2.32600352,1.79859181,1.12291361,1.50000000,2.76783209,2.19211062,1.42671430,2.00000000,3.20966067,2.58562944,true,0
2026,2,00-0037091,Bo Melton,WR,GB,8.00000000,0.00000000,0.00000000,0.00000000,0.00000000,0.00000000,0.00000000,0.00000000,0.00000000,1.00000000,0.00000000,0.00000000,0.00000000,0.00000000,0.75323222,0.00000000,1.79715107,1.43177947,1.06997875,0.00000000,2.19066988,1.79842799,1.38672528,0.00000000,2.58418870,2.16507651,0.75427344,0.00000000,1.79859181,1.43308038,1.07101997,0.00000000,2.19211062,1.79972889,1.38776650,0.00000000,2.58562944,2.16637741,true,0
2026,3,00-0037091,Bo Melton,WR,GB,30.00000000,0.00000000,0.00000000,0.00000000,0.00000000,0.00000000,0.00000000,0.00000000,0.00000000,1.00000000,1.00000000,1.00000000,0.00000000,0.00000000,2.35120351,0.00000000,1.43177947,1.75357788,2.43647543,0.00000000,1.79842799,2.02174459,2.52174734,0.00000000,2.16507651,2.28991130,2.35235052,0.00000000,1.43308038,1.75482493,2.43762244,0.00000000,1.79972889,2.02299163,2.52289435,0.00000000,2.16637741,2.29115834,true,0
2026,4,00-0037091,Bo Melton,WR,GB,26.00000000,0.00000000,0.00000000,0.00000000,0.00000000,0.00000000,0.00000000,0.00000000,0.00000000,1.00000000,1.00000000,0.00000000,0.00000000,0.00000000,1.39253414,0.00000000,1.75357788,1.62721257,1.57231542,0.00000000,2.02174459,1.86444438,1.75209670,0.00000000,2.28991130,2.10167619,1.39400660,0.00000000,1.75482493,1.62853851,1.57378788,0.00000000,2.02299163,1.86577032,1.75356916,0.00000000,2.29115834,2.10300213,true,0
2026,2,00-0037093,Dareke Young,WR,LV,13.00000000,0.00000000,0.00000000,0.00000000,0.00000000,0.00000000,0.00000000,0.00000000,0.00000000,1.00000000,0.00000000,0.00000000,0.00000000,0.00000000,0.91570029,2.70000000,1.69660070,1.42328555,1.20008223,3.20000000,2.02564584,1.73669858,1.48446418,3.70000000,2.35469099,2.05011161,0.91637212,2.70000000,1.69721238,1.42391829,1.20075407,3.20000000,2.02625753,1.73733132,1.48513602,3.70000000,2.35530268,2.05074434,true,0
2026,4,00-0037093,Dareke Young,WR,LV,12.00000000,0.00000000,0.00000000,0.00000000,0.00000000,0.00000000,0.00000000,0.00000000,0.00000000,2.00000000,0.00000000,0.00000000,0.00000000,0.00000000,1.46090054,0.90000000,1.42328555,1.43645080,2.15260716,1.40000000,1.73669858,1.88226658,2.84431378,1.90000000,2.05011161,2.32808237,1.46226363,0.90000000,1.42391829,1.43733916,2.15397025,1.40000000,1.73733132,1.88315494,2.84567686,1.90000000,2.05074434,2.32897073,true,0
2026,3,00-0037120,Tyler Goodson,RB,DAL,-6.00000000,0.00000000,0.00000000,0.00000000,0.00000000,6.00000000,0.00000000,0.00000000,1.00000000,1.00000000,0.00000000,0.00000000,0.00000000,0.00000000,3.61434581,1.70000000,0.80994585,1.79148584,4.04788848,2.20000000,0.96835375,2.04619090,4.48143114,2.70000000,1.12676165,2.30089597,3.61677434,1.70000000,0.81060425,1.79276378,4.05031700,2.20000000,0.96901215,2.04746884,4.48385966,2.70000000,1.12742005,2.30217391,true,0
2026,4,00-0037120,Tyler Goodson,RB,DAL,-1.00000000,0.00000000,0.00000000,0.00000000,0.00000000,3.00000000,0.00000000,0.00000000,0.00000000,1.00000000,0.00000000,0.00000000,0.00000000,0.00000000,1.79389282,1.20000000,1.79148584,1.79232828,2.18290583,1.20000000,2.04619090,2.09404113,2.57191884,1.20000000,2.30089597,2.39575398,1.79474399,1.20000000,1.79276378,1.79345685,2.18375701,1.20000000,2.04746884,2.09516970,2.57277002,1.20000000,2.30217391,2.39688255,true,0
2026,2,00-0037157,Bam Knight,RB,ARI,0.00000000,0.00000000,0.00000000,0.00000000,0.00000000,2.00000000,0.00000000,0.00000000,0.00000000,0.00000000,0.00000000,0.00000000,0.00000000,0.00000000,0.75472209,2.40000000,7.98385856,5.45366079,0.74243495,2.40000000,9.15978406,6.21371187,0.73014782,2.40000000,10.33570956,6.97376295,0.75577264,2.40000000,7.98761995,5.45647339,0.74348551,2.40000000,9.16354545,6.21652447,0.73119837,2.40000000,10.33947095,6.97657555,true,0
2026,1,00-0037228,Jaylen Warren,RB,PIT,-6.00000000,0.00000000,0.00000000,0.00000000,0.00000000,10.00000000,0.00000000,0.00000000,0.00000000,6.00000000,0.00000000,0.00000000,1.00000000,2.00000000,10.03685488,5.30000000,10.60400914,10.40550515,12.40455774,7.80000000,11.76397607,11.98817965,14.77226059,10.30000000,12.92394299,13.57085415,10.03884822,5.30000000,10.61002496,10.41011310,12.40655108,7.80000000,11.76999189,11.99278760,14.77425393,10.30000000,12.92995881,13.57546210,true,0
2026,2,00-0037228,Jaylen Warren,RB,PIT,-11.00000000,0.00000000,0.00000000,0.00000000,0.00000000,11.00000000,0.00000000,0.00000000,0.00000000,4.00000000,0.00000000,0.00000000,0.00000000,0.00000000,7.49435150,7.70000000,10.40550515,9.38660137,9.13779980,8.70000000,11.98817965,10.99054670,10.78124810,9.70000000,13.57085415,12.59449204,7.49781084,7.70000000,10.41011310,9.39080731,9.14125914,8.70000000,11.99278760,10.99475264,10.78470744,9.70000000,13.57546210,12.59869797,true,0
2026,3,00-0037228,Jaylen Warren,RB,PIT,-2.00000000,0.00000000,0.00000000,0.00000000,0.00000000,17.00000000,0.00000000,0.00000000,2.00000000,4.00000000,0.00000000,0.00000000,0.00000000,1.00000000,11.87556955,17.60000000,9.38660137,10.25774024,13.44907673,19.10000000,10.99054670,11.85103221,15.02258390,20.60000000,12.59449204,13.44432419,11.87946673,17.60000000,9.39080731,10.26183811,13.45297390,19.10000000,10.99475264,11.85513008,15.02648108,20.60000000,12.59869797,13.44842206,true,0
2026,4,00-0037228,Jaylen Warren,RB,PIT,4.00000000,0.00000000,0.00000000,0.00000000,0.00000000,17.00000000,0.00000000,0.00000000,1.00000000,7.00000000,0.00000000,0.00000000,1.00000000,2.00000000,14.96397565,12.60000000,10.25774024,11.90492263,17.64964287,14.10000000,11.85103221,13.88054594,20.33531008,15.60000000,13.44432419,15.85616925,14.96688601,12.60000000,10.26183811,11.90860487,17.65255323,14.10000000,11.85513008,13.88422818,20.33822044,15.60000000,13.44842206,15.85985149,true,0
2026,2,00-0037231,Kevin Austin Jr.,WR,NO,6.00000000,0.00000000,0.00000000,0.00000000,0.00000000,0.00000000,0.00000000,0.00000000,0.00000000,1.00000000,0.00000000,0.00000000,0.00000000,0.00000000,0.68824500,0.70000000,4.45121536,3.13417574,1.01793736,1.20000000,5.96859528,4.23586501,1.34762973,1.70000000,7.48597519,5.33755428,0.68943396,0.70000000,4.45291005,3.13569342,1.01912633,1.20000000,5.97028996,4.23738269,1.34881869,1.70000000,7.48766987,5.33907196,true,0
2026,1,00-0037238,Drake London,WR,ATL,22.00000000,0.00000000,0.00000000,0.00000000,0.00000000,1.00000000,0.00000000,0.00000000,0.00000000,4.00000000,0.00000000,0.00000000,0.00000000,0.00000000,3.81773963,3.50000000,10.38182564,8.08439554,5.26251592,4.50000000,13.34372452,10.51530151,6.70729222,5.50000000,16.30562340,12.94620749,3.82136994,3.50000000,10.38337715,8.08667463,5.26614624,4.50000000,13.34527603,10.51758061,6.71092254,5.50000000,16.30717491,12.94848658,true,0
2026,2,00-0037238,Drake London,WR,ATL,23.00000000,0.00000000,0.00000000,0.00000000,0.00000000,1.00000000,0.00000000,0.00000000,0.00000000,5.00000000,0.00000000,0.00000000,0.00000000,0.00000000,4.42792711,4.90000000,8.08439554,6.80463159,6.26708224,6.90000000,10.51530151,9.02842477,8.10623737,8.90000000,12.94620749,11.25221795,4.43210092,4.90000000,8.08667463,6.80757383,6.27125606,6.90000000,10.51758061,9.03136701,8.11041119,8.90000000,12.94848658,11.25516019,true,0
2026,3,00-0037238,Drake London,WR,ATL,97.00000000,0.00000000,0.00000000,0.00000000,0.00000000,0.00000000,0.00000000,0.00000000,0.00000000,10.00000000,1.00000000,0.00000000,0.00000000,0.00000000,8.89882547,19.40000000,6.80463159,7.53759945,12.22669543,23.90000000,9.02842477,10.14781950,15.55456539,28.40000000,11.25221795,12.75803955,8.90060914,19.40000000,6.80757383,7.54013619,12.22847910,23.90000000,9.03136701,10.15035624,15.55634906,28.40000000,11.25516019,12.76057630,true,0
2026,4,00-0037238,Drake London,WR,ATL,66.00000000,0.00000000,0.00000000,0.00000000,0.00000000,0.00000000,0.00000000,0.00000000,0.00000000,6.00000000,1.00000000,0.00000000,0.00000000,0.00000000,5.58074800,9.60000000,7.53759945,6.85270144,7.50587137,12.10000000,10.14781950,9.22313765,9.43099474,14.60000000,12.75803955,11.59357387,5.58235231,9.60000000,7.54013619,6.85491183,7.50747568,12.10000000,10.15035624,9.22534805,9.43259905,14.60000000,12.76057630,11.59578426,true,0
2026,1,00-0037239,Chris Olave,WR,NO,234.00000000,0.00000000,0.00000000,0.00000000,0.00000000,0.00000000,0.00000000,0.00000000,0.00000000,13.00000000,4.00000000,0.00000000,0.00000000,1.00000000,15.50209160,18.20000000,10.63858834,12.34081448,19.07806474,23.20000000,13.65420790,15.55255780,22.65403789,28.20000000,16.66982746,18.76430111,15.50159846,18.20000000,10.64089084,12.34213851,19.07757160,23.20000000,13.65651040,15.55388182,22.65354474,28.20000000,16.67212996,18.76562514,true,0
2026,2,00-0037239,Chris Olave,WR,NO,104.00000000,0.00000000,0.00000000,0.00000000,0.00000000,0.00000000,0.00000000,0.00000000,0.00000000,10.00000000,3.00000000,1.00000000,0.00000000,0.00000000,10.06380945,14.60000000,12.34081448,11.54386272,13.23684580,18.60000000,15.55255780,14.74205860,16.40988215,22.60000000,18.76430111,17.94025447,10.06856807,14.60000000,12.34213851,11.54638885,13.24160441,18.60000000,15.55388182,14.74458473,16.41464076,22.60000000,18.76562514,17.94278060,true,0
2026,3,00-0037239,Chris Olave,WR,NO,134.00000000,0.00000000,0.00000000,0.00000000,0.00000000,0.00000000,0.00000000,0.00000000,0.00000000,13.00000000,2.00000000,1.00000000,2.00000000,3.00000000,15.29930750,10.70000000,11.54386272,12.85826839,19.39424193,15.20000000,14.74205860,16.37032276,23.48917636,19.70000000,17.94025447,19.88237713,15.30092733,10.70000000,11.54638885,12.86047732,19.39586176,15.20000000,14.74458473,16.37253169,23.49079619,19.70000000,17.94278060,19.88458606,true,0
2026,4,00-0037239,Chris Olave,WR,NO,176.00000000,0.00000000,0.00000000,0.00000000,0.00000000,0.00000000,0.00000000,0.00000000,0.00000000,12.00000000,4.00000000,0.00000000,0.00000000,1.00000000,13.03976818,11.60000000,12.85826839,12.92179332,16.59031875,15.60000000,16.37032276,16.44732136,20.14086932,19.60000000,19.88237713,19.97284940,13.04294245,11.60000000,12.86047732,12.92434012,16.59349302,15.60000000,16.37253169,16.44986816,20.14404359,19.60000000,19.88458606,19.97539620,true,0
2026,1,00-0037240,Jameson Williams,WR,DET,127.00000000,0.00000000,0.00000000,0.00000000,0.00000000,0.00000000,0.00000000,0.00000000,0.00000000,9.00000000,2.00000000,0.00000000,0.00000000,1.00000000,9.60566577,4.50000000,6.87146048,7.82843233,12.31173951,6.50000000,8.70346752,9.96636272,15.01781325,8.50000000,10.53547456,12.10429310,9.60708580,4.50000000,6.87387562,7.83049918,12.31315954,6.50000000,8.70588265,9.96842956,15.01923327,8.50000000,10.53788969,12.10635995,true,0
2026,2,00-0037240,Jameson Williams,WR,DET,50.00000000,0.00000000,0.00000000,0.00000000,0.00000000,0.00000000,0.00000000,0.00000000,0.00000000,4.00000000,0.00000000,0.00000000,0.00000000,0.00000000,3.85104557,3.30000000,7.82843233,6.43634697,5.09848485,4.30000000,9.96636272,8.26260546,6.34592413,5.30000000,12.10429310,10.08886396,3.85083613,3.30000000,7.83049918,6.43761711,5.09827541,4.30000000,9.96842956,8.26387561,6.34571470,5.30000000,12.10635995,10.09013411,true,0
2026,3,00-0037240,Jameson Williams,WR,DET,48.00000000,0.00000000,0.00000000,0.00000000,0.00000000,0.00000000,0.00000000,0.00000000,0.00000000,4.00000000,1.00000000,0.00000000,0.00000000,0.00000000,3.84047523,4.90000000,6.43634697,5.52779186,5.08040760,6.90000000,8.26260546,7.14883621,6.32033996,8.90000000,10.08886396,8.76988056,3.84217455,4.90000000,6.43761711,5.52921222,5.08210692,6.90000000,8.26387561,7.15025657,6.32203929,8.90000000,10.09013411,8.77130092,true,0
2026,4,00-0037240,Jameson Williams,WR,DET,136.00000000,0.00000000,0.00000000,0.00000000,0.00000000,0.00000000,0.00000000,0.00000000,0.00000000,8.00000000,2.00000000,0.00000000,0.00000000,1.00000000,9.32041442,10.20000000,5.52779186,6.85520976,11.56738015,13.20000000,7.14883621,8.69532659,13.81434588,16.20000000,8.76988056,10.53544342,9.32055219,10.20000000,5.52921222,6.85618121,11.56751792,13.20000000,7.15025657,8.69629804,13.81448365,16.20000000,8.77130092,10.53641488,true,0
2026,1,00-0037247,George Pickens,WR,DAL,104.00000000,0.00000000,0.00000000,0.00000000,0.00000000,0.00000000,0.00000000,0.00000000,0.00000000,6.00000000,3.00000000,0.00000000,0.00000000,0.00000000,6.92433906,2.80000000,9.45788397,8.57114326,8.56258609,4.30000000,11.95400360,10.76700747,10.20083312,5.80000000,14.45012322,12.96287168,6.92665812,2.80000000,9.45941987,8.57295326,8.56490515,4.30000000,11.95553949,10.76881747,10.20315218,5.80000000,14.45165911,12.96468168,true,0
2026,2,00-0037247,George Pickens,WR,DAL,83.00000000,0.00000000,0.00000000,0.00000000,0.00000000,0.00000000,0.00000000,0.00000000,0.00000000,8.00000000,1.00000000,0.00000000,1.00000000,1.00000000,8.45188518,4.00000000,8.57114326,8.52940293,11.01836336,7.00000000,10.76700747,10.85498203,13.58484155,10.00000000,12.96287168,13.18056114,8.45260704,4.00000000,8.57295326,8.53083208,11.01908523,7.00000000,10.76881747,10.85641119,13.58556342,10.00000000,12.96468168,13.18199029,true,0
2026,3,00-0037247,George Pickens,WR,DAL,80.00000000,0.00000000,0.00000000,0.00000000,0.00000000,0.00000000,0.00000000,0.00000000,0.00000000,11.00000000,0.00000000,2.00000000,2.00000000,2.00000000,12.85381691,8.20000000,8.52940293,10.04294782,16.47517737,11.70000000,10.85498203,12.82205040,20.09653782,15.20000000,13.18056114,15.60115298,12.85393031,8.20000000,8.53083208,10.04391646,16.47529077,11.70000000,10.85641119,12.82301904,20.09665123,15.20000000,13.18199029,15.60212162,true,0
2026,4,00-0037247,George Pickens,WR,DAL,73.00000000,0.00000000,0.00000000,0.00000000,0.00000000,0.00000000,0.00000000,0.00000000,0.00000000,3.00000000,1.00000000,0.00000000,0.00000000,0.00000000,4.07512168,7.50000000,10.04294782,7.95420867,4.75237938,8.50000000,12.82205040,9.99766554,5.42963707,9.50000000,15.60115298,12.04112241,4.07435674,7.50000000,10.04391646,7.95457056,4.75161443,8.50000000,12.82301904,9.99802743,5.42887212,9.50000000,15.60212162,12.04148429,true,0
2026,1,00-0037248,James Cook,RB,BUF,-4.00000000,0.00000000,0.00000000,0.00000000,0.00000000,13.00000000,0.00000000,0.00000000,2.00000000,4.00000000,0.00000000,0.00000000,0.00000000,1.00000000,9.61442318,6.90000000,13.48805741,12.13228543,11.20701813,8.40000000,14.39012216,13.27603575,12.79961308,9.90000000,15.29218692,14.41978608,9.61665254,6.90000000,13.49494435,12.13754221,11.20924749,8.40000000,14.39700910,13.28129254,12.80184244,9.90000000,15.29907386,14.42504286,true,0
2026,2,00-0037248,James Cook,RB,BUF,1.00000000,0.00000000,0.00000000,0.00000000,0.00000000,21.00000000,3.00000000,2.00000000,4.00000000,3.00000000,0.00000000,0.00000000,1.00000000,1.00000000,18.45591175,19.90000000,12.13228543,14.34555464,19.62243687,20.40000000,13.27603575,15.49727614,20.78896200,20.90000000,14.41978608,16.64899765,18.46722774,19.90000000,12.13754221,14.35293215,19.63375287,20.40000000,13.28129254,15.50465365,20.80027799,20.90000000,14.42504286,16.65637516,true,0
2026,3,00-0037248,James Cook,RB,BUF,-2.00000000,0.00000000,0.00000000,0.00000000,0.00000000,24.00000000,2.00000000,2.00000000,3.00000000,1.00000000,0.00000000,0.00000000,0.00000000,0.00000000,16.66660328,19.40000000,14.34555464,15.15792166,17.06587921,19.40000000,15.49727614,16.04628722,17.46515515,19.40000000,16.64899765,16.93465277,16.67875489,19.40000000,14.35293215,15.16697011,17.07803083,19.40000000,15.50465365,16.05533566,17.47730676,19.40000000,16.65637516,16.94370122,true,0
2026,4,00-0037248,James Cook,RB,BUF,-3.00000000,0.00000000,0.00000000,0.00000000,0.00000000,12.00000000,3.00000000,0.00000000,4.00000000,2.00000000,0.00000000,0.00000000,0.00000000,0.00000000,9.48743731,14.30000000,15.15792166,13.17325214,10.33289925,15.30000000,16.04628722,14.04660143,11.17836119,16.30000000,16.93465277,14.91995072,9.49419148,14.30000000,15.16697011,13.18149759,10.33965341,15.30000000,16.05533566,14.05484688,11.18511535,16.30000000,16.94370122,14.92819617,true,0
2026,1,00-0037252,Greg Dulcich,TE,MIA,1.00000000,0.00000000,0.00000000,0.00000000,0.00000000,0.00000000,0.00000000,0.00000000,0.00000000,2.00000000,0.00000000,0.00000000,0.00000000,0.00000000,1.17277116,1.80000000,3.86111394,2.92019397,1.96994941,2.80000000,5.25286513,4.10384462,2.76712765,3.80000000,6.64461631,5.28749528,1.17022983,1.80000000,3.86486094,2.92174005,1.96740808,2.80000000,5.25661212,4.10539071,2.76458633,3.80000000,6.64836330,5.28904136,true,0
2026,2,00-0037252,Greg Dulcich,TE,MIA,10.00000000,0.00000000,0.00000000,0.00000000,0.00000000,0.00000000,0.00000000,0.00000000,0.00000000,3.00000000,0.00000000,0.00000000,0.00000000,1.00000000,2.67062039,1.70000000,2.92019397,2.83284322,3.82152805,2.70000000,4.10384462,4.00503382,4.97243571,3.70000000,5.28749528,5.17722443,2.66787853,1.70000000,2.92174005,2.83288852,3.81878619,2.70000000,4.10539071,4.00507913,4.96969385,3.70000000,5.28904136,5.17726973,true,0
2026,3,00-0037252,Greg Dulcich,TE,MIA,57.00000000,0.00000000,0.00000000,0.00000000,0.00000000,0.00000000,0.00000000,0.00000000,0.00000000,7.00000000,2.00000000,0.00000000,0.00000000,1.00000000,6.35309533,5.50000000,2.83284322,4.06493146,8.72372532,8.00000000,4.00503382,5.65657585,11.09435530,10.50000000,5.17722443,7.24822024,6.34955106,5.50000000,2.83288852,4.06372041,8.72018105,8.00000000,4.00507913,5.65536480,11.09081104,10.50000000,5.17726973,7.24700919,true,0
2026,1,00-0037256,Rachaad White,RB,WAS,-10.00000000,0.00000000,0.00000000,0.00000000,0.00000000,7.00000000,0.00000000,0.00000000,1.00000000,2.00000000,0.00000000,0.00000000,0.00000000,1.00000000,4.82996518,2.70000000,6.44717725,5.88115302,5.67808972,3.70000000,7.51702984,6.87340080,6.52621426,4.70000000,8.58688244,7.86564858,4.83207469,2.70000000,6.45066644,5.88415933,5.68019923,3.70000000,7.52051903,6.87640710,6.52832378,4.70000000,8.59037163,7.86865488,true,0
2026,2,00-0037256,Rachaad White,RB,WAS,8.00000000,0.00000000,0.00000000,0.00000000,0.00000000,7.00000000,2.00000000,1.00000000,2.00000000,6.00000000,0.00000000,0.00000000,0.00000000,0.00000000,8.95506947,8.30000000,5.88115302,6.95702378,11.26345062,11.30000000,6.87340080,8.40991824,13.57183176,14.30000000,7.86564858,9.86281269,8.95448122,8.30000000,5.88415933,6.95877199,11.26286237,11.30000000,6.87640710,8.41166645,13.57124351,14.30000000,7.86865488,9.86456090,true,0
2026,3,00-0037256,Rachaad White,RB,WAS,6.00000000,0.00000000,0.00000000,0.00000000,0.00000000,8.00000000,0.00000000,0.00000000,1.00000000,1.00000000,0.00000000,1.00000000,1.00000000,1.00000000,7.58263695,10.10000000,6.95702378,7.17598839,7.80711208,10.60000000,8.40991824,8.19893608,8.03158721,11.10000000,9.86281269,9.22188377,7.60263279,10.10000000,6.95877199,7.18412327,7.82710792,10.60000000,8.41166645,8.20707096,8.05158305,11.10000000,9.86456090,9.23001865,true,0
2026,1,00-0037261,Khalil Shakir,WR,BUF,39.00000000,0.00000000,0.00000000,0.00000000,0.00000000,0.00000000,0.00000000,0.00000000,0.00000000,6.00000000,0.00000000,1.00000000,1.00000000,3.00000000,7.15167430,5.00000000,4.83007688,5.64263598,9.14048395,7.00000000,7.05464208,7.78468674,11.12929359,9.00000000,9.27920729,9.92673749,7.15403897,5.00000000,4.83395812,5.64598642,9.14284862,7.00000000,7.05852332,7.78803717,11.13165827,9.00000000,9.28308852,9.93008793,true,0
2026,2,00-0037261,Khalil Shakir,WR,BUF,73.00000000,0.00000000,0.00000000,0.00000000,0.00000000,0.00000000,0.00000000,0.00000000,0.00000000,6.00000000,1.00000000,0.00000000,0.00000000,0.00000000,5.80820329,3.80000000,5.64263598,5.70058454,7.68801624,5.30000000,7.78468674,7.75085206,9.56782919,6.80000000,9.92673749,9.80111959,5.80929047,3.80000000,5.64598642,5.70314284,7.68910342,5.30000000,7.78803717,7.75341036,9.56891638,6.80000000,9.93008793,9.80367789,true,0
2026,3,00-0037261,Khalil Shakir,WR,BUF,11.00000000,0.00000000,0.00000000,0.00000000,0.00000000,0.00000000,0.00000000,0.00000000,0.00000000,3.00000000,0.00000000,0.00000000,1.00000000,1.00000000,3.16945882,0.60000000,5.70058454,4.81469054,4.21818100,1.10000000,7.75085206,6.51441719,5.26690319,1.60000000,9.80111959,8.21414385,3.17065185,0.60000000,5.70314284,4.81677099,4.21937403,1.10000000,7.75341036,6.51649765,5.26809621,1.60000000,9.80367789,8.21622430,true,0
2026,4,00-0037261,Khalil Shakir,WR,BUF,29.00000000,0.00000000,0.00000000,0.00000000,0.00000000,0.00000000,0.00000000,0.00000000,0.00000000,8.00000000,1.00000000,0.00000000,0.00000000,1.00000000,5.78918096,6.20000000,4.81469054,5.15576218,8.74920154,9.70000000,6.51441719,7.29659171,11.70922212,13.20000000,8.21414385,9.43742124,5.79546242,6.20000000,4.81677099,5.15931299,8.75548300,9.70000000,6.51649765,7.30014252,11.71550358,13.20000000,8.21622430,9.44097205,true,0
2026,1,00-0037263,Tyler Allgeier,RB,ARI,-5.00000000,0.00000000,0.00000000,0.00000000,0.00000000,17.00000000,1.00000000,1.00000000,3.00000000,2.00000000,0.00000000,0.00000000,0.00000000,1.00000000,12.27664512,7.00000000,6.20898419,8.33266552,13.09123077,8.00000000,6.59161267,8.86647901,13.90581643,9.00000000,6.97424116,9.40029250,12.28329712,7.00000000,6.21309602,8.33766640,13.09788277,8.00000000,6.59572451,8.87147990,13.91246842,9.00000000,6.97835299,9.40529339,true,0
2026,2,00-0037263,Tyler Allgeier,RB,ARI,-3.00000000,0.00000000,0.00000000,0.00000000,0.00000000,5.00000000,0.00000000,0.00000000,0.00000000,2.00000000,0.00000000,0.00000000,0.00000000,0.00000000,3.35990491,1.90000000,8.33266552,6.59219930,4.15719264,2.90000000,8.86647901,7.21822878,4.95448036,3.90000000,9.40029250,7.84425825,3.36115075,1.90000000,8.33766640,6.59588592,4.15843847,2.90000000,8.87147990,7.22191540,4.95572619,3.90000000,9.40529339,7.84794487,true,0
2026,3,00-0037263,Tyler Allgeier,RB,ARI,-22.00000000,0.00000000,0.00000000,0.00000000,0.00000000,2.00000000,1.00000000,0.00000000,1.00000000,4.00000000,0.00000000,0.00000000,0.00000000,1.00000000,3.14986277,0.90000000,6.59219930,5.38738152,4.89235728,2.90000000,7.21822878,6.40417375,6.63485179,4.90000000,7.84425825,7.42096599,3.15073553,0.90000000,6.59588592,5.39008329,4.89323004,2.90000000,7.22191540,6.40687552,6.63572454,4.90000000,7.84794487,7.42366776,true,0
2026,4,00-0037263,Tyler Allgeier,RB,ARI,-6.00000000,0.00000000,0.00000000,0.00000000,0.00000000,8.00000000,1.00000000,1.00000000,2.00000000,2.00000000,0.00000000,0.00000000,0.00000000,0.00000000,6.73424301,10.90000000,5.38738152,5.85878304,7.56663498,11.90000000,6.40417375,6.81103518,8.39902695,12.90000000,7.42096599,7.76328733,6.73764388,10.90000000,5.39008329,5.86172950,7.57003586,11.90000000,6.40687552,6.81398164,8.40242783,12.90000000,7.42366776,7.76623378,true,0
2026,1,00-0037291,Jalen Nailor,WR,LV,64.00000000,0.00000000,0.00000000,0.00000000,0.00000000,0.00000000,0.00000000,0.00000000,0.00000000,5.00000000,1.00000000,0.00000000,0.00000000,0.00000000,4.93806690,2.70000000,4.00123694,4.32912743,6.47528435,4.20000000,4.93513442,5.47418690,8.01250180,5.70000000,5.86903190,6.61924636,4.93920159,2.70000000,4.00249140,4.33033997,6.47641904,4.20000000,4.93638888,5.47539944,8.01363649,5.70000000,5.87028636,6.62045890,true,0
2026,2,00-0037291,Jalen Nailor,WR,LV,27.00000000,0.00000000,0.00000000,0.00000000,0.00000000,0.00000000,0.00000000,0.00000000,0.00000000,3.00000000,0.00000000,1.00000000,0.00000000,1.00000000,3.61000242,0.90000000,4.32912743,4.07743367,4.53054513,1.40000000,5.47418690,5.14391228,5.45108783,1.90000000,6.61924636,6.21039088,3.61155379,0.90000000,4.33033997,4.07876481,4.53209650,1.40000000,5.47539944,5.14524341,5.45263921,1.90000000,6.62045890,6.21172201,true,0
2026,3,00-0037291,Jalen Nailor,WR,LV,44.00000000,0.00000000,0.00000000,0.00000000,0.00000000,0.00000000,0.00000000,0.00000000,0.00000000,3.00000000,0.00000000,0.00000000,0.00000000,0.00000000,3.07839002,1.60000000,4.07743367,3.72776840,3.96381505,2.10000000,5.14391228,4.73087825,4.84924008,2.60000000,6.21039088,5.73398810,3.07800646,1.60000000,4.07876481,3.72849939,3.96343149,2.10000000,5.14524341,4.73160924,4.84885652,2.60000000,6.21172201,5.73471909,true,0
2026,1,00-0037292,Andrew Ogletree,TE,IND,3.00000000,0.00000000,0.00000000,0.00000000,0.00000000,0.00000000,0.00000000,0.00000000,0.00000000,1.00000000,0.00000000,0.00000000,0.00000000,0.00000000,0.72012634,0.00000000,2.06595641,1.59491588,1.09918440,0.00000000,2.57465308,2.05823904,1.47824246,0.00000000,3.08334975,2.52156220,0.71815516,0.00000000,2.06429241,1.59314437,1.09721321,0.00000000,2.57298909,2.05646753,1.47627127,0.00000000,3.08168576,2.51979069,true,0
2026,2,00-0037292,Andrew Ogletree,TE,IND,4.00000000,0.00000000,0.00000000,0.00000000,0.00000000,0.00000000,0.00000000,0.00000000,0.00000000,1.00000000,0.00000000,0.00000000,0.00000000,0.00000000,0.75648334,0.00000000,1.59491588,1.30146449,1.12941320,0.00000000,2.05823904,1.73315000,1.50234307,0.00000000,2.52156220,2.16483550,0.75454272,0.00000000,1.59314437,1.29963380,1.12747259,0.00000000,2.05646753,1.73131930,1.50040246,0.00000000,2.51979069,2.16300481,true,0
2026,1,00-0037525,Jordan Mason,RB,MIN,0.00000000,0.00000000,0.00000000,0.00000000,0.00000000,15.00000000,2.00000000,1.00000000,4.00000000,0.00000000,0.00000000,0.00000000,0.00000000,0.00000000,10.67820255,11.90000000,6.68825812,8.08473867,10.69231463,11.90000000,7.10289563,8.35919228,10.70642671,11.90000000,7.51753314,8.63364589,10.68624537,11.90000000,6.69256143,8.09035081,10.70035745,11.90000000,7.10719895,8.36480442,10.71446953,11.90000000,7.52183646,8.63925803,true,0
2026,1,00-0037545,Rashid Shaheed,WR,SEA,19.00000000,0.00000000,0.00000000,0.00000000,0.00000000,0.00000000,0.00000000,0.00000000,0.00000000,3.00000000,0.00000000,0.00000000,0.00000000,0.00000000,2.26604970,0.40000000,5.70849705,4.50364048,3.31329765,0.90000000,7.30867197,5.91029096,4.36054561,1.40000000,8.90884689,7.31694144,2.26751303,0.40000000,5.71169211,4.50622943,3.31476099,0.90000000,7.31186702,5.91287991,4.36200894,1.40000000,8.91204194,7.31953039,true,0
2026,2,00-0037545,Rashid Shaheed,WR,SEA,67.00000000,0.00000000,0.00000000,0.00000000,0.00000000,1.00000000,0.00000000,0.00000000,1.00000000,6.00000000,1.00000000,0.00000000,0.00000000,0.00000000,7.04726762,3.90000000,4.50364048,5.39390998,8.96753875,5.40000000,5.91029096,6.98032769,10.88780987,6.90000000,7.31694144,8.56674539,7.05828470,3.90000000,4.50622943,5.39944877,8.97855582,5.40000000,5.91287991,6.98586648,10.89882695,6.90000000,7.31953039,8.57228419,true,0
2026,3,00-0037545,Rashid Shaheed,WR,SEA,15.00000000,0.00000000,0.00000000,0.00000000,0.00000000,0.00000000,0.00000000,0.00000000,0.00000000,3.00000000,0.00000000,0.00000000,0.00000000,0.00000000,2.13607525,1.40000000,5.39390998,4.25366782,3.20921487,2.40000000,6.98032769,5.66043820,4.28235449,3.40000000,8.56674539,7.06720858,2.13783408,1.40000000,5.39944877,4.25788363,3.21097370,2.40000000,6.98586648,5.66465401,4.28411332,3.40000000,8.57228419,7.07142438,true,0
2026,4,00-0037545,Rashid Shaheed,WR,SEA,65.00000000,0.00000000,0.00000000,0.00000000,0.00000000,2.00000000,0.00000000,0.00000000,1.00000000,3.00000000,2.00000000,0.00000000,0.00000000,0.00000000,6.18013090,11.30000000,4.25366782,4.92792990,6.90643519,11.80000000,5.66043820,6.09653715,7.63273948,12.30000000,7.06720858,7.26514439,6.19297584,11.30000000,4.25788363,4.93516590,6.91928013,11.80000000,5.66465401,6.10377315,7.64558442,12.30000000,7.07142438,7.27238040,true,0
2026,1,00-0037557,Ronnie Rivers,RB,LA,2.00000000,0.00000000,0.00000000,0.00000000,0.00000000,5.00000000,0.00000000,0.00000000,2.00000000,1.00000000,0.00000000,0.00000000,0.00000000,0.00000000,3.55810478,2.40000000,2.76795044,3.04450446,3.93779976,2.90000000,3.06073632,3.36770852,4.31749474,3.40000000,3.35352220,3.69091259,3.55867199,2.40000000,2.76907069,3.04543115,3.93836696,2.90000000,3.06185658,3.36863521,4.31806194,3.40000000,3.35464246,3.69183928,true,0
2026,3,00-0037614,John Metchie III,WR,CAR,39.00000000,0.00000000,0.00000000,0.00000000,0.00000000,0.00000000,0.00000000,0.00000000,0.00000000,5.00000000,0.00000000,1.00000000,1.00000000,1.00000000,6.06336264,7.90000000,3.49796255,4.39585258,7.66392896,8.90000000,4.91283066,5.87571507,9.26449528,9.90000000,6.32769877,7.35557755,6.06369195,7.90000000,3.50027102,4.39746834,7.66425827,8.90000000,4.91513913,5.87733083,9.26482459,9.90000000,6.33000723,7.35719331,true,0
2026,4,00-0037614,John Metchie III,WR,CAR,42.00000000,0.00000000,0.00000000,0.00000000,0.00000000,0.00000000,0.00000000,0.00000000,0.00000000,5.00000000,0.00000000,0.00000000,0.00000000,0.00000000,4.16879053,3.70000000,4.39585258,4.31638087,5.86886490,5.20000000,5.87571507,5.87331751,7.56893928,6.70000000,7.35557755,7.43025415,4.16978948,3.70000000,4.39746834,4.31778074,5.86986385,5.20000000,5.87733083,5.87471738,7.56993822,6.70000000,7.35719331,7.43165403,true,0
2026,1,00-0037664,Alec Pierce,WR,IND,103.00000000,0.00000000,0.00000000,0.00000000,0.00000000,0.00000000,0.00000000,0.00000000,0.00000000,6.00000000,1.00000000,0.00000000,0.00000000,1.00000000,7.03832057,6.10000000,7.63998666,7.42940353,8.71764180,8.10000000,9.06966061,8.94645403,10.39696303,10.10000000,10.49933456,10.46350453,7.03790048,6.10000000,7.63953491,7.42896286,8.71722171,8.10000000,9.06920886,8.94601336,10.39654294,10.10000000,10.49888281,10.46306386,true,0
2026,2,00-0037664,Alec Pierce,WR,IND,10.00000000,0.00000000,0.00000000,0.00000000,0.00000000,0.00000000,0.00000000,0.00000000,0.00000000,1.00000000,0.00000000,0.00000000,0.00000000,0.00000000,0.81821945,1.10000000,7.42940353,5.11548910,1.12202015,1.60000000,8.94645403,6.20790217,1.42582084,2.10000000,10.46350453,7.30031524,0.81911291,1.10000000,7.42896286,5.11551538,1.12291361,1.60000000,8.94601336,6.20792845,1.42671430,2.10000000,10.46306386,7.30034151,true,0
2026,4,00-0037666,Jalen Tolbert,WR,MIA,-2.00000000,0.00000000,0.00000000,0.00000000,0.00000000,0.00000000,0.00000000,0.00000000,0.00000000,1.00000000,0.00000000,0.00000000,0.00000000,0.00000000,0.42829609,0.00000000,3.64148774,2.51687067,0.80977179,0.00000000,4.59316387,3.26897665,1.19124749,0.00000000,5.54484001,4.02108263,0.43007606,0.00000000,3.64255045,2.51818442,0.81155176,0.00000000,4.59422659,3.27029040,1.19302746,0.00000000,5.54590272,4.02239638,true,0
2026,1,00-0037740,Garrett Wilson,WR,NYJ,77.00000000,0.00000000,0.00000000,0.00000000,0.00000000,0.00000000,0.00000000,0.00000000,0.00000000,7.00000000,1.00000000,0.00000000,0.00000000,0.00000000,6.51587161,7.90000000,8.09145840,7.54000302,8.77064465,10.90000000,10.94023743,10.18087996,11.02541768,13.90000000,13.78901647,12.82175689,6.51728067,7.90000000,8.09418062,7.54226563,8.77205370,10.90000000,10.94295965,10.18314257,11.02682674,13.90000000,13.79173868,12.82401950,true,0
2026,2,00-0037740,Garrett Wilson,WR,NYJ,75.00000000,0.00000000,0.00000000,0.00000000,0.00000000,0.00000000,0.00000000,0.00000000,0.00000000,7.00000000,0.00000000,0.00000000,1.00000000,1.00000000,7.55982552,11.70000000,7.54000302,7.54694090,9.79768804,14.20000000,10.18087996,10.04676279,12.03555056,16.70000000,12.82175689,12.54658467,7.55876000,11.70000000,7.54226563,7.54803866,9.79662252,14.20000000,10.18314257,10.04786055,12.03448504,16.70000000,12.82401950,12.54768244,true,0
2026,3,00-0037740,Garrett Wilson,WR,NYJ,132.00000000,0.00000000,0.00000000,0.00000000,0.00000000,0.00000000,0.00000000,0.00000000,0.00000000,14.00000000,2.00000000,0.00000000,1.00000000,1.00000000,13.56465230,16.70000000,7.54694090,9.65313989,18.19861533,21.70000000,10.04676279,12.89991118,22.83257837,26.70000000,12.54658467,16.14668247,13.56721953,16.70000000,7.54803866,9.65475197,18.20118256,21.70000000,10.04786055,12.90152325,22.83514559,26.70000000,12.54768244,16.14829454,true,0
2026,4,00-0037740,Garrett Wilson,WR,NYJ,31.00000000,0.00000000,0.00000000,0.00000000,0.00000000,0.00000000,0.00000000,0.00000000,0.00000000,4.00000000,0.00000000,0.00000000,0.00000000,0.00000000,3.23366692,2.70000000,9.65313989,7.40632435,4.60409163,4.20000000,12.89991118,9.99637434,5.97451633,5.70000000,16.14668247,12.58642432,3.23486112,2.70000000,9.65475197,7.40779017,4.60528583,4.20000000,12.90152325,9.99784016,5.97571053,5.70000000,16.14829454,12.58789014,true,0
2026,1,00-0037741,Jahan Dotson,WR,ATL,52.00000000,0.00000000,0.00000000,0.00000000,0.00000000,0.00000000,0.00000000,0.00000000,0.00000000,3.00000000,0.00000000,0.00000000,0.00000000,0.00000000,3.33833893,1.90000000,2.81927858,3.00094970,4.17198062,2.40000000,3.54425281,3.76395754,5.00562232,2.90000000,4.26922704,4.52696539,3.33736436,1.90000000,2.82046339,3.00137873,4.17100606,2.40000000,3.54543762,3.76438658,5.00464775,2.90000000,4.27041186,4.52739442,true,0
2026,2,00-0037741,Jahan Dotson,WR,ATL,48.00000000,0.00000000,0.00000000,0.00000000,0.00000000,0.00000000,0.00000000,0.00000000,0.00000000,4.00000000,1.00000000,0.00000000,0.00000000,0.00000000,3.84047523,1.10000000,3.00094970,3.29478364,5.08040760,2.10000000,3.76395754,4.22471506,6.32033996,3.10000000,4.52696539,5.15464649,3.84217455,1.10000000,3.00137873,3.29565727,5.08210692,2.10000000,3.76438658,4.22558870,6.32203929,3.10000000,4.52739442,5.15552012,true,0
2026,3,00-0037741,Jahan Dotson,WR,ATL,44.00000000,0.00000000,0.00000000,0.00000000,0.00000000,0.00000000,0.00000000,0.00000000,0.00000000,3.00000000,1.00000000,0.00000000,0.00000000,0.00000000,3.13280691,1.10000000,3.29478364,3.23809178,3.99777919,1.60000000,4.22471506,4.14528751,4.86275147,2.10000000,5.15464649,5.05248323,3.13418436,1.10000000,3.29565727,3.23914175,3.99915664,1.60000000,4.22558870,4.14633748,4.86412892,2.10000000,5.15552012,5.05353320,true,0
2026,4,00-0037741,Jahan Dotson,WR,ATL,62.00000000,0.00000000,0.00000000,0.00000000,0.00000000,0.00000000,0.00000000,0.00000000,0.00000000,3.00000000,1.00000000,1.00000000,0.00000000,0.00000000,4.54638686,11.40000000,3.23809178,3.69599506,5.22622894,12.40000000,4.14528751,4.52361701,5.90607102,13.40000000,5.05248323,5.35123896,4.54640460,11.40000000,3.23914175,3.69668375,5.22624668,12.40000000,4.14633748,4.52430570,5.90608876,13.40000000,5.05353320,5.35192765,true,0
2026,2,00-0037742,Treylon Burks,WR,WAS,56.00000000,0.00000000,0.00000000,0.00000000,0.00000000,0.00000000,0.00000000,0.00000000,0.00000000,1.00000000,1.00000000,1.00000000,0.00000000,0.00000000,3.19603745,0.00000000,3.73654829,3.54736949,3.11301352,0.00000000,4.49482443,4.01119061,3.02998960,0.00000000,5.25310058,4.47501173,3.19526369,0.00000000,3.73718252,3.54751093,3.11223977,0.00000000,4.49545866,4.01133205,3.02921584,0.00000000,5.25373480,4.47515317,true,0
2026,3,00-0037742,Treylon Burks,WR,WAS,9.00000000,0.00000000,0.00000000,0.00000000,0.00000000,0.00000000,0.00000000,0.00000000,0.00000000,2.00000000,0.00000000,1.00000000,0.00000000,1.00000000,2.44742352,7.30000000,3.54736949,3.16238840,3.08362698,8.30000000,4.01119061,3.68654334,3.71983043,9.30000000,4.47501173,4.21069828,2.44968728,7.30000000,3.54751093,3.16327265,3.08589074,8.30000000,4.01133205,3.68742759,3.72209419,9.30000000,4.47515317,4.21158253,true,0
2026,4,00-0037742,Treylon Burks,WR,WAS,89.00000000,0.00000000,0.00000000,0.00000000,0.00000000,0.00000000,0.00000000,0.00000000,0.00000000,3.00000000,2.00000000,0.00000000,0.00000000,0.00000000,4.64943638,10.70000000,3.16238840,3.68285519,5.20267465,11.20000000,3.68654334,4.21718930,5.75591292,11.70000000,4.21069828,4.75152340,4.64925043,10.70000000,3.16327265,3.68336487,5.20248871,11.20000000,3.68742759,4.21769898,5.75572698,11.70000000,4.21158253,4.75203308,true,0
2026,1,00-0037744,Trey McBride,TE,ARI,89.00000000,0.00000000,0.00000000,0.00000000,0.00000000,0.00000000,0.00000000,0.00000000,0.00000000,13.00000000,1.00000000,1.00000000,2.00000000,4.00000000,15.53066838,15.50000000,10.74875066,12.42242186,20.05131435,20.00000000,14.26065599,16.28738641,24.57196032,24.50000000,17.77256131,20.15235097,15.52819220,15.50000000,10.74488929,12.41904531,20.04883818,20.00000000,14.25679461,16.28400986,24.56948415,24.50000000,17.76869994,20.14897441,true,0
2026,2,00-0037744,Trey McBride,TE,ARI,36.00000000,0.00000000,0.00000000,0.00000000,0.00000000,0.00000000,0.00000000,0.00000000,0.00000000,10.00000000,0.00000000,2.00000000,2.00000000,2.00000000,11.84136701,10.10000000,12.42242186,12.21905266,15.44627556,14.10000000,16.28738641,15.99299761,19.05118411,18.10000000,20.15235097,19.76694257,11.83841635,10.10000000,12.41904531,12.21582517,15.44332490,14.10000000,16.28400986,15.98977012,19.04823345,18.10000000,20.14897441,19.76371507,true,0
2026,3,00-0037744,Trey McBride,TE,ARI,57.00000000,0.00000000,0.00000000,0.00000000,0.00000000,0.00000000,0.00000000,0.00000000,0.00000000,11.00000000,0.00000000,0.00000000,2.00000000,2.00000000,11.04946027,7.50000000,12.21905266,11.80969533,15.08105150,12.00000000,15.99299761,15.67381648,19.11264274,16.50000000,19.76694257,19.53793763,11.04747501,7.50000000,12.21582517,11.80690262,15.07906625,12.00000000,15.98977012,15.67102377,19.11065748,16.50000000,19.76371507,19.53514492,true,0
2026,4,00-0037744,Trey McBride,TE,ARI,70.00000000,0.00000000,0.00000000,0.00000000,0.00000000,0.00000000,0.00000000,0.00000000,0.00000000,12.00000000,1.00000000,0.00000000,1.00000000,1.00000000,10.42735630,3.10000000,11.80969533,11.32587667,14.76488221,6.60000000,15.67381648,15.35568948,19.10240811,10.10000000,19.53793763,19.38550230,10.42344540,3.10000000,11.80690262,11.32269259,14.76097130,6.60000000,15.67102377,15.35250541,19.09849721,10.10000000,19.53514492,19.38231822,true,0
2026,1,00-0037746,Brian Robinson,RB,ATL,0.00000000,0.00000000,0.00000000,0.00000000,0.00000000,9.00000000,0.00000000,0.00000000,0.00000000,0.00000000,0.00000000,0.00000000,0.00000000,0.00000000,4.62202269,3.10000000,3.79745550,4.08605402,4.60374047,3.10000000,4.08196746,4.26458801,4.58545826,3.10000000,4.36647942,4.44312201,4.62640513,3.10000000,3.79967368,4.08902969,4.60812291,3.10000000,4.08418564,4.26756369,4.58984069,3.10000000,4.36869760,4.44609768,true,0
2026,2,00-0037746,Brian Robinson,RB,ATL,0.00000000,0.00000000,0.00000000,0.00000000,0.00000000,11.00000000,0.00000000,0.00000000,0.00000000,2.00000000,0.00000000,0.00000000,0.00000000,0.00000000,6.75162447,6.70000000,4.08605402,5.01900367,7.52028053,7.70000000,4.26458801,5.40408039,8.28893659,8.70000000,4.44312201,5.78915711,6.75537203,6.70000000,4.08902969,5.02224951,7.52402809,7.70000000,4.26756369,5.40732623,8.29268416,8.70000000,4.44609768,5.79240295,true,0
2026,3,00-0037746,Brian Robinson,RB,ATL,0.00000000,0.00000000,0.00000000,0.00000000,0.00000000,10.00000000,1.00000000,0.00000000,1.00000000,0.00000000,0.00000000,0.00000000,0.00000000,0.00000000,5.83084173,11.00000000,5.01900367,5.30314699,5.82711152,11.00000000,5.40408039,5.55214129,5.82338132,11.00000000,5.78915711,5.80113559,5.83657259,11.00000000,5.02224951,5.30726259,5.83284239,11.00000000,5.40732623,5.55625688,5.82911219,11.00000000,5.79240295,5.80525118,true,0
2026,4,00-0037746,Brian Robinson,RB,ATL,-4.00000000,0.00000000,0.00000000,0.00000000,0.00000000,14.00000000,2.00000000,1.00000000,4.00000000,1.00000000,0.00000000,0.00000000,1.00000000,1.00000000,12.22436606,24.70000000,5.30314699,7.72557366,12.64909746,25.20000000,5.55214129,8.03607595,13.07382887,25.70000000,5.80113559,8.34657824,12.23327260,24.70000000,5.30726259,7.73136609,12.65800401,25.20000000,5.55625688,8.04186838,13.08273541,25.70000000,5.80525118,8.35237066,true,0
2026,3,00-0037755,Jelani Woods,TE,NYJ,19.00000000,0.00000000,0.00000000,0.00000000,0.00000000,0.00000000,0.00000000,0.00000000,0.00000000,1.00000000,0.00000000,0.00000000,0.00000000,0.00000000,1.30183819,2.00000000,1.92772225,1.70866283,1.58284520,2.50000000,2.44447206,2.14290266,1.86385221,3.00000000,2.96122187,2.57714249,1.30035620,2.00000000,1.92661773,1.70742620,1.58136321,2.50000000,2.44336754,2.14166603,1.86237022,3.00000000,2.96011735,2.57590586,true,0
2026,4,00-0037755,Jelani Woods,TE,NYJ,2.00000000,0.00000000,0.00000000,0.00000000,0.00000000,0.00000000,0.00000000,0.00000000,0.00000000,1.00000000,0.00000000,0.00000000,0.00000000,0.00000000,0.68376935,1.10000000,1.70866283,1.34995011,1.06895560,1.60000000,2.14290266,1.76702119,1.45414185,2.10000000,2.57714249,2.18409227,0.68176759,1.10000000,1.70742620,1.34844568,1.06695384,1.60000000,2.14166603,1.76551676,1.45214009,2.10000000,2.57590586,2.18258784,true,0
2026,1,00-0037801,KaVontae Turpin,WR,DAL,1.00000000,0.00000000,0.00000000,0.00000000,0.00000000,0.00000000,0.00000000,0.00000000,0.00000000,1.00000000,0.00000000,0.00000000,0.00000000,0.00000000,0.52577693,0.80000000,3.49687428,2.45699021,0.88783388,1.30000000,4.32348712,3.12100849,1.24989083,1.80000000,5.15009996,3.78502677,0.52733528,0.80000000,3.50039892,2.45982664,0.88939222,1.30000000,4.32701176,3.12384492,1.25144917,1.80000000,5.15362460,3.78786320,true,0
2026,2,00-0037801,KaVontae Turpin,WR,DAL,0.00000000,0.00000000,0.00000000,0.00000000,0.00000000,1.00000000,0.00000000,0.00000000,1.00000000,0.00000000,0.00000000,0.00000000,0.00000000,0.00000000,1.34961546,0.10000000,2.45699021,2.06940905,1.31891425,0.10000000,3.12100849,2.49027550,1.28821303,0.10000000,3.78502677,2.91114196,1.36011694,0.10000000,2.45982664,2.07492825,1.32941573,0.10000000,3.12384492,2.49579470,1.29871451,0.10000000,3.78786320,2.91666116,true,0
2026,3,00-0037801,KaVontae Turpin,WR,DAL,15.00000000,0.00000000,0.00000000,0.00000000,0.00000000,1.00000000,1.00000000,0.00000000,1.00000000,2.00000000,0.00000000,0.00000000,0.00000000,1.00000000,4.48436924,7.80000000,2.06940905,2.91464511,5.15691493,8.30000000,2.49027550,3.42359930,5.82946063,8.80000000,2.91114196,3.93255349,4.49646076,7.80000000,2.07492825,2.92246463,5.16900646,8.30000000,2.49579470,3.43141882,5.84155215,8.80000000,2.91666116,3.94037301,true,0
2026,1,00-0037805,Jeremy Ruckert,TE,NYJ,1.00000000,0.00000000,0.00000000,0.00000000,0.00000000,0.00000000,0.00000000,0.00000000,0.00000000,1.00000000,0.00000000,0.00000000,0.00000000,0.00000000,0.64741236,0.40000000,1.99202938,1.52141342,1.03872680,0.90000000,2.82386211,2.19906475,1.43004124,1.40000000,3.65569484,2.87671608,0.64538003,0.40000000,1.98978189,1.51924124,1.03669446,0.90000000,2.82161463,2.19689257,1.42800890,1.40000000,3.65344736,2.87454390,true,0
2026,2,00-0037805,Jeremy Ruckert,TE,NYJ,-10.00000000,0.00000000,0.00000000,0.00000000,0.00000000,0.00000000,0.00000000,0.00000000,0.00000000,2.00000000,0.00000000,0.00000000,0.00000000,1.00000000,1.41812179,0.50000000,1.52141342,1.48526135,2.28572945,1.50000000,2.19906475,2.22939740,3.15333710,2.50000000,2.87671608,2.97353344,1.41527742,0.50000000,1.51924124,1.48285390,2.28288508,1.50000000,2.19689257,2.22698995,3.15049274,2.50000000,2.87454390,2.97112599,true,0
2026,3,00-0037805,Jeremy Ruckert,TE,NYJ,15.00000000,0.00000000,0.00000000,0.00000000,0.00000000,0.00000000,0.00000000,0.00000000,0.00000000,5.00000000,0.00000000,1.00000000,1.00000000,1.00000000,5.85446082,9.90000000,1.48526135,3.01448117,7.67108908,12.40000000,2.22939740,4.13398948,9.48771733,14.90000000,2.97353344,5.25349780,5.85211681,9.90000000,1.48285390,3.01209592,7.66874506,12.40000000,2.22698995,4.13160424,9.48537332,14.90000000,2.97112599,5.25111256,true,0
2026,1,00-0037809,Chig Okonkwo,TE,WAS,39.00000000,0.00000000,0.00000000,0.00000000,0.00000000,0.00000000,0.00000000,0.00000000,0.00000000,3.00000000,1.00000000,0.00000000,0.00000000,0.00000000,3.01582620,1.60000000,3.70652979,3.46478353,3.92814304,2.60000000,5.42795665,4.90302188,4.84045988,3.60000000,7.14938350,6.34126023,3.01383599,1.60000000,3.70352651,3.46213483,3.92615283,2.60000000,5.42495336,4.90037318,4.83846967,3.60000000,7.14638022,6.33861153,true,0
2026,4,00-0037809,Chig Okonkwo,TE,WAS,21.00000000,0.00000000,0.00000000,0.00000000,0.00000000,0.00000000,0.00000000,0.00000000,0.00000000,4.00000000,1.00000000,0.00000000,0.00000000,0.00000000,2.88675916,0.50000000,3.46478353,3.26247500,4.31524724,1.50000000,4.90302188,4.69730076,5.74373532,2.50000000,6.34126023,6.13212651,2.88370962,0.50000000,3.46213483,3.25968601,4.31219770,1.50000000,4.90037318,4.69451176,5.74068578,2.50000000,6.33861153,6.12933751,true,0
2026,1,00-0037816,Romeo Doubs,WR,NE,75.00000000,0.00000000,0.00000000,0.00000000,0.00000000,0.00000000,0.00000000,0.00000000,0.00000000,3.00000000,2.00000000,0.00000000,0.00000000,0.00000000,4.19452580,0.00000000,6.59111741,5.75231035,4.83838490,0.00000000,8.18052352,7.01077501,5.48224401,0.00000000,9.76992963,8.26923966,4.19537411,0.00000000,6.59198751,5.75317282,4.83923322,0.00000000,8.18139362,7.01163748,5.48309233,0.00000000,9.77079973,8.27010214,true,0
2026,2,00-0037816,Romeo Doubs,WR,NE,76.00000000,0.00000000,0.00000000,0.00000000,0.00000000,0.00000000,0.00000000,0.00000000,0.00000000,4.00000000,2.00000000,0.00000000,0.00000000,0.00000000,4.80471328,9.60000000,5.75231035,5.42065137,5.84295122,11.10000000,7.01077501,6.60203668,6.88118917,12.60000000,8.26923966,7.78342199,4.80610509,9.60000000,5.75317282,5.42169912,5.84434304,11.10000000,7.01163748,6.60308442,6.88258098,12.60000000,8.27010214,7.78446973,true,0
2026,3,00-0037816,Romeo Doubs,WR,NE,51.00000000,0.00000000,0.00000000,0.00000000,0.00000000,0.00000000,0.00000000,0.00000000,0.00000000,4.00000000,0.00000000,0.00000000,0.00000000,1.00000000,4.13884808,4.90000000,5.42065137,4.97202022,5.37351023,6.40000000,6.60203668,6.17205242,6.60817238,7.90000000,7.78342199,7.37208463,4.13927376,4.90000000,5.42169912,4.97285024,5.37393591,6.40000000,6.60308442,6.17288244,6.60859806,7.90000000,7.78446973,7.37291465,true,0
2026,4,00-0037816,Romeo Doubs,WR,NE,120.00000000,0.00000000,0.00000000,0.00000000,0.00000000,0.00000000,0.00000000,0.00000000,0.00000000,9.00000000,1.00000000,2.00000000,1.00000000,3.00000000,12.39985035,17.80000000,4.97202022,7.57176077,14.97783855,20.80000000,6.17205242,9.25407757,17.55582675,23.80000000,7.37208463,10.93639437,12.39981428,17.80000000,4.97285024,7.57228766,14.97780248,20.80000000,6.17288244,9.25460446,17.55579068,23.80000000,7.37291465,10.93692126,true,0
2026,1,00-0037834,Brock Purdy,QB,SF,0.00000000,149.00000000,34.00000000,5.00000000,8.00000000,5.00000000,0.00000000,0.00000000,0.00000000,0.00000000,0.00000000,0.00000000,0.00000000,0.00000000,17.95297414,21.10000000,17.58701282,17.71509928,17.96396597,21.10000000,17.59336575,17.72307583,17.97495780,21.10000000,17.59971868,17.73105237,21.54249757,27.10000000,21.06804924,21.23410615,21.55348940,27.10000000,21.07440217,21.24208270,21.56448123,27.10000000,21.08075509,21.25005924,true,3
2026,2,00-0037834,Brock Purdy,QB,SF,0.00000000,180.00000000,22.00000000,2.00000000,5.00000000,3.00000000,1.00000000,1.00000000,1.00000000,0.00000000,0.00000000,0.00000000,0.00000000,0.00000000,14.80594659,28.48000000,17.71509928,16.69689584,14.81039052,28.48000000,17.72307583,16.70363597,14.81483445,28.48000000,17.73105237,16.71037610,17.16372861,32.48000000,21.23410615,19.80947402,17.16817255,32.48000000,21.24208270,19.81621414,17.17261648,32.48000000,21.25005924,19.82295427,true,2
2026,3,00-0037834,Brock Purdy,QB,SF,0.00000000,294.00000000,27.00000000,1.00000000,4.00000000,1.00000000,0.00000000,0.00000000,0.00000000,0.00000000,0.00000000,0.00000000,0.00000000,0.00000000,12.49547037,31.28000000,16.69689584,15.22639693,12.49918100,31.28000000,16.70363597,15.23207673,12.50289164,31.28000000,16.71037610,15.23775654,15.13441393,39.28000000,19.80947402,18.17320299,15.13812457,39.28000000,19.81621414,18.17888279,15.14183520,39.28000000,19.82295427,18.18456260,true,4
2026,4,00-0037834,Brock Purdy,QB,SF,0.00000000,255.00000000,29.00000000,3.00000000,4.00000000,8.00000000,1.00000000,0.00000000,2.00000000,0.00000000,0.00000000,0.00000000,0.00000000,0.00000000,19.59660276,19.62000000,15.22639693,16.75596897,19.60360246,19.62000000,15.23207673,16.76211074,19.61060215,19.62000000,15.23775654,16.76825250,22.50300863,23.62000000,18.17320299,19.68863496,22.51000832,23.62000000,18.17888279,19.69477673,22.51700802,23.62000000,18.18456260,19.70091850,true,2
2026,1,00-0037838,Isaiah Likely,TE,NYG,64.00000000,0.00000000,0.00000000,0.00000000,0.00000000,0.00000000,0.00000000,0.00000000,0.00000000,8.00000000,0.00000000,1.00000000,1.00000000,4.00000000,11.14786232,19.80000000,3.53755901,6.20116517,13.89085862,23.80000000,4.65562628,7.88795759,16.63385492,27.80000000,5.77369354,9.57475002,11.14558934,19.80000000,3.53531923,6.19891377,13.88858564,23.80000000,4.65338650,7.88570619,16.63158194,27.80000000,5.77145376,9.57249862,true,0
2026,2,00-0037838,Isaiah Likely,TE,NYG,48.00000000,0.00000000,0.00000000,0.00000000,0.00000000,0.00000000,0.00000000,0.00000000,0.00000000,10.00000000,0.00000000,0.00000000,0.00000000,0.00000000,7.08442007,3.30000000,6.20116517,6.51030439,10.84048385,5.80000000,7.88795759,8.92134178,14.59654762,8.30000000,9.57475002,11.33237918,7.07924384,3.30000000,6.19891377,6.50702929,10.83530761,5.80000000,7.88570619,8.91806669,14.59137139,8.30000000,9.57249862,11.32910409,true,0
2026,3,00-0037838,Isaiah Likely,TE,NYG,21.00000000,0.00000000,0.00000000,0.00000000,0.00000000,0.00000000,0.00000000,0.00000000,0.00000000,5.00000000,0.00000000,0.00000000,0.00000000,0.00000000,3.47598735,1.30000000,6.51030439,5.44829342,5.36819322,2.30000000,8.92134178,7.67773979,7.26039909,3.30000000,11.33237918,9.90718615,3.47253055,1.30000000,6.50702929,5.44495473,5.36473642,2.30000000,8.91806669,7.67440110,7.25694229,3.30000000,11.32910409,9.90384746,true,0
2026,4,00-0037838,Isaiah Likely,TE,NYG,112.00000000,0.00000000,0.00000000,0.00000000,0.00000000,0.00000000,0.00000000,0.00000000,0.00000000,12.00000000,2.00000000,0.00000000,0.00000000,2.00000000,11.62480131,6.60000000,5.44829342,7.61007118,15.69071918,10.10000000,7.67773979,10.48228258,19.75663706,13.60000000,9.90718615,13.35449397,11.62042698,6.60000000,5.44495473,7.60637002,15.68634486,10.10000000,7.67440110,10.47858141,19.75226274,13.60000000,9.90384746,13.35079281,true,0
2026,1,00-0037840,Kyren Williams,RB,LA,7.00000000,0.00000000,0.00000000,0.00000000,0.00000000,11.00000000,3.00000000,2.00000000,4.00000000,3.00000000,0.00000000,0.00000000,0.00000000,0.00000000,11.39615127,12.50000000,12.67583193,12.22794370,12.54014147,14.00000000,13.77499027,13.34279319,13.68413167,15.50000000,14.87414861,14.45764268,11.40033820,12.50000000,12.68080900,12.23264422,12.54432840,14.00000000,13.77996734,13.34749371,13.68831860,15.50000000,14.87912569,14.46234320,true,0
2026,2,00-0037840,Kyren Williams,RB,LA,5.00000000,0.00000000,0.00000000,0.00000000,0.00000000,12.00000000,1.00000000,0.00000000,2.00000000,2.00000000,0.00000000,0.00000000,1.00000000,1.00000000,10.06860979,13.70000000,12.22794370,11.47217683,10.80472004,14.70000000,13.34279319,12.45446759,11.54083030,15.70000000,14.45764268,13.43675835,10.07433551,13.70000000,12.23264422,11.47723617,10.81044577,14.70000000,13.34749371,12.45952693,11.54655602,15.70000000,14.46234320,13.44181769,true,0
2026,3,00-0037840,Kyren Williams,RB,LA,44.00000000,0.00000000,0.00000000,0.00000000,0.00000000,15.00000000,0.00000000,0.00000000,2.00000000,7.00000000,0.00000000,0.00000000,0.00000000,0.00000000,13.23326274,15.80000000,11.47217683,12.08855690,15.64144448,18.80000000,12.45446759,13.56990950,18.04962622,21.80000000,13.43675835,15.05126210,13.22887090,15.80000000,11.47723617,12.09030833,15.63705264,18.80000000,12.45952693,13.57166093,18.04523437,21.80000000,13.44181769,15.05301353,true,0
2026,4,00-0037840,Kyren Williams,RB,LA,46.00000000,0.00000000,0.00000000,0.00000000,0.00000000,16.00000000,3.00000000,1.00000000,5.00000000,13.00000000,0.00000000,0.00000000,1.00000000,1.00000000,21.41511692,26.70000000,12.08855690,15.35285291,26.19390048,31.70000000,13.56990950,17.98830634,30.97268404,36.70000000,15.05126210,20.62375978,21.41042402,26.70000000,12.09030833,15.35234882,26.18920758,31.70000000,13.57166093,17.98780225,30.96799113,36.70000000,15.05301353,20.62325569,true,0
2026,1,00-0038041,Jake Ferguson,TE,DAL,6.00000000,0.00000000,0.00000000,0.00000000,0.00000000,0.00000000,0.00000000,0.00000000,0.00000000,2.00000000,0.00000000,0.00000000,1.00000000,1.00000000,2.91079036,0.60000000,6.70959201,5.38001143,3.63973633,1.60000000,8.89814431,7.05770151,4.36868231,2.60000000,11.08669660,8.73539160,2.91011430,0.60000000,6.71023155,5.38019051,3.63906028,1.60000000,8.89878384,7.05788059,4.36800625,2.60000000,11.08733614,8.73557068,true,0
2026,2,00-0038041,Jake Ferguson,TE,DAL,29.00000000,0.00000000,0.00000000,0.00000000,0.00000000,0.00000000,0.00000000,0.00000000,0.00000000,4.00000000,0.00000000,2.00000000,1.00000000,2.00000000,7.52375859,16.30000000,5.38001143,6.13032294,8.77699225,18.30000000,7.05770151,7.65945327,10.03022590,20.30000000,8.73539160,9.18858360,7.52196873,16.30000000,5.38019051,6.12981289,8.77520239,18.30000000,7.05788059,7.65894322,10.02843604,20.30000000,8.73557068,9.18807355,true,0
2026,3,00-0038041,Jake Ferguson,TE,DAL,12.00000000,0.00000000,0.00000000,0.00000000,0.00000000,0.00000000,0.00000000,0.00000000,0.00000000,5.00000000,0.00000000,0.00000000,0.00000000,1.00000000,3.79405196,6.30000000,6.13032294,5.31262810,5.74443086,7.80000000,7.65945327,6.98919543,7.69480976,9.30000000,9.18858360,8.66576276,3.79035327,6.30000000,6.12981289,5.31100202,5.74073217,7.80000000,7.65894322,6.98756935,7.69111107,9.30000000,9.18807355,8.66413668,true,0
2026,4,00-0038041,Jake Ferguson,TE,DAL,18.00000000,0.00000000,0.00000000,0.00000000,0.00000000,0.00000000,0.00000000,0.00000000,0.00000000,4.00000000,0.00000000,0.00000000,0.00000000,0.00000000,2.84155759,1.10000000,5.31262810,4.44775342,4.34628422,2.60000000,6.98919543,6.06417650,5.85101085,4.10000000,8.66576276,7.68059959,2.83851805,1.10000000,5.31100202,4.44563263,4.34324468,2.60000000,6.98756935,6.06205572,5.84797131,4.10000000,8.66413668,7.67847880,true,0
2026,2,00-0038046,Charlie Kolar,TE,LAC,11.00000000,0.00000000,0.00000000,0.00000000,0.00000000,0.00000000,0.00000000,0.00000000,0.00000000,3.00000000,0.00000000,0.00000000,0.00000000,0.00000000,2.06169986,2.10000000,1.58863750,1.75420932,3.20346001,3.60000000,2.06125724,2.46102821,4.34522017,5.10000000,2.53387699,3.16784710,2.05895529,2.10000000,1.58696066,1.75215878,3.20071544,3.60000000,2.05958041,2.45897767,4.34247560,5.10000000,2.53220016,3.16579656,true,0
2026,1,00-0038090,Skyy Moore,WR,GB,12.00000000,0.00000000,0.00000000,0.00000000,0.00000000,0.00000000,0.00000000,0.00000000,0.00000000,1.00000000,0.00000000,1.00000000,0.00000000,1.00000000,1.96721049,0.00000000,0.96892486,1.31832483,2.18314344,0.00000000,1.16829482,1.52349184,2.39907640,0.00000000,1.36766478,1.72865884,1.96863525,0.00000000,0.97030191,1.31971857,2.18456820,0.00000000,1.16967186,1.52488558,2.40050115,0.00000000,1.36904182,1.73005259,true,0
2026,2,00-0038090,Skyy Moore,WR,GB,43.00000000,0.00000000,0.00000000,0.00000000,0.00000000,0.00000000,0.00000000,0.00000000,0.00000000,3.00000000,1.00000000,0.00000000,0.00000000,0.00000000,3.10031330,0.60000000,1.31832483,1.94202080,3.97175849,1.60000000,1.52349184,2.38038517,4.84320369,2.60000000,1.72865884,2.81874954,3.10176462,0.60000000,1.31971857,1.94343469,3.97320982,1.60000000,1.52488558,2.38179906,4.84465502,2.60000000,1.73005259,2.82016344,true,0
2026,3,00-0038090,Skyy Moore,WR,GB,23.00000000,0.00000000,0.00000000,0.00000000,0.00000000,0.00000000,0.00000000,0.00000000,0.00000000,7.00000000,0.00000000,0.00000000,1.00000000,2.00000000,6.12546655,3.10000000,1.94202080,3.40622681,8.69361653,4.60000000,2.38038517,4.59001614,11.26176651,6.10000000,2.81874954,5.77380548,6.12895156,3.10000000,1.94343469,3.40836560,8.69710154,4.60000000,2.38179906,4.59215493,11.26525152,6.10000000,2.82016344,5.77594427,true,0
2026,4,00-0038090,Skyy Moore,WR,GB,-7.00000000,0.00000000,0.00000000,0.00000000,0.00000000,0.00000000,0.00000000,0.00000000,0.00000000,2.00000000,0.00000000,0.00000000,0.00000000,1.00000000,1.09883080,-0.20000000,3.40622681,2.59863820,1.90721862,0.30000000,4.59001614,3.65103701,2.71560644,0.80000000,5.77380548,4.70343581,1.10230651,-0.20000000,3.40836560,2.60124492,1.91069434,0.30000000,4.59215493,3.65364372,2.71908216,0.80000000,5.77594427,4.70604253,true,0
2026,1,00-0038102,Kenny Pickett,QB,CAR,0.00000000,3.00000000,1.00000000,0.00000000,0.00000000,1.00000000,0.00000000,0.00000000,0.00000000,0.00000000,0.00000000,0.00000000,0.00000000,0.00000000,1.74313236,2.40000000,3.52264475,2.89981541,1.74657336,2.40000000,3.52628094,2.90338329,1.75001435,2.40000000,3.52991714,2.90695117,2.14936492,2.40000000,4.26695587,3.52579904,2.15280592,2.40000000,4.27059207,3.52936692,2.15624691,2.40000000,4.27422827,3.53293479,true,0
2026,1,00-0038104,Tyquan Thornton,WR,KC,36.00000000,0.00000000,0.00000000,0.00000000,0.00000000,0.00000000,0.00000000,0.00000000,0.00000000,1.00000000,1.00000000,0.00000000,0.00000000,0.00000000,1.71747027,0.00000000,5.77234395,4.35313817,1.83252238,0.00000000,6.39987490,4.80130152,1.94757449,0.00000000,7.02740584,5.24946487,1.71820398,0.00000000,5.77238567,4.35342208,1.83325608,0.00000000,6.39991662,4.80158543,1.94830819,0.00000000,7.02744756,5.24974878,true,0
2026,2,00-0038104,Tyquan Thornton,WR,KC,85.00000000,0.00000000,0.00000000,0.00000000,0.00000000,0.00000000,0.00000000,0.00000000,0.00000000,4.00000000,2.00000000,0.00000000,0.00000000,0.00000000,5.09715579,8.60000000,4.35313817,4.61354434,6.07713749,10.60000000,4.80130152,5.24784411,7.05711918,12.60000000,5.24946487,5.88214388,5.09788273,8.60000000,4.35342208,4.61398331,6.07786442,10.60000000,4.80158543,5.24828308,7.05784611,12.60000000,5.24974878,5.88258285,true,0
2026,3,00-0038104,Tyquan Thornton,WR,KC,20.00000000,0.00000000,0.00000000,0.00000000,0.00000000,0.00000000,0.00000000,0.00000000,0.00000000,2.00000000,0.00000000,0.00000000,0.00000000,0.00000000,1.72084945,2.20000000,4.61354434,3.60110112,2.36077273,3.20000000,5.24784411,4.23736912,3.00069601,4.20000000,5.88214388,4.87363712,1.72162153,2.20000000,4.61398331,3.60165668,2.36154481,3.20000000,5.24828308,4.23792468,3.00146809,4.20000000,5.88258285,4.87419268,true,0
2026,4,00-0038104,Tyquan Thornton,WR,KC,140.00000000,0.00000000,0.00000000,0.00000000,0.00000000,0.00000000,0.00000000,0.00000000,0.00000000,8.00000000,4.00000000,2.00000000,2.00000000,2.00000000,13.28801963,23.10000000,3.60110112,6.99152260,15.23663881,25.60000000,4.23736912,8.08711351,17.18525799,28.10000000,4.87363712,9.18270443,13.28889241,23.10000000,3.60165668,6.99218919,15.23751159,25.60000000,4.23792468,8.08778010,17.18613077,28.10000000,4.87419268,9.18337101,true,0
2026,1,00-0038115,Daniel Bellinger,TE,TEN,1.00000000,0.00000000,0.00000000,0.00000000,0.00000000,0.00000000,0.00000000,0.00000000,0.00000000,1.00000000,0.00000000,0.00000000,0.00000000,0.00000000,0.64741236,0.70000000,2.52453656,1.86754309,1.03872680,1.20000000,3.24690429,2.47404217,1.43004124,1.70000000,3.96927203,3.08054125,0.64538003,0.70000000,2.52257176,1.86555466,1.03669446,1.20000000,3.24493950,2.47205374,1.42800890,1.70000000,3.96730724,3.07855282,true,0
2026,2,00-0038115,Daniel Bellinger,TE,TEN,4.00000000,0.00000000,0.00000000,0.00000000,0.00000000,0.00000000,0.00000000,0.00000000,0.00000000,1.00000000,0.00000000,0.00000000,0.00000000,0.00000000,0.75648334,0.00000000,1.86754309,1.47867218,1.12941320,0.00000000,2.47404217,2.00342203,1.50234307,0.00000000,3.08054125,2.52817189,0.75454272,0.00000000,1.86555466,1.47670048,1.12747259,0.00000000,2.47205374,2.00145034,1.50040246,0.00000000,3.07855282,2.52620019,true,0
2026,3,00-0038115,Daniel Bellinger,TE,TEN,-1.00000000,0.00000000,0.00000000,0.00000000,0.00000000,0.00000000,0.00000000,0.00000000,0.00000000,2.00000000,0.00000000,0.00000000,0.00000000,0.00000000,1.10005718,1.60000000,1.47867218,1.34615693,1.90949181,2.60000000,2.00342203,1.97054645,2.71892644,3.60000000,2.52817189,2.59493598,1.09745470,1.60000000,1.47670048,1.34396446,1.90688933,2.60000000,2.00145034,1.96835398,2.71632396,3.60000000,2.52620019,2.59274351,true,0
2026,4,00-0038115,Daniel Bellinger,TE,TEN,-3.00000000,0.00000000,0.00000000,0.00000000,0.00000000,0.00000000,0.00000000,0.00000000,0.00000000,1.00000000,0.00000000,0.00000000,0.00000000,0.00000000,0.50198440,0.20000000,1.34615693,1.05069654,0.91781160,0.70000000,1.97054645,1.60208926,1.33363880,1.20000000,2.59493598,2.15348197,0.49982977,0.20000000,1.34396446,1.04851731,0.91565697,0.70000000,1.96835398,1.59991003,1.33148417,1.20000000,2.59274351,2.15130274,true,0
2026,1,00-0038117,Wan'Dale Robinson,WR,TEN,23.00000000,0.00000000,0.00000000,0.00000000,0.00000000,0.00000000,0.00000000,0.00000000,0.00000000,6.00000000,0.00000000,0.00000000,0.00000000,0.00000000,4.12910576,3.80000000,8.73475337,7.12277671,6.35301730,6.30000000,11.66599760,9.80645450,8.57692885,8.80000000,14.59724183,12.49013229,4.13212571,3.80000000,8.73838441,7.12619386,6.35603726,6.30000000,11.66962864,9.80987165,8.57994880,8.80000000,14.60087287,12.49354944,true,0
2026,2,00-0038117,Wan'Dale Robinson,WR,TEN,6.00000000,0.00000000,0.00000000,0.00000000,0.00000000,0.00000000,0.00000000,0.00000000,0.00000000,1.00000000,0.00000000,0.00000000,0.00000000,0.00000000,0.68824500,0.90000000,7.12277671,4.87069061,1.01793736,1.40000000,9.80645450,6.73047350,1.34762973,1.90000000,12.49013229,8.59025639,0.68943396,0.90000000,7.12619386,4.87332790,1.01912633,1.40000000,9.80987165,6.73311079,1.34881869,1.90000000,12.49354944,8.59289368,true,0
2026,3,00-0038117,Wan'Dale Robinson,WR,TEN,62.00000000,0.00000000,0.00000000,0.00000000,0.00000000,0.00000000,0.00000000,0.00000000,0.00000000,11.00000000,1.00000000,1.00000000,2.00000000,3.00000000,11.74996275,11.70000000,4.87069061,7.27843586,15.52969644,15.20000000,6.73047350,9.81020153,19.30943012,18.70000000,8.59025639,12.34196720,11.75390586,11.70000000,4.87332790,7.28153019,15.53363955,15.20000000,6.73311079,9.81329586,19.31337324,18.70000000,8.59289368,12.34506153,true,0
2026,4,00-0038117,Wan'Dale Robinson,WR,TEN,38.00000000,0.00000000,0.00000000,0.00000000,0.00000000,1.00000000,0.00000000,0.00000000,0.00000000,5.00000000,1.00000000,1.00000000,1.00000000,1.00000000,6.96180113,8.00000000,7.27843586,7.16761370,8.56448296,9.50000000,9.81020153,9.37420003,10.16716479,11.00000000,12.34196720,11.58078636,6.96573656,8.00000000,7.28153019,7.17100242,8.56841839,9.50000000,9.81329586,9.37758874,10.17110022,11.00000000,12.34506153,11.58417507,true,0
2026,1,00-0038120,Breece Hall,RB,NYJ,3.00000000,0.00000000,0.00000000,0.00000000,0.00000000,22.00000000,2.00000000,2.00000000,4.00000000,2.00000000,0.00000000,0.00000000,0.00000000,0.00000000,16.49332964,17.80000000,10.99645887,12.92036364,17.25743293,18.80000000,12.14429533,13.93389349,18.02153622,19.80000000,13.29213179,14.94742334,16.50270470,17.80000000,11.00362788,12.92830477,17.26680799,18.80000000,12.15146434,13.94183462,18.03091128,19.80000000,13.29930080,14.95536447,true,0
2026,2,00-0038120,Breece Hall,RB,NYJ,-1.00000000,0.00000000,0.00000000,0.00000000,0.00000000,16.00000000,0.00000000,0.00000000,1.00000000,5.00000000,0.00000000,0.00000000,0.00000000,0.00000000,11.31652924,9.20000000,12.92036364,12.35902160,13.27965478,11.70000000,13.93389349,13.70490994,15.24278032,14.20000000,14.94742334,15.05079828,11.31995363,9.20000000,12.92830477,12.36538187,13.28307917,11.70000000,13.94183462,13.71127021,15.24620471,14.20000000,14.95536447,15.05715855,true,0
2026,3,00-0038120,Breece Hall,RB,NYJ,-2.00000000,0.00000000,0.00000000,0.00000000,0.00000000,13.00000000,2.00000000,2.00000000,3.00000000,3.00000000,0.00000000,0.00000000,0.00000000,0.00000000,11.61407537,5.50000000,12.35902160,12.09829042,12.81142330,7.00000000,13.70490994,13.39218962,14.00877124,8.50000000,15.05079828,14.68608882,11.61940433,5.50000000,12.36538187,12.10428973,12.81675226,7.00000000,13.71127021,13.39818893,14.01410019,8.50000000,15.05715855,14.69208813,true,0
2026,1,00-0038124,Christian Watson,WR,GB,127.00000000,0.00000000,0.00000000,0.00000000,0.00000000,0.00000000,0.00000000,0.00000000,0.00000000,8.00000000,2.00000000,1.00000000,1.00000000,1.00000000,10.76471595,26.70000000,7.43963715,8.60341473,12.95731535,29.70000000,8.88724971,10.31177269,15.14991475,32.70000000,10.33486228,12.02013064,10.76391835,26.70000000,7.44073069,8.60384637,12.95651775,29.70000000,8.88834325,10.31220433,15.14911715,32.70000000,10.33595582,12.02056228,true,0
2026,2,00-0038124,Christian Watson,WR,GB,86.00000000,0.00000000,0.00000000,0.00000000,0.00000000,0.00000000,0.00000000,0.00000000,0.00000000,11.00000000,0.00000000,1.00000000,1.00000000,2.00000000,11.31203455,10.10000000,8.60341473,9.55143167,15.00718008,12.10000000,10.31177269,11.95516528,18.70232562,14.10000000,12.02013064,14.35889889,11.31330495,10.10000000,8.60384637,9.55215687,15.00845049,12.10000000,10.31220433,11.95589048,18.70359602,14.10000000,12.02056228,14.35962409,true,0
2026,3,00-0038124,Christian Watson,WR,GB,91.00000000,0.00000000,0.00000000,0.00000000,0.00000000,0.00000000,0.00000000,0.00000000,0.00000000,10.00000000,0.00000000,2.00000000,2.00000000,3.00000000,12.88886168,15.60000000,9.55143167,10.71953217,16.03186409,19.10000000,11.95516528,13.38200986,19.17486649,22.60000000,14.35889889,16.04448755,12.88825407,15.60000000,9.55215687,10.71979089,16.03125647,19.10000000,11.95589048,13.38226858,19.17425887,22.60000000,14.35962409,16.04474627,true,0
2026,4,00-0038124,Christian Watson,WR,GB,23.00000000,0.00000000,0.00000000,0.00000000,0.00000000,0.00000000,0.00000000,0.00000000,0.00000000,3.00000000,0.00000000,0.00000000,0.00000000,1.00000000,2.65133305,4.70000000,10.71953217,7.89566248,3.66638512,6.20000000,13.38200986,9.98154120,4.68143719,7.70000000,16.04448755,12.06741992,2.65320987,4.70000000,10.71979089,7.89648754,3.66826194,6.20000000,13.38226858,9.98236626,4.68331401,7.70000000,16.04474627,12.06824498,true,0
2026,1,00-0038128,Malik Willis,QB,MIA,0.00000000,309.00000000,27.00000000,0.00000000,0.00000000,6.00000000,0.00000000,0.00000000,1.00000000,0.00000000,0.00000000,0.00000000,0.00000000,0.00000000,13.80839174,16.70000000,9.64324485,11.10104626,13.81014240,16.70000000,9.64782409,11.10463550,13.81189306,16.70000000,9.65240333,11.10822474,15.65830541,16.70000000,11.00220964,12.63184316,15.66005607,16.70000000,11.00678888,12.63543240,15.66180673,16.70000000,11.01136812,12.63902163,true,0
2026,2,00-0038128,Malik Willis,QB,MIA,0.00000000,169.00000000,23.00000000,0.00000000,2.00000000,2.00000000,0.00000000,0.00000000,0.00000000,0.00000000,0.00000000,0.00000000,0.00000000,0.00000000,8.91282264,12.48000000,11.10104626,10.33516800,8.91689059,12.48000000,11.10463550,10.33892478,8.92095853,12.48000000,11.10822474,10.34268156,10.40333696,14.48000000,12.63184316,11.85186599,10.40740490,14.48000000,12.63543240,11.85562277,10.41147284,14.48000000,12.63902163,11.85937956,true,1
2026,3,00-0038128,Malik Willis,QB,MIA,0.00000000,393.00000000,36.00000000,0.00000000,3.00000000,9.00000000,0.00000000,0.00000000,0.00000000,0.00000000,0.00000000,0.00000000,0.00000000,0.00000000,19.00120218,10.00000000,10.33516800,13.36827996,19.00780093,10.00000000,10.33892478,13.37303143,19.01439967,10.00000000,10.34268156,13.37778290,21.57619883,10.00000000,11.85186599,15.25538248,21.58279757,10.00000000,11.85562277,15.26013395,21.58939632,10.00000000,11.85937956,15.26488542,true,0
2026,4,00-0038128,Malik Willis,QB,MIA,0.00000000,155.00000000,17.00000000,1.00000000,1.00000000,2.00000000,0.00000000,0.00000000,0.00000000,0.00000000,0.00000000,0.00000000,0.00000000,0.00000000,8.08540161,2.50000000,13.36827996,11.51927254,8.08976878,2.50000000,13.37303143,11.52388950,8.09413595,2.50000000,13.37778290,11.52850647,9.61124540,2.50000000,15.25538248,13.27993450,9.61561256,2.50000000,15.26013395,13.28455147,9.61997973,2.50000000,15.26488542,13.28916843,true,0
2026,1,00-0038129,Cade Otton,TE,TB,32.00000000,0.00000000,0.00000000,0.00000000,0.00000000,0.00000000,0.00000000,0.00000000,0.00000000,5.00000000,0.00000000,0.00000000,0.00000000,2.00000000,5.16646930,2.60000000,4.59101031,4.79242096,6.99730370,4.10000000,6.60959307,6.74529179,8.82813811,5.60000000,8.62817582,8.69816262,5.16341538,2.60000000,4.58781705,4.78927646,6.99424979,4.10000000,6.60639980,6.74214730,8.82508419,5.60000000,8.62498256,8.69501813,true,0
2026,2,00-0038129,Cade Otton,TE,TB,45.00000000,0.00000000,0.00000000,0.00000000,0.00000000,0.00000000,0.00000000,0.00000000,0.00000000,6.00000000,1.00000000,0.00000000,0.00000000,0.00000000,4.81004452,3.80000000,4.79242096,4.79858920,6.90318365,6.30000000,6.74529179,6.80055394,8.99632278,8.80000000,8.69816262,8.80251868,4.80671080,3.80000000,4.78927646,4.79537848,6.89984992,6.30000000,6.74214730,6.79734322,8.99298905,8.80000000,8.69501813,8.79930795,true,0
2026,3,00-0038129,Cade Otton,TE,TB,61.00000000,0.00000000,0.00000000,0.00000000,0.00000000,0.00000000,0.00000000,0.00000000,0.00000000,6.00000000,1.00000000,0.00000000,0.00000000,0.00000000,5.39175637,5.60000000,4.79858920,5.00619771,7.38684445,7.10000000,6.80055394,7.00575562,9.38193253,8.60000000,8.80251868,9.00531353,5.38891184,5.60000000,4.79537848,5.00311516,7.38399992,7.10000000,6.79734322,7.00267306,9.37908800,8.60000000,8.79930795,9.00223097,true,0
2026,4,00-0038129,Cade Otton,TE,TB,23.00000000,0.00000000,0.00000000,0.00000000,0.00000000,0.00000000,0.00000000,0.00000000,0.00000000,6.00000000,0.00000000,0.00000000,0.00000000,0.00000000,4.07406013,3.70000000,5.00619771,4.67994956,6.35987343,5.70000000,7.00575562,6.77969685,8.64568672,7.70000000,9.00531353,8.87944415,4.07015549,3.70000000,5.00311516,4.67657927,6.35596878,5.70000000,7.00267306,6.77632657,8.64178208,7.70000000,9.00223097,8.87607386,true,0
2026,1,00-0038134,Kenneth Walker III,RB,KC,-2.00000000,0.00000000,0.00000000,0.00000000,0.00000000,23.00000000,2.00000000,1.00000000,3.00000000,6.00000000,0.00000000,0.00000000,1.00000000,1.00000000,19.51832764,31.10000000,9.17960054,12.79815503,21.88337304,32.60000000,10.02564827,14.17585194,24.24841843,34.10000000,10.87169601,15.55354886,19.52775570,31.10000000,9.18439660,12.80457228,21.89280110,32.60000000,10.03044433,14.18226920,24.25784649,34.10000000,10.87649206,15.55996611,true,0
2026,2,00-0038134,Kenneth Walker III,RB,KC,13.00000000,0.00000000,0.00000000,0.00000000,0.00000000,24.00000000,3.00000000,3.00000000,5.00000000,10.00000000,0.00000000,1.00000000,0.00000000,2.00000000,24.82947218,17.80000000,12.79815503,17.00911603,28.55647533,20.80000000,14.17585194,19.20907013,32.28347849,23.80000000,15.55354886,21.40902423,24.84850863,17.80000000,12.80457228,17.01995001,28.57551179,20.80000000,14.18226920,19.21990410,32.30251494,23.80000000,15.55996611,21.41985820,true,0
2026,3,00-0038134,Kenneth Walker III,RB,KC,-7.00000000,0.00000000,0.00000000,0.00000000,0.00000000,18.00000000,3.00000000,1.00000000,7.00000000,2.00000000,0.00000000,0.00000000,1.00000000,2.00000000,16.36175610,19.30000000,17.00911603,16.78254006,17.22196539,20.30000000,19.20907013,18.51358347,18.08217467,21.30000000,21.40902423,20.24462688,16.37164421,19.30000000,17.01995001,16.79304298,17.23185349,20.30000000,19.21990410,18.52408639,18.09206278,21.30000000,21.41985820,20.25512980,true,0
2026,4,00-0038134,Kenneth Walker III,RB,KC,-5.00000000,0.00000000,0.00000000,0.00000000,0.00000000,22.00000000,4.00000000,3.00000000,4.00000000,2.00000000,0.00000000,0.00000000,1.00000000,1.00000000,19.55370851,29.90000000,16.78254006,17.75244901,20.37033033,30.40000000,18.51358347,19.16344487,21.18695216,30.90000000,20.24462688,20.57444073,19.56825694,29.90000000,16.79304298,17.76436786,20.38487876,30.40000000,18.52408639,19.17536372,21.20150059,30.90000000,20.25512980,20.58635958,true,0
2026,2,00-0038359,Xavier Smith,WR,LA,0.00000000,0.00000000,0.00000000,0.00000000,0.00000000,0.00000000,0.00000000,0.00000000,0.00000000,1.00000000,0.00000000,0.00000000,1.00000000,1.00000000,1.65664134,0.00000000,2.73817224,2.35963642,1.97486211,0.00000000,3.38748796,2.89306891,2.29308287,0.00000000,4.03680368,3.42650140,1.65741225,0.00000000,2.73929832,2.36063820,1.97563301,0.00000000,3.38861405,2.89407068,2.29385377,0.00000000,4.03792977,3.42750317,true,0
2026,1,00-0038393,Dontayvion Wicks,WR,PHI,79.00000000,0.00000000,0.00000000,0.00000000,0.00000000,0.00000000,0.00000000,0.00000000,0.00000000,4.00000000,2.00000000,1.00000000,1.00000000,1.00000000,6.89424706,13.30000000,3.62460667,4.76898080,7.79413945,14.30000000,4.72760413,5.80089149,8.69403185,15.30000000,5.83060160,6.83280218,6.89452599,13.30000000,3.62604533,4.77001356,7.79441838,14.30000000,4.72904279,5.80192425,8.69431078,15.30000000,5.83204026,6.83383494,true,0
2026,2,00-0038393,Dontayvion Wicks,WR,PHI,69.00000000,0.00000000,0.00000000,0.00000000,0.00000000,0.00000000,0.00000000,0.00000000,0.00000000,6.00000000,2.00000000,0.00000000,0.00000000,1.00000000,5.98795462,7.40000000,4.76898080,5.19562164,7.86690227,9.90000000,5.80089149,6.52399527,9.74584993,12.40000000,6.83280218,7.85236889,5.99180731,7.40000000,4.77001356,5.19764137,7.87075497,9.90000000,5.80192425,6.52601500,9.74970262,12.40000000,6.83383494,7.85438863,true,0
2026,3,00-0038393,Dontayvion Wicks,WR,PHI,55.00000000,0.00000000,0.00000000,0.00000000,0.00000000,0.00000000,0.00000000,0.00000000,0.00000000,5.00000000,0.00000000,2.00000000,2.00000000,2.00000000,8.57531338,3.20000000,5.19562164,6.37851375,9.95338624,4.20000000,6.52399527,7.72428211,11.33145910,5.20000000,7.85236889,9.07005047,8.57356942,3.20000000,5.19764137,6.37921619,9.95164228,4.20000000,6.52601500,7.72498455,11.32971513,5.20000000,7.85438863,9.07075290,true,0
2026,4,00-0038393,Dontayvion Wicks,WR,PHI,46.00000000,0.00000000,0.00000000,0.00000000,0.00000000,0.00000000,0.00000000,0.00000000,0.00000000,5.00000000,1.00000000,0.00000000,0.00000000,0.00000000,4.35318187,1.80000000,6.37851375,5.66964759,6.00691183,3.30000000,7.72428211,7.12320251,7.66064178,4.80000000,9.07005047,8.57675742,4.35564632,1.80000000,6.37921619,5.67096674,6.00937628,3.30000000,7.72498455,7.12452165,7.66310623,4.80000000,9.07075290,8.57807657,true,0
2026,3,00-0038409,Lew Nichols III,RB,PIT,0.00000000,0.00000000,0.00000000,0.00000000,0.00000000,1.00000000,1.00000000,0.00000000,1.00000000,0.00000000,0.00000000,0.00000000,0.00000000,0.00000000,0.85859810,0.00000000,3.40000000,2.51050933,0.86257585,0.00000000,4.00000000,2.90190155,0.86655361,0.00000000,4.60000000,3.29329376,0.86004511,0.00000000,3.40000000,2.51101579,0.86402287,0.00000000,4.00000000,2.90240800,0.86800063,0.00000000,4.60000000,3.29380022,false,0
2026,2,00-0038416,Tyson Bagent,QB,CHI,0.00000000,73.00000000,8.00000000,2.00000000,5.00000000,0.00000000,0.00000000,0.00000000,0.00000000,0.00000000,0.00000000,0.00000000,0.00000000,0.00000000,6.88000898,2.16000000,4.43624952,5.29156533,6.88500055,2.16000000,5.03794409,5.68441385,6.88999212,2.16000000,5.63963866,6.07726237,8.90465669,2.16000000,4.66758681,6.15056127,8.90964827,2.16000000,5.26928138,6.54340979,8.91463984,2.16000000,5.87097595,6.93625831,true,0
2026,4,00-0038416,Tyson Bagent,QB,CHI,0.00000000,213.00000000,34.00000000,2.00000000,8.00000000,1.00000000,0.00000000,0.00000000,1.00000000,0.00000000,0.00000000,0.00000000,0.00000000,0.00000000,15.20414199,8.82000000,5.29156533,8.76096716,15.20741187,8.82000000,5.68441385,9.01746316,15.21068174,8.82000000,6.07726237,9.27395915,18.43311671,8.82000000,6.15056127,10.44945568,18.43638659,8.82000000,6.54340979,10.70595167,18.43965646,8.82000000,6.93625831,10.96244766,true,0
2026,1,00-0038454,Keaton Mitchell,RB,LAC,0.00000000,0.00000000,0.00000000,0.00000000,0.00000000,4.00000000,1.00000000,0.00000000,2.00000000,0.00000000,0.00000000,0.00000000,0.00000000,0.00000000,2.80720187,0.90000000,3.21920350,3.07500293,2.81655424,0.90000000,3.62752835,3.34368742,2.82590662,0.90000000,4.03585321,3.61237190,2.80963595,0.90000000,3.22082891,3.07691137,2.81898832,0.90000000,3.62915376,3.34559586,2.82834070,0.90000000,4.03747862,3.61428034,true,0
2026,2,00-0038454,Keaton Mitchell,RB,LAC,3.00000000,0.00000000,0.00000000,0.00000000,0.00000000,5.00000000,0.00000000,0.00000000,0.00000000,1.00000000,0.00000000,0.00000000,0.00000000,0.00000000,3.00135647,3.90000000,3.07500293,3.04922667,3.35733257,4.40000000,3.34368742,3.34846322,3.71330868,4.90000000,3.61237190,3.64769977,3.00268739,3.90000000,3.07691137,3.05093298,3.35866349,4.40000000,3.34559586,3.35016953,3.71463959,4.90000000,3.61428034,3.64940608,true,0
2026,3,00-0038454,Keaton Mitchell,RB,LAC,-11.00000000,0.00000000,0.00000000,0.00000000,0.00000000,8.00000000,0.00000000,0.00000000,1.00000000,3.00000000,0.00000000,0.00000000,1.00000000,1.00000000,7.30462308,10.70000000,3.04922667,4.53861541,8.54837234,12.20000000,3.34846322,5.16843141,9.79212160,13.70000000,3.64769977,5.79824741,7.30866791,10.70000000,3.05093298,4.54114020,8.55241717,12.20000000,3.35016953,5.17095620,9.79616643,13.70000000,3.64940608,5.80077220,true,0
2026,4,00-0038454,Keaton Mitchell,RB,LAC,-7.00000000,0.00000000,0.00000000,0.00000000,0.00000000,10.00000000,0.00000000,0.00000000,0.00000000,6.00000000,0.00000000,0.00000000,0.00000000,0.00000000,8.06905936,6.30000000,4.53861541,5.77427080,10.47069123,8.80000000,5.16843141,7.02422235,12.87232310,11.30000000,5.79824741,8.27417390,8.06998365,6.30000000,4.54114020,5.77623541,10.47161552,8.80000000,5.17095620,7.02618696,12.87324739,11.30000000,5.80077220,8.27613852,true,0
2026,3,00-0038476,Tommy DeVito,QB,NE,0.00000000,64.00000000,5.00000000,0.00000000,0.00000000,1.00000000,0.00000000,0.00000000,0.00000000,0.00000000,0.00000000,0.00000000,0.00000000,0.00000000,3.27494310,1.40000000,6.80000000,5.56623008,3.27805976,1.40000000,8.00000000,6.34732092,3.28117643,1.40000000,9.20000000,7.12841175,3.96547575,1.40000000,6.80000000,5.80791651,3.96859241,1.40000000,8.00000000,6.58900734,3.97170908,1.40000000,9.20000000,7.37009818,false,0
2026,1,00-0038488,Brady Russell,RB,SEA,6.00000000,0.00000000,0.00000000,0.00000000,0.00000000,0.00000000,0.00000000,0.00000000,0.00000000,2.00000000,0.00000000,0.00000000,0.00000000,0.00000000,0.82821875,2.00000000,2.59052711,1.97371918,1.55930960,3.00000000,3.13646494,2.58446057,2.29040046,4.00000000,3.68240277,3.19520196,0.82602216,2.00000000,2.59035340,1.97283747,1.55711301,3.00000000,3.13629123,2.58357886,2.28820387,4.00000000,3.68222906,3.19432025,true,0
2026,3,00-0038488,Brady Russell,RB,SEA,13.00000000,0.00000000,0.00000000,0.00000000,0.00000000,0.00000000,0.00000000,0.00000000,0.00000000,1.00000000,0.00000000,0.00000000,0.00000000,0.00000000,0.49530047,2.00000000,1.97371918,1.45627263,0.77724869,2.50000000,2.58446057,1.95193641,1.05919692,3.00000000,3.19520196,2.44760020,0.49307090,2.00000000,1.97283747,1.45491917,0.77501913,2.50000000,2.58357886,1.95058295,1.05696735,3.00000000,3.19432025,2.44624673,true,0
2026,1,00-0038542,Bijan Robinson,RB,ATL,-30.00000000,0.00000000,0.00000000,0.00000000,0.00000000,21.00000000,0.00000000,0.00000000,0.00000000,10.00000000,0.00000000,0.00000000,0.00000000,0.00000000,15.60606993,23.30000000,14.58819946,14.94445413,19.75569644,27.30000000,16.90773513,17.90452159,23.90532296,31.30000000,19.22727079,20.86458905,15.61177165,23.30000000,14.59192321,14.94887016,19.76139816,27.30000000,16.91145887,17.90893762,23.91102468,31.30000000,19.23099453,20.86900508,true,0
2026,2,00-0038542,Bijan Robinson,RB,ATL,12.00000000,0.00000000,0.00000000,0.00000000,0.00000000,16.00000000,0.00000000,0.00000000,0.00000000,4.00000000,0.00000000,0.00000000,0.00000000,0.00000000,10.84620266,8.10000000,14.94445413,13.51006611,12.30525559,9.60000000,17.90452159,15.94477849,13.76430852,11.10000000,20.86458905,18.37949086,10.84932663,8.10000000,14.94887016,13.51402993,12.30837956,9.60000000,17.90893762,15.94874230,13.76743249,11.10000000,20.86900508,18.38345468,true,0
2026,3,00-0038542,Bijan Robinson,RB,ATL,-10.00000000,0.00000000,0.00000000,0.00000000,0.00000000,29.00000000,7.00000000,5.00000000,11.00000000,2.00000000,0.00000000,0.00000000,0.00000000,0.00000000,26.43038609,33.30000000,13.51006611,18.03217811,27.35571201,34.30000000,15.94477849,19.93860522,28.28103793,35.30000000,18.37949086,21.84503234,26.44793231,33.30000000,13.51402993,18.04089576,27.37325822,34.30000000,15.94874230,19.94732287,28.29858414,35.30000000,18.38345468,21.85374999,true,0
2026,4,00-0038542,Bijan Robinson,RB,ATL,-5.00000000,0.00000000,0.00000000,0.00000000,0.00000000,19.00000000,1.00000000,1.00000000,6.00000000,2.00000000,0.00000000,0.00000000,0.00000000,1.00000000,14.25515585,26.70000000,18.03217811,16.71022032,15.09186042,27.20000000,19.93860522,18.24224454,15.92856500,27.70000000,21.84503234,19.77426877,14.26143715,26.70000000,18.04089576,16.71808525,15.09814173,27.20000000,19.94732287,18.25010947,15.93484631,27.70000000,21.85374999,19.78213370,true,0
2026,1,00-0038543,Jaxon Smith-Njigba,WR,SEA,76.00000000,0.00000000,0.00000000,0.00000000,0.00000000,0.00000000,0.00000000,0.00000000,0.00000000,11.00000000,1.00000000,1.00000000,2.00000000,3.00000000,12.20487333,18.20000000,10.51265116,11.10492892,15.89398618,22.20000000,13.53882326,14.36313028,19.58309903,26.20000000,16.56499536,17.62133164,12.20778218,18.20000000,10.51488026,11.10739593,15.89689504,22.20000000,13.54105236,14.36559729,19.58600789,26.20000000,16.56722445,17.62379866,true,0
2026,2,00-0038543,Jaxon Smith-Njigba,WR,SEA,121.00000000,0.00000000,0.00000000,0.00000000,0.00000000,0.00000000,0.00000000,0.00000000,0.00000000,11.00000000,1.00000000,2.00000000,1.00000000,3.00000000,13.58773170,33.50000000,11.10492892,11.97390989,16.96095049,38.00000000,14.36313028,15.27236735,20.33416927,42.50000000,17.62133164,18.57082481,13.58885651,33.50000000,11.10739593,11.97590713,16.96207530,38.00000000,14.36559729,15.27436459,20.33529408,42.50000000,17.62379866,18.57282206,true,0
2026,3,00-0038543,Jaxon Smith-Njigba,WR,SEA,151.00000000,-7.00000000,1.00000000,0.00000000,0.00000000,0.00000000,0.00000000,0.00000000,0.00000000,14.00000000,2.00000000,3.00000000,2.00000000,3.00000000,18.08678262,25.36000000,11.97390989,14.11341535,22.33529383,30.36000000,15.27236735,17.74439162,26.58380504,35.36000000,18.57082481,21.37536789,18.08770404,25.36000000,11.97590713,14.11503605,22.33621525,30.36000000,15.27436459,17.74601233,26.58472646,35.36000000,18.57282206,21.37698860,true,0
2026,4,00-0038543,Jaxon Smith-Njigba,WR,SEA,66.00000000,0.00000000,0.00000000,0.00000000,0.00000000,0.00000000,0.00000000,0.00000000,0.00000000,6.00000000,1.00000000,0.00000000,0.00000000,1.00000000,5.83605690,7.60000000,14.11341535,11.21633989,7.75487605,10.10000000,17.74439162,14.24806117,9.67369520,12.60000000,21.37536789,17.27978245,5.83837020,7.60000000,14.11503605,11.21820301,7.75718936,10.10000000,17.74601233,14.24992429,9.67600851,12.60000000,21.37698860,17.28164557,true,0
2026,1,00-0038544,Quentin Johnston,WR,LAC,39.00000000,0.00000000,0.00000000,0.00000000,0.00000000,0.00000000,0.00000000,0.00000000,0.00000000,6.00000000,0.00000000,0.00000000,0.00000000,0.00000000,4.64900356,1.70000000,7.62827838,6.58553219,6.76934844,2.70000000,9.59302433,8.60473777,8.88969331,3.70000000,11.55777029,10.62394335,4.65084151,1.70000000,7.63046256,6.58759519,6.77118638,2.70000000,9.59520851,8.60680077,8.89153126,3.70000000,11.55995446,10.62600634,true,0
2026,2,00-0038544,Quentin Johnston,WR,LAC,64.00000000,0.00000000,0.00000000,0.00000000,0.00000000,1.00000000,0.00000000,0.00000000,0.00000000,5.00000000,2.00000000,0.00000000,0.00000000,0.00000000,5.86899901,1.40000000,6.58553219,6.33474558,7.40185905,1.90000000,8.60473777,8.18373022,8.93471909,2.40000000,10.62394335,10.03271486,5.87366594,1.40000000,6.58759519,6.33771995,7.40652599,1.90000000,8.60680077,8.18670459,8.93938603,2.40000000,10.62600634,10.03568923,true,0
2026,3,00-0038544,Quentin Johnston,WR,LAC,68.00000000,0.00000000,0.00000000,0.00000000,0.00000000,0.00000000,0.00000000,0.00000000,0.00000000,6.00000000,1.00000000,0.00000000,0.00000000,0.00000000,5.64573522,4.00000000,6.33474558,6.09359195,7.55791276,5.50000000,8.18373022,7.96469411,9.47009030,7.00000000,10.03271486,9.83579626,5.64719179,4.00000000,6.33771995,6.09603510,7.55936932,5.50000000,8.18670459,7.96713725,9.47154686,7.00000000,10.03568923,9.83823940,true,0
2026,4,00-0038544,Quentin Johnston,WR,LAC,66.00000000,0.00000000,0.00000000,0.00000000,0.00000000,1.00000000,0.00000000,0.00000000,0.00000000,2.00000000,2.00000000,1.00000000,0.00000000,0.00000000,5.02959955,4.00000000,6.09359195,5.72119461,5.27834080,4.50000000,7.96469411,7.02447045,5.52708205,5.00000000,9.83579626,8.32774629,5.03223666,4.00000000,6.09603510,5.72370564,5.28097791,4.50000000,7.96713725,7.02698148,5.52971916,5.00000000,9.83823940,8.33025732,true,0
2026,1,00-0038547,Luke Schoonmaker,TE,DAL,12.00000000,0.00000000,0.00000000,0.00000000,0.00000000,0.00000000,0.00000000,0.00000000,0.00000000,1.00000000,0.00000000,0.00000000,0.00000000,0.00000000,1.04733926,1.20000000,1.53008827,1.36112612,1.37124360,1.70000000,2.09891263,1.84422847,1.69514795,2.20000000,2.66773698,2.32733082,1.04564325,1.20000000,1.52801173,1.35918276,1.36954759,1.70000000,2.09683608,1.84228511,1.69345193,2.20000000,2.66566043,2.32538746,true,0
2026,3,00-0038547,Luke Schoonmaker,TE,DAL,6.00000000,0.00000000,0.00000000,0.00000000,0.00000000,0.00000000,0.00000000,0.00000000,0.00000000,1.00000000,0.00000000,0.00000000,0.00000000,0.00000000,0.82919732,0.90000000,1.36112612,1.17495104,1.18987080,1.40000000,1.84422847,1.61520328,1.55054429,1.90000000,2.32733082,2.05545553,0.82731785,0.90000000,1.35918276,1.17303004,1.18799134,1.40000000,1.84228511,1.61328229,1.54866482,1.90000000,2.32538746,2.05353454,true,0
2026,1,00-0038551,Kendre Miller,RB,NO,0.00000000,0.00000000,0.00000000,0.00000000,0.00000000,9.00000000,2.00000000,0.00000000,2.00000000,0.00000000,0.00000000,0.00000000,0.00000000,0.00000000,5.93471773,9.00000000,4.01919620,4.68962874,5.94725242,9.00000000,4.29793323,4.87519495,5.95978711,9.00000000,4.57667025,5.06076115,5.94084506,9.00000000,4.02206860,4.69364036,5.95337975,9.00000000,4.30080562,4.87920657,5.96591444,9.00000000,4.57954264,5.06477277,true,0
2026,3,00-0038551,Kendre Miller,RB,NO,-5.00000000,0.00000000,0.00000000,0.00000000,0.00000000,4.00000000,0.00000000,0.00000000,0.00000000,3.00000000,0.00000000,0.00000000,0.00000000,0.00000000,3.26850246,1.90000000,4.68962874,4.19223454,4.47663422,2.90000000,4.87519495,4.73569869,5.68476598,3.90000000,5.06076115,5.27916284,3.26871500,1.90000000,4.69364036,4.19491648,4.47684676,2.90000000,4.87920657,4.73838063,5.68497852,3.90000000,5.06477277,5.28184478,true,0
2026,4,00-0038551,Kendre Miller,RB,NO,6.00000000,0.00000000,0.00000000,0.00000000,0.00000000,6.00000000,0.00000000,0.00000000,0.00000000,3.00000000,0.00000000,0.00000000,0.00000000,1.00000000,4.90871631,-0.10000000,4.19223454,4.44300316,6.01878281,0.90000000,4.73569869,5.18477813,7.12884932,1.90000000,5.27916284,5.92655311,4.90810840,-0.10000000,4.19491648,4.44453366,6.01817491,0.90000000,4.73838063,5.18630863,7.12824142,1.90000000,5.28184478,5.92808361,true,0
2026,1,00-0038555,Tank Bigsby,RB,PHI,0.00000000,0.00000000,0.00000000,0.00000000,0.00000000,1.00000000,0.00000000,0.00000000,1.00000000,0.00000000,0.00000000,0.00000000,0.00000000,0.00000000,0.49343980,0.30000000,4.24614956,2.93270114,0.48995304,0.30000000,4.39150819,3.02596389,0.48646628,0.30000000,4.53686682,3.11922663,0.49357349,0.30000000,4.24902815,2.93461902,0.49008673,0.30000000,4.39438678,3.02788176,0.48659997,0.30000000,4.53974542,3.12114451,true,0
2026,2,00-0038555,Tank Bigsby,RB,PHI,-8.00000000,0.00000000,0.00000000,0.00000000,0.00000000,13.00000000,1.00000000,1.00000000,2.00000000,2.00000000,0.00000000,0.00000000,0.00000000,0.00000000,9.44534027,9.80000000,2.93270114,5.21212484,10.28911206,10.80000000,3.02596389,5.56806575,11.13288384,11.80000000,3.11922663,5.92400666,9.45135717,9.80000000,2.93461902,5.21547737,10.29512896,10.80000000,3.02788176,5.57141828,11.13890075,11.80000000,3.12114451,5.92735919,true,0
2026,3,00-0038555,Tank Bigsby,RB,PHI,0.00000000,0.00000000,0.00000000,0.00000000,0.00000000,0.00000000,0.00000000,0.00000000,0.00000000,1.00000000,0.00000000,0.00000000,0.00000000,0.00000000,0.16210843,-1.50000000,5.21212484,3.44461910,0.54585976,-1.00000000,5.56806575,3.81029365,0.92961108,-0.50000000,5.92400666,4.17596821,0.16141360,-1.50000000,5.21547737,3.44655505,0.54516492,-1.00000000,5.57141828,3.81222961,0.92891625,-0.50000000,5.92735919,4.17790416,true,0
2026,4,00-0038555,Tank Bigsby,RB,PHI,0.00000000,0.00000000,0.00000000,0.00000000,0.00000000,14.00000000,2.00000000,0.00000000,2.00000000,1.00000000,0.00000000,0.00000000,0.00000000,0.00000000,9.20940468,5.50000000,3.44461910,5.46229405,9.61198275,5.50000000,3.81029365,5.84088484,10.01456082,5.50000000,4.17596821,6.21947562,9.21711850,5.50000000,3.44655505,5.46625226,9.61969657,5.50000000,3.81222961,5.84484305,10.02227464,5.50000000,4.17790416,6.22343383,true,0
2026,1,00-0038558,Darnell Washington,TE,PIT,6.00000000,0.00000000,0.00000000,0.00000000,0.00000000,0.00000000,0.00000000,0.00000000,0.00000000,2.00000000,0.00000000,0.00000000,0.00000000,0.00000000,1.35455611,1.80000000,3.48796454,2.74127159,2.12109341,2.80000000,4.70522701,3.80078025,2.88763070,3.80000000,5.92248947,4.86028890,1.35216766,1.80000000,3.48584623,2.73905873,2.11870495,2.80000000,4.70310869,3.79856738,2.88524225,3.80000000,5.92037115,4.85807604,true,0
2026,2,00-0038558,Darnell Washington,TE,PIT,4.00000000,0.00000000,0.00000000,0.00000000,0.00000000,0.00000000,0.00000000,0.00000000,0.00000000,2.00000000,0.00000000,0.00000000,0.00000000,0.00000000,1.28184213,0.70000000,2.74127159,2.23047128,2.06063581,1.20000000,3.80078025,3.19172969,2.83942948,1.70000000,4.86028890,4.15298810,1.27939253,0.70000000,2.73905873,2.22817556,2.05818620,1.20000000,3.79856738,3.18943397,2.83697988,1.70000000,4.85807604,4.15069238,true,0
2026,3,00-0038558,Darnell Washington,TE,PIT,16.00000000,0.00000000,0.00000000,0.00000000,0.00000000,0.00000000,0.00000000,0.00000000,0.00000000,4.00000000,0.00000000,0.00000000,0.00000000,0.00000000,2.76884361,6.70000000,2.23047128,2.41890159,4.28582662,8.20000000,3.19172969,3.57466362,5.80280963,9.70000000,4.15298810,4.73042564,2.76574292,6.70000000,2.22817556,2.41632413,4.28272593,8.20000000,3.18943397,3.57208616,5.79970894,9.70000000,4.15069238,4.72784818,true,0
2026,4,00-0038558,Darnell Washington,TE,PIT,40.00000000,0.00000000,0.00000000,0.00000000,0.00000000,0.00000000,0.00000000,0.00000000,0.00000000,5.00000000,1.00000000,3.00000000,0.00000000,2.00000000,8.51459933,8.70000000,2.41890159,4.55239580,10.01428792,10.20000000,3.57466362,5.82853212,11.51397651,11.70000000,4.73042564,7.10466844,8.51043980,8.70000000,2.41632413,4.54926462,10.01012838,10.20000000,3.57208616,5.82540094,11.50981697,11.70000000,4.72784818,7.10153726,true,0
2026,1,00-0038559,Michael Wilson,WR,ARI,83.00000000,0.00000000,0.00000000,0.00000000,0.00000000,0.00000000,0.00000000,0.00000000,0.00000000,7.00000000,1.00000000,0.00000000,0.00000000,0.00000000,6.71083329,5.60000000,8.18248036,7.66740388,8.92676882,8.10000000,10.48677718,9.94077425,11.14270436,10.60000000,12.79107399,12.21414462,6.71179909,5.60000000,8.18408870,7.66878734,8.92773463,8.10000000,10.48838552,9.94215771,11.14367016,10.60000000,12.79268234,12.21552808,true,0
2026,2,00-0038559,Michael Wilson,WR,ARI,50.00000000,0.00000000,0.00000000,0.00000000,0.00000000,0.00000000,0.00000000,0.00000000,0.00000000,7.00000000,1.00000000,0.00000000,0.00000000,0.00000000,5.63854406,1.80000000,7.66740388,6.95730294,8.06808585,2.80000000,9.94077425,9.28533331,10.49762764,3.80000000,12.21414462,11.61336368,5.64194776,1.80000000,7.66878734,6.95939349,8.07148955,2.80000000,9.94215771,9.28742385,10.50103135,3.80000000,12.21552808,11.61545422,true,0
2026,3,00-0038559,Michael Wilson,WR,ARI,162.00000000,0.00000000,0.00000000,0.00000000,0.00000000,0.00000000,0.00000000,0.00000000,0.00000000,17.00000000,1.00000000,4.00000000,2.00000000,5.00000000,21.46218979,14.90000000,6.95730294,12.03401334,26.78128080,20.40000000,9.28533331,15.40891493,32.10037181,25.90000000,11.61336368,18.78381653,21.46377774,14.90000000,6.95939349,12.03592797,26.78286875,20.40000000,9.28742385,15.41082957,32.10195976,25.90000000,11.61545422,18.78573116,true,0
2026,4,00-0038559,Michael Wilson,WR,ARI,123.00000000,0.00000000,0.00000000,0.00000000,0.00000000,0.00000000,0.00000000,0.00000000,0.00000000,13.00000000,2.00000000,2.00000000,3.00000000,4.00000000,16.93393070,9.50000000,12.03401334,13.74898442,20.98114042,13.00000000,15.40891493,17.35919385,25.02835014,16.50000000,18.78381653,20.96940329,16.93547190,9.50000000,12.03592797,13.75076835,20.98268162,13.00000000,15.41082957,17.36097778,25.02989134,16.50000000,18.78573116,20.97118722,true,0
2026,1,00-0038563,Tre Tucker,WR,LV,50.00000000,0.00000000,0.00000000,0.00000000,0.00000000,0.00000000,0.00000000,0.00000000,0.00000000,4.00000000,2.00000000,0.00000000,1.00000000,1.00000000,5.12323737,2.70000000,6.24513328,5.85246971,6.27946204,3.70000000,7.96911835,7.37773864,7.43568672,4.70000000,9.69310341,8.90300757,5.12568864,2.70000000,6.24883346,5.85573277,6.28191332,3.70000000,7.97281853,7.38100170,7.43813800,4.70000000,9.69680359,8.90627063,true,0
2026,2,00-0038563,Tre Tucker,WR,LV,143.00000000,0.00000000,0.00000000,0.00000000,0.00000000,0.00000000,0.00000000,0.00000000,0.00000000,7.00000000,2.00000000,1.00000000,0.00000000,0.00000000,9.54356186,17.90000000,5.85246971,7.14435196,11.28205194,20.40000000,7.37773864,8.74424830,13.02054202,22.90000000,8.90300757,10.34414463,9.54182619,17.90000000,5.85573277,7.14586547,11.28031627,20.40000000,7.38100170,8.74576180,13.01880635,22.90000000,8.90627063,10.34565813,true,0
2026,3,00-0038563,Tre Tucker,WR,LV,35.00000000,0.00000000,0.00000000,0.00000000,0.00000000,0.00000000,0.00000000,0.00000000,0.00000000,4.00000000,0.00000000,0.00000000,0.00000000,0.00000000,3.36364138,4.30000000,7.14435196,5.82110326,4.70817441,6.30000000,8.74424830,7.33162244,6.05270745,8.30000000,10.34414463,8.84214161,3.36454007,4.30000000,7.14586547,5.82240158,4.70907311,6.30000000,8.74576180,7.33292076,6.05360614,8.30000000,10.34565813,8.84343994,true,0
2026,4,00-0038563,Tre Tucker,WR,LV,129.00000000,0.00000000,0.00000000,0.00000000,0.00000000,0.00000000,0.00000000,0.00000000,0.00000000,8.00000000,3.00000000,1.00000000,0.00000000,0.00000000,9.72076204,4.40000000,5.82110326,7.18598383,11.93027196,6.40000000,7.33162244,8.94114977,14.13978188,8.40000000,8.84214161,10.69631571,9.72243901,4.40000000,5.82240158,7.18741468,11.93194893,6.40000000,7.33292076,8.94258062,14.14145885,8.40000000,8.84343994,10.69774656,true,0
2026,1,00-0038573,Derius Davis,WR,LAC,55.00000000,0.00000000,0.00000000,0.00000000,0.00000000,0.00000000,0.00000000,0.00000000,0.00000000,1.00000000,1.00000000,0.00000000,0.00000000,0.00000000,2.33484892,0.00000000,1.00389207,1.46972696,2.32691560,0.00000000,1.15798403,1.56711008,2.31898229,0.00000000,1.31207599,1.66449319,2.33417898,0.00000000,1.00584446,1.47076154,2.32624567,0.00000000,1.15993642,1.56814466,2.31831236,0.00000000,1.31402838,1.66552777,true,0
2026,2,00-0038573,Derius Davis,WR,LAC,14.00000000,0.00000000,0.00000000,0.00000000,0.00000000,0.00000000,0.00000000,0.00000000,0.00000000,1.00000000,0.00000000,0.00000000,0.00000000,0.00000000,0.94819390,0.00000000,1.46972696,1.28719039,1.22610293,0.00000000,1.56711008,1.44775758,1.50401196,0.00000000,1.66449319,1.60832476,0.94879186,0.00000000,1.47076154,1.28807215,1.22670089,0.00000000,1.56814466,1.44863934,1.50460992,0.00000000,1.66552777,1.60920652,true,0
2026,4,00-0038573,Derius Davis,WR,LAC,6.00000000,0.00000000,0.00000000,0.00000000,0.00000000,0.00000000,0.00000000,0.00000000,0.00000000,1.00000000,0.00000000,0.00000000,0.00000000,0.00000000,0.68824500,0.60000000,1.28719039,1.07755950,1.01793736,1.10000000,1.44775758,1.29732050,1.34762973,1.60000000,1.60832476,1.51708150,0.68943396,0.60000000,1.28807215,1.07854879,1.01912633,1.10000000,1.44863934,1.29830978,1.34881869,1.60000000,1.60920652,1.51807078,true,0
2026,1,00-0038597,Chase Brown,RB,CIN,-12.00000000,0.00000000,0.00000000,0.00000000,0.00000000,16.00000000,3.00000000,3.00000000,5.00000000,6.00000000,0.00000000,0.00000000,0.00000000,1.00000000,16.59932960,13.80000000,12.64842931,14.03124441,19.05936428,16.30000000,14.66056702,16.20014606,21.51939896,18.80000000,16.67270474,18.36904771,16.60478593,13.80000000,12.65432478,14.03698618,19.06482061,16.30000000,14.66646249,16.20588783,21.52485530,18.80000000,16.67860021,18.37478949,true,0
2026,2,00-0038597,Chase Brown,RB,CIN,-15.00000000,0.00000000,0.00000000,0.00000000,0.00000000,20.00000000,0.00000000,0.00000000,1.00000000,5.00000000,0.00000000,0.00000000,0.00000000,0.00000000,13.16759311,8.20000000,14.03124441,13.72896645,15.23692700,9.70000000,16.20014606,15.86301939,17.30626088,11.20000000,18.36904771,17.99707232,13.17457422,8.20000000,14.03698618,13.73514200,15.24390811,9.70000000,16.20588783,15.86919493,17.31324199,11.20000000,18.37478949,18.00324786,true,0
2026,3,00-0038597,Chase Brown,RB,CIN,-1.00000000,0.00000000,0.00000000,0.00000000,0.00000000,13.00000000,0.00000000,0.00000000,0.00000000,2.00000000,0.00000000,0.00000000,0.00000000,0.00000000,7.83093734,6.90000000,13.72896645,11.66465626,8.60571153,7.90000000,15.86301939,13.32296164,9.38048572,8.90000000,17.99707232,14.98126701,7.83575493,6.90000000,13.73514200,11.67035652,8.61052912,7.90000000,15.86919493,13.32866190,9.38530331,8.90000000,18.00324786,14.98696727,true,0
2026,4,00-0038597,Chase Brown,RB,CIN,8.00000000,0.00000000,0.00000000,0.00000000,0.00000000,9.00000000,0.00000000,0.00000000,1.00000000,11.00000000,0.00000000,0.00000000,0.00000000,0.00000000,10.75387630,8.10000000,11.66465626,11.34588328,15.01847133,13.60000000,13.32296164,13.91639003,19.28306635,19.10000000,14.98126701,16.48689678,10.74814578,8.10000000,11.67035652,11.34758276,15.01274080,13.60000000,13.32866190,13.91808951,19.27733583,19.10000000,14.98696727,16.48859627,true,0
2026,1,00-0038606,Parker Washington,WR,JAX,102.00000000,0.00000000,0.00000000,0.00000000,0.00000000,0.00000000,0.00000000,0.00000000,0.00000000,6.00000000,2.00000000,0.00000000,0.00000000,0.00000000,6.80493495,14.30000000,7.91228137,7.52471013,8.47658056,16.80000000,9.87450284,9.38523004,10.14822617,19.30000000,11.83672430,11.24574996,6.80564075,14.30000000,7.91564617,7.52714427,8.47728636,16.80000000,9.87786763,9.38766419,10.14893197,19.30000000,11.84008909,11.24818410,true,0
2026,2,00-0038606,Parker Washington,WR,JAX,177.00000000,0.00000000,0.00000000,0.00000000,0.00000000,0.00000000,0.00000000,0.00000000,0.00000000,12.00000000,3.00000000,0.00000000,0.00000000,0.00000000,12.76253601,9.80000000,7.52471013,9.35794919,16.33337063,13.30000000,9.38523004,11.81707925,19.90420525,16.80000000,11.24574996,14.27620931,12.76316640,9.80000000,7.52714427,9.35975202,16.33400102,13.30000000,9.38766419,11.81888208,19.90483564,16.80000000,11.24818410,14.27801214,true,0
2026,3,00-0038606,Parker Washington,WR,JAX,50.00000000,0.00000000,0.00000000,0.00000000,0.00000000,0.00000000,0.00000000,0.00000000,0.00000000,5.00000000,0.00000000,3.00000000,2.00000000,3.00000000,9.49684913,10.00000000,9.35794919,9.40656417,10.83236466,11.50000000,11.81707925,11.47242914,12.16788020,13.00000000,14.27620931,13.53829412,9.49615359,10.00000000,9.35975202,9.40749257,10.83166913,11.50000000,11.81888208,11.47335754,12.16718466,13.00000000,14.27801214,13.53922252,true,0
2026,4,00-0038606,Parker Washington,WR,JAX,38.00000000,0.00000000,0.00000000,0.00000000,0.00000000,1.00000000,0.00000000,0.00000000,0.00000000,3.00000000,1.00000000,0.00000000,1.00000000,1.00000000,4.97771847,1.00000000,9.40656417,7.85646817,5.84731449,1.50000000,11.47242914,9.50363902,6.71691052,2.00000000,13.53829412,11.15080986,4.98044910,1.00000000,9.40749257,7.85802735,5.85004512,1.50000000,11.47335754,9.50519820,6.71964114,2.00000000,13.53922252,11.15236904,true,0
2026,1,00-0038608,Kayshon Boutte,WR,HOU,32.00000000,0.00000000,0.00000000,0.00000000,0.00000000,0.00000000,0.00000000,0.00000000,0.00000000,2.00000000,0.00000000,0.00000000,0.00000000,0.00000000,2.11077280,2.10000000,4.35314247,3.56831309,2.67302108,2.60000000,5.21051906,4.32239477,3.23526936,3.10000000,6.06789565,5.07647645,2.11065837,2.10000000,4.35366098,3.56861007,2.67290665,2.60000000,5.21103757,4.32269175,3.23515493,3.10000000,6.06841415,5.07677343,true,0
2026,2,00-0038608,Kayshon Boutte,WR,HOU,66.00000000,0.00000000,0.00000000,0.00000000,0.00000000,0.00000000,0.00000000,0.00000000,0.00000000,5.00000000,1.00000000,1.00000000,0.00000000,1.00000000,6.08705795,3.70000000,3.56831309,4.44987379,7.53640765,5.20000000,4.32239477,5.44729928,8.98575736,6.70000000,5.07647645,6.44472477,6.08872393,3.70000000,3.56861007,4.45064992,7.53807363,5.20000000,4.32269175,5.44807541,8.98742334,6.70000000,5.07677343,6.44550090,true,0
2026,3,00-0038608,Kayshon Boutte,WR,HOU,15.00000000,0.00000000,0.00000000,0.00000000,0.00000000,0.00000000,0.00000000,0.00000000,0.00000000,2.00000000,0.00000000,0.00000000,0.00000000,1.00000000,1.81369028,2.10000000,4.44987379,3.52720956,2.47967393,3.10000000,5.44729928,4.40863041,3.14565758,4.10000000,6.44472477,5.29005125,1.81554073,2.10000000,4.45064992,3.52836170,2.48152438,3.10000000,5.44807541,4.40978255,3.14750803,4.10000000,6.44550090,5.29120339,true,0
2026,4,00-0038608,Kayshon Boutte,WR,HOU,47.00000000,0.00000000,0.00000000,0.00000000,0.00000000,0.00000000,0.00000000,0.00000000,0.00000000,4.00000000,1.00000000,0.00000000,0.00000000,0.00000000,3.80798162,3.60000000,3.52720956,3.62547978,5.05438690,5.10000000,4.40863041,4.63464518,6.30079218,6.60000000,5.29005125,5.64381058,3.80975482,3.60000000,3.52836170,3.62684929,5.05616010,5.10000000,4.40978255,4.63601469,6.30256538,6.60000000,5.29120339,5.64518009,true,0
2026,1,00-0038611,Chris Rodriguez Jr.,RB,JAX,0.00000000,0.00000000,0.00000000,0.00000000,0.00000000,6.00000000,1.00000000,0.00000000,1.00000000,0.00000000,0.00000000,0.00000000,0.00000000,0.00000000,3.62095567,2.30000000,7.48979218,6.13569940,3.62065122,2.30000000,7.61620435,6.21776076,3.62034678,2.30000000,7.74261652,6.29982211,3.62478260,2.30000000,7.49499885,6.14042316,3.62447816,2.30000000,7.62141102,6.22248452,3.62417371,2.30000000,7.74782318,6.30454587,true,0
2026,2,00-0038611,Chris Rodriguez Jr.,RB,JAX,0.00000000,0.00000000,0.00000000,0.00000000,0.00000000,6.00000000,1.00000000,1.00000000,1.00000000,0.00000000,0.00000000,0.00000000,0.00000000,0.00000000,4.46723294,1.30000000,6.13569940,5.55173614,4.45775665,1.30000000,6.21776076,5.60175932,4.44828037,1.30000000,6.29982211,5.65178250,4.47100123,1.30000000,6.14042316,5.55612549,4.46152495,1.30000000,6.22248452,5.60614867,4.45204866,1.30000000,6.30454587,5.65617185,true,0
2026,3,00-0038611,Chris Rodriguez Jr.,RB,JAX,0.00000000,0.00000000,0.00000000,0.00000000,0.00000000,8.00000000,1.00000000,1.00000000,3.00000000,0.00000000,0.00000000,0.00000000,0.00000000,0.00000000,6.15455443,9.70000000,5.55173614,5.76272254,6.15925313,9.70000000,5.60175932,5.79688215,6.16395184,9.70000000,5.65178250,5.83104177,6.15839292,9.70000000,5.55612549,5.76691909,6.16309163,9.70000000,5.60614867,5.80107870,6.16779033,9.70000000,5.65617185,5.83523832,true,0
2026,4,00-0038611,Chris Rodriguez Jr.,RB,JAX,0.00000000,0.00000000,0.00000000,0.00000000,0.00000000,6.00000000,0.00000000,0.00000000,1.00000000,0.00000000,0.00000000,0.00000000,0.00000000,0.00000000,3.25579738,9.50000000,5.76272254,4.88529873,3.24802842,9.50000000,5.79688215,4.90478335,3.24025945,9.50000000,5.83104177,4.92426796,3.25831098,9.50000000,5.76691909,4.88890625,3.25054202,9.50000000,5.80107870,4.90839086,3.24277306,9.50000000,5.83523832,4.92787548,true,0
2026,1,00-0038618,Xavier Hutchinson,WR,HOU,57.00000000,0.00000000,0.00000000,0.00000000,0.00000000,0.00000000,0.00000000,0.00000000,0.00000000,6.00000000,1.00000000,0.00000000,0.00000000,0.00000000,5.28830548,3.20000000,3.92512174,4.40223605,7.27168510,4.70000000,5.04810245,5.82635638,9.25506472,6.20000000,6.17108316,7.25047670,5.29057468,3.20000000,3.92702434,4.40426696,7.27395430,4.70000000,5.05000505,5.82838729,9.25733392,6.20000000,6.17298576,7.25250761,true,0
2026,2,00-0038618,Xavier Hutchinson,WR,HOU,112.00000000,0.00000000,0.00000000,0.00000000,0.00000000,0.00000000,0.00000000,0.00000000,0.00000000,9.00000000,1.00000000,2.00000000,0.00000000,1.00000000,10.72123453,3.70000000,4.40223605,6.61388552,13.40761938,5.20000000,5.82635638,8.47979843,16.09400423,6.70000000,7.25047670,10.34571134,10.72194179,3.70000000,4.40426696,6.61545315,13.40832663,5.20000000,5.82838729,8.48136606,16.09471148,6.70000000,7.25250761,10.34727897,true,0
2026,3,00-0038618,Xavier Hutchinson,WR,HOU,121.00000000,0.00000000,0.00000000,0.00000000,0.00000000,2.00000000,0.00000000,0.00000000,0.00000000,6.00000000,3.00000000,0.00000000,0.00000000,0.00000000,9.22976092,5.50000000,6.61388552,7.52944191,10.79015904,7.00000000,8.47979843,9.28842464,12.35055717,8.50000000,10.34571134,11.04740738,9.23436656,5.50000000,6.61545315,7.53207284,10.79476469,7.00000000,8.48136606,9.29105558,12.35516281,8.50000000,10.34727897,11.05003831,true,0
2026,4,00-0038618,Xavier Hutchinson,WR,HOU,71.00000000,0.00000000,0.00000000,0.00000000,0.00000000,0.00000000,0.00000000,0.00000000,0.00000000,5.00000000,2.00000000,0.00000000,0.00000000,0.00000000,5.21993908,4.60000000,7.52944191,6.72111592,6.69139336,6.10000000,9.28842464,8.37946370,8.16284764,7.60000000,11.04740738,10.03781147,5.22231765,4.60000000,7.53207284,6.72365853,6.69377193,6.10000000,9.29105558,8.38200630,8.16522622,7.60000000,11.05003831,10.04035408,true,0
2026,1,00-0038619,Andrei Iosivas,WR,CIN,15.00000000,0.00000000,0.00000000,0.00000000,0.00000000,0.00000000,0.00000000,0.00000000,0.00000000,3.00000000,0.00000000,0.00000000,1.00000000,1.00000000,3.29943327,1.20000000,4.25231011,3.91880322,4.32226379,2.20000000,5.46641526,5.06596224,5.34509431,3.20000000,6.68052040,6.21312127,3.30033079,1.20000000,4.25404254,3.92024343,4.32316131,2.20000000,5.46814769,5.06740246,5.34599183,3.20000000,6.68225284,6.21456148,true,0
2026,2,00-0038619,Andrei Iosivas,WR,CIN,6.00000000,0.00000000,0.00000000,0.00000000,0.00000000,0.00000000,0.00000000,0.00000000,0.00000000,1.00000000,0.00000000,0.00000000,0.00000000,0.00000000,0.68824500,0.70000000,3.91880322,2.78810784,1.01793736,1.20000000,5.06596224,3.64915353,1.34762973,1.70000000,6.21312127,4.51019923,0.68943396,0.70000000,3.92024343,2.78946012,1.01912633,1.20000000,5.06740246,3.65050581,1.34881869,1.70000000,6.21456148,4.51155151,true,0
2026,1,00-0038621,DeMario Douglas,WR,NE,44.00000000,0.00000000,0.00000000,0.00000000,0.00000000,0.00000000,0.00000000,0.00000000,0.00000000,7.00000000,2.00000000,0.00000000,0.00000000,0.00000000,5.49799927,2.00000000,3.42320748,4.14938461,7.94592581,4.50000000,4.33131363,5.59642789,10.39385236,7.00000000,5.23941977,7.04347117,5.50360724,2.00000000,3.42610230,4.15322903,7.95153378,4.50000000,4.33420845,5.60027231,10.39946032,7.00000000,5.24231459,7.04731560,true,0
2026,2,00-0038621,DeMario Douglas,WR,NE,0.00000000,0.00000000,0.00000000,0.00000000,0.00000000,0.00000000,0.00000000,0.00000000,0.00000000,2.00000000,0.00000000,0.00000000,0.00000000,0.00000000,1.07097719,0.90000000,4.14938461,3.07194201,1.84035881,1.40000000,5.59642789,4.28180371,2.60974043,1.90000000,7.04347117,5.49166541,1.07322678,0.90000000,4.15322903,3.07522824,1.84260840,1.40000000,5.60027231,4.28508994,2.61199002,1.90000000,7.04731560,5.49495164,true,0
2026,3,00-0038621,DeMario Douglas,WR,NE,104.00000000,0.00000000,0.00000000,0.00000000,0.00000000,0.00000000,0.00000000,0.00000000,0.00000000,5.00000000,3.00000000,2.00000000,0.00000000,1.00000000,8.25934393,3.80000000,3.07194201,4.88753268,9.35319960,4.30000000,4.28180371,6.05679227,10.44705527,4.80000000,5.49166541,7.22605186,8.26169471,3.80000000,3.07522824,4.89049151,9.35555038,4.30000000,4.28508994,6.05975110,10.44940605,4.80000000,5.49495164,7.22901069,true,0
2026,4,00-0038621,DeMario Douglas,WR,NE,32.00000000,0.00000000,0.00000000,0.00000000,0.00000000,0.00000000,0.00000000,0.00000000,0.00000000,3.00000000,0.00000000,1.00000000,0.00000000,1.00000000,3.77247048,1.50000000,4.88753268,4.49726091,4.66064861,2.50000000,6.05679227,5.56814199,5.54882673,3.50000000,7.22605186,6.63902307,3.77365248,1.50000000,4.89049151,4.49959785,4.66183060,2.50000000,6.05975110,5.57047892,5.55000872,3.50000000,7.22901069,6.64136000,true,0
2026,3,00-0038640,Jalen Brooks,WR,ARI,12.00000000,0.00000000,0.00000000,0.00000000,0.00000000,0.00000000,0.00000000,0.00000000,0.00000000,1.00000000,0.00000000,0.00000000,0.00000000,0.00000000,0.88320667,0.00000000,3.09033117,2.31783760,1.17406154,0.00000000,3.86029508,2.92011334,1.46491640,0.00000000,4.63025899,3.52238909,0.88395239,0.00000000,3.09094902,2.31850020,1.17480725,0.00000000,3.86091293,2.92077594,1.46566211,0.00000000,4.63087684,3.52305169,true,0
2026,1,00-0038685,Chris Brooks,RB,GB,-6.00000000,0.00000000,0.00000000,0.00000000,0.00000000,7.00000000,1.00000000,0.00000000,1.00000000,1.00000000,0.00000000,0.00000000,0.00000000,0.00000000,4.53197562,2.90000000,1.49112581,2.55542324,4.97212636,2.90000000,1.95441494,3.01061393,5.41227710,2.90000000,2.41770406,3.46580463,4.53619345,2.90000000,1.49102614,2.55683470,4.97634419,2.90000000,1.95431526,3.01202539,5.41649493,2.90000000,2.41760439,3.46721608,true,0
2026,2,00-0038685,Chris Brooks,RB,GB,-2.00000000,0.00000000,0.00000000,0.00000000,0.00000000,4.00000000,1.00000000,0.00000000,3.00000000,2.00000000,0.00000000,0.00000000,0.00000000,0.00000000,4.07178954,2.60000000,2.55542324,3.08615145,4.89339902,3.10000000,3.01061393,3.66958871,5.71500850,3.60000000,3.46580463,4.25302598,4.07243201,2.60000000,2.55683470,3.08729376,4.89404149,3.10000000,3.01202539,3.67073102,5.71565097,3.60000000,3.46721608,4.25416829,true,0
2026,3,00-0038685,Chris Brooks,RB,GB,-1.00000000,0.00000000,0.00000000,0.00000000,0.00000000,0.00000000,0.00000000,0.00000000,0.00000000,1.00000000,0.00000000,0.00000000,0.00000000,0.00000000,0.13647828,0.40000000,3.08615145,2.05376584,0.52806061,0.90000000,3.66958871,2.57005388,0.91964294,1.40000000,4.25302598,3.08634192,0.13590150,0.40000000,3.08729376,2.05430647,0.52748383,0.90000000,3.67073102,2.57059451,0.91906616,1.40000000,4.25416829,3.08688255,true,0
2026,4,00-0038685,Chris Brooks,RB,GB,2.00000000,0.00000000,0.00000000,0.00000000,0.00000000,4.00000000,2.00000000,1.00000000,2.00000000,1.00000000,0.00000000,0.00000000,0.00000000,0.00000000,4.58222712,3.50000000,2.05376584,2.93872729,4.96853573,4.00000000,2.57005388,3.40952253,5.35484434,4.50000000,3.08634192,3.88031777,4.58488636,3.50000000,2.05430647,2.94000943,4.97119497,4.00000000,2.57059451,3.41080467,5.35750358,4.50000000,3.08688255,3.88159991,true,0
2026,1,00-0038705,Emari Demercado,RB,DAL,0.00000000,0.00000000,0.00000000,0.00000000,0.00000000,2.00000000,0.00000000,0.00000000,1.00000000,0.00000000,0.00000000,0.00000000,0.00000000,0.00000000,1.04591132,0.70000000,3.56789663,2.68520177,1.04156812,0.70000000,4.26337350,3.13574162,1.03722492,0.70000000,4.95885037,3.58628146,1.04652099,0.70000000,3.56901485,2.68614200,1.04217779,0.70000000,4.26449172,3.13668185,1.03783459,0.70000000,4.95996860,3.58722169,true,0
2026,2,00-0038705,Emari Demercado,RB,DAL,0.00000000,0.00000000,0.00000000,0.00000000,0.00000000,3.00000000,0.00000000,0.00000000,0.00000000,0.00000000,0.00000000,0.00000000,0.00000000,0.00000000,1.30719360,0.80000000,2.68520177,2.20289891,1.29405003,0.80000000,3.13574162,2.49114956,1.28090645,0.80000000,3.58628146,2.77940021,1.30872014,0.80000000,2.68614200,2.20404435,1.29557656,0.80000000,3.13668185,2.49229500,1.28243299,0.80000000,3.58722169,2.78054565,true,0
2026,1,00-0038710,Blake Whiteheart,TE,CLE,6.00000000,0.00000000,0.00000000,0.00000000,0.00000000,0.00000000,0.00000000,0.00000000,0.00000000,1.00000000,0.00000000,0.00000000,0.00000000,0.00000000,0.82919732,1.40000000,0.86096891,0.84984885,1.18987080,1.90000000,1.20485051,1.19960761,1.55054429,2.40000000,1.54873211,1.54936637,0.82731785,1.40000000,0.85910816,0.84798155,1.18799134,1.90000000,1.20298976,1.19774031,1.54866482,2.40000000,1.54687136,1.54749907,true,0
2026,2,00-0038710,Blake Whiteheart,TE,CLE,6.00000000,0.00000000,0.00000000,0.00000000,0.00000000,0.00000000,0.00000000,0.00000000,0.00000000,2.00000000,0.00000000,0.00000000,0.00000000,1.00000000,1.99983363,7.70000000,0.84984885,1.25234352,2.76939025,8.20000000,1.19960761,1.74903153,3.53894686,8.70000000,1.54936637,2.24571954,1.99747846,7.70000000,0.84798155,1.25030547,2.76703507,8.20000000,1.19774031,1.74699348,3.53659169,8.70000000,1.54749907,2.24368149,true,0
2026,1,00-0038728,Jared Wayne,WR,HOU,12.00000000,0.00000000,0.00000000,0.00000000,0.00000000,0.00000000,0.00000000,0.00000000,0.00000000,1.00000000,0.00000000,0.00000000,0.00000000,1.00000000,1.13851557,1.20000000,2.95584215,2.31977785,1.42306622,1.70000000,3.57067766,2.81901366,1.70761687,2.20000000,4.18551317,3.31824946,1.13997028,1.20000000,2.95609058,2.32044847,1.42452092,1.70000000,3.57092609,2.81968428,1.70907157,2.20000000,4.18576159,3.31892009,true,0
2026,2,00-0038728,Jared Wayne,WR,HOU,104.00000000,0.00000000,0.00000000,0.00000000,0.00000000,0.00000000,0.00000000,0.00000000,0.00000000,7.00000000,2.00000000,1.00000000,0.00000000,0.00000000,8.27631096,3.30000000,2.31977785,4.40456444,10.26724480,4.30000000,2.81901366,5.42589456,12.25817863,5.30000000,3.31824946,6.44722467,8.27745644,3.30000000,2.32044847,4.40540126,10.26839027,4.30000000,2.81968428,5.42673138,12.25932411,5.30000000,3.31892009,6.44806150,true,0
2026,3,00-0038728,Jared Wayne,WR,HOU,69.00000000,0.00000000,0.00000000,0.00000000,0.00000000,0.00000000,0.00000000,0.00000000,0.00000000,4.00000000,2.00000000,0.00000000,0.00000000,0.00000000,4.57725799,2.00000000,4.40456444,4.46500718,5.66080635,2.50000000,5.42589456,5.50811368,6.74435471,3.00000000,6.44722467,6.55122019,4.57916693,2.00000000,4.40540126,4.46621925,5.66271530,2.50000000,5.42673138,5.50932575,6.74626366,3.00000000,6.44806150,6.55243225,true,0
2026,1,00-0038738,Hunter Luepke,RB,DAL,0.00000000,0.00000000,0.00000000,0.00000000,0.00000000,1.00000000,0.00000000,0.00000000,0.00000000,0.00000000,0.00000000,0.00000000,0.00000000,0.00000000,0.20225057,0.70000000,1.52460764,1.06178266,0.19081988,0.70000000,2.04861716,1.39838811,0.17938918,0.70000000,2.57262669,1.73499356,0.20282514,0.70000000,1.52452458,1.06192978,0.19139445,0.70000000,2.04853411,1.39853523,0.17996375,0.70000000,2.57254363,1.73514067,true,0
2026,2,00-0038738,Hunter Luepke,RB,DAL,0.00000000,0.00000000,0.00000000,0.00000000,0.00000000,1.00000000,0.00000000,0.00000000,0.00000000,0.00000000,0.00000000,0.00000000,0.00000000,0.00000000,0.20225057,0.10000000,1.06178266,0.76094643,0.19081988,0.10000000,1.39838811,0.97573923,0.17938918,0.10000000,1.73499356,1.19053203,0.20282514,0.10000000,1.06192978,0.76124316,0.19139445,0.10000000,1.39853523,0.97603595,0.17996375,0.10000000,1.73514067,1.19082875,true,0
2026,4,00-0038738,Hunter Luepke,RB,DAL,2.00000000,0.00000000,0.00000000,0.00000000,0.00000000,0.00000000,0.00000000,0.00000000,0.00000000,1.00000000,0.00000000,0.00000000,0.00000000,0.00000000,0.21336875,0.20000000,0.76094643,0.56929424,0.58145805,0.70000000,0.97573923,0.83774082,0.94954736,1.20000000,1.19053203,1.10618739,0.21243780,0.20000000,0.76124316,0.56916128,0.58052711,0.70000000,0.97603595,0.83760786,0.94861642,1.20000000,1.19082875,1.10605443,true,0
2026,2,00-0038783,Nate Adkins,TE,DEN,24.00000000,0.00000000,0.00000000,0.00000000,0.00000000,1.00000000,0.00000000,0.00000000,0.00000000,3.00000000,0.00000000,0.00000000,1.00000000,1.00000000,5.24122353,9.80000000,1.80125230,3.00524223,6.26798473,11.30000000,2.48294576,3.80770940,7.29474593,12.80000000,3.16463921,4.61017656,5.29642566,9.80000000,1.79916517,3.02320634,6.32318686,11.30000000,2.48085862,3.82567351,7.34994806,12.80000000,3.16255208,4.62814067,true,0
2026,3,00-0038783,Nate Adkins,TE,DEN,6.00000000,0.00000000,0.00000000,0.00000000,0.00000000,0.00000000,0.00000000,0.00000000,0.00000000,2.00000000,0.00000000,1.00000000,2.00000000,2.00000000,5.50740577,6.80000000,3.00524223,3.88099947,6.12400499,7.30000000,3.80770940,4.61841285,6.74060421,7.80000000,4.61017656,5.35582624,5.50802595,6.80000000,3.02320634,3.89289320,6.12462517,7.30000000,3.82567351,4.63030659,6.74122439,7.80000000,4.62814067,5.36771997,true,0
2026,2,00-0038794,Jaleel McLaughlin,RB,CLE,1.00000000,0.00000000,0.00000000,0.00000000,0.00000000,1.00000000,0.00000000,0.00000000,0.00000000,1.00000000,0.00000000,0.00000000,0.00000000,0.00000000,0.74021010,0.30000000,2.89458765,2.14055551,1.11527398,0.30000000,3.20399529,2.47294283,1.49033786,0.30000000,3.51340294,2.80533016,0.73987320,0.30000000,2.89667745,2.14179596,1.11493707,0.30000000,3.20608510,2.47418329,1.49000095,0.30000000,3.51549275,2.80657062,true,0
2026,4,00-0038794,Jaleel McLaughlin,RB,CLE,0.00000000,0.00000000,0.00000000,0.00000000,0.00000000,1.00000000,0.00000000,0.00000000,0.00000000,0.00000000,0.00000000,0.00000000,0.00000000,0.00000000,0.20225057,8.80000000,2.14055551,1.46214878,0.19081988,8.80000000,2.47294283,1.67419980,0.17938918,8.80000000,2.80533016,1.88625082,0.20282514,8.80000000,2.14179596,1.46315618,0.19139445,8.80000000,2.47418329,1.67520720,0.17996375,8.80000000,2.80657062,1.88725822,true,0
2026,1,00-0038797,Emanuel Wilson,RB,SEA,0.00000000,0.00000000,0.00000000,0.00000000,0.00000000,2.00000000,0.00000000,0.00000000,0.00000000,0.00000000,0.00000000,0.00000000,0.00000000,0.00000000,0.75472209,0.30000000,5.54894229,3.87096522,0.74243495,0.30000000,6.00168654,4.16094848,0.73014782,0.30000000,6.45443079,4.45093175,0.75577264,0.30000000,5.55226169,3.87349052,0.74348551,0.30000000,6.00500594,4.16347379,0.73119837,0.30000000,6.45775020,4.45345706,true,0
2026,2,00-0038797,Emanuel Wilson,RB,SEA,1.00000000,0.00000000,0.00000000,0.00000000,0.00000000,21.00000000,5.00000000,4.00000000,7.00000000,1.00000000,0.00000000,0.00000000,0.00000000,1.00000000,19.29220464,9.20000000,3.87096522,9.26839901,19.69617119,9.20000000,4.16094848,9.59827643,20.10013775,9.20000000,4.45093175,9.92815385,19.30415951,9.20000000,3.87349052,9.27422467,19.70812607,9.20000000,4.16347379,9.60410209,20.11209262,9.20000000,4.45345706,9.93397950,true,0
2026,3,00-0038797,Emanuel Wilson,RB,SEA,0.00000000,0.00000000,0.00000000,0.00000000,0.00000000,9.00000000,2.00000000,2.00000000,2.00000000,0.00000000,0.00000000,0.00000000,0.00000000,0.00000000,7.62727227,1.40000000,9.26839901,8.69400465,7.62146328,1.40000000,9.59827643,8.90639183,7.61565428,1.40000000,9.92815385,9.11877900,7.63328232,1.40000000,9.27422467,8.69989485,7.62747333,1.40000000,9.60410209,8.91228202,7.62166434,1.40000000,9.93397950,9.12466920,true,0
2026,4,00-0038797,Emanuel Wilson,RB,SEA,-14.00000000,0.00000000,0.00000000,0.00000000,0.00000000,21.00000000,2.00000000,0.00000000,3.00000000,4.00000000,0.00000000,0.00000000,0.00000000,0.00000000,14.54606045,24.00000000,8.69400465,10.74222418,16.24319822,25.50000000,8.90639183,11.47427406,17.94033598,27.00000000,9.11877900,12.20632394,14.55593780,24.00000000,8.69989485,10.74950988,16.25307556,25.50000000,8.91228202,11.48155976,17.95021333,27.00000000,9.12466920,12.21360964,true,0
2026,2,00-0038824,Ryan Miller,WR,MIA,41.00000000,0.00000000,0.00000000,0.00000000,0.00000000,0.00000000,0.00000000,0.00000000,0.00000000,1.00000000,1.00000000,0.00000000,0.00000000,0.00000000,1.87993834,13.70000000,1.36013094,1.54206353,1.96262586,14.20000000,1.58642791,1.71809719,2.04531338,14.70000000,1.81272488,1.89413086,1.88030266,13.70000000,1.36152060,1.54309432,1.96299019,14.20000000,1.58781757,1.71912799,2.04567771,14.70000000,1.81411454,1.89516165,true,0
2026,3,00-0038824,Ryan Miller,WR,MIA,2.00000000,0.00000000,0.00000000,0.00000000,0.00000000,0.00000000,0.00000000,0.00000000,0.00000000,3.00000000,0.00000000,0.00000000,0.00000000,0.00000000,1.71365828,1.50000000,1.54206353,1.60212169,2.87094582,2.50000000,1.71809719,2.12159421,4.02823336,3.50000000,1.89413086,2.64106673,1.71637750,1.50000000,1.54309432,1.60374344,2.87366504,2.50000000,1.71912799,2.12321596,4.03095258,3.50000000,1.89516165,2.64268847,true,0
2026,4,00-0038839,Mitchell Tinsley,WR,CIN,99.00000000,0.00000000,0.00000000,0.00000000,0.00000000,0.00000000,0.00000000,0.00000000,0.00000000,7.00000000,3.00000000,1.00000000,2.00000000,3.00000000,10.75028473,4.90000000,3.92513673,6.31393853,12.64620798,6.40000000,4.73872057,7.50634116,14.54213123,7.90000000,5.55230441,8.69874379,10.75254696,4.90000000,3.92650370,6.31561884,12.64847021,6.40000000,4.74008754,7.50802147,14.54439346,7.90000000,5.55367138,8.70042411,true,0
2026,3,00-0038840,Brycen Tremayne,WR,CAR,108.00000000,0.00000000,0.00000000,0.00000000,0.00000000,0.00000000,0.00000000,0.00000000,0.00000000,6.00000000,3.00000000,1.00000000,0.00000000,0.00000000,7.88300843,8.30000000,1.89180353,3.98872525,9.42674610,10.30000000,2.63102247,5.00952574,10.97048376,12.30000000,3.37024142,6.03032624,7.88500204,8.30000000,1.89306641,3.99024388,9.42873971,10.30000000,2.63228535,5.01104438,10.97247737,12.30000000,3.37150430,6.03184487,true,0
2026,4,00-0038840,Brycen Tremayne,WR,CAR,37.00000000,0.00000000,0.00000000,0.00000000,0.00000000,0.00000000,0.00000000,0.00000000,0.00000000,3.00000000,0.00000000,0.00000000,0.00000000,0.00000000,2.85093473,3.20000000,3.98872525,3.59049857,3.78167018,4.20000000,5.00952574,4.57977630,4.71240563,5.20000000,6.03032624,5.56905403,2.85106830,3.20000000,3.99024388,3.59153243,3.78180375,4.20000000,5.01104438,4.58081016,4.71253920,5.20000000,6.03184487,5.57008789,true,0
2026,1,00-0038933,Dalton Kincaid,TE,BUF,98.00000000,0.00000000,0.00000000,0.00000000,0.00000000,0.00000000,0.00000000,0.00000000,0.00000000,6.00000000,2.00000000,0.00000000,0.00000000,0.00000000,6.67309562,13.00000000,4.86190741,5.49582328,8.38358668,15.50000000,6.23861597,6.98935572,10.09407773,18.00000000,7.61532454,8.48288815,6.67128063,13.00000000,4.85995247,5.49391733,8.38177168,15.50000000,6.23666104,6.98744976,10.09226273,18.00000000,7.61336960,8.48098220,true,0
2026,2,00-0038933,Dalton Kincaid,TE,BUF,84.00000000,0.00000000,0.00000000,0.00000000,0.00000000,0.00000000,0.00000000,0.00000000,0.00000000,8.00000000,1.00000000,1.00000000,0.00000000,1.00000000,8.96434344,15.50000000,5.49582328,6.70980534,11.55847463,19.00000000,6.98935572,8.58854734,14.15260583,22.50000000,8.48288815,10.46728934,8.96080126,15.50000000,5.49391733,6.70732671,11.55493246,19.00000000,6.98744976,8.58606871,14.14906366,22.50000000,8.48098220,10.46481071,true,0
2026,3,00-0038933,Dalton Kincaid,TE,BUF,36.00000000,0.00000000,0.00000000,0.00000000,0.00000000,0.00000000,0.00000000,0.00000000,0.00000000,3.00000000,0.00000000,0.00000000,0.00000000,0.00000000,2.97062462,1.80000000,6.70980534,5.40109209,3.95918001,2.80000000,8.58854734,6.96826878,4.94773541,3.80000000,10.46728934,8.53544546,2.96864442,1.80000000,6.70732671,5.39878791,3.95719981,2.80000000,8.58606871,6.96596459,4.94575520,3.80000000,10.46481071,8.53314128,true,0
2026,4,00-0038933,Dalton Kincaid,TE,BUF,21.00000000,0.00000000,0.00000000,0.00000000,0.00000000,0.00000000,0.00000000,0.00000000,0.00000000,2.00000000,0.00000000,0.00000000,0.00000000,0.00000000,1.89991097,0.70000000,5.40109209,4.17567870,2.57452541,1.20000000,6.96826878,5.43045860,3.24913985,1.70000000,8.53544546,6.68523850,1.89798114,0.70000000,5.39878791,4.17350554,2.57259558,1.20000000,6.96596459,5.42828544,3.24721001,1.70000000,8.53314128,6.68306534,true,0
2026,1,00-0038935,Brenton Strange,TE,JAX,34.00000000,0.00000000,0.00000000,0.00000000,0.00000000,0.00000000,0.00000000,0.00000000,0.00000000,3.00000000,0.00000000,1.00000000,0.00000000,1.00000000,4.58356934,8.30000000,4.97108267,4.83545300,5.51264499,9.30000000,6.73494788,6.30714187,6.44172064,10.30000000,8.49881310,7.77883074,4.58114510,8.30000000,4.96834819,4.83282711,5.51022075,9.30000000,6.73221340,6.30451598,6.43929640,10.30000000,8.49607862,7.77620484,true,0
2026,2,00-0038935,Brenton Strange,TE,JAX,17.00000000,0.00000000,0.00000000,0.00000000,0.00000000,0.00000000,0.00000000,0.00000000,0.00000000,2.00000000,0.00000000,0.00000000,1.00000000,1.00000000,3.31071725,1.70000000,4.83545300,4.30179549,3.97225313,2.70000000,6.30714187,5.48993081,4.63378902,3.70000000,7.77883074,6.67806613,3.31037752,1.70000000,4.83282711,4.29996975,3.97191340,2.70000000,6.30451598,5.48810507,4.63344928,3.70000000,7.77620484,6.67624040,true,0
2026,3,00-0038935,Brenton Strange,TE,JAX,32.00000000,0.00000000,0.00000000,0.00000000,0.00000000,0.00000000,0.00000000,0.00000000,0.00000000,5.00000000,0.00000000,0.00000000,0.00000000,0.00000000,3.87591425,3.20000000,4.30179549,4.15273706,5.70071002,4.70000000,5.48993081,5.56370354,7.52550580,6.20000000,6.67806613,6.97467002,3.87279377,3.20000000,4.29996975,4.15045816,5.69758954,4.70000000,5.48810507,5.56142464,7.52238532,6.20000000,6.67624040,6.97239112,true,0
2026,4,00-0038935,Brenton Strange,TE,JAX,58.00000000,0.00000000,0.00000000,0.00000000,0.00000000,0.00000000,0.00000000,0.00000000,0.00000000,8.00000000,0.00000000,0.00000000,0.00000000,0.00000000,6.39727239,9.50000000,4.15273706,4.93832442,9.28032664,13.00000000,5.56370354,6.86452162,12.16338089,16.50000000,6.97467002,8.79071882,6.39341988,9.50000000,4.15045816,4.93549476,9.27647413,13.00000000,5.56142464,6.86169196,12.15952838,16.50000000,6.97239112,8.78788916,true,0
2026,4,00-0038951,Sean Tucker,RB,TB,0.00000000,0.00000000,0.00000000,0.00000000,0.00000000,3.00000000,1.00000000,1.00000000,3.00000000,0.00000000,0.00000000,0.00000000,0.00000000,0.00000000,3.39219686,7.00000000,5.05146593,4.47072175,3.40117776,7.00000000,5.36063195,4.67482299,3.41015867,7.00000000,5.66979798,4.87892422,3.39365543,7.00000000,5.05460622,4.47327344,3.40263634,7.00000000,5.36377224,4.67737468,3.41161724,7.00000000,5.67293827,4.88147591,true,0
2026,4,00-0038976,Marvin Mims Jr.,WR,DEN,18.00000000,0.00000000,0.00000000,0.00000000,0.00000000,0.00000000,0.00000000,0.00000000,0.00000000,3.00000000,1.00000000,0.00000000,0.00000000,0.00000000,2.28797298,1.00000000,3.96001103,3.37479771,3.32124109,1.50000000,5.06419189,4.45415911,4.35450921,2.00000000,6.16837275,5.53352051,2.29127119,1.00000000,3.96477581,3.37904920,3.32453931,1.50000000,5.06895667,4.45841060,4.35780743,2.00000000,6.17313754,5.53777200,true,0
2026,1,00-0038994,Jordan Addison,WR,MIN,27.00000000,0.00000000,0.00000000,0.00000000,0.00000000,0.00000000,0.00000000,0.00000000,0.00000000,2.00000000,0.00000000,0.00000000,0.00000000,1.00000000,2.20361363,0.00000000,7.05307593,5.35576413,2.79192228,0.00000000,8.68155359,6.62018263,3.38023093,0.00000000,10.31003124,7.88460113,2.20457758,0.00000000,7.05495620,5.35732368,2.79288623,0.00000000,8.68343385,6.62174218,3.38119488,0.00000000,10.31191151,7.88616068,true,0
2026,2,00-0038994,Jordan Addison,WR,MIN,43.00000000,0.00000000,0.00000000,0.00000000,0.00000000,0.00000000,0.00000000,0.00000000,0.00000000,5.00000000,0.00000000,0.00000000,0.00000000,0.00000000,4.20128415,2.10000000,5.35576413,4.95169614,5.89488560,3.10000000,6.62018263,6.36632867,7.58848706,4.10000000,7.88460113,7.78096120,4.20220921,2.10000000,5.35732368,4.95303362,5.89581067,3.10000000,6.62174218,6.36766615,7.58941212,4.10000000,7.88616068,7.78229869,true,0
2026,3,00-0038994,Jordan Addison,WR,MIN,151.00000000,0.00000000,0.00000000,0.00000000,0.00000000,0.00000000,0.00000000,0.00000000,0.00000000,9.00000000,4.00000000,0.00000000,0.00000000,0.00000000,10.23903736,15.00000000,4.95169614,6.80226556,12.75515981,17.50000000,6.36632867,8.60241957,15.27128225,20.00000000,7.78096120,10.40257357,10.24149740,15.00000000,4.95303362,6.80399594,12.75761985,17.50000000,6.36766615,8.60414995,15.27374229,20.00000000,7.78229869,10.40430395,true,0
2026,4,00-0038994,Jordan Addison,WR,MIN,51.00000000,0.00000000,0.00000000,0.00000000,0.00000000,1.00000000,0.00000000,0.00000000,0.00000000,6.00000000,1.00000000,0.00000000,0.00000000,0.00000000,5.96985902,5.10000000,6.80226556,6.51092328,8.00817149,7.10000000,8.60241957,8.39443274,10.04648395,9.10000000,10.40257357,10.27794220,5.97434271,5.10000000,6.80399594,6.51361731,8.01265517,7.10000000,8.60414995,8.39712677,10.05096764,9.10000000,10.40430395,10.28063624,true,0
2026,1,00-0038996,Tucker Kraft,TE,GB,82.00000000,0.00000000,0.00000000,0.00000000,0.00000000,0.00000000,0.00000000,0.00000000,0.00000000,6.00000000,2.00000000,0.00000000,0.00000000,0.00000000,6.09138377,6.50000000,5.58612340,5.76296453,7.89992587,8.00000000,7.61241238,7.71304210,9.70846797,9.50000000,9.63870135,9.66311967,6.08907959,6.50000000,5.59006795,5.76472202,7.89762169,8.00000000,7.61635692,7.71479959,9.70616378,9.50000000,9.64264590,9.66487716,true,0
2026,2,00-0038996,Tucker Kraft,TE,GB,10.00000000,0.00000000,0.00000000,0.00000000,0.00000000,0.00000000,0.00000000,0.00000000,0.00000000,3.00000000,0.00000000,0.00000000,0.00000000,0.00000000,2.02534287,1.50000000,5.76296453,4.45479695,3.17323121,2.50000000,7.71304210,6.12410829,4.32111956,3.50000000,9.66311967,7.79341963,2.02256772,1.50000000,5.76472202,4.45496802,3.17045607,2.50000000,7.71479959,6.12427936,4.31834441,3.50000000,9.66487716,7.79359070,true,0
2026,3,00-0038996,Tucker Kraft,TE,GB,36.00000000,0.00000000,0.00000000,0.00000000,0.00000000,0.00000000,0.00000000,0.00000000,0.00000000,8.00000000,1.00000000,0.00000000,0.00000000,1.00000000,6.17882672,2.60000000,4.45479695,5.05820737,9.14186650,4.60000000,6.12410829,7.18032366,12.10490628,6.60000000,7.79341963,9.30243996,6.17423312,2.60000000,4.45496802,5.05671080,9.13727290,4.60000000,6.12427936,7.17882710,12.10031268,6.60000000,7.79359070,9.30094339,true,0
2026,4,00-0038996,Tucker Kraft,TE,GB,3.00000000,0.00000000,0.00000000,0.00000000,0.00000000,1.00000000,1.00000000,0.00000000,1.00000000,7.00000000,0.00000000,2.00000000,2.00000000,3.00000000,10.86143601,10.50000000,5.05820737,7.08933739,13.45626158,13.50000000,7.18032366,9.37690193,16.05108714,16.50000000,9.30243996,11.66446647,10.91487346,10.50000000,5.05671080,7.10706773,13.50969903,13.50000000,7.17882710,9.39463227,16.10452459,16.50000000,9.30094339,11.68219681,true,0
2026,1,00-0038997,Josh Downs,WR,IND,36.00000000,0.00000000,0.00000000,0.00000000,0.00000000,0.00000000,0.00000000,0.00000000,0.00000000,4.00000000,1.00000000,0.00000000,0.00000000,0.00000000,3.45055188,3.70000000,5.24650699,4.61792270,4.76815924,4.70000000,7.11152448,6.29134665,6.08576661,5.70000000,8.97654197,7.96477059,3.45313771,3.70000000,5.24914490,4.62054239,4.77074508,4.70000000,7.11416239,6.29396633,6.08835244,5.70000000,8.97917988,7.96739028,true,0
2026,2,00-0038997,Josh Downs,WR,IND,73.00000000,0.00000000,0.00000000,0.00000000,0.00000000,0.00000000,0.00000000,0.00000000,0.00000000,9.00000000,1.00000000,0.00000000,0.00000000,2.00000000,8.05190269,7.20000000,4.61792270,5.81981570,11.12166247,10.70000000,6.29134665,7.98195719,14.19142225,14.20000000,7.96477059,10.14409867,8.05625999,7.20000000,4.62054239,5.82304355,11.12601977,10.70000000,6.29396633,7.98518503,14.19577955,14.20000000,7.96739028,10.14732652,true,0
2026,3,00-0038997,Josh Downs,WR,IND,172.00000000,0.00000000,0.00000000,0.00000000,0.00000000,0.00000000,0.00000000,0.00000000,0.00000000,11.00000000,3.00000000,0.00000000,0.00000000,2.00000000,12.53299188,7.70000000,5.81981570,8.16942736,15.72273089,10.20000000,7.98195719,10.69122798,18.91246991,12.70000000,10.14409867,13.21302861,12.53479225,7.70000000,5.82304355,8.17215559,15.72453127,10.20000000,7.98518503,10.69395622,18.91427029,12.70000000,10.14732652,13.21575684,true,0
2026,4,00-0038997,Josh Downs,WR,IND,-2.00000000,0.00000000,0.00000000,0.00000000,0.00000000,0.00000000,0.00000000,0.00000000,0.00000000,4.00000000,0.00000000,0.00000000,0.00000000,0.00000000,2.16137770,1.60000000,8.16942736,6.06660998,3.74540866,3.10000000,10.69122798,8.26019122,5.32943962,4.60000000,13.21302861,10.45377246,2.16500980,1.60000000,8.17215559,6.06965456,3.74904076,3.10000000,10.69395622,8.26323581,5.33307172,4.60000000,13.21575684,10.45681705,true,0
2026,4,00-0039021,Roschon Johnson,RB,CHI,5.00000000,0.00000000,0.00000000,0.00000000,0.00000000,4.00000000,1.00000000,1.00000000,2.00000000,1.00000000,0.00000000,0.00000000,0.00000000,1.00000000,4.54729839,2.30000000,1.80112529,2.76228587,4.89243818,2.80000000,2.09540994,3.07436982,5.23757796,3.30000000,2.38969459,3.38645377,4.54781634,2.30000000,1.80141257,2.76265389,4.89295613,2.80000000,2.09569722,3.07473784,5.23809591,3.30000000,2.38998188,3.38682179,true,0
2026,1,00-0039032,Tyjae Spears,RB,TEN,-12.00000000,0.00000000,0.00000000,0.00000000,0.00000000,3.00000000,0.00000000,0.00000000,0.00000000,4.00000000,0.00000000,0.00000000,0.00000000,0.00000000,3.04894923,2.40000000,5.41570393,4.58733978,4.70708006,3.40000000,6.98705999,6.18906701,6.36521089,4.40000000,8.55841604,7.79079424,3.04871876,2.40000000,5.41682593,4.58798842,4.70684959,3.40000000,6.98818198,6.18971564,6.36498042,4.40000000,8.55953804,7.79144287,true,0
2026,2,00-0039032,Tyjae Spears,RB,TEN,1.00000000,0.00000000,0.00000000,0.00000000,0.00000000,7.00000000,0.00000000,0.00000000,1.00000000,2.00000000,0.00000000,0.00000000,0.00000000,0.00000000,4.85855780,7.00000000,4.58733978,4.68226609,5.63075255,8.00000000,6.18906701,5.99365695,6.40294730,9.00000000,7.79079424,7.30504781,4.85984249,7.00000000,4.58798842,4.68313734,5.63203724,8.00000000,6.18971564,5.99452820,6.40423199,9.00000000,7.79144287,7.30591906,true,0
2026,3,00-0039032,Tyjae Spears,RB,TEN,0.00000000,0.00000000,0.00000000,0.00000000,0.00000000,3.00000000,0.00000000,0.00000000,0.00000000,0.00000000,0.00000000,0.00000000,0.00000000,0.00000000,1.30719360,0.50000000,4.68226609,3.50099072,1.29405003,0.50000000,5.99365695,4.34879453,1.28090645,0.50000000,7.30504781,5.19659833,1.30872014,0.50000000,4.68313734,3.50209132,1.29557656,0.50000000,5.99452820,4.34989513,1.28243299,0.50000000,7.30591906,5.19769894,true,0
2026,4,00-0039032,Tyjae Spears,RB,TEN,-3.00000000,0.00000000,0.00000000,0.00000000,0.00000000,2.00000000,0.00000000,0.00000000,1.00000000,1.00000000,0.00000000,0.00000000,0.00000000,0.00000000,1.48135023,0.60000000,3.50099072,2.79411655,1.89482563,1.10000000,4.34879453,3.48990541,2.30830103,1.60000000,5.19659833,4.18569428,1.48152064,0.60000000,3.50209132,2.79489158,1.89499604,1.10000000,4.34989513,3.49068045,2.30847145,1.60000000,5.19769894,4.18646931,true,0
2026,1,00-0039040,De'Von Achane,RB,MIA,4.00000000,0.00000000,0.00000000,0.00000000,0.00000000,11.00000000,0.00000000,0.00000000,3.00000000,5.00000000,0.00000000,0.00000000,0.00000000,0.00000000,9.26470091,6.60000000,12.60861503,11.43824509,11.20884149,8.60000000,14.65884042,13.45134079,13.15298206,10.60000000,16.70906581,15.46443650,9.26427334,6.60000000,12.61339101,11.44119983,11.20841391,8.60000000,14.66361640,13.45429553,13.15255449,10.60000000,16.71384179,15.46739123,true,0
2026,2,00-0039040,De'Von Achane,RB,MIA,24.00000000,0.00000000,0.00000000,0.00000000,0.00000000,20.00000000,3.00000000,1.00000000,4.00000000,6.00000000,0.00000000,0.00000000,0.00000000,0.00000000,17.49481842,9.30000000,11.43824509,13.55804575,19.69012211,10.80000000,13.45134079,15.63491425,21.88542580,12.30000000,15.46443650,17.71178275,17.49896061,9.30000000,11.44119983,13.56141610,19.69426430,10.80000000,13.45429553,15.63828460,21.88956799,12.30000000,15.46739123,17.71515310,true,0
2026,3,00-0039040,De'Von Achane,RB,MIA,10.00000000,0.00000000,0.00000000,0.00000000,0.00000000,3.00000000,0.00000000,0.00000000,0.00000000,1.00000000,0.00000000,0.00000000,0.00000000,0.00000000,2.07582454,1.70000000,13.55804575,9.53926833,2.37869647,1.70000000,15.63491425,10.99523803,2.68156840,1.70000000,17.71178275,12.45120773,2.07537710,1.70000000,13.56141610,9.54130245,2.37824902,1.70000000,15.63828460,10.99727215,2.68112095,1.70000000,17.71515310,12.45324185,true,0
2026,3,00-0039041,Elijah Higgins,TE,ARI,8.00000000,0.00000000,0.00000000,0.00000000,0.00000000,0.00000000,0.00000000,0.00000000,0.00000000,3.00000000,0.00000000,0.00000000,0.00000000,0.00000000,1.95262889,2.00000000,2.20694651,2.11793534,3.11277361,3.50000000,3.12709186,3.12208047,4.27291834,5.00000000,4.04723722,4.12622561,1.94979259,2.00000000,2.20475792,2.11552006,3.10993732,3.50000000,3.12490328,3.11966519,4.27008204,5.00000000,4.04504863,4.12381032,true,0
2026,4,00-0039041,Elijah Higgins,TE,ARI,2.00000000,0.00000000,0.00000000,0.00000000,0.00000000,0.00000000,0.00000000,0.00000000,0.00000000,2.00000000,0.00000000,1.00000000,1.00000000,1.00000000,3.80574356,7.90000000,2.11793534,2.70866822,4.48444686,8.90000000,3.12208047,3.59890871,5.16315016,9.90000000,4.12622561,4.48914920,3.80452904,7.90000000,2.11552006,2.70667320,4.48323235,8.90000000,3.11966519,3.59691369,5.16193565,9.90000000,4.12381032,4.48715419,true,0
2026,3,00-0039050,Payne Durham,TE,TB,4.00000000,0.00000000,0.00000000,0.00000000,0.00000000,0.00000000,0.00000000,0.00000000,0.00000000,1.00000000,0.00000000,0.00000000,0.00000000,0.00000000,0.75648334,0.00000000,1.17789801,1.03040287,1.12941320,0.00000000,1.53289384,1.39167562,1.50234307,0.00000000,1.88788968,1.75294837,0.75454272,0.00000000,1.17586168,1.02840004,1.12747259,0.00000000,1.53085751,1.38967279,1.50040246,0.00000000,1.88585335,1.75094554,true,0
2026,1,00-0039062,Jonathan Mingo,WR,DAL,11.00000000,0.00000000,0.00000000,0.00000000,0.00000000,0.00000000,0.00000000,0.00000000,0.00000000,1.00000000,0.00000000,0.00000000,0.00000000,0.00000000,0.85071306,1.00000000,1.14542616,1.04227658,1.14804084,1.50000000,1.38020034,1.29894452,1.44536862,2.00000000,1.61497452,1.55561246,0.85153265,1.00000000,1.14632960,1.04315067,1.14886043,1.50000000,1.38110378,1.29981861,1.44618821,2.00000000,1.61587796,1.55648654,true,0
2026,4,00-0039062,Jonathan Mingo,WR,DAL,16.00000000,0.00000000,0.00000000,0.00000000,0.00000000,0.00000000,0.00000000,0.00000000,0.00000000,2.00000000,0.00000000,0.00000000,0.00000000,0.00000000,1.59087499,0.00000000,1.04227658,1.23428602,2.25668994,0.00000000,1.29894452,1.63415542,2.92250489,0.00000000,1.55561246,2.03402481,1.59194258,0.00000000,1.04315067,1.23522784,2.25775753,0.00000000,1.29981861,1.63509723,2.92357248,0.00000000,1.55648654,2.03496662,true,0
2026,1,00-0039064,Zay Flowers,WR,BAL,91.00000000,0.00000000,0.00000000,0.00000000,0.00000000,0.00000000,0.00000000,0.00000000,0.00000000,6.00000000,2.00000000,0.00000000,0.00000000,0.00000000,6.44750521,21.00000000,7.62081145,7.21015426,8.19035291,23.50000000,9.87920541,9.28810703,9.93320060,26.00000000,12.13759936,11.36605980,6.44902364,21.00000000,7.62452433,7.21309909,8.19187134,23.50000000,9.88291829,9.29105186,9.93471904,26.00000000,12.14131225,11.36900462,true,0
2026,3,00-0039064,Zay Flowers,WR,BAL,55.00000000,0.00000000,0.00000000,0.00000000,0.00000000,1.00000000,0.00000000,0.00000000,0.00000000,6.00000000,1.00000000,0.00000000,1.00000000,2.00000000,7.51850040,10.40000000,7.21015426,7.31807541,9.47430787,12.90000000,9.28810703,9.35327733,11.43011535,15.40000000,11.36605980,11.38847924,7.52253626,10.40000000,7.21309909,7.32140210,9.47834374,12.90000000,9.29105186,9.35660401,11.43415121,15.40000000,11.36900462,11.39180593,true,0
2026,4,00-0039064,Zay Flowers,WR,BAL,78.00000000,0.00000000,0.00000000,0.00000000,0.00000000,0.00000000,0.00000000,0.00000000,0.00000000,10.00000000,1.00000000,0.00000000,0.00000000,2.00000000,8.79206462,17.80000000,7.31807541,7.83397163,12.23031157,21.80000000,9.35327733,10.36023931,15.66855852,25.80000000,11.38847924,12.88650699,8.79666992,17.80000000,7.32140210,7.83774584,12.23491687,21.80000000,9.35660401,10.36401351,15.67316382,25.80000000,11.39180593,12.89028119,true,0
2026,1,00-0039065,Sam LaPorta,TE,DET,7.00000000,0.00000000,0.00000000,0.00000000,0.00000000,0.00000000,0.00000000,0.00000000,0.00000000,8.00000000,0.00000000,1.00000000,2.00000000,2.00000000,8.69591553,4.80000000,4.90021269,6.22870868,11.74156942,7.30000000,6.88019579,8.58167656,14.78722331,9.80000000,8.86017889,10.93464443,8.69351234,4.80000000,4.89734167,6.22600140,11.73916623,7.30000000,6.87732477,8.57896928,14.78482012,9.80000000,8.85730787,10.93193716,true,0
2026,2,00-0039065,Sam LaPorta,TE,DET,23.00000000,0.00000000,0.00000000,0.00000000,0.00000000,0.00000000,0.00000000,0.00000000,0.00000000,7.00000000,0.00000000,1.00000000,1.00000000,2.00000000,7.84131186,11.20000000,6.22870868,6.79311980,10.42366153,14.20000000,8.58167656,9.22637130,13.00601120,17.20000000,10.93464443,11.65962280,7.83822774,11.20000000,6.22600140,6.79028062,10.42057741,14.20000000,8.57896928,9.22353213,13.00292708,17.20000000,10.93193716,11.65678363,true,0
2026,3,00-0039065,Sam LaPorta,TE,DET,39.00000000,0.00000000,0.00000000,0.00000000,0.00000000,0.00000000,0.00000000,0.00000000,0.00000000,4.00000000,0.00000000,1.00000000,1.00000000,1.00000000,6.20166980,4.40000000,6.79311980,6.58611230,7.46535768,5.90000000,9.22637130,8.61001653,8.72904555,7.40000000,11.65962280,10.63392076,6.20056857,4.40000000,6.79028062,6.58388140,7.46425644,5.90000000,9.22353213,8.60778564,8.72794432,7.40000000,11.65678363,10.63168987,true,0
2026,4,00-0039065,Sam LaPorta,TE,DET,119.00000000,0.00000000,0.00000000,0.00000000,0.00000000,0.00000000,0.00000000,0.00000000,0.00000000,13.00000000,1.00000000,2.00000000,3.00000000,4.00000000,18.57271598,14.40000000,6.58611230,10.78142359,22.79415017,18.40000000,8.61001653,13.57446330,27.01558435,22.40000000,10.63392076,16.36750302,18.57242001,14.40000000,6.58388140,10.77986992,22.79385419,18.40000000,8.60778564,13.57290963,27.01528838,22.40000000,10.63168987,16.36594935,true,0
2026,1,00-0039066,Michael Mayer,TE,LV,28.00000000,0.00000000,0.00000000,0.00000000,0.00000000,0.00000000,0.00000000,0.00000000,0.00000000,7.00000000,0.00000000,1.00000000,0.00000000,1.00000000,6.46686257,3.20000000,3.62826284,4.62177275,9.05616260,6.20000000,5.16386211,6.52616728,11.64546264,9.20000000,6.69946137,8.43056182,6.46221893,3.20000000,3.62558441,4.61840649,9.05151896,6.20000000,5.16118367,6.52280102,11.64081900,9.20000000,6.69678294,8.42719556,true,0
2026,2,00-0039066,Michael Mayer,TE,LV,18.00000000,0.00000000,0.00000000,0.00000000,0.00000000,0.00000000,0.00000000,0.00000000,0.00000000,4.00000000,0.00000000,0.00000000,0.00000000,0.00000000,2.84155759,2.30000000,4.62177275,3.99869744,4.34628422,3.80000000,6.52616728,5.76320821,5.85101085,5.30000000,8.43056182,7.52771898,2.83851805,2.30000000,4.61840649,3.99544554,4.34324468,3.80000000,6.52280102,5.75995630,5.84797131,5.30000000,8.42719556,7.52446707,true,0
2026,3,00-0039066,Michael Mayer,TE,LV,12.00000000,0.00000000,0.00000000,0.00000000,0.00000000,0.00000000,0.00000000,0.00000000,0.00000000,3.00000000,0.00000000,1.00000000,1.00000000,1.00000000,4.69467226,9.20000000,3.99869744,4.24228863,5.71795747,10.70000000,5.76320821,5.74737045,6.74124268,12.20000000,7.52771898,7.25245227,4.69325450,9.20000000,3.99544554,4.23967867,5.71653971,10.70000000,5.75995630,5.74476050,6.73982491,12.20000000,7.52446707,7.24984232,true,0
2026,4,00-0039066,Michael Mayer,TE,LV,58.00000000,0.00000000,0.00000000,0.00000000,0.00000000,0.00000000,0.00000000,0.00000000,0.00000000,10.00000000,0.00000000,0.00000000,0.00000000,0.00000000,7.44798998,8.20000000,4.24228863,5.36428410,11.14277185,12.20000000,5.74737045,7.63576094,14.83755372,16.20000000,7.25245227,9.90723778,7.44311949,8.20000000,4.23967867,5.36088296,11.13790136,12.20000000,5.74476050,7.63235980,14.83268323,16.20000000,7.24984232,9.90383664,true,0
2026,1,00-0039067,Rashee Rice,WR,KC,6.00000000,0.00000000,0.00000000,0.00000000,0.00000000,0.00000000,0.00000000,0.00000000,0.00000000,2.00000000,0.00000000,0.00000000,0.00000000,1.00000000,1.52124776,7.90000000,11.08150269,7.73541346,2.24548767,8.90000000,14.58488843,10.26609816,2.96972757,9.90000000,18.08827418,12.79678286,1.52376310,7.90000000,11.08981766,7.74169856,2.24800300,8.90000000,14.59320340,10.27238326,2.97224290,9.90000000,18.09658915,12.80306796,true,0
2026,2,00-0039067,Rashee Rice,WR,KC,45.00000000,0.00000000,0.00000000,0.00000000,0.00000000,0.00000000,0.00000000,0.00000000,0.00000000,6.00000000,0.00000000,0.00000000,0.00000000,1.00000000,5.09927414,8.30000000,7.73541346,6.81276470,7.17447730,10.30000000,10.26609816,9.18403086,9.24968046,12.30000000,12.79678286,11.55529702,5.10137782,8.30000000,7.74169856,6.81758630,7.17658098,10.30000000,10.27238326,9.18885246,9.25178414,12.30000000,12.80306796,11.56011862,true,0
2026,3,00-0039067,Rashee Rice,WR,KC,75.00000000,0.00000000,0.00000000,0.00000000,0.00000000,0.00000000,0.00000000,0.00000000,0.00000000,9.00000000,2.00000000,0.00000000,0.00000000,2.00000000,8.17130680,8.80000000,6.81276470,7.28825444,11.20766800,12.30000000,9.18403086,9.89230386,14.24402919,15.80000000,11.55529702,12.49635328,8.17727736,8.80000000,6.81758630,7.29347817,11.21363856,12.30000000,9.18885246,9.89752760,14.24999975,15.80000000,11.56011862,12.50157702,true,0
2026,1,00-0039074,Davis Allen,TE,LA,-1.00000000,0.00000000,0.00000000,0.00000000,0.00000000,0.00000000,0.00000000,0.00000000,0.00000000,1.00000000,0.00000000,0.00000000,0.00000000,0.00000000,0.57469838,1.30000000,2.30444942,1.69903656,0.97826920,1.80000000,3.10758913,2.36232716,1.38184002,2.30000000,3.91072884,3.02561775,0.57260490,1.30000000,2.30241398,1.69698080,0.97617572,1.80000000,3.10555369,2.36027140,1.37974653,2.30000000,3.90869340,3.02356200,true,0
2026,2,00-0039074,Davis Allen,TE,LA,2.00000000,0.00000000,0.00000000,0.00000000,0.00000000,0.00000000,0.00000000,0.00000000,0.00000000,1.00000000,0.00000000,0.00000000,0.00000000,0.00000000,0.68376935,0.70000000,1.69903656,1.34369304,1.06895560,1.20000000,2.36232716,1.90964711,1.45414185,1.70000000,3.02561775,2.47560119,0.68176759,0.70000000,1.69698080,1.34165618,1.06695384,1.20000000,2.36027140,1.90761025,1.45214009,1.70000000,3.02356200,2.47356433,true,0
2026,3,00-0039074,Davis Allen,TE,LA,22.00000000,0.00000000,0.00000000,0.00000000,0.00000000,0.00000000,0.00000000,0.00000000,0.00000000,3.00000000,0.00000000,0.00000000,0.00000000,0.00000000,2.46162675,1.90000000,1.34369304,1.73496984,3.53597681,2.90000000,1.90964711,2.47886251,4.61032687,3.90000000,2.47560119,3.22275518,2.45921851,1.90000000,1.34165618,1.73280299,3.53356857,2.90000000,1.90761025,2.47669566,4.60791862,3.90000000,2.47356433,3.22058833,true,0
2026,4,00-0039074,Davis Allen,TE,LA,9.00000000,0.00000000,0.00000000,0.00000000,0.00000000,0.00000000,0.00000000,0.00000000,0.00000000,2.00000000,0.00000000,0.00000000,0.00000000,0.00000000,1.46362708,0.00000000,1.73496984,1.63999987,2.21177981,0.00000000,2.47886251,2.38538356,2.95993253,0.00000000,3.22275518,3.13076725,1.46133035,0.00000000,1.73280299,1.63778757,2.20948308,0.00000000,2.47669566,2.38317126,2.95763580,0.00000000,3.22058833,3.12855495,true,0
2026,1,00-0039075,Puka Nacua,WR,LA,115.00000000,0.00000000,0.00000000,0.00000000,0.00000000,0.00000000,0.00000000,0.00000000,0.00000000,9.00000000,2.00000000,0.00000000,1.00000000,1.00000000,10.12379154,7.40000000,10.97721422,10.67851628,12.86353539,9.90000000,14.39032254,13.85594704,15.60327925,12.40000000,17.80343087,17.03337780,10.12452778,7.40000000,10.98133222,10.68145067,12.86427163,9.90000000,14.39444055,13.85888143,15.60401548,12.40000000,17.80754888,17.03631219,true,0
2026,4,00-0039075,Puka Nacua,WR,LA,136.00000000,0.00000000,0.00000000,0.00000000,0.00000000,1.00000000,1.00000000,1.00000000,1.00000000,12.00000000,3.00000000,0.00000000,0.00000000,0.00000000,14.10097684,18.70000000,10.67851628,11.87637748,17.94376310,23.20000000,13.85594704,15.28668266,21.78654935,27.70000000,17.03337780,18.69698784,14.11487721,18.70000000,10.68145067,11.88314996,17.95766346,23.20000000,13.85888143,15.29345514,21.80044972,27.70000000,17.03631219,18.70376032,true,0
2026,1,00-0039107,Stetson Bennett,QB,LA,0.00000000,23.00000000,3.00000000,0.00000000,0.00000000,1.00000000,0.00000000,0.00000000,0.00000000,0.00000000,0.00000000,0.00000000,0.00000000,0.00000000,2.33591375,1.42000000,6.80000000,5.23756981,2.33928698,1.42000000,8.00000000,6.01875044,2.34266022,1.42000000,9.20000000,6.79993108,2.83702050,1.42000000,6.80000000,5.41295717,2.84039373,1.42000000,8.00000000,6.19413781,2.84376697,1.42000000,9.20000000,6.97531844,false,0
2026,1,00-0039139,Jahmyr Gibbs,RB,DET,-4.00000000,0.00000000,0.00000000,0.00000000,0.00000000,29.00000000,5.00000000,5.00000000,8.00000000,5.00000000,0.00000000,0.00000000,0.00000000,0.00000000,26.51727087,28.60000000,12.94657994,17.69632177,28.53982664,31.10000000,15.09685668,19.80189617,30.56238241,33.60000000,17.24713343,21.90747057,26.53042449,28.60000000,12.94897024,17.70247922,28.55298026,31.10000000,15.09924698,19.80805363,30.57553603,33.60000000,17.24952372,21.91362803,true,0
2026,2,00-0039139,Jahmyr Gibbs,RB,DET,34.00000000,0.00000000,0.00000000,0.00000000,0.00000000,16.00000000,1.00000000,0.00000000,3.00000000,8.00000000,0.00000000,1.00000000,0.00000000,2.00000000,16.07174775,17.30000000,17.69632177,17.12772086,18.84919873,20.30000000,19.80189617,19.46845206,21.62664971,23.30000000,21.90747057,21.80918327,16.08451501,17.30000000,17.70247922,17.13619175,18.86196599,20.30000000,19.80805363,19.47692296,21.63941698,23.30000000,21.91362803,21.81765416,true,0
2026,3,00-0039139,Jahmyr Gibbs,RB,DET,4.00000000,0.00000000,0.00000000,0.00000000,0.00000000,20.00000000,3.00000000,2.00000000,7.00000000,8.00000000,0.00000000,0.00000000,0.00000000,3.00000000,20.48673630,34.40000000,17.12772086,18.30337626,23.61133739,37.90000000,19.46845206,20.91846193,26.73593849,41.40000000,21.80918327,23.53354759,20.48885011,34.40000000,17.13619175,18.30962218,23.61345120,37.90000000,19.47692296,20.92470784,26.73805229,41.40000000,21.81765416,23.53979351,true,0
2026,4,00-0039139,Jahmyr Gibbs,RB,DET,22.00000000,0.00000000,0.00000000,0.00000000,0.00000000,15.00000000,1.00000000,1.00000000,3.00000000,7.00000000,0.00000000,0.00000000,1.00000000,1.00000000,15.86085036,13.70000000,18.30337626,17.44849220,18.43166416,15.70000000,20.91846193,20.04808271,21.00247795,17.70000000,23.53354759,22.64767322,15.86153046,13.70000000,18.30962218,17.45279007,18.43234425,15.70000000,20.92470784,20.05238059,21.00315805,17.70000000,23.53979351,22.65197110,true,0
2026,1,00-0039146,Jayden Reed,WR,GB,50.00000000,0.00000000,0.00000000,0.00000000,0.00000000,0.00000000,0.00000000,0.00000000,0.00000000,7.00000000,0.00000000,0.00000000,1.00000000,1.00000000,6.74748520,2.00000000,4.54925918,5.31863828,9.14717064,3.50000000,6.02757323,7.11943232,11.54685608,5.00000000,7.50588727,8.92022635,6.74826657,2.00000000,4.55302628,5.32136038,9.14795201,3.50000000,6.03134032,7.12215442,11.54763745,5.00000000,7.50965437,8.92294845,true,0
2026,2,00-0039146,Jayden Reed,WR,GB,-5.00000000,0.00000000,0.00000000,0.00000000,0.00000000,0.00000000,0.00000000,0.00000000,0.00000000,1.00000000,0.00000000,0.00000000,0.00000000,0.00000000,0.33081526,0.40000000,5.31863828,3.57290022,0.73170971,0.90000000,7.11943232,4.88372940,1.13260415,1.40000000,8.92022635,6.19455858,0.33281685,0.40000000,5.32136038,3.57537015,0.73371130,0.90000000,7.12215442,4.88619933,1.13460575,1.40000000,8.92294845,6.19702851,true,0
2026,1,00-0039150,Bryce Young,QB,CAR,0.00000000,363.00000000,37.00000000,3.00000000,5.00000000,2.00000000,1.00000000,0.00000000,2.00000000,0.00000000,0.00000000,0.00000000,0.00000000,0.00000000,19.28341049,31.44000000,13.39980018,15.45906379,19.28695782,31.44000000,13.40498558,15.46367586,19.29050515,31.44000000,13.41017097,15.46828793,22.93461203,37.44000000,15.78430741,18.28691403,22.93815936,37.44000000,15.78949280,18.29152610,22.94170669,37.44000000,15.79467820,18.29613817,true,3
2026,2,00-0039150,Bryce Young,QB,CAR,0.00000000,311.00000000,36.00000000,10.00000000,17.00000000,1.00000000,0.00000000,0.00000000,1.00000000,0.00000000,0.00000000,0.00000000,0.00000000,0.00000000,26.58755008,24.08000000,15.45906379,19.35403399,26.59725414,24.08000000,15.46367586,19.36042826,26.60695820,24.08000000,15.46828793,19.36682253,33.70486811,30.08000000,18.28691403,23.68319796,33.71457216,30.08000000,18.29152610,23.68959222,33.72427622,30.08000000,18.29613817,23.69598649,true,3
2026,3,00-0039150,Bryce Young,QB,CAR,0.00000000,443.00000000,47.00000000,3.00000000,3.00000000,0.00000000,0.00000000,0.00000000,0.00000000,0.00000000,0.00000000,0.00000000,0.00000000,0.00000000,17.83344596,13.64000000,19.35403399,18.82182818,17.83762158,13.64000000,19.36042826,18.82744592,17.84179721,13.64000000,19.36682253,18.83306366,21.58154365,15.64000000,23.68319796,22.94761895,21.58571927,15.64000000,23.68959222,22.95323669,21.58989490,15.64000000,23.69598649,22.95885443,true,1
2026,4,00-0039150,Bryce Young,QB,CAR,0.00000000,342.00000000,41.00000000,1.00000000,4.00000000,1.00000000,0.00000000,0.00000000,0.00000000,0.00000000,0.00000000,0.00000000,0.00000000,0.00000000,15.12804426,21.46000000,18.82182818,17.52900381,15.13210773,21.46000000,18.82744592,17.53407756,15.13617120,21.46000000,18.83306366,17.53915130,18.01688063,25.46000000,22.94761895,21.22186054,18.02094410,25.46000000,22.95323669,21.22693428,18.02500757,25.46000000,22.95885443,21.23200803,true,2
2026,1,00-0039163,C.J. Stroud,QB,HOU,0.00000000,322.00000000,38.00000000,1.00000000,4.00000000,2.00000000,0.00000000,0.00000000,0.00000000,0.00000000,0.00000000,0.00000000,0.00000000,0.00000000,15.00616835,16.46000000,14.40360626,14.61450299,15.01076247,16.46000000,14.40872706,14.61943946,15.01535659,16.46000000,14.41384787,14.62437592,17.78274411,20.46000000,17.06977090,17.31931152,17.78733823,20.46000000,17.07489170,17.32424799,17.79193235,20.46000000,17.08001250,17.32918445,true,2
2026,2,00-0039163,C.J. Stroud,QB,HOU,0.00000000,477.00000000,53.00000000,0.00000000,5.00000000,3.00000000,0.00000000,0.00000000,0.00000000,0.00000000,0.00000000,0.00000000,0.00000000,0.00000000,19.94440973,17.02000000,14.61450299,16.47997035,19.94846009,17.02000000,14.61943946,16.48459668,19.95251045,17.02000000,14.62437592,16.48922300,23.32724150,17.02000000,17.31931152,19.42208701,23.33129186,17.02000000,17.32424799,19.42671334,23.33534222,17.02000000,17.32918445,19.43133967,true,0
2026,3,00-0039163,C.J. Stroud,QB,HOU,0.00000000,335.00000000,27.00000000,1.00000000,4.00000000,2.00000000,0.00000000,0.00000000,0.00000000,0.00000000,0.00000000,0.00000000,0.00000000,0.00000000,13.77389448,11.68000000,16.47997035,15.53284380,13.77775541,11.68000000,16.48459668,15.53720223,13.78161634,11.68000000,16.48922300,15.54156067,16.58246505,13.68000000,19.42208701,18.42821933,16.58632598,13.68000000,19.42671334,18.43257776,16.59018691,13.68000000,19.43133967,18.43693620,true,1
2026,4,00-0039163,C.J. Stroud,QB,HOU,0.00000000,385.00000000,29.00000000,1.00000000,3.00000000,2.00000000,0.00000000,0.00000000,0.00000000,0.00000000,0.00000000,0.00000000,0.00000000,0.00000000,14.39280046,23.08000000,15.53284380,15.13382863,14.39613995,23.08000000,15.53720223,15.13783043,14.39947945,23.08000000,15.54156067,15.14183224,17.28193280,27.08000000,18.42821933,18.02701904,17.28527230,27.08000000,18.43257776,18.03102085,17.28861179,27.08000000,18.43693620,18.03502266,true,2
2026,1,00-0039299,George Holani,RB,SEA,6.00000000,0.00000000,0.00000000,0.00000000,0.00000000,8.00000000,0.00000000,0.00000000,2.00000000,1.00000000,0.00000000,0.00000000,0.00000000,0.00000000,5.31803995,2.90000000,3.39340565,4.06702765,5.66384158,2.90000000,3.58903756,4.31521897,6.00964321,2.90000000,3.78466948,4.56341028,5.31956288,2.90000000,3.39553218,4.06894292,5.66536451,2.90000000,3.59116409,4.31713424,6.01116614,2.90000000,3.78679600,4.56532555,true,0
2026,2,00-0039299,George Holani,RB,SEA,-4.00000000,0.00000000,0.00000000,0.00000000,0.00000000,4.00000000,2.00000000,2.00000000,3.00000000,1.00000000,0.00000000,0.00000000,0.00000000,1.00000000,5.81925178,1.50000000,4.06702765,4.68030610,6.24110724,2.00000000,4.31521897,4.98927986,6.66296270,2.50000000,4.56341028,5.29825363,5.82164604,1.50000000,4.06894292,4.68238901,6.24350150,2.00000000,4.31713424,4.99136278,6.66535696,2.50000000,4.56532555,5.30033654,true,0
2026,3,00-0039299,George Holani,RB,SEA,-10.00000000,0.00000000,0.00000000,0.00000000,0.00000000,3.00000000,1.00000000,1.00000000,1.00000000,5.00000000,0.00000000,0.00000000,0.00000000,0.00000000,5.11516371,5.80000000,4.68030610,4.83250626,7.15819471,8.30000000,4.98927986,5.74840006,9.20122571,10.80000000,5.29825363,6.66429386,5.11471751,5.80000000,4.68238901,4.83370399,7.15774852,8.30000000,4.99136278,5.74959779,9.20077952,10.80000000,5.30033654,6.66549159,true,0
2026,4,00-0039299,George Holani,RB,SEA,2.00000000,0.00000000,0.00000000,0.00000000,0.00000000,7.00000000,0.00000000,0.00000000,0.00000000,1.00000000,0.00000000,0.00000000,0.00000000,0.00000000,4.08066935,2.00000000,4.83250626,4.56936334,4.44276357,2.50000000,5.74840006,5.29142729,4.80485780,3.00000000,6.66429386,6.01349124,4.08307029,2.00000000,4.83370399,4.57098219,4.44516451,2.50000000,5.74959779,5.29304614,4.80725874,3.00000000,6.66549159,6.01511009,true,0
2026,1,00-0039337,Malik Nabers,WR,NYG,103.00000000,0.00000000,0.00000000,0.00000000,0.00000000,0.00000000,0.00000000,0.00000000,0.00000000,9.00000000,0.00000000,0.00000000,0.00000000,1.00000000,8.71698529,6.90000000,11.80793414,10.72610205,11.61931453,9.90000000,14.18646840,13.28796454,14.52164377,12.90000000,16.56500265,15.84982704,8.71665631,6.90000000,11.80842990,10.72630914,11.61898555,9.90000000,14.18696415,13.28817164,14.52131480,12.90000000,16.56549840,15.85003414,true,0
2026,2,00-0039337,Malik Nabers,WR,NYG,77.00000000,0.00000000,0.00000000,0.00000000,0.00000000,0.00000000,0.00000000,0.00000000,0.00000000,4.00000000,1.00000000,1.00000000,0.00000000,1.00000000,5.86679382,0.10000000,10.72610205,9.02534417,6.84408969,0.60000000,13.28796454,11.03260834,7.82138555,1.10000000,15.84982704,13.03987252,5.86702979,0.10000000,10.72630914,9.02556137,6.84432566,0.60000000,13.28817164,11.03282555,7.82162153,1.10000000,15.85003414,13.04008973,true,0
2026,3,00-0039337,Malik Nabers,WR,NYG,5.00000000,0.00000000,0.00000000,0.00000000,0.00000000,0.00000000,0.00000000,0.00000000,0.00000000,6.00000000,0.00000000,0.00000000,1.00000000,1.00000000,4.70757875,2.60000000,9.02534417,7.51412627,6.99769369,5.10000000,11.03260834,9.62038822,9.28780864,7.60000000,13.03987252,11.72665016,4.71106716,2.60000000,9.02556137,7.51548839,7.00118210,5.10000000,11.03282555,9.62175034,9.29129705,7.60000000,13.04008973,11.72801229,true,0
2026,4,00-0039337,Malik Nabers,WR,NYG,113.00000000,0.00000000,0.00000000,0.00000000,0.00000000,0.00000000,0.00000000,0.00000000,0.00000000,7.00000000,3.00000000,0.00000000,0.00000000,0.00000000,7.79447545,17.20000000,7.51412627,7.61224848,9.77531798,20.20000000,9.62038822,9.67461363,11.75616051,23.20000000,11.72665016,11.73697878,7.79674700,17.20000000,7.51548839,7.61392891,9.77758953,20.20000000,9.62175034,9.67629406,11.75843206,23.20000000,11.72801229,11.73865921,true,0
2026,3,00-0039338,Brock Bowers,TE,LV,106.00000000,0.00000000,0.00000000,0.00000000,0.00000000,0.00000000,0.00000000,0.00000000,0.00000000,13.00000000,1.00000000,2.00000000,2.00000000,3.00000000,16.54384086,17.60000000,8.60517394,11.38370737,20.88253284,22.60000000,11.11443437,14.53326883,25.22122482,27.60000000,13.62369479,17.68283030,16.54143502,17.60000000,8.61161028,11.38704894,20.88012700,22.60000000,11.12087071,14.53661041,25.21881898,27.60000000,13.63013113,17.68617188,true,0
2026,4,00-0039338,Brock Bowers,TE,LV,148.00000000,0.00000000,0.00000000,0.00000000,0.00000000,0.00000000,0.00000000,0.00000000,0.00000000,11.00000000,2.00000000,1.00000000,0.00000000,1.00000000,12.80339782,14.60000000,11.38370737,11.88059902,16.16506227,17.60000000,14.53326883,15.10439654,19.52672673,20.60000000,17.68283030,18.32819405,12.80018373,14.60000000,11.38704894,11.88164612,16.16184819,17.60000000,14.53661041,15.10544363,19.52351264,20.60000000,17.68617188,18.32924114,true,0
2026,1,00-0039342,Xavier Legette,WR,CAR,20.00000000,0.00000000,0.00000000,0.00000000,0.00000000,0.00000000,0.00000000,0.00000000,0.00000000,2.00000000,0.00000000,0.00000000,0.00000000,0.00000000,1.72084945,0.00000000,4.77742400,3.70762290,2.36077273,0.00000000,6.11282124,4.79960426,3.00069601,0.00000000,7.44821849,5.89158562,1.72162153,0.00000000,4.77924588,3.70907735,2.36154481,0.00000000,6.11464312,4.80105871,3.00146809,0.00000000,7.45004037,5.89304007,true,0
2026,2,00-0039342,Xavier Legette,WR,CAR,77.00000000,0.00000000,0.00000000,0.00000000,0.00000000,0.00000000,0.00000000,0.00000000,0.00000000,4.00000000,1.00000000,1.00000000,0.00000000,1.00000000,5.86679382,6.40000000,3.70762290,4.46333272,6.84408969,7.40000000,4.79960426,5.51517416,7.82138555,8.40000000,5.89158562,6.56701560,5.86702979,6.40000000,3.70907735,4.46436071,6.84432566,7.40000000,4.80105871,5.51620214,7.82162153,8.40000000,5.89304007,6.56804358,true,0
2026,1,00-0039344,Jonathon Brooks,RB,CAR,30.00000000,0.00000000,0.00000000,0.00000000,0.00000000,4.00000000,0.00000000,0.00000000,0.00000000,2.00000000,1.00000000,0.00000000,0.00000000,0.00000000,4.72514552,6.20000000,3.40000000,3.86380093,5.25400378,6.70000000,4.00000000,4.43890132,5.78286205,7.20000000,4.60000000,5.01400172,4.71945842,6.20000000,3.40000000,3.86181045,5.24831669,6.70000000,4.00000000,4.43691084,5.77717495,7.20000000,4.60000000,5.01201123,false,0
2026,2,00-0039344,Jonathon Brooks,RB,CAR,-6.00000000,0.00000000,0.00000000,0.00000000,0.00000000,5.00000000,1.00000000,0.00000000,3.00000000,1.00000000,0.00000000,0.00000000,0.00000000,1.00000000,4.26275015,1.10000000,3.86380093,4.00343316,4.71029035,1.60000000,4.43890132,4.53388748,5.15783056,2.10000000,5.01400172,5.06434181,4.26466046,1.10000000,3.86181045,4.00280795,4.71220066,1.60000000,4.43691084,4.53326228,5.15974086,2.10000000,5.01201123,5.06371660,false,0
2026,1,00-0039359,Cade Stover,TE,HOU,-2.00000000,0.00000000,0.00000000,0.00000000,0.00000000,0.00000000,0.00000000,0.00000000,0.00000000,1.00000000,0.00000000,0.00000000,0.00000000,0.00000000,0.53834139,-0.20000000,3.06788785,2.18254659,0.94804040,0.30000000,4.09958652,2.99654538,1.35773941,0.80000000,5.13128519,3.81054417,0.53621733,-0.20000000,3.10293549,2.20458413,0.94591634,0.30000000,4.13463416,3.01858292,1.35561535,0.80000000,5.16633283,3.83258171,true,0
2026,4,00-0039359,Cade Stover,TE,HOU,1.00000000,0.00000000,0.00000000,0.00000000,0.00000000,0.00000000,0.00000000,0.00000000,0.00000000,1.00000000,0.00000000,0.00000000,0.00000000,0.00000000,0.64741236,2.00000000,2.18254659,1.64524961,1.03872680,2.50000000,2.99654538,2.31130888,1.43004124,3.00000000,3.81054417,2.97736814,0.64538003,2.00000000,2.20458413,1.65886270,1.03669446,2.50000000,3.01858292,2.32492196,1.42800890,3.00000000,3.83258171,2.99098123,true,0
2026,1,00-0039361,Bucky Irving,RB,TB,-25.00000000,0.00000000,0.00000000,0.00000000,0.00000000,8.00000000,1.00000000,0.00000000,2.00000000,7.00000000,0.00000000,0.00000000,0.00000000,0.00000000,7.96263965,13.30000000,11.95247184,10.55603057,10.92462050,16.80000000,13.36411381,12.51029115,13.88660135,20.30000000,14.77575578,14.46455173,7.96437512,13.30000000,11.95845133,10.56052466,10.92635597,16.80000000,13.37009330,12.51478524,13.88833683,20.30000000,14.78173527,14.46904582,true,0
2026,2,00-0039361,Bucky Irving,RB,TB,-22.00000000,0.00000000,0.00000000,0.00000000,0.00000000,17.00000000,0.00000000,0.00000000,1.00000000,4.00000000,0.00000000,0.00000000,0.00000000,2.00000000,11.32511629,9.00000000,10.55603057,10.82521058,13.03708839,11.00000000,12.51029115,12.69467019,14.74906049,13.00000000,14.46455173,14.56412980,11.33134168,9.00000000,10.56052466,10.83031062,13.04331378,11.00000000,12.51478524,12.69977023,14.75528588,13.00000000,14.46904582,14.56922984,true,0
2026,3,00-0039361,Bucky Irving,RB,TB,14.00000000,0.00000000,0.00000000,0.00000000,0.00000000,15.00000000,0.00000000,0.00000000,0.00000000,4.00000000,0.00000000,0.00000000,0.00000000,2.00000000,10.85166966,5.80000000,10.82521058,10.83447125,12.27549443,6.80000000,12.69467019,12.54795867,13.69931921,7.80000000,14.56412980,14.26144609,10.85313394,5.80000000,10.83031062,10.83829878,12.27695872,6.80000000,12.69977023,12.55178620,13.70078350,7.80000000,14.56922984,14.26527362,true,0
2026,4,00-0039361,Bucky Irving,RB,TB,0.00000000,0.00000000,0.00000000,0.00000000,0.00000000,16.00000000,0.00000000,0.00000000,2.00000000,0.00000000,0.00000000,0.00000000,0.00000000,0.00000000,9.07170175,6.10000000,10.83447125,10.21750193,9.06331233,6.10000000,12.54795867,11.32833245,9.05492290,6.10000000,14.26144609,12.43916297,9.07853431,6.10000000,10.83829878,10.22238122,9.07014488,6.10000000,12.55178620,11.33321174,9.06175546,6.10000000,14.26527362,12.44404226,true,0
2026,1,00-0039364,Sione Vaki,RB,DET,2.00000000,0.00000000,0.00000000,0.00000000,0.00000000,2.00000000,0.00000000,0.00000000,1.00000000,1.00000000,0.00000000,0.00000000,0.00000000,0.00000000,1.60950101,1.80000000,2.60056264,2.25369107,1.98382137,2.30000000,3.04770497,2.67534571,2.35814173,2.80000000,3.49484730,3.09700035,1.60908114,1.80000000,2.60070629,2.25363749,1.98340151,2.30000000,3.04784861,2.67529213,2.35772187,2.80000000,3.49499094,3.09694676,true,0
2026,2,00-0039364,Sione Vaki,RB,DET,1.00000000,0.00000000,0.00000000,0.00000000,0.00000000,1.00000000,0.00000000,0.00000000,0.00000000,1.00000000,0.00000000,0.00000000,0.00000000,0.00000000,0.74021010,2.00000000,2.25369107,1.72397273,1.11527398,2.50000000,2.67534571,2.12932060,1.49033786,3.00000000,3.09700035,2.53466848,0.73987320,2.00000000,2.25363749,1.72381999,1.11493707,2.50000000,2.67529213,2.12916786,1.49000095,3.00000000,3.09694676,2.53451573,true,0
2026,3,00-0039364,Sione Vaki,RB,DET,5.00000000,0.00000000,0.00000000,0.00000000,0.00000000,6.00000000,0.00000000,0.00000000,0.00000000,1.00000000,0.00000000,0.00000000,0.00000000,0.00000000,3.60508830,3.70000000,1.72397273,2.38236318,3.94454595,4.20000000,2.12932060,2.76464947,4.28400359,4.70000000,2.53466848,3.14693577,3.60665909,3.70000000,1.72381999,2.38281367,3.94611673,4.20000000,2.12916786,2.76509996,4.28557438,4.70000000,2.53451573,3.14738626,true,0
2026,4,00-0039364,Sione Vaki,RB,DET,0.00000000,0.00000000,0.00000000,0.00000000,0.00000000,0.00000000,0.00000000,0.00000000,0.00000000,2.00000000,0.00000000,0.00000000,0.00000000,0.00000000,0.67443781,1.70000000,2.38236318,1.78458930,1.45251471,2.20000000,2.76464947,2.30540231,2.23059161,2.70000000,3.14693577,2.82621531,0.67294956,1.70000000,2.38281367,1.78436123,1.45102646,2.20000000,2.76509996,2.30517424,2.22910336,2.70000000,3.14738626,2.82598724,true,0
2026,3,00-0039365,Jacob Cowing,WR,SF,47.00000000,0.00000000,0.00000000,0.00000000,0.00000000,0.00000000,0.00000000,0.00000000,0.00000000,2.00000000,1.00000000,0.00000000,0.00000000,0.00000000,2.65259388,0.00000000,3.40000000,3.13840786,3.09729566,0.00000000,4.00000000,3.68405348,3.54199743,0.00000000,4.60000000,4.22969910,2.65313233,0.00000000,3.40000000,3.13859632,3.09783411,0.00000000,4.00000000,3.68424194,3.54253588,0.00000000,4.60000000,4.22988756,false,0
2026,4,00-0039365,Jacob Cowing,WR,SF,15.00000000,0.00000000,0.00000000,0.00000000,0.00000000,1.00000000,0.00000000,0.00000000,0.00000000,1.00000000,0.00000000,0.00000000,0.00000000,0.00000000,1.85720273,0.20000000,3.13840786,2.68998606,2.14473419,0.20000000,3.68405348,3.14529173,2.43226564,0.20000000,4.22969910,3.60059739,1.85949805,0.20000000,3.13859632,2.69091192,2.14702950,0.20000000,3.68424194,3.14621759,2.43456096,0.20000000,4.22988756,3.60152325,false,0
2026,1,00-0039384,Tyrone Tracy Jr.,RB,NYG,0.00000000,0.00000000,0.00000000,0.00000000,0.00000000,2.00000000,0.00000000,0.00000000,0.00000000,0.00000000,0.00000000,0.00000000,0.00000000,0.00000000,0.75472209,-0.60000000,8.89559420,6.04628896,0.74243495,-0.60000000,10.11577256,6.83510440,0.73014782,-0.60000000,11.33595092,7.62391983,0.75577264,-0.60000000,8.90157732,6.05054569,0.74348551,-0.60000000,10.12175568,6.83936112,0.73119837,-0.60000000,11.34193404,7.62817655,true,0
2026,3,00-0039384,Tyrone Tracy Jr.,RB,NYG,0.00000000,0.00000000,0.00000000,0.00000000,0.00000000,1.00000000,0.00000000,0.00000000,0.00000000,0.00000000,0.00000000,0.00000000,0.00000000,0.00000000,0.20225057,0.30000000,6.04628896,4.00087553,0.19081988,0.30000000,6.83510440,4.50960482,0.17938918,0.30000000,7.62391983,5.01833410,0.20282514,0.30000000,6.05054569,4.00384350,0.19139445,0.30000000,6.83936112,4.51257278,0.17996375,0.30000000,7.62817655,5.02130207,true,0
2026,4,00-0039384,Tyrone Tracy Jr.,RB,NYG,0.00000000,0.00000000,0.00000000,0.00000000,0.00000000,1.00000000,0.00000000,0.00000000,0.00000000,0.00000000,0.00000000,0.00000000,0.00000000,0.00000000,0.20225057,-0.10000000,4.00087553,2.67135679,0.19081988,-0.10000000,4.50960482,2.99803009,0.17938918,-0.10000000,5.01833410,3.32470338,0.20282514,-0.10000000,4.00384350,2.67348707,0.19139445,-0.10000000,4.51257278,3.00016037,0.17996375,-0.10000000,5.02130207,3.32683366,true,0
2026,3,00-0039391,Kimani Vidal,RB,LAC,19.00000000,0.00000000,0.00000000,0.00000000,0.00000000,1.00000000,0.00000000,0.00000000,1.00000000,3.00000000,1.00000000,0.00000000,0.00000000,0.00000000,3.58931786,2.00000000,9.72940606,7.58037519,4.60915604,2.50000000,10.45111022,8.40642626,5.62899422,3.00000000,11.17281439,9.23247733,3.58226713,2.00000000,9.73463367,7.58130538,4.60210531,2.50000000,10.45633784,8.40735646,5.62194349,3.00000000,11.17804201,9.23340753,true,0
2026,4,00-0039391,Kimani Vidal,RB,LAC,-9.00000000,0.00000000,0.00000000,0.00000000,0.00000000,5.00000000,0.00000000,0.00000000,0.00000000,3.00000000,0.00000000,0.00000000,1.00000000,1.00000000,5.40727962,9.60000000,7.58037519,6.81979174,6.62999225,10.60000000,8.40642626,7.78467436,7.85270488,11.60000000,9.23247733,8.74955697,5.41010127,9.60000000,7.58130538,6.82138394,6.63281390,10.60000000,8.40735646,7.78626656,7.85552652,11.60000000,9.23340753,8.75114918,true,0
2026,1,00-0039410,Ryan Flournoy,WR,DAL,23.00000000,0.00000000,0.00000000,0.00000000,0.00000000,0.00000000,0.00000000,0.00000000,0.00000000,4.00000000,0.00000000,0.00000000,0.00000000,0.00000000,2.97371802,2.20000000,4.66496699,4.07302985,4.39592606,3.20000000,6.07773696,5.48910315,5.81813410,4.20000000,7.49050693,6.90517644,2.97550323,2.20000000,4.66698173,4.07496426,4.39771126,3.20000000,6.07975170,5.49103755,5.81991930,4.20000000,7.49252167,6.90711084,true,0
2026,2,00-0039410,Ryan Flournoy,WR,DAL,8.00000000,0.00000000,0.00000000,0.00000000,0.00000000,0.00000000,0.00000000,0.00000000,0.00000000,6.00000000,0.00000000,0.00000000,0.00000000,0.00000000,3.64170156,2.30000000,4.07302985,3.92206495,5.96270686,4.80000000,5.48910315,5.65486445,8.28371216,7.30000000,6.90517644,7.38766394,3.64582966,2.30000000,4.07496426,3.92476715,5.96683495,4.80000000,5.49103755,5.65756664,8.28784025,7.30000000,6.90711084,7.39036613,true,0
2026,3,00-0039410,Ryan Flournoy,WR,DAL,87.00000000,0.00000000,0.00000000,0.00000000,0.00000000,0.00000000,0.00000000,0.00000000,0.00000000,8.00000000,1.00000000,2.00000000,1.00000000,4.00000000,11.00517616,2.20000000,3.92206495,6.40115387,13.38961464,3.20000000,5.65486445,8.36202701,15.77405313,4.20000000,7.38766394,10.32290015,11.00766960,2.20000000,3.92476715,6.40378301,13.39210809,3.20000000,5.65756664,8.36465615,15.77654657,4.20000000,7.39036613,10.32552929,true,0
2026,4,00-0039410,Ryan Flournoy,WR,DAL,5.00000000,0.00000000,0.00000000,0.00000000,0.00000000,0.00000000,0.00000000,0.00000000,0.00000000,5.00000000,0.00000000,0.00000000,0.00000000,1.00000000,3.22183575,3.70000000,6.40115387,5.28839253,5.15510383,5.70000000,8.36202701,7.23960390,7.08837191,7.70000000,10.32290015,9.19081527,3.22627709,3.70000000,6.40378301,5.29165594,5.15954517,5.70000000,8.36465615,7.24286731,7.09281325,7.70000000,10.32552929,9.19407867,true,0
2026,1,00-0039424,Devaughn Vele,WR,NO,63.00000000,0.00000000,0.00000000,0.00000000,0.00000000,0.00000000,0.00000000,0.00000000,0.00000000,9.00000000,1.00000000,1.00000000,1.00000000,1.00000000,9.20840170,12.90000000,4.98072097,6.46040923,12.23657229,16.40000000,6.35661549,8.41460037,15.26474287,19.90000000,7.73251001,10.36879151,9.21118851,12.90000000,4.98139901,6.46182534,12.23935910,16.40000000,6.35729353,8.41601648,15.26752968,19.90000000,7.73318804,10.37020762,true,0
2026,2,00-0039424,Devaughn Vele,WR,NO,69.00000000,0.00000000,0.00000000,0.00000000,0.00000000,0.00000000,0.00000000,0.00000000,0.00000000,7.00000000,1.00000000,1.00000000,1.00000000,1.00000000,8.24797565,6.40000000,6.46040923,7.08605748,10.43560522,8.90000000,8.41460037,9.12195207,12.62323479,11.40000000,10.36879151,11.15784666,8.24908445,6.40000000,6.46182534,7.08736602,10.43671402,8.90000000,8.41601648,9.12326062,12.62434360,11.40000000,10.37020762,11.15915521,true,0
2026,3,00-0039424,Devaughn Vele,WR,NO,94.00000000,0.00000000,0.00000000,0.00000000,0.00000000,0.00000000,0.00000000,0.00000000,0.00000000,6.00000000,1.00000000,1.00000000,0.00000000,1.00000000,7.57457297,3.90000000,7.08605748,7.25703790,9.24353276,5.40000000,9.12195207,9.16450531,10.91249255,6.90000000,11.15784666,11.07197272,7.57478781,3.90000000,7.08736602,7.25796365,9.24374760,5.40000000,9.12326062,9.16543106,10.91270739,6.90000000,11.15915521,11.07289847,true,0
2026,4,00-0039424,Devaughn Vele,WR,NO,90.00000000,0.00000000,0.00000000,0.00000000,0.00000000,0.00000000,0.00000000,0.00000000,0.00000000,9.00000000,2.00000000,1.00000000,2.00000000,3.00000000,11.55881306,11.40000000,7.25703790,8.76265921,14.33514882,14.40000000,9.16450531,10.97423054,17.11148458,17.40000000,11.07197272,13.18580187,11.56121392,11.40000000,7.25796365,8.76410124,14.33754968,14.40000000,9.16543106,10.97567258,17.11388543,17.40000000,11.07289847,13.18724391,true,0
2026,1,00-0039451,Isaiah Williams,WR,NYJ,7.00000000,0.00000000,0.00000000,0.00000000,0.00000000,0.00000000,0.00000000,0.00000000,0.00000000,1.00000000,0.00000000,0.00000000,0.00000000,0.00000000,0.72073861,0.70000000,2.98737329,2.19405115,1.04395806,1.20000000,4.47537908,3.27438172,1.36717751,1.70000000,5.96338487,4.35471229,0.72185370,0.70000000,2.99052540,2.19649031,1.04507315,1.20000000,4.47853119,3.27682087,1.36829259,1.70000000,5.96653698,4.35715144,true,0
2026,2,00-0039451,Isaiah Williams,WR,NYJ,2.00000000,0.00000000,0.00000000,0.00000000,0.00000000,1.00000000,0.00000000,0.00000000,0.00000000,6.00000000,0.00000000,0.00000000,0.00000000,1.00000000,4.57856400,4.80000000,2.19405115,3.02863065,6.94819793,7.80000000,3.27438172,4.56021739,9.31783185,10.80000000,4.35471229,6.09180414,4.58561558,4.80000000,2.19649031,3.03268415,6.95524950,7.80000000,3.27682087,4.56427089,9.32488343,10.80000000,4.35715144,6.09585764,true,0
2026,3,00-0039451,Isaiah Williams,WR,NYJ,28.00000000,0.00000000,0.00000000,0.00000000,0.00000000,0.00000000,0.00000000,0.00000000,0.00000000,2.00000000,1.00000000,0.00000000,0.00000000,0.00000000,2.03521524,2.10000000,3.02863065,2.68093526,2.60290243,2.60000000,4.56021739,3.87515716,3.17058963,3.10000000,6.09180414,5.06937906,2.03715732,2.10000000,3.03268415,2.68424976,2.60484452,2.60000000,4.56427089,3.87847166,3.17253172,3.10000000,6.09585764,5.07269356,true,0
2026,4,00-0039451,Isaiah Williams,WR,NYJ,47.00000000,0.00000000,0.00000000,0.00000000,0.00000000,0.00000000,0.00000000,0.00000000,0.00000000,3.00000000,1.00000000,0.00000000,0.00000000,0.00000000,3.23028775,13.30000000,2.68093526,2.87320863,4.07584128,14.30000000,3.87515716,3.94539660,4.92139481,15.30000000,5.06937906,5.01758457,3.23144357,13.30000000,2.68424976,2.87576760,4.07699710,14.30000000,3.87847166,3.94795557,4.92255063,15.30000000,5.07269356,5.02014354,true,0
2026,1,00-0039471,Frank Gore Jr.,RB,BUF,0.00000000,0.00000000,0.00000000,0.00000000,0.00000000,1.00000000,0.00000000,0.00000000,0.00000000,0.00000000,0.00000000,0.00000000,0.00000000,0.00000000,0.20225057,0.30000000,3.40000000,2.28078770,0.19081988,0.30000000,4.00000000,2.66678696,0.17938918,0.30000000,4.60000000,3.05278621,0.20282514,0.30000000,3.40000000,2.28098880,0.19139445,0.30000000,4.00000000,2.66698806,0.17996375,0.30000000,4.60000000,3.05298731,false,0
2026,1,00-0039491,Jalen Coker,WR,CAR,124.00000000,0.00000000,0.00000000,0.00000000,0.00000000,0.00000000,0.00000000,0.00000000,0.00000000,9.00000000,3.00000000,0.00000000,1.00000000,1.00000000,10.47065095,25.80000000,4.26084907,6.43427973,13.13168580,29.80000000,5.56552288,8.21367990,15.79272064,33.80000000,6.87019668,9.99308007,10.47248331,25.80000000,4.26201164,6.43567672,13.13351816,29.80000000,5.56668544,8.21507689,15.79455301,33.80000000,6.87135925,9.99447706,true,0
2026,2,00-0039491,Jalen Coker,WR,CAR,48.00000000,0.00000000,0.00000000,0.00000000,0.00000000,0.00000000,0.00000000,0.00000000,0.00000000,9.00000000,1.00000000,1.00000000,3.00000000,4.00000000,11.30302245,6.60000000,6.43427973,8.13833968,14.32136437,10.60000000,8.21367990,10.35136946,17.33970628,14.60000000,9.99308007,12.56439924,11.30590377,6.60000000,6.43567672,8.14025619,14.32424568,10.60000000,8.21507689,10.35328597,17.34258760,14.60000000,9.99447706,12.56631575,true,0
2026,3,00-0039491,Jalen Coker,WR,CAR,80.00000000,0.00000000,0.00000000,0.00000000,0.00000000,0.00000000,0.00000000,0.00000000,0.00000000,4.00000000,2.00000000,0.00000000,0.00000000,0.00000000,4.93468773,1.80000000,8.13833968,7.01706150,5.94703401,2.80000000,10.35136946,8.80985205,6.95938028,3.80000000,12.56439924,10.60264261,4.93578404,1.80000000,8.14025619,7.01869094,5.94813032,2.80000000,10.35328597,8.81148149,6.96047660,3.80000000,12.56631575,10.60427205,true,0
2026,4,00-0039518,Treyton Welch,TE,NO,17.00000000,0.00000000,0.00000000,0.00000000,0.00000000,0.00000000,0.00000000,0.00000000,0.00000000,1.00000000,0.00000000,0.00000000,0.00000000,0.00000000,1.22912421,0.00000000,2.55000000,2.08769347,1.52238760,0.00000000,3.00000000,2.48283566,1.81565099,0.00000000,3.45000000,2.87797785,1.22758107,0.00000000,2.55000000,2.08715338,1.52084446,0.00000000,3.00000000,2.48229556,1.81410785,0.00000000,3.45000000,2.87743775,false,0
2026,1,00-0039530,Brevyn Spann-Ford,TE,DAL,6.00000000,0.00000000,0.00000000,0.00000000,0.00000000,0.00000000,0.00000000,0.00000000,0.00000000,2.00000000,0.00000000,0.00000000,0.00000000,0.00000000,1.35455611,1.40000000,1.56658084,1.49237218,2.12109341,2.40000000,1.99943176,2.04201334,2.88763070,3.40000000,2.43228269,2.59165450,1.35216766,1.40000000,1.56498307,1.49049767,2.11870495,2.40000000,1.99783400,2.04013883,2.88524225,3.40000000,2.43068492,2.58977999,true,0
2026,3,00-0039530,Brevyn Spann-Ford,TE,DAL,2.00000000,0.00000000,0.00000000,0.00000000,0.00000000,0.00000000,0.00000000,0.00000000,0.00000000,1.00000000,0.00000000,0.00000000,0.00000000,0.00000000,0.68376935,1.90000000,1.49237218,1.20936119,1.06895560,2.40000000,2.04201334,1.70144313,1.45414185,2.90000000,2.59165450,2.19352507,0.68176759,1.90000000,1.49049767,1.20744215,1.06695384,2.40000000,2.04013883,1.69952408,1.45214009,2.90000000,2.58977999,2.19160602,true,0
2026,4,00-0039530,Brevyn Spann-Ford,TE,DAL,-2.00000000,0.00000000,0.00000000,0.00000000,0.00000000,0.00000000,0.00000000,0.00000000,0.00000000,1.00000000,0.00000000,0.00000000,0.00000000,0.00000000,0.53834139,0.00000000,1.20936119,0.97450426,0.94804040,0.00000000,1.70144313,1.43775218,1.35773941,0.00000000,2.19352507,1.90100009,0.53621733,0.00000000,1.20744215,0.97251346,0.94591634,0.00000000,1.69952408,1.43576137,1.35561535,0.00000000,2.19160602,1.89900929,true,0
2026,4,00-0039589,Kameron Johnson,WR,TB,2.00000000,0.00000000,0.00000000,0.00000000,0.00000000,0.00000000,0.00000000,0.00000000,0.00000000,2.00000000,0.00000000,0.00000000,0.00000000,0.00000000,1.13596441,0.30000000,1.65773792,1.47511719,1.89240020,0.80000000,2.07503274,2.01111135,2.64883598,1.30000000,2.49232755,2.54710550,1.13806626,0.30000000,1.65937757,1.47691861,1.89450204,0.80000000,2.07667239,2.01291277,2.65093783,1.30000000,2.49396721,2.54890692,true,0
2026,2,00-0039686,Colson Yankoff,TE,WAS,4.00000000,0.00000000,0.00000000,0.00000000,0.00000000,0.00000000,0.00000000,0.00000000,0.00000000,1.00000000,0.00000000,0.00000000,0.00000000,0.00000000,0.75648334,1.40000000,1.25939799,1.08337786,1.12941320,1.90000000,1.64240310,1.46285664,1.50234307,2.40000000,2.02540822,1.84233541,0.75454272,1.40000000,1.25798839,1.08178241,1.12747259,1.90000000,1.64099350,1.46126118,1.50040246,2.40000000,2.02399862,1.84073996,true,0
2026,3,00-0039686,Colson Yankoff,TE,WAS,-3.00000000,0.00000000,0.00000000,0.00000000,0.00000000,0.00000000,0.00000000,0.00000000,0.00000000,2.00000000,0.00000000,0.00000000,0.00000000,0.00000000,1.02734320,0.20000000,1.08337786,1.06376573,1.84903421,0.70000000,1.46285664,1.59801879,2.67072522,1.20000000,1.84233541,2.13227185,1.02467957,0.20000000,1.08178241,1.06179641,1.84637058,0.70000000,1.46126118,1.59604947,2.66806159,1.20000000,1.84073996,2.13030253,true,0
2026,4,00-0039686,Colson Yankoff,TE,WAS,20.00000000,0.00000000,0.00000000,0.00000000,0.00000000,0.00000000,0.00000000,0.00000000,0.00000000,1.00000000,1.00000000,0.00000000,0.00000000,0.00000000,1.27432579,0.00000000,1.06376573,1.13746175,1.49135062,0.00000000,1.59801879,1.56068493,1.70837546,0.00000000,2.13227185,1.98390811,1.27277264,0.00000000,1.06179641,1.13563809,1.48979748,0.00000000,1.59604947,1.55886128,1.70682232,0.00000000,2.13030253,1.98208446,true,0
2026,1,00-0039732,Bo Nix,QB,DEN,0.00000000,92.00000000,28.00000000,0.00000000,2.00000000,2.00000000,0.00000000,0.00000000,1.00000000,0.00000000,0.00000000,0.00000000,0.00000000,0.00000000,8.88937282,5.44000000,17.44609475,14.45124208,8.89142274,5.44000000,17.45212300,14.45587791,8.89347266,5.44000000,17.45815125,14.46051374,10.12333300,7.44000000,20.55192895,16.90192037,10.12538292,7.44000000,20.55795720,16.90655620,10.12743284,7.44000000,20.56398545,16.91119203,true,1
2026,2,00-0039732,Bo Nix,QB,DEN,0.00000000,268.00000000,31.00000000,4.00000000,5.00000000,2.00000000,0.00000000,0.00000000,0.00000000,0.00000000,0.00000000,0.00000000,0.00000000,0.00000000,15.64672855,14.12000000,14.45124208,14.86966234,15.65368032,14.12000000,14.45587791,14.87510875,15.66063210,14.12000000,14.46051374,14.88055517,19.09934551,16.12000000,16.90192037,17.67101917,19.10629728,16.12000000,16.90655620,17.67646558,19.11324906,16.12000000,16.91119203,17.68191199,true,1
2026,3,00-0039732,Bo Nix,QB,DEN,0.00000000,185.00000000,36.00000000,8.00000000,12.00000000,4.00000000,2.00000000,2.00000000,2.00000000,0.00000000,0.00000000,0.00000000,0.00000000,0.00000000,27.09082699,24.14000000,14.86966234,19.14706997,27.10005092,24.14000000,14.87510875,19.15383851,27.10927485,24.14000000,14.88055517,19.16060705,31.97149442,28.14000000,17.67101917,22.67618551,31.98071836,28.14000000,17.67646558,22.68295405,31.98994229,28.14000000,17.68191199,22.68972259,true,2
2026,4,00-0039732,Bo Nix,QB,DEN,0.00000000,187.00000000,42.00000000,0.00000000,1.00000000,2.00000000,0.00000000,0.00000000,0.00000000,0.00000000,0.00000000,0.00000000,0.00000000,0.00000000,11.23979480,13.56000000,19.14706997,16.37952366,11.24458150,13.56000000,19.15383851,16.38559856,11.24936820,13.56000000,19.16060705,16.39167346,12.70780413,15.56000000,22.67618551,19.18725203,12.71259083,15.56000000,22.68295405,19.19332692,12.71737753,15.56000000,22.68972259,19.19940182,true,1
2026,1,00-0039738,Blake Corum,RB,LA,0.00000000,0.00000000,0.00000000,0.00000000,0.00000000,10.00000000,0.00000000,0.00000000,0.00000000,0.00000000,0.00000000,0.00000000,0.00000000,0.00000000,5.17449420,5.40000000,6.28985672,5.89947984,5.15535555,5.40000000,6.59722790,6.09257258,5.13621689,5.40000000,6.90459908,6.28566531,5.17935263,5.40000000,6.29365129,5.90364675,5.16021397,5.40000000,6.60102247,6.09673949,5.14107531,5.40000000,6.90839365,6.28983223,true,0
2026,2,00-0039738,Blake Corum,RB,LA,-6.00000000,0.00000000,0.00000000,0.00000000,0.00000000,12.00000000,0.00000000,0.00000000,0.00000000,1.00000000,0.00000000,0.00000000,0.00000000,0.00000000,6.63798567,9.20000000,5.89947984,6.15795688,7.05844576,9.70000000,6.09257258,6.43062819,7.47890584,10.20000000,6.28566531,6.70329950,6.64371098,9.20000000,5.90364675,6.16266923,7.06417106,9.70000000,6.09673949,6.43534054,7.48463115,10.20000000,6.28983223,6.70801185,true,0
2026,3,00-0039738,Blake Corum,RB,LA,-1.00000000,0.00000000,0.00000000,0.00000000,0.00000000,6.00000000,0.00000000,0.00000000,0.00000000,4.00000000,0.00000000,0.00000000,0.00000000,1.00000000,5.24163459,1.50000000,6.15795688,5.83724408,6.80084373,2.50000000,6.43062819,6.56020363,8.36005286,3.50000000,6.70329950,7.28316318,5.24105966,1.50000000,6.16266923,5.84010588,6.80026879,2.50000000,6.43534054,6.56306543,8.35947793,3.50000000,6.70801185,7.28602498,true,0
2026,4,00-0039738,Blake Corum,RB,LA,5.00000000,0.00000000,0.00000000,0.00000000,0.00000000,5.00000000,0.00000000,0.00000000,0.00000000,2.00000000,0.00000000,0.00000000,0.00000000,0.00000000,3.56494616,2.10000000,5.83724408,5.04193981,4.29958583,2.60000000,6.56020363,5.76898740,5.03422549,3.10000000,7.28316318,6.49603499,3.56524755,2.10000000,5.84010588,5.04390546,4.29988721,2.60000000,6.56306543,5.77095305,5.03452687,3.10000000,7.28602498,6.49800064,true,0
2026,1,00-0039739,Roman Wilson,WR,PIT,126.00000000,0.00000000,0.00000000,0.00000000,0.00000000,0.00000000,0.00000000,0.00000000,0.00000000,6.00000000,3.00000000,1.00000000,0.00000000,0.00000000,8.46789346,2.60000000,2.52728647,4.60649892,9.89511863,4.10000000,3.20194156,5.54455353,11.32234379,5.60000000,3.87659665,6.48260815,8.46855731,2.60000000,2.52873877,4.60767526,9.89578247,4.10000000,3.20339386,5.54572988,11.32300763,5.60000000,3.87804895,6.48378449,true,0
2026,2,00-0039739,Roman Wilson,WR,PIT,21.00000000,0.00000000,0.00000000,0.00000000,0.00000000,0.00000000,0.00000000,0.00000000,0.00000000,6.00000000,0.00000000,0.00000000,0.00000000,0.00000000,4.06411853,2.80000000,4.60649892,4.41666578,6.30097591,5.30000000,5.54455353,5.80930136,8.53783329,7.80000000,6.48260815,7.20193695,4.06728624,2.80000000,4.60767526,4.41853910,6.30414362,5.30000000,5.54572988,5.81117469,8.54100100,7.80000000,6.48378449,7.20381027,true,0
2026,3,00-0039739,Roman Wilson,WR,PIT,100.00000000,0.00000000,0.00000000,0.00000000,0.00000000,0.00000000,0.00000000,0.00000000,0.00000000,6.00000000,2.00000000,0.00000000,0.00000000,0.00000000,6.73994772,12.00000000,4.41666578,5.22981446,8.42453917,13.50000000,5.80930136,6.72463460,10.10913062,15.00000000,7.20193695,8.21945473,6.74080128,12.00000000,4.41853910,5.23133086,8.42539272,13.50000000,5.81117469,6.72615100,10.10998417,15.00000000,7.20381027,8.22097113,true,0
2026,4,00-0039739,Roman Wilson,WR,PIT,121.00000000,0.00000000,0.00000000,0.00000000,0.00000000,0.00000000,0.00000000,0.00000000,0.00000000,6.00000000,3.00000000,1.00000000,0.00000000,2.00000000,8.81604319,13.40000000,5.22981446,6.48499452,10.26302451,14.90000000,6.72463460,7.96307107,11.71000583,16.40000000,8.21945473,9.44114761,8.81849441,13.40000000,5.23133086,6.48683810,10.26547572,14.90000000,6.72615100,7.96491465,11.71245704,16.40000000,8.22097113,9.44299120,true,0
2026,1,00-0039746,Will Shipley,RB,PHI,6.00000000,0.00000000,0.00000000,0.00000000,0.00000000,2.00000000,0.00000000,0.00000000,0.00000000,1.00000000,0.00000000,0.00000000,0.00000000,0.00000000,1.42083240,1.20000000,0.91156008,1.08980539,1.75588480,1.70000000,1.33625997,1.48312866,2.09093720,2.20000000,1.76095985,1.87645192,1.42038120,1.20000000,0.91146317,1.08958448,1.75543360,1.70000000,1.33616305,1.48290774,2.09048599,2.20000000,1.76086294,1.87623101,true,0
2026,2,00-0039746,Will Shipley,RB,PHI,0.00000000,0.00000000,0.00000000,0.00000000,0.00000000,7.00000000,0.00000000,0.00000000,4.00000000,2.00000000,0.00000000,0.00000000,0.00000000,0.00000000,5.70649534,2.90000000,1.08980539,2.70564687,6.51035290,3.90000000,1.48312866,3.24265714,7.31421046,4.90000000,1.87645192,3.77966741,5.70657543,2.90000000,1.08958448,2.70553131,6.51043299,3.90000000,1.48290774,3.24254158,7.31429056,4.90000000,1.87623101,3.77955185,true,0
2026,3,00-0039746,Will Shipley,RB,PHI,10.00000000,0.00000000,0.00000000,0.00000000,0.00000000,0.00000000,0.00000000,0.00000000,0.00000000,2.00000000,0.00000000,0.00000000,0.00000000,0.00000000,0.93073937,1.10000000,2.70564687,2.08442925,1.63050620,1.60000000,3.24265714,2.67840431,2.33027303,2.10000000,3.77966741,3.27237938,0.92807056,1.10000000,2.70553131,2.08342005,1.62783738,1.60000000,3.24254158,2.67739511,2.32760421,2.10000000,3.77955185,3.27137018,true,0
2026,4,00-0039746,Will Shipley,RB,PHI,-3.00000000,0.00000000,0.00000000,0.00000000,0.00000000,6.00000000,2.00000000,0.00000000,3.00000000,1.00000000,0.00000000,0.00000000,0.00000000,0.00000000,5.00393133,2.30000000,2.08442925,3.10625498,5.44479788,2.30000000,2.67840431,3.64664206,5.88566442,2.30000000,3.27237938,4.18702914,5.00775057,2.30000000,2.08342005,3.10693573,5.44861712,2.30000000,2.67739511,3.64732281,5.88948366,2.30000000,3.27137018,4.18770990,true,0
2026,1,00-0039751,Jordan Whittington,WR,LA,8.00000000,0.00000000,0.00000000,0.00000000,0.00000000,0.00000000,0.00000000,0.00000000,0.00000000,1.00000000,0.00000000,0.00000000,0.00000000,0.00000000,0.75323222,0.80000000,1.82643741,1.45081559,1.06997875,1.30000000,2.47761670,1.98494342,1.38672528,1.80000000,3.12879599,2.51907124,0.75427344,0.80000000,1.82918896,1.45296853,1.07101997,1.30000000,2.48036825,1.98709635,1.38776650,1.80000000,3.13154754,2.52122418,true,0
2026,4,00-0039751,Jordan Whittington,WR,LA,6.00000000,0.00000000,0.00000000,0.00000000,0.00000000,0.00000000,0.00000000,0.00000000,0.00000000,2.00000000,0.00000000,0.00000000,0.00000000,0.00000000,1.26593887,0.40000000,1.45081559,1.38610874,1.99648298,0.90000000,1.98494342,1.98898227,2.72702710,1.40000000,2.51907124,2.59185579,1.26774521,0.40000000,1.45296853,1.38814037,1.99828932,0.90000000,1.98709635,1.99101389,2.72883344,1.40000000,2.52122418,2.59388742,true,0
2026,2,00-0039792,Devontez Walker,WR,BAL,60.00000000,0.00000000,0.00000000,0.00000000,0.00000000,0.00000000,0.00000000,0.00000000,0.00000000,2.00000000,1.00000000,0.00000000,0.00000000,0.00000000,3.07501085,4.70000000,2.73221572,2.85219402,3.43556471,5.20000000,3.02955665,3.17165947,3.79611856,5.70000000,3.32689758,3.49112492,3.07458891,4.70000000,2.73289921,2.85249061,3.43514277,5.20000000,3.03024014,3.17195606,3.79569663,5.70000000,3.32758107,3.49142151,true,0
2026,3,00-0039792,Devontez Walker,WR,BAL,51.00000000,0.00000000,0.00000000,0.00000000,0.00000000,0.00000000,0.00000000,0.00000000,0.00000000,1.00000000,1.00000000,0.00000000,0.00000000,0.00000000,2.20487446,0.00000000,2.85219402,2.62563217,2.22283282,0.00000000,3.17165947,2.83957014,2.24079118,0.00000000,3.49112492,3.05350811,2.20450003,0.00000000,2.85249061,2.62569391,2.22245839,0.00000000,3.17195606,2.83963188,2.24041674,0.00000000,3.49142151,3.05356984,true,0
2026,4,00-0039792,Devontez Walker,WR,BAL,37.00000000,0.00000000,0.00000000,0.00000000,0.00000000,0.00000000,0.00000000,0.00000000,0.00000000,2.00000000,1.00000000,0.00000000,0.00000000,0.00000000,2.32765775,1.90000000,2.62563217,2.52134113,2.83708870,2.40000000,2.83957014,2.83870164,3.34651964,2.90000000,3.05350811,3.15606215,2.32893496,1.90000000,2.62569391,2.52182827,2.83836590,2.40000000,2.83963188,2.83918878,3.34779685,2.90000000,3.05356984,3.15654930,true,0
2026,1,00-0039793,AJ Barner,TE,SEA,-1.00000000,0.00000000,0.00000000,0.00000000,0.00000000,0.00000000,0.00000000,0.00000000,0.00000000,2.00000000,0.00000000,0.00000000,0.00000000,0.00000000,1.10005718,1.30000000,4.60508988,3.37832843,1.90949181,2.30000000,6.06676571,4.61171984,2.71892644,3.30000000,7.52844153,5.84511125,1.09745470,1.30000000,4.63535109,3.39708735,1.90688933,2.30000000,6.09702692,4.63047876,2.71632396,3.30000000,7.55870274,5.86387017,true,0
2026,2,00-0039793,AJ Barner,TE,SEA,8.00000000,0.00000000,0.00000000,0.00000000,0.00000000,1.00000000,1.00000000,1.00000000,1.00000000,1.00000000,0.00000000,0.00000000,0.00000000,0.00000000,2.05255985,6.90000000,3.37832843,2.91430943,2.40323580,7.40000000,4.61171984,3.83875042,2.75391174,7.90000000,5.84511125,4.76319142,2.10657836,6.90000000,3.39708735,2.94540921,2.45725431,7.40000000,4.63047876,3.86985020,2.80793026,7.90000000,5.86387017,4.79429120,true,0
2026,3,00-0039793,AJ Barner,TE,SEA,10.00000000,0.00000000,0.00000000,0.00000000,0.00000000,0.00000000,0.00000000,0.00000000,0.00000000,9.00000000,0.00000000,2.00000000,2.00000000,4.00000000,11.66128151,6.90000000,2.91430943,5.97574966,15.02569783,9.40000000,3.83875042,7.75418202,18.39011416,11.90000000,4.76319142,9.53261438,11.65811146,6.90000000,2.94540921,5.99485499,15.02252778,9.40000000,3.86985020,7.77328736,18.38694410,11.90000000,4.79429120,9.55171972,true,0
2026,4,00-0039793,AJ Barner,TE,SEA,18.00000000,0.00000000,0.00000000,0.00000000,0.00000000,0.00000000,0.00000000,0.00000000,0.00000000,3.00000000,0.00000000,0.00000000,0.00000000,1.00000000,2.96147632,1.20000000,5.97574966,4.92075399,4.06335845,1.70000000,7.75418202,6.46239377,5.16524059,2.20000000,9.53261438,8.00403355,2.95897905,1.20000000,5.99485499,4.93229841,4.06086119,1.70000000,7.77328736,6.47393820,5.16274332,2.20000000,9.55171972,8.01557798,true,0
2026,1,00-0039794,Braelon Allen,RB,NYJ,0.00000000,0.00000000,0.00000000,0.00000000,0.00000000,10.00000000,0.00000000,0.00000000,0.00000000,1.00000000,0.00000000,0.00000000,0.00000000,1.00000000,5.94016268,4.00000000,4.64024799,5.09521813,6.30513831,4.00000000,4.91681790,5.40273004,6.67011394,4.00000000,5.19338781,5.71024196,5.94375388,4.00000000,4.64313390,5.09835089,6.30872952,4.00000000,4.91970380,5.40586280,6.67370515,4.00000000,5.19627371,5.71337472,true,0
2026,2,00-0039794,Braelon Allen,RB,NYJ,3.00000000,0.00000000,0.00000000,0.00000000,0.00000000,5.00000000,1.00000000,1.00000000,1.00000000,1.00000000,0.00000000,0.00000000,0.00000000,1.00000000,4.75732036,7.50000000,5.09521813,4.97695391,5.10932179,8.00000000,5.40273004,5.30003715,5.46132321,8.50000000,5.71024196,5.62312039,4.75899129,7.50000000,5.09835089,4.97957503,5.11099272,8.00000000,5.40586280,5.30265827,5.46299414,8.50000000,5.71337472,5.62574151,true,0
2026,3,00-0039794,Braelon Allen,RB,NYJ,-5.00000000,0.00000000,0.00000000,0.00000000,0.00000000,4.00000000,0.00000000,0.00000000,2.00000000,3.00000000,0.00000000,0.00000000,0.00000000,1.00000000,4.10422002,1.70000000,4.97695391,4.67149705,5.31802836,3.20000000,5.30003715,5.30633408,6.53183670,4.70000000,5.62312039,5.94117110,4.10307700,1.70000000,4.97957503,4.67280072,5.31688534,3.20000000,5.30265827,5.30763775,6.53069368,4.70000000,5.62574151,5.94247477,true,0
2026,4,00-0039794,Braelon Allen,RB,NYJ,0.00000000,0.00000000,0.00000000,0.00000000,0.00000000,14.00000000,0.00000000,0.00000000,2.00000000,2.00000000,0.00000000,0.00000000,0.00000000,0.00000000,8.99141747,6.70000000,4.67149705,6.18346920,9.77339209,7.70000000,5.30633408,6.86980438,10.55536670,8.70000000,5.94117110,7.55613956,8.99571122,6.70000000,4.67280072,6.18581940,9.77768583,7.70000000,5.30763775,6.87215458,10.55966044,8.70000000,5.94247477,7.55848976,true,0
2026,1,00-0039811,MarShawn Lloyd,RB,GB,18.00000000,0.00000000,0.00000000,0.00000000,0.00000000,13.00000000,1.00000000,0.00000000,1.00000000,1.00000000,0.00000000,0.00000000,0.00000000,1.00000000,8.71526755,3.70000000,3.40000000,5.26034364,8.95212419,3.70000000,4.00000000,5.73324347,9.18898082,3.70000000,4.60000000,6.20614329,8.71903415,3.70000000,3.40000000,5.26166195,8.95589078,3.70000000,4.00000000,5.73456177,9.19274741,3.70000000,4.60000000,6.20746159,false,0
2026,2,00-0039811,MarShawn Lloyd,RB,GB,-4.00000000,0.00000000,0.00000000,0.00000000,0.00000000,6.00000000,1.00000000,0.00000000,2.00000000,2.00000000,0.00000000,0.00000000,1.00000000,1.00000000,6.52310929,6.60000000,5.26034364,5.70231162,7.33483726,7.60000000,5.73324347,6.29380129,8.14656522,8.60000000,6.20614329,6.88529096,6.52704162,6.60000000,5.26166195,5.70454484,7.33876958,7.60000000,5.73456177,6.29603451,8.15049755,8.60000000,6.20746159,6.88752418,false,0
2026,3,00-0039811,MarShawn Lloyd,RB,GB,-12.00000000,0.00000000,0.00000000,0.00000000,0.00000000,4.00000000,1.00000000,1.00000000,3.00000000,3.00000000,0.00000000,0.00000000,0.00000000,0.00000000,5.17409462,1.80000000,5.70231162,5.51743567,6.45916791,2.80000000,6.29380129,6.35167961,7.74424120,3.80000000,6.88529096,7.18592355,5.17506559,1.80000000,5.70454484,5.51922710,6.46013889,2.80000000,6.29603451,6.35347104,7.74521218,3.80000000,6.88752418,7.18771498,false,0
2026,4,00-0039811,MarShawn Lloyd,RB,GB,-11.00000000,0.00000000,0.00000000,0.00000000,0.00000000,7.00000000,2.00000000,1.00000000,3.00000000,5.00000000,0.00000000,0.00000000,1.00000000,1.00000000,9.93578263,4.90000000,5.51743567,7.06385711,11.99068455,7.40000000,6.35167961,8.32533134,14.04558647,9.90000000,7.18592355,9.58680557,9.93945088,4.90000000,5.51922710,7.06630542,11.99435280,7.40000000,6.35347104,8.32777966,14.04925473,9.90000000,7.18771498,9.58925389,false,0
2026,2,00-0039814,Erick All,TE,CIN,-1.00000000,0.00000000,0.00000000,0.00000000,0.00000000,0.00000000,0.00000000,0.00000000,0.00000000,3.00000000,0.00000000,0.00000000,0.00000000,0.00000000,1.62541597,0.50000000,2.55000000,2.22639559,2.84071441,1.50000000,3.00000000,2.94425004,4.05601285,2.50000000,3.45000000,3.66210450,1.62230450,0.50000000,2.55000000,2.22530658,2.83760294,1.50000000,3.00000000,2.94316103,4.05290138,2.50000000,3.45000000,3.66101548,false,0
2026,1,00-0039847,Theo Johnson,TE,NYG,2.00000000,0.00000000,0.00000000,0.00000000,0.00000000,0.00000000,0.00000000,0.00000000,0.00000000,1.00000000,0.00000000,0.00000000,0.00000000,0.00000000,0.68376935,0.90000000,5.66223299,3.91977072,1.06895560,1.40000000,7.32411460,5.13480895,1.45414185,1.90000000,8.98599621,6.34984718,0.68176759,0.90000000,5.65985694,3.91752567,1.06695384,1.40000000,7.32173855,5.13256390,1.45214009,1.90000000,8.98362016,6.34760213,true,0
2026,2,00-0039847,Theo Johnson,TE,NYG,55.00000000,0.00000000,0.00000000,0.00000000,0.00000000,0.00000000,0.00000000,0.00000000,0.00000000,4.00000000,1.00000000,0.00000000,0.00000000,0.00000000,4.12289684,0.00000000,3.91977072,3.99086486,5.34302644,0.00000000,5.13480895,5.20768507,6.56315604,0.00000000,6.34984718,6.42450529,4.12088684,0.00000000,3.91752567,3.98870208,5.34101644,0.00000000,5.13256390,5.20552229,6.56114604,0.00000000,6.34760213,6.42234250,true,0
2026,4,00-0039847,Theo Johnson,TE,NYG,11.00000000,0.00000000,0.00000000,0.00000000,0.00000000,0.00000000,0.00000000,0.00000000,0.00000000,1.00000000,0.00000000,1.00000000,0.00000000,1.00000000,2.69664096,7.10000000,3.99086486,3.53788650,2.95493737,7.60000000,5.20768507,4.41922338,3.21323379,8.10000000,6.42450529,5.30056026,2.69453149,7.10000000,3.98870208,3.53574237,2.95282790,7.60000000,5.20552229,4.41707925,3.21112431,8.10000000,6.42234250,5.29841614,true,0
2026,1,00-0039849,Marvin Harrison Jr.,WR,ARI,71.00000000,0.00000000,0.00000000,0.00000000,0.00000000,0.00000000,0.00000000,0.00000000,0.00000000,3.00000000,2.00000000,0.00000000,0.00000000,0.00000000,4.06455135,3.30000000,7.69798118,6.42628074,4.73430212,3.80000000,9.49790935,7.83064682,5.40405289,4.30000000,11.29783752,9.23501290,4.06569516,3.30000000,7.69915964,6.42744707,4.73544594,3.80000000,9.49908781,7.83181315,5.40519671,4.30000000,11.29901598,9.23617923,true,0
2026,2,00-0039849,Marvin Harrison Jr.,WR,ARI,3.00000000,0.00000000,0.00000000,0.00000000,0.00000000,0.00000000,0.00000000,0.00000000,0.00000000,1.00000000,0.00000000,0.00000000,0.00000000,0.00000000,0.59076416,0.00000000,6.42628074,4.38384994,0.93987527,0.00000000,7.83064682,5.41887678,1.28898639,0.00000000,9.23501290,6.45390362,0.59217475,0.00000000,6.42744707,4.38510176,0.94128587,0.00000000,7.83181315,5.42012860,1.29039698,0.00000000,9.23617923,6.45515545,true,0
2026,3,00-0039849,Marvin Harrison Jr.,WR,ARI,85.00000000,0.00000000,0.00000000,0.00000000,0.00000000,0.00000000,0.00000000,0.00000000,0.00000000,5.00000000,1.00000000,0.00000000,0.00000000,0.00000000,5.62043278,4.00000000,4.38384994,4.81665393,7.02171897,5.50000000,5.41887678,5.97987155,8.42300517,7.00000000,6.45390362,7.14308916,5.62001608,4.00000000,4.38510176,4.81732177,7.02130227,5.50000000,5.42012860,5.98053939,8.42258847,7.00000000,6.45515545,7.14375700,true,0
2026,4,00-0039849,Marvin Harrison Jr.,WR,ARI,43.00000000,0.00000000,0.00000000,0.00000000,0.00000000,0.00000000,0.00000000,0.00000000,0.00000000,4.00000000,1.00000000,2.00000000,1.00000000,2.00000000,6.75406392,7.20000000,4.81665393,5.49474743,7.83251216,7.70000000,5.97987155,6.62829576,8.91096041,8.20000000,7.14308916,7.76184410,6.75592041,7.20000000,4.81732177,5.49583129,7.83436865,7.70000000,5.98053939,6.62937963,8.91281689,8.20000000,7.14375700,7.76292796,true,0
2026,1,00-0039851,Drake Maye,QB,NE,0.00000000,221.00000000,33.00000000,1.00000000,2.00000000,7.00000000,0.00000000,0.00000000,0.00000000,0.00000000,0.00000000,0.00000000,0.00000000,0.00000000,14.75837721,9.82000000,17.08182343,16.26861725,14.76582597,9.82000000,17.08796864,16.27521871,14.77327474,9.82000000,17.09411384,16.28182016,16.69449960,11.82000000,19.87612410,18.76255553,16.70194837,11.82000000,19.88226931,18.76915698,16.70939714,11.82000000,19.88841451,18.77575843,true,1
2026,2,00-0039851,Drake Maye,QB,NE,0.00000000,196.00000000,22.00000000,0.00000000,1.00000000,2.00000000,0.00000000,0.00000000,0.00000000,0.00000000,0.00000000,0.00000000,0.00000000,0.00000000,8.75797252,8.02000000,16.26861725,13.63989160,8.76155774,8.02000000,16.27521871,13.64543737,8.76514296,8.02000000,16.28182016,13.65098314,10.21825456,8.02000000,18.76255553,15.77205019,10.22183978,8.02000000,18.76915698,15.77759596,10.22542499,8.02000000,18.77575843,15.78314173,true,0
2026,3,00-0039851,Drake Maye,QB,NE,0.00000000,287.00000000,25.00000000,1.00000000,6.00000000,4.00000000,1.00000000,1.00000000,2.00000000,0.00000000,0.00000000,0.00000000,0.00000000,0.00000000,17.96320796,3.76000000,13.63989160,15.15305233,17.96387689,3.76000000,13.64543737,15.15689120,17.96454582,3.76000000,13.65098314,15.16073007,20.76025125,3.76000000,15.77205019,17.51792056,20.76092017,3.76000000,15.77759596,17.52175943,20.76158910,3.76000000,15.78314173,17.52559831,true,0
2026,4,00-0039851,Drake Maye,QB,NE,0.00000000,366.00000000,38.00000000,3.00000000,6.00000000,6.00000000,1.00000000,1.00000000,1.00000000,0.00000000,0.00000000,0.00000000,0.00000000,0.00000000,22.91364016,26.16000000,15.15305233,17.86925807,22.91974241,26.16000000,15.15689120,17.87388912,22.92584466,26.16000000,15.16073007,17.87852018,26.51416923,32.16000000,17.51792056,20.66660759,26.52027148,32.16000000,17.52175943,20.67123865,26.52637373,32.16000000,17.52559831,20.67586971,true,3
2026,3,00-0039855,Jalen McMillan,WR,TB,15.00000000,0.00000000,0.00000000,0.00000000,0.00000000,0.00000000,0.00000000,0.00000000,0.00000000,1.00000000,0.00000000,0.00000000,0.00000000,0.00000000,0.98068751,0.00000000,3.98557280,2.93386295,1.25212363,0.00000000,5.15538470,3.78924333,1.52355974,0.00000000,6.32519660,4.64462370,0.98121160,0.00000000,3.98902628,2.93629114,1.25264771,0.00000000,5.15883818,3.79167152,1.52408382,0.00000000,6.32865008,4.64705189,true,0
2026,1,00-0039868,Troy Franklin,WR,DEN,31.00000000,0.00000000,0.00000000,0.00000000,0.00000000,1.00000000,0.00000000,0.00000000,0.00000000,1.00000000,1.00000000,0.00000000,0.00000000,0.00000000,2.43151743,0.50000000,7.85038705,5.95378268,2.59502946,0.50000000,9.73328800,7.23489751,2.75854149,0.50000000,11.61618895,8.51601234,2.43439174,0.50000000,7.85239460,5.95609360,2.59790378,0.50000000,9.73529555,7.23720843,2.76141581,0.50000000,11.61819650,8.51832326,true,0
2026,2,00-0039868,Troy Franklin,WR,DEN,33.00000000,0.00000000,0.00000000,0.00000000,0.00000000,0.00000000,0.00000000,0.00000000,0.00000000,2.00000000,1.00000000,1.00000000,1.00000000,1.00000000,4.18973624,2.70000000,5.95378268,5.33636643,4.60613206,3.20000000,7.23489751,6.31482960,5.02252787,3.70000000,8.51601234,7.29329278,4.19041769,2.70000000,5.95609360,5.33810703,4.60681350,3.20000000,7.23720843,6.31657020,5.02320932,3.70000000,8.51832326,7.29503338,true,0
2026,3,00-0039868,Troy Franklin,WR,DEN,8.00000000,0.00000000,0.00000000,0.00000000,0.00000000,0.00000000,0.00000000,0.00000000,0.00000000,1.00000000,0.00000000,0.00000000,0.00000000,0.00000000,0.75323222,2.10000000,5.33636643,3.73226946,1.06997875,2.60000000,6.31482960,4.47913181,1.38672528,3.10000000,7.29329278,5.22599415,0.75427344,2.10000000,5.33810703,3.73376527,1.07101997,2.60000000,6.31657020,4.48062762,1.38776650,3.10000000,7.29503338,5.22748997,true,0
2026,1,00-0039874,Jaylen Wright,RB,MIA,0.00000000,0.00000000,0.00000000,0.00000000,0.00000000,1.00000000,0.00000000,0.00000000,0.00000000,0.00000000,0.00000000,0.00000000,0.00000000,0.00000000,0.20225057,-0.10000000,5.37009847,3.56135170,0.19081988,-0.10000000,5.78826428,3.82915874,0.17938918,-0.10000000,6.20643009,4.09696577,0.20282514,-0.10000000,5.37381336,3.56396749,0.19139445,-0.10000000,5.79197918,3.83177452,0.17996375,-0.10000000,6.21014499,4.09958156,true,0
2026,2,00-0039874,Jaylen Wright,RB,MIA,0.00000000,0.00000000,0.00000000,0.00000000,0.00000000,2.00000000,1.00000000,0.00000000,2.00000000,0.00000000,0.00000000,0.00000000,0.00000000,0.00000000,1.70225884,1.10000000,3.56135170,2.91066920,1.71332409,1.10000000,3.82915874,3.08861661,1.72438935,1.10000000,4.09696577,3.26656402,1.70374096,1.10000000,3.56396749,2.91288820,1.71480621,1.10000000,3.83177452,3.09083561,1.72587146,1.10000000,4.09958156,3.26878302,true,0
2026,4,00-0039874,Jaylen Wright,RB,MIA,0.00000000,0.00000000,0.00000000,0.00000000,0.00000000,5.00000000,0.00000000,0.00000000,0.00000000,0.00000000,0.00000000,0.00000000,0.00000000,0.00000000,2.41213663,0.70000000,2.91066920,2.73618280,2.39728017,0.70000000,3.08861661,2.84664886,2.38242372,0.70000000,3.26656402,2.95711492,2.41461514,0.70000000,2.91288820,2.73849263,2.39975868,0.70000000,3.09083561,2.84895869,2.38490222,0.70000000,3.26878302,2.95942474,true,0
2026,1,00-0039875,Ray Davis,RB,BUF,0.00000000,0.00000000,0.00000000,0.00000000,0.00000000,1.00000000,0.00000000,0.00000000,0.00000000,0.00000000,0.00000000,0.00000000,0.00000000,0.00000000,0.20225057,0.30000000,3.46832523,2.32519910,0.19081988,0.30000000,3.87733777,2.58705651,0.17938918,0.30000000,4.28635030,2.84891391,0.20282514,0.30000000,3.47005095,2.32652192,0.19139445,0.30000000,3.87906349,2.58837932,0.17996375,0.30000000,4.28807602,2.85023673,true,0
2026,4,00-0039875,Ray Davis,RB,BUF,-7.00000000,0.00000000,0.00000000,0.00000000,0.00000000,1.00000000,0.00000000,0.00000000,0.00000000,1.00000000,0.00000000,0.00000000,0.00000000,0.00000000,0.53516885,0.70000000,2.32519910,1.69868852,0.97288079,1.20000000,2.58705651,2.02209500,1.41059272,1.70000000,2.84891391,2.34550149,0.53577640,0.70000000,2.32652192,1.69976099,0.97348833,1.20000000,2.58837932,2.02316748,1.41120027,1.70000000,2.85023673,2.34657397,true,0
2026,1,00-0039880,Malik Washington,WR,MIA,135.00000000,0.00000000,0.00000000,0.00000000,0.00000000,0.00000000,0.00000000,0.00000000,0.00000000,8.00000000,5.00000000,0.00000000,0.00000000,0.00000000,9.19586257,3.30000000,4.46880175,6.12327304,11.39424718,4.80000000,5.81837689,7.76993149,13.59263179,6.30000000,7.16795202,9.41658994,9.20064826,3.30000000,4.47421641,6.12846756,11.39903287,4.80000000,5.82379155,7.77512601,13.59741748,6.30000000,7.17336668,9.42178446,true,0
2026,2,00-0039880,Malik Washington,WR,MIA,27.00000000,0.00000000,0.00000000,0.00000000,0.00000000,1.00000000,0.00000000,0.00000000,1.00000000,5.00000000,1.00000000,0.00000000,0.00000000,0.00000000,5.16982924,4.70000000,6.12327304,5.78956771,6.94816528,6.70000000,7.76993149,7.48231332,8.72650133,8.70000000,9.41658994,9.17505893,5.18318396,4.70000000,6.12846756,5.79761830,6.96152001,6.70000000,7.77512601,7.49036391,8.73985606,8.70000000,9.42178446,9.18310952,true,0
2026,3,00-0039880,Malik Washington,WR,MIA,113.00000000,0.00000000,0.00000000,0.00000000,0.00000000,2.00000000,0.00000000,0.00000000,0.00000000,10.00000000,3.00000000,1.00000000,0.00000000,1.00000000,12.36459130,6.10000000,5.78956771,8.09082597,15.50525787,8.60000000,7.48231332,10.29034391,18.64592443,11.10000000,9.17505893,12.48986185,12.37293650,6.10000000,5.79761830,8.09897967,15.51360306,8.60000000,7.49036391,10.29849761,18.65426963,11.10000000,9.18310952,12.49801556,true,0
2026,4,00-0039880,Malik Washington,WR,MIA,37.00000000,0.00000000,0.00000000,0.00000000,0.00000000,2.00000000,1.00000000,0.00000000,1.00000000,5.00000000,0.00000000,0.00000000,0.00000000,0.00000000,7.55351665,7.00000000,8.09082597,7.90276770,9.30861299,9.50000000,10.29034391,9.94673809,11.06370933,12.00000000,12.48986185,11.99070847,7.56689727,7.00000000,8.09897967,7.91275083,9.32199362,9.50000000,10.29849761,9.95672121,11.07708996,12.00000000,12.49801556,12.00069160,true,0
2026,1,00-0039890,Adonai Mitchell,WR,NYJ,59.00000000,0.00000000,0.00000000,0.00000000,0.00000000,0.00000000,0.00000000,0.00000000,0.00000000,3.00000000,1.00000000,0.00000000,0.00000000,0.00000000,3.62021110,6.00000000,5.44495119,4.80629216,4.38808963,7.50000000,6.76736908,5.93462127,5.15596816,9.00000000,8.08978697,7.06295039,3.62048042,6.00000000,5.44608396,4.80712272,4.38835895,7.50000000,6.76850185,5.93545183,5.15623747,9.00000000,8.09091974,7.06378095,true,0
2026,2,00-0039890,Adonai Mitchell,WR,NYJ,178.00000000,0.00000000,0.00000000,0.00000000,0.00000000,0.00000000,0.00000000,0.00000000,0.00000000,12.00000000,3.00000000,0.00000000,0.00000000,1.00000000,13.05033852,6.30000000,4.80629216,7.69170839,16.60839601,9.30000000,5.93462127,9.67044243,20.16645349,12.30000000,7.06295039,11.64917647,13.05160403,6.30000000,4.80712272,7.69269118,16.60966152,9.30000000,5.93545183,9.67142522,20.16771900,12.30000000,7.06378095,11.65015927,true,0
2026,1,00-0039893,Brian Thomas Jr.,WR,JAX,44.00000000,0.00000000,0.00000000,0.00000000,0.00000000,0.00000000,0.00000000,0.00000000,0.00000000,3.00000000,0.00000000,0.00000000,0.00000000,0.00000000,3.07839002,4.00000000,7.99436181,6.27377169,3.96381505,5.50000000,9.87557461,7.80645876,4.84924008,7.00000000,11.75678740,9.33914584,3.07800646,4.00000000,7.99610689,6.27477174,3.96343149,5.50000000,9.87731968,7.80745882,4.84885652,7.00000000,11.75853248,9.34014590,true,0
2026,2,00-0039893,Brian Thomas Jr.,WR,JAX,82.00000000,0.00000000,0.00000000,0.00000000,0.00000000,0.00000000,0.00000000,0.00000000,0.00000000,8.00000000,1.00000000,0.00000000,0.00000000,0.00000000,7.25603354,4.00000000,6.27377169,6.61756334,9.87929375,5.50000000,7.80645876,8.53195101,12.50255395,7.00000000,9.33914584,10.44633868,7.25769060,4.00000000,6.27477174,6.61879334,9.88095080,5.50000000,7.80745882,8.53318101,12.50421101,7.00000000,9.34014590,10.44756868,true,0
2026,3,00-0039893,Brian Thomas Jr.,WR,JAX,4.00000000,0.00000000,0.00000000,0.00000000,0.00000000,0.00000000,0.00000000,0.00000000,0.00000000,1.00000000,0.00000000,0.00000000,0.00000000,0.00000000,0.62325777,0.80000000,6.61756334,4.51955639,0.96589597,1.30000000,8.53195101,5.88383175,1.30853417,1.80000000,10.44633868,7.24810710,0.62459449,0.80000000,6.61879334,4.52082374,0.96723269,1.30000000,8.53318101,5.88509910,1.30987088,1.80000000,10.44756868,7.24937445,true,0
2026,4,00-0039893,Brian Thomas Jr.,WR,JAX,17.00000000,0.00000000,0.00000000,0.00000000,0.00000000,0.00000000,0.00000000,0.00000000,0.00000000,3.00000000,0.00000000,1.00000000,2.00000000,2.00000000,5.35647344,7.70000000,4.51955639,4.81247736,6.24743132,8.70000000,5.88383175,6.01109160,7.13838921,9.70000000,7.24810710,7.20970584,5.35633195,7.70000000,4.52082374,4.81325161,6.24728983,8.70000000,5.88509910,6.01186586,7.13824772,9.70000000,7.24937445,7.21048010,true,0
2026,1,00-0039894,Xavier Worthy,WR,KC,42.00000000,0.00000000,0.00000000,0.00000000,0.00000000,0.00000000,0.00000000,0.00000000,0.00000000,6.00000000,1.00000000,0.00000000,0.00000000,1.00000000,5.05621019,1.80000000,6.40871828,5.93534045,7.13037935,3.30000000,7.98440875,7.68549846,9.20454850,4.80000000,9.56009922,9.43565647,5.06029651,1.80000000,6.41156985,5.93862418,7.13446567,3.30000000,7.98726032,7.68878219,9.20863483,4.80000000,9.56295078,9.43894020,true,0
2026,2,00-0039894,Xavier Worthy,WR,KC,40.00000000,0.00000000,0.00000000,0.00000000,0.00000000,0.00000000,0.00000000,0.00000000,0.00000000,7.00000000,1.00000000,1.00000000,2.00000000,3.00000000,8.72432779,8.50000000,5.93534045,6.91148602,11.04305864,11.00000000,7.68549846,8.86064452,13.36178948,13.50000000,9.43565647,10.80980302,8.72742667,8.50000000,5.93862418,6.91470505,11.04615752,11.00000000,7.68878219,8.86386355,13.36488836,13.50000000,9.43894020,10.81302206,true,0
2026,3,00-0039894,Xavier Worthy,WR,KC,13.00000000,0.00000000,0.00000000,0.00000000,0.00000000,0.00000000,0.00000000,0.00000000,0.00000000,2.00000000,0.00000000,0.00000000,0.00000000,0.00000000,1.49339416,2.00000000,6.91148602,5.01515387,2.17862786,3.00000000,8.86064452,6.52193869,2.86386156,4.00000000,10.80980302,8.02872351,1.49468337,2.00000000,6.91470505,5.01769746,2.17991707,3.00000000,8.86386355,6.52448228,2.86515077,4.00000000,10.81302206,8.03126710,true,0
2026,4,00-0039894,Xavier Worthy,WR,KC,115.00000000,0.00000000,0.00000000,0.00000000,0.00000000,0.00000000,0.00000000,0.00000000,0.00000000,7.00000000,3.00000000,0.00000000,0.00000000,0.00000000,7.85946267,7.00000000,5.01515387,6.01066195,9.82735937,9.00000000,6.52193869,7.67883593,11.79525606,11.00000000,8.02872351,9.34700990,7.86158648,7.00000000,5.01769746,6.01305862,9.82948317,9.00000000,6.52448228,7.68123259,11.79737987,11.00000000,8.03126710,9.34940657,true,0
2026,1,00-0039901,Keon Coleman,WR,BUF,4.00000000,0.00000000,0.00000000,0.00000000,0.00000000,0.00000000,0.00000000,0.00000000,0.00000000,2.00000000,0.00000000,0.00000000,1.00000000,1.00000000,2.36430966,0.10000000,6.08535736,4.78299066,3.05749051,0.60000000,7.67626676,6.05969507,3.75067136,1.10000000,9.26717617,7.33639948,2.36540244,0.10000000,6.08663552,4.78420394,3.05858329,0.60000000,7.67754492,6.06090835,3.75176414,1.10000000,9.26845433,7.33761276,true,0
2026,2,00-0039901,Keon Coleman,WR,BUF,48.00000000,0.00000000,0.00000000,0.00000000,0.00000000,0.00000000,0.00000000,0.00000000,0.00000000,6.00000000,0.00000000,0.00000000,0.00000000,1.00000000,5.19675498,6.30000000,4.78299066,4.92780817,7.25253939,9.30000000,6.05969507,6.47719058,9.30832379,12.30000000,7.33639948,8.02657299,5.19863704,6.30000000,4.78420394,4.92925553,7.25442144,9.30000000,6.06090835,6.47863793,9.31020585,12.30000000,7.33761276,8.02802034,true,0
2026,3,00-0039901,Keon Coleman,WR,BUF,63.00000000,0.00000000,0.00000000,0.00000000,0.00000000,0.00000000,0.00000000,0.00000000,0.00000000,2.00000000,2.00000000,0.00000000,0.00000000,0.00000000,3.22690857,3.70000000,4.92780817,4.33249331,3.54759093,4.20000000,6.47719058,5.45183070,3.86827329,4.70000000,8.02657299,6.57116810,3.22802602,3.70000000,4.92925553,4.33382520,3.54870838,4.20000000,6.47863793,5.45316259,3.86939073,4.70000000,8.02802034,6.57249998,true,0
2026,4,00-0039901,Keon Coleman,WR,BUF,90.00000000,0.00000000,0.00000000,0.00000000,0.00000000,0.00000000,0.00000000,0.00000000,0.00000000,7.00000000,2.00000000,2.00000000,1.00000000,1.00000000,9.81345332,17.60000000,4.33249331,6.25082932,11.77608120,20.60000000,5.45183070,7.66531838,13.73870907,23.60000000,6.57116810,9.07980744,9.81474180,17.60000000,4.33382520,6.25214601,11.77736967,20.60000000,5.45316259,7.66663507,13.73999755,23.60000000,6.57249998,9.08112413,true,0
2026,1,00-0039910,Jayden Daniels,QB,WAS,0.00000000,317.00000000,35.00000000,6.00000000,9.00000000,5.00000000,0.00000000,0.00000000,2.00000000,0.00000000,0.00000000,0.00000000,0.00000000,0.00000000,23.16111940,17.66000000,16.22442693,18.65226930,23.16555328,17.66000000,16.23006866,18.65748828,23.16998715,17.66000000,16.23571038,18.66270725,28.07722652,21.66000000,18.30250747,21.72365914,28.08166040,21.66000000,18.30814920,21.72887812,28.08609427,21.66000000,18.31379092,21.73409709,true,2
2026,2,00-0039910,Jayden Daniels,QB,WAS,0.00000000,155.00000000,17.00000000,4.00000000,5.00000000,7.00000000,1.00000000,0.00000000,2.00000000,0.00000000,0.00000000,0.00000000,0.00000000,0.00000000,16.89676414,14.74000000,18.65226930,18.03784249,16.90434907,14.74000000,18.65748828,18.04388955,16.91193401,14.74000000,18.66270725,18.04993662,19.75055940,16.74000000,21.72365914,21.03307423,19.75814433,16.74000000,21.72887812,21.03912129,19.76572927,16.74000000,21.73409709,21.04516836,true,1
2026,2,00-0039912,Ben Sinnott,TE,WAS,4.00000000,0.00000000,0.00000000,0.00000000,0.00000000,0.00000000,0.00000000,0.00000000,0.00000000,1.00000000,0.00000000,0.00000000,0.00000000,0.00000000,0.75648334,0.60000000,1.59171300,1.29938262,1.12941320,1.10000000,2.13522783,1.78319271,1.50234307,1.60000000,2.67874266,2.26700280,0.75454272,0.60000000,1.58991299,1.29753339,1.12747259,1.10000000,2.13342782,1.78134349,1.50040246,1.60000000,2.67694264,2.26515358,true,0
2026,3,00-0039912,Ben Sinnott,TE,WAS,7.00000000,0.00000000,0.00000000,0.00000000,0.00000000,0.00000000,0.00000000,0.00000000,0.00000000,1.00000000,0.00000000,0.00000000,0.00000000,0.00000000,0.86555431,0.00000000,1.29938262,1.14754271,1.22009960,0.00000000,1.78319271,1.58611012,1.57464490,0.00000000,2.26700280,2.02467754,0.86370542,0.00000000,1.29753339,1.14569360,1.21825071,0.00000000,1.78134349,1.58426102,1.57279601,0.00000000,2.26515358,2.02282843,true,0
2026,1,00-0039915,Ladd McConkey,WR,LAC,97.00000000,0.00000000,0.00000000,0.00000000,0.00000000,0.00000000,0.00000000,0.00000000,0.00000000,7.00000000,1.00000000,1.00000000,2.00000000,2.00000000,10.32115483,14.20000000,7.11608775,8.23786123,12.27723363,16.70000000,9.22447033,10.29293748,14.23331243,19.20000000,11.33285290,12.34801374,10.31933380,14.20000000,7.11795732,8.23843909,12.27541260,16.70000000,9.22633990,10.29351534,14.23149140,19.20000000,11.33472248,12.34859160,true,0
2026,2,00-0039915,Ladd McConkey,WR,LAC,34.00000000,0.00000000,0.00000000,0.00000000,0.00000000,0.00000000,0.00000000,0.00000000,0.00000000,3.00000000,0.00000000,0.00000000,0.00000000,0.00000000,2.75345389,3.50000000,8.23786123,6.31831866,3.70360809,5.00000000,10.29293748,7.98667220,4.65376229,6.50000000,12.34801374,9.65502573,2.75380909,3.50000000,8.23843909,6.31881859,3.70396329,5.00000000,10.29351534,7.98717213,4.65411749,6.50000000,12.34859160,9.65552566,true,0
2026,3,00-0039915,Ladd McConkey,WR,LAC,77.00000000,0.00000000,0.00000000,0.00000000,0.00000000,0.00000000,0.00000000,0.00000000,0.00000000,5.00000000,2.00000000,0.00000000,0.00000000,0.00000000,5.41490076,6.60000000,6.31831866,6.00212239,6.84751754,8.60000000,7.98667220,7.58796807,8.28013432,10.60000000,9.65502573,9.17381374,5.41683608,6.60000000,6.31881859,6.00312471,6.84945286,8.60000000,7.98717213,7.58897038,8.28206964,10.60000000,9.65552566,9.17481605,true,0
2026,4,00-0039915,Ladd McConkey,WR,LAC,20.00000000,0.00000000,0.00000000,0.00000000,0.00000000,0.00000000,0.00000000,0.00000000,0.00000000,2.00000000,0.00000000,0.00000000,0.00000000,0.00000000,1.72084945,0.00000000,6.00212239,4.50367686,2.36077273,0.00000000,7.58796807,5.75844970,3.00069601,0.00000000,9.17381374,7.01322253,1.72162153,0.00000000,6.00312471,4.50459860,2.36154481,0.00000000,7.58897038,5.75937143,3.00146809,0.00000000,9.17481605,7.01414427,true,0
2026,3,00-0039917,Michael Penix Jr.,QB,ATL,0.00000000,149.00000000,26.00000000,2.00000000,2.00000000,0.00000000,0.00000000,0.00000000,0.00000000,0.00000000,0.00000000,0.00000000,0.00000000,0.00000000,9.09474360,14.04000000,13.58239114,12.01171450,9.09950853,14.04000000,13.58696793,12.01635714,9.10427347,14.04000000,13.59154472,12.02099978,11.05684410,16.04000000,16.10369974,14.33730027,11.06160904,16.04000000,16.10827653,14.34194291,11.06637398,16.04000000,16.11285331,14.34658555,true,1
2026,4,00-0039917,Michael Penix Jr.,QB,ATL,0.00000000,130.00000000,20.00000000,1.00000000,4.00000000,0.00000000,0.00000000,0.00000000,0.00000000,0.00000000,0.00000000,0.00000000,0.00000000,0.00000000,8.26844749,12.72000000,12.01171450,10.70157105,8.27272151,12.72000000,12.01635714,10.70608467,8.27699553,12.72000000,12.02099978,10.71059830,10.16707388,14.72000000,14.33730027,12.87772103,10.17134790,14.72000000,14.34194291,12.88223466,10.17562192,14.72000000,14.34658555,12.88674828,true,1
2026,1,00-0039918,Caleb Williams,QB,CHI,0.00000000,319.00000000,29.00000000,2.00000000,5.00000000,10.00000000,3.00000000,1.00000000,3.00000000,0.00000000,0.00000000,0.00000000,0.00000000,0.00000000,24.94261854,37.26000000,16.83923455,19.67541895,24.95143228,37.26000000,16.84380577,19.68147505,24.96024603,37.26000000,16.84837699,19.68753115,27.71936808,41.26000000,19.73874823,22.53196518,27.72818183,41.26000000,19.74331945,22.53802128,27.73699557,41.26000000,19.74789067,22.54407739,true,2
2026,2,00-0039918,Caleb Williams,QB,CHI,0.00000000,118.00000000,26.00000000,1.00000000,3.00000000,5.00000000,0.00000000,0.00000000,1.00000000,0.00000000,0.00000000,0.00000000,0.00000000,0.00000000,11.99179385,7.72000000,19.67541895,16.98615016,11.99593212,7.72000000,19.68147505,16.99153502,12.00007039,7.72000000,19.68753115,16.99691989,13.70468261,7.72000000,22.53196518,19.44241628,13.70882088,7.72000000,22.53802128,19.44780114,13.71295915,7.72000000,22.54407739,19.45318600,true,0
2026,1,00-0039919,Rome Odunze,WR,CHI,90.00000000,0.00000000,0.00000000,0.00000000,0.00000000,0.00000000,0.00000000,0.00000000,0.00000000,3.00000000,2.00000000,0.00000000,0.00000000,0.00000000,4.68192999,5.20000000,9.28114681,7.67142092,5.22869534,6.20000000,11.48234372,9.29356679,5.77546070,7.20000000,13.68354064,10.91571266,4.68167017,5.20000000,9.28246646,7.67218776,5.22843553,6.20000000,11.48366338,9.29433363,5.77520088,7.20000000,13.68486029,10.91647950,true,0
2026,2,00-0039919,Rome Odunze,WR,CHI,47.00000000,0.00000000,0.00000000,0.00000000,0.00000000,0.00000000,0.00000000,0.00000000,0.00000000,4.00000000,1.00000000,0.00000000,0.00000000,0.00000000,3.80798162,4.30000000,7.67142092,6.31921716,5.05438690,5.80000000,9.29356679,7.80985383,6.30079218,7.30000000,10.91571266,9.30049049,3.80975482,4.30000000,7.67218776,6.32033623,5.05616010,5.80000000,9.29433363,7.81097289,6.30256538,7.30000000,10.91647950,9.30160956,true,0
2026,3,00-0039919,Rome Odunze,WR,CHI,87.00000000,0.00000000,0.00000000,0.00000000,0.00000000,0.00000000,0.00000000,0.00000000,0.00000000,6.00000000,2.00000000,1.00000000,1.00000000,2.00000000,8.56489259,4.40000000,6.31921716,7.10520356,10.20840095,5.90000000,7.80985383,8.64934532,11.85190930,7.40000000,9.30049049,10.19348707,8.56652426,4.40000000,6.32033623,7.10650204,10.21003261,5.90000000,7.81097289,8.65064380,11.85354097,7.40000000,9.30160956,10.19478555,true,0
2026,4,00-0039919,Rome Odunze,WR,CHI,81.00000000,0.00000000,0.00000000,0.00000000,0.00000000,0.00000000,0.00000000,0.00000000,0.00000000,7.00000000,1.00000000,0.00000000,0.00000000,0.00000000,6.64584606,9.40000000,7.10520356,6.94442844,8.87472743,12.40000000,8.64934532,8.72822906,11.10360880,15.40000000,10.19348707,10.51202968,6.64695961,9.40000000,7.10650204,6.94566219,8.87584098,12.40000000,8.65064380,8.72946281,11.10472235,15.40000000,10.19478555,10.51326343,true,0
2026,2,00-0040024,Darius Cooper,WR,PHI,25.00000000,0.00000000,0.00000000,0.00000000,0.00000000,0.00000000,0.00000000,0.00000000,0.00000000,3.00000000,0.00000000,1.00000000,1.00000000,1.00000000,4.45306432,8.60000000,1.90576010,2.79731658,5.34254797,9.60000000,2.61011193,3.56646455,6.23203163,10.60000000,3.31446376,4.33561252,4.45319314,8.60000000,1.90687488,2.79808627,5.34267679,9.60000000,2.61122671,3.56723424,6.23216044,10.60000000,3.31557855,4.33638221,true,0
2026,4,00-0040024,Darius Cooper,WR,PHI,98.00000000,0.00000000,0.00000000,0.00000000,0.00000000,0.00000000,0.00000000,0.00000000,0.00000000,7.00000000,1.00000000,2.00000000,2.00000000,3.00000000,11.43765226,15.30000000,2.79731658,5.82143406,13.31233623,16.80000000,3.56646455,6.97751964,15.18702020,18.30000000,4.33561252,8.13360521,11.43643640,15.30000000,2.79808627,5.82150881,13.31112037,16.80000000,3.56723424,6.97759439,15.18580434,18.30000000,4.33638221,8.13367996,true,0
2026,1,00-0040075,LaJohntay Wester,WR,BAL,11.00000000,0.00000000,0.00000000,0.00000000,0.00000000,0.00000000,0.00000000,0.00000000,0.00000000,2.00000000,0.00000000,0.00000000,0.00000000,0.00000000,1.42840693,1.50000000,3.40000000,2.70994243,2.12658646,2.50000000,4.00000000,3.34430526,2.82476600,3.50000000,4.60000000,3.97866810,1.42984389,1.50000000,3.40000000,2.71044536,2.12802343,2.50000000,4.00000000,3.34480820,2.82620296,3.50000000,4.60000000,3.97917104,false,0
2026,2,00-0040075,LaJohntay Wester,WR,BAL,10.00000000,0.00000000,0.00000000,0.00000000,0.00000000,0.00000000,0.00000000,0.00000000,0.00000000,2.00000000,0.00000000,0.00000000,0.00000000,0.00000000,1.39591332,1.40000000,2.70994243,2.25003224,2.10056577,1.90000000,3.34430526,2.90899644,2.80521822,2.40000000,3.97866810,3.56796064,1.39742415,1.40000000,2.71044536,2.25088794,2.10207661,1.90000000,3.34480820,2.90985214,2.80672906,2.40000000,3.97917104,3.56881634,false,0
2026,3,00-0040078,Brashard Smith,RB,KC,-3.00000000,0.00000000,0.00000000,0.00000000,0.00000000,0.00000000,0.00000000,0.00000000,0.00000000,1.00000000,0.00000000,0.00000000,0.00000000,1.00000000,0.33855706,0.40000000,3.14769788,2.16449859,0.73559012,0.90000000,4.08521249,2.91284466,1.13262317,1.40000000,5.02272711,3.66119073,0.33774261,0.40000000,3.14812789,2.16449304,0.73477566,0.90000000,4.08564251,2.91283911,1.13180872,1.40000000,5.02315712,3.66118518,true,0
2026,1,00-0040081,Jake Briningstool,TE,KC,4.00000000,0.00000000,0.00000000,0.00000000,0.00000000,0.00000000,0.00000000,0.00000000,0.00000000,1.00000000,0.00000000,0.00000000,0.00000000,0.00000000,0.75648334,0.90000000,2.55000000,1.92226917,1.12941320,1.40000000,3.00000000,2.34529462,1.50234307,1.90000000,3.45000000,2.76832007,0.75454272,0.90000000,2.55000000,1.92158995,1.12747259,1.40000000,3.00000000,2.34461541,1.50040246,1.90000000,3.45000000,2.76764086,false,0
2026,3,00-0040081,Jake Briningstool,TE,KC,6.00000000,0.00000000,0.00000000,0.00000000,0.00000000,0.00000000,0.00000000,0.00000000,0.00000000,1.00000000,0.00000000,0.00000000,0.00000000,0.00000000,0.82919732,0.00000000,1.92226917,1.53969402,1.18987080,0.00000000,2.34529462,1.94089628,1.55054429,0.00000000,2.76832007,2.34209855,0.82731785,0.00000000,1.92158995,1.53859472,1.18799134,0.00000000,2.34461541,1.93979698,1.54866482,0.00000000,2.76764086,2.34099925,false,0
2026,1,00-0040122,Ashton Jeanty,RB,LV,18.00000000,0.00000000,0.00000000,0.00000000,0.00000000,23.00000000,0.00000000,0.00000000,3.00000000,6.00000000,0.00000000,0.00000000,0.00000000,4.00000000,17.77886704,26.70000000,12.34769294,14.24860387,19.95657665,29.70000000,14.07509309,16.13361234,22.13428626,32.70000000,15.80249325,18.01862080,17.77980989,26.70000000,12.35289749,14.25231683,19.95751950,29.70000000,14.08029765,16.13732529,22.13522911,32.70000000,15.80769780,18.02233376,true,0
2026,2,00-0040122,Ashton Jeanty,RB,LV,2.00000000,0.00000000,0.00000000,0.00000000,0.00000000,21.00000000,4.00000000,4.00000000,6.00000000,7.00000000,0.00000000,0.00000000,0.00000000,0.00000000,21.48212443,6.30000000,14.24860387,16.78033607,24.23901628,8.30000000,16.13361234,18.97050372,26.99590814,10.30000000,18.01862080,21.16067137,21.48880207,6.30000000,14.25231683,16.78508666,24.24569393,8.30000000,16.13732529,18.97525432,27.00258578,10.30000000,18.02233376,21.16542197,true,0
2026,3,00-0040122,Ashton Jeanty,RB,LV,13.00000000,0.00000000,0.00000000,0.00000000,0.00000000,19.00000000,3.00000000,2.00000000,6.00000000,4.00000000,0.00000000,0.00000000,1.00000000,1.00000000,18.75323843,9.30000000,16.78033607,17.47085189,20.23771780,10.80000000,18.97050372,19.41402865,21.72219716,12.30000000,21.16067137,21.35720540,18.76051060,9.30000000,16.78508666,17.47648504,20.24498996,10.80000000,18.97525432,19.41966179,21.72946933,12.30000000,21.16542197,21.36283854,true,0
2026,4,00-0040122,Ashton Jeanty,RB,LV,10.00000000,0.00000000,0.00000000,0.00000000,0.00000000,15.00000000,0.00000000,0.00000000,0.00000000,8.00000000,0.00000000,0.00000000,0.00000000,2.00000000,12.79846653,12.60000000,17.47085189,15.83551702,15.83091766,15.60000000,19.41402865,18.15993980,18.86336878,18.60000000,21.35720540,20.48436258,12.79722936,12.60000000,17.47648504,15.83874555,15.82968048,15.60000000,19.41966179,18.16316833,18.86213161,18.60000000,21.36283854,20.48759112,true,0
2026,1,00-0040124,Tetairoa McMillan,WR,CAR,119.00000000,0.00000000,0.00000000,0.00000000,0.00000000,0.00000000,0.00000000,0.00000000,0.00000000,8.00000000,2.00000000,0.00000000,0.00000000,1.00000000,8.76802300,5.50000000,7.90564669,8.20747840,11.12502832,8.00000000,10.12239575,10.47331715,13.48203364,10.50000000,12.33914482,12.73915590,8.76941666,5.50000000,7.90719212,8.20897071,11.12642198,8.00000000,10.12394118,10.47480946,13.48342730,10.50000000,12.34069025,12.74064822,true,0
2026,2,00-0040124,Tetairoa McMillan,WR,CAR,132.00000000,0.00000000,0.00000000,0.00000000,0.00000000,0.00000000,0.00000000,0.00000000,0.00000000,10.00000000,4.00000000,2.00000000,3.00000000,3.00000000,15.34681649,10.10000000,8.20747840,10.70624673,18.09861341,12.60000000,10.47331715,13.14217084,20.85041033,15.10000000,12.73915590,15.57809495,15.34865371,10.10000000,8.20897071,10.70785976,18.10045063,12.60000000,10.47480946,13.14378387,20.85224755,15.10000000,12.74064822,15.57970798,true,0
2026,3,00-0040124,Tetairoa McMillan,WR,CAR,44.00000000,0.00000000,0.00000000,0.00000000,0.00000000,0.00000000,0.00000000,0.00000000,0.00000000,5.00000000,0.00000000,1.00000000,1.00000000,1.00000000,6.22583070,1.70000000,10.70624673,9.13810112,7.79403244,2.70000000,13.14217084,11.27032240,9.36223418,3.70000000,15.57809495,13.40254368,6.22579063,1.70000000,10.70785976,9.13913556,7.79399237,2.70000000,13.14378387,11.27135685,9.36219411,3.70000000,15.57970798,13.40357813,true,0
2026,4,00-0040124,Tetairoa McMillan,WR,CAR,152.00000000,0.00000000,0.00000000,0.00000000,0.00000000,0.00000000,0.00000000,0.00000000,0.00000000,16.00000000,2.00000000,1.00000000,1.00000000,1.00000000,16.19860722,31.20000000,9.13810112,11.60927825,21.43619772,38.20000000,11.27032240,14.82837876,26.67378823,45.20000000,13.40254368,18.04747927,16.20090173,31.20000000,9.13913556,11.61075372,21.43849224,38.20000000,11.27135685,14.82985423,26.67608274,45.20000000,13.40357813,18.04895474,true,0
2026,1,00-0040126,Colston Loveland,TE,CHI,30.00000000,0.00000000,0.00000000,0.00000000,0.00000000,0.00000000,0.00000000,0.00000000,0.00000000,2.00000000,0.00000000,1.00000000,0.00000000,1.00000000,3.91278258,0.00000000,5.93576319,5.22771998,4.46050718,0.00000000,7.67166212,6.54775789,5.00823178,0.00000000,9.40756106,7.86779581,3.91074504,0.00000000,5.93703676,5.22783466,4.45846964,0.00000000,7.67293570,6.54787258,5.00619424,0.00000000,9.40883463,7.86791049,true,0
2026,2,00-0040126,Colston Loveland,TE,CHI,13.00000000,0.00000000,0.00000000,0.00000000,0.00000000,0.00000000,0.00000000,0.00000000,0.00000000,3.00000000,0.00000000,1.00000000,0.00000000,1.00000000,3.82007253,0.30000000,5.22771998,4.73504337,4.87784018,0.80000000,6.54775789,5.96328669,5.93560783,1.30000000,7.86779581,7.19153002,3.81700623,0.30000000,5.22783466,4.73404471,4.87477388,0.80000000,6.54787258,5.96228803,5.93254153,1.30000000,7.86791049,7.19053136,true,0
2026,3,00-0040126,Colston Loveland,TE,CHI,4.00000000,0.00000000,0.00000000,0.00000000,0.00000000,0.00000000,0.00000000,0.00000000,0.00000000,4.00000000,0.00000000,0.00000000,1.00000000,1.00000000,3.88879396,3.10000000,4.73504337,4.43885608,5.44172394,5.10000000,5.96328669,5.78073973,6.99465392,7.10000000,7.19153002,7.12262338,3.88703878,3.10000000,4.73404471,4.43759263,5.43996876,5.10000000,5.96228803,5.77947629,6.99289873,7.10000000,7.19053136,7.12135994,true,0
2026,4,00-0040126,Colston Loveland,TE,CHI,55.00000000,0.00000000,0.00000000,0.00000000,0.00000000,0.00000000,0.00000000,0.00000000,0.00000000,9.00000000,0.00000000,0.00000000,1.00000000,3.00000000,9.66034950,5.70000000,4.43885608,6.26637878,12.93609945,8.70000000,5.78073973,8.28511563,16.21184939,11.70000000,7.12262338,10.30385249,9.65767524,5.70000000,4.43759263,6.26462155,12.93342519,8.70000000,5.77947629,8.28335840,16.20917513,11.70000000,7.12135994,10.30209526,true,0
2026,1,00-0040128,Tyler Warren,TE,IND,23.00000000,0.00000000,0.00000000,0.00000000,0.00000000,0.00000000,0.00000000,0.00000000,0.00000000,5.00000000,0.00000000,0.00000000,1.00000000,1.00000000,5.10493558,7.30000000,7.16662718,6.44503512,6.94729375,8.80000000,9.60450151,8.67447879,8.78965192,10.30000000,12.04237583,10.90392246,5.10325232,7.30000000,7.18363856,6.45550338,6.94561049,8.80000000,9.62151289,8.68494705,8.78796866,10.30000000,12.05938721,10.91439072,true,0
2026,2,00-0040128,Tyler Warren,TE,IND,-13.00000000,0.00000000,0.00000000,0.00000000,0.00000000,1.00000000,0.00000000,0.00000000,0.00000000,7.00000000,0.00000000,1.00000000,1.00000000,2.00000000,7.68310875,8.40000000,6.44503512,6.87836089,10.48833212,11.40000000,8.67447879,9.30932746,13.29355549,14.40000000,10.90392246,11.74029402,7.73476077,8.40000000,6.45550338,6.90324346,10.53998414,11.40000000,8.68494705,9.33421003,13.34520750,14.40000000,10.91439072,11.76517659,true,0
2026,3,00-0040128,Tyler Warren,TE,IND,28.00000000,0.00000000,0.00000000,0.00000000,0.00000000,1.00000000,0.00000000,0.00000000,0.00000000,10.00000000,0.00000000,0.00000000,0.00000000,0.00000000,7.50792881,5.70000000,6.87836089,7.09870966,11.38881524,10.20000000,9.30932746,10.03714818,15.26970167,14.70000000,11.74029402,12.97558670,7.55797791,5.70000000,6.90324346,7.13240052,11.43886434,10.20000000,9.33421003,10.07083904,15.31975077,14.70000000,11.76517659,13.00927755,true,0
2026,4,00-0040128,Tyler Warren,TE,IND,21.00000000,0.00000000,0.00000000,0.00000000,0.00000000,0.00000000,0.00000000,0.00000000,0.00000000,5.00000000,0.00000000,0.00000000,0.00000000,0.00000000,3.47598735,4.10000000,7.09870966,5.83075685,5.36819322,6.60000000,10.03714818,8.40301394,7.26039909,9.10000000,12.97558670,10.97527103,3.47253055,4.10000000,7.13240052,5.85144603,5.36473642,6.60000000,10.07083904,8.42370312,7.25694229,9.10000000,13.00927755,10.99596021,true,0
2026,1,00-0040129,Emeka Egbuka,WR,TB,84.00000000,0.00000000,0.00000000,0.00000000,0.00000000,0.00000000,0.00000000,0.00000000,0.00000000,6.00000000,1.00000000,0.00000000,0.00000000,0.00000000,6.16563303,6.30000000,8.64519316,7.77734712,7.97424390,8.80000000,10.93938571,9.90158607,9.78285476,11.30000000,13.23357825,12.02582503,6.16590758,6.30000000,8.64777720,7.77912284,7.97451845,8.80000000,10.94196974,9.90336179,9.78312931,11.30000000,13.23616228,12.02760074,true,0
2026,2,00-0040129,Emeka Egbuka,WR,TB,75.00000000,0.00000000,0.00000000,0.00000000,0.00000000,1.00000000,0.00000000,0.00000000,0.00000000,5.00000000,2.00000000,2.00000000,1.00000000,2.00000000,9.30248551,7.30000000,7.77734712,8.31114555,10.57029476,8.80000000,9.90158607,10.13563411,11.83810400,10.30000000,12.02582503,11.96012267,9.30612759,7.30000000,7.77912284,8.31357450,10.57393684,8.80000000,9.90336179,10.13806306,11.84174609,10.30000000,12.02760074,11.96255162,true,0
2026,3,00-0040129,Emeka Egbuka,WR,TB,91.00000000,0.00000000,0.00000000,0.00000000,0.00000000,0.00000000,0.00000000,0.00000000,0.00000000,9.00000000,0.00000000,0.00000000,0.00000000,0.00000000,8.07175304,6.20000000,8.31114555,8.22735817,11.05806150,8.70000000,10.13563411,10.45848370,14.04436996,11.20000000,11.96012267,12.68960922,8.07160158,6.20000000,8.31357450,8.22888398,11.05791003,8.70000000,10.13806306,10.46000950,14.04421849,11.20000000,11.96255162,12.69113502,true,0
2026,4,00-0040129,Emeka Egbuka,WR,TB,18.00000000,0.00000000,0.00000000,0.00000000,0.00000000,0.00000000,0.00000000,0.00000000,0.00000000,4.00000000,0.00000000,1.00000000,1.00000000,1.00000000,4.80330290,1.30000000,8.22735817,7.02893883,6.13894872,2.30000000,10.45848370,8.94664646,7.47459455,3.30000000,12.68960922,10.86435408,4.80456622,1.30000000,8.22888398,7.03037276,6.14021204,2.30000000,10.46000950,8.94808039,7.47585787,3.30000000,12.69113502,10.86578802,true,0
2026,2,00-0040131,Kyle Williams,WR,NE,23.00000000,0.00000000,0.00000000,0.00000000,0.00000000,0.00000000,0.00000000,0.00000000,0.00000000,2.00000000,0.00000000,0.00000000,0.00000000,0.00000000,1.81833028,1.00000000,2.14441805,2.03028733,2.43883482,1.50000000,2.53979257,2.50445736,3.05933935,2.00000000,2.93516710,2.97862739,1.81888074,1.00000000,2.14550868,2.03118890,2.43938527,1.50000000,2.54088321,2.50535893,3.05988980,2.00000000,2.93625773,2.97952896,true,0
2026,3,00-0040131,Kyle Williams,WR,NE,53.00000000,0.00000000,0.00000000,0.00000000,0.00000000,0.00000000,0.00000000,0.00000000,0.00000000,3.00000000,2.00000000,0.00000000,0.00000000,0.00000000,3.47966631,3.40000000,2.03028733,2.53756997,4.26592959,3.90000000,2.50445736,3.12097264,5.05219287,4.40000000,2.97862739,3.70437530,3.48213989,3.40000000,2.03118890,2.53902175,4.26840317,3.90000000,2.50535893,3.12242441,5.05466645,4.40000000,2.97952896,3.70582708,true,0
2026,4,00-0040131,Kyle Williams,WR,NE,18.00000000,0.00000000,0.00000000,0.00000000,0.00000000,0.00000000,0.00000000,0.00000000,0.00000000,2.00000000,1.00000000,1.00000000,0.00000000,0.00000000,2.53897402,0.00000000,2.53756997,2.53806139,3.10277269,0.00000000,3.12097264,3.11460266,3.66657136,0.00000000,3.70437530,3.69114393,2.54162492,0.00000000,2.53902175,2.53993286,3.10542359,0.00000000,3.12242441,3.11647413,3.66922226,0.00000000,3.70582708,3.69301539,true,0
2026,1,00-0040134,Pat Bryant,WR,DEN,25.00000000,0.00000000,0.00000000,0.00000000,0.00000000,0.00000000,0.00000000,0.00000000,0.00000000,6.00000000,0.00000000,0.00000000,0.00000000,0.00000000,4.19409298,4.20000000,4.01384828,4.07693392,6.40505869,6.20000000,5.36005475,5.72580613,8.61602440,8.20000000,6.70626122,7.37467834,4.19696519,4.20000000,4.01539122,4.07894211,6.40793090,6.20000000,5.36159770,5.72781432,8.61889661,8.20000000,6.70780417,7.37668653,true,0
2026,2,00-0040134,Pat Bryant,WR,DEN,5.00000000,0.00000000,0.00000000,0.00000000,0.00000000,1.00000000,0.00000000,0.00000000,0.00000000,1.00000000,0.00000000,0.00000000,0.00000000,0.00000000,1.53226660,1.60000000,4.07693392,3.18630036,1.88452723,1.60000000,5.72580613,4.38135851,2.23678785,1.60000000,7.37467834,5.57641667,1.53530068,1.60000000,4.07894211,3.18866761,1.88756130,1.60000000,5.72781432,4.38372576,2.23982192,1.60000000,7.37668653,5.57878391,true,0
2026,3,00-0040134,Pat Bryant,WR,DEN,19.00000000,0.00000000,0.00000000,0.00000000,0.00000000,0.00000000,0.00000000,0.00000000,0.00000000,3.00000000,0.00000000,1.00000000,2.00000000,2.00000000,5.42146066,12.40000000,3.18630036,3.96860647,6.29947272,13.40000000,4.38135851,5.05269848,7.17748477,14.40000000,5.57641667,6.13679050,5.42117142,12.40000000,3.18866761,3.97004394,6.29918347,13.40000000,4.38372576,5.05413596,7.17719553,14.40000000,5.57878391,6.13822798,true,0
2026,4,00-0040134,Pat Bryant,WR,DEN,31.00000000,0.00000000,0.00000000,0.00000000,0.00000000,0.00000000,0.00000000,0.00000000,0.00000000,3.00000000,0.00000000,0.00000000,0.00000000,0.00000000,2.65597306,4.70000000,3.96860647,3.50918477,3.62554601,6.20000000,5.05269848,4.55319512,4.59511896,7.70000000,6.13679050,5.59720546,2.65654988,4.70000000,3.97004394,3.51032102,3.62612283,6.20000000,5.05413596,4.55433137,4.59569578,7.70000000,6.13822798,5.59834171,true,0
2026,1,00-0040138,Jaylin Noel,WR,HOU,26.00000000,0.00000000,0.00000000,0.00000000,0.00000000,0.00000000,0.00000000,0.00000000,0.00000000,2.00000000,0.00000000,0.00000000,0.00000000,0.00000000,1.91581112,5.30000000,2.89093493,2.54964160,2.51689690,6.30000000,3.69101536,3.28007390,3.11798268,7.30000000,4.49109580,4.01050621,1.91613995,5.30000000,2.89455200,2.55210778,2.51722573,6.30000000,3.69463243,3.28254009,3.11831151,7.30000000,4.49471287,4.01297239,true,0
2026,2,00-0040138,Jaylin Noel,WR,HOU,39.00000000,0.00000000,0.00000000,0.00000000,0.00000000,1.00000000,0.00000000,0.00000000,0.00000000,5.00000000,1.00000000,0.00000000,0.00000000,0.00000000,5.00224180,4.40000000,2.54964160,3.40805167,6.71737751,4.90000000,3.28007390,4.48313017,8.43251323,5.40000000,4.01050621,5.55820866,5.00699462,4.40000000,2.55210778,3.41131817,6.72213033,4.90000000,3.28254009,4.48639667,8.43726604,5.40000000,4.01297239,5.56147517,true,0
2026,3,00-0040138,Jaylin Noel,WR,HOU,16.00000000,0.00000000,0.00000000,0.00000000,0.00000000,1.00000000,0.00000000,0.00000000,0.00000000,2.00000000,0.00000000,0.00000000,0.00000000,0.00000000,2.46739021,2.50000000,3.40805167,3.07882016,3.14930050,3.50000000,4.48313017,4.01628978,3.83121080,4.50000000,5.55820866,4.95375941,2.47022903,2.50000000,3.41131817,3.08193697,3.15213932,3.50000000,4.48639667,4.01940660,3.83404961,4.50000000,5.56147517,4.95687622,true,0
2026,4,00-0040138,Jaylin Noel,WR,HOU,70.00000000,0.00000000,0.00000000,0.00000000,0.00000000,1.00000000,0.00000000,0.00000000,0.00000000,3.00000000,2.00000000,0.00000000,0.00000000,0.00000000,4.90857295,8.90000000,3.07882016,3.71923364,5.60089198,10.40000000,4.01628978,4.57090055,6.29321102,11.90000000,4.95375941,5.42256747,4.91156188,8.90000000,3.08193697,3.72230569,5.60388091,10.40000000,4.01940660,4.57397261,6.29619995,11.90000000,4.95687622,5.42563953,true,0
2026,2,00-0040142,Kaleb Johnson,RB,GB,0.00000000,0.00000000,0.00000000,0.00000000,0.00000000,8.00000000,0.00000000,0.00000000,0.00000000,0.00000000,0.00000000,0.00000000,0.00000000,0.00000000,4.06955117,3.20000000,1.39513674,2.33118179,4.05212540,3.20000000,1.47047195,2.37405066,4.03469962,3.20000000,1.54580716,2.41691952,4.07345763,3.20000000,1.39632749,2.33332304,4.05603185,3.20000000,1.47166270,2.37619190,4.03860608,3.20000000,1.54699791,2.41906077,true,0
2026,3,00-0040142,Kaleb Johnson,RB,GB,-1.00000000,0.00000000,0.00000000,0.00000000,0.00000000,4.00000000,0.00000000,0.00000000,0.00000000,3.00000000,0.00000000,0.00000000,0.00000000,0.00000000,3.37102309,1.60000000,2.33118179,2.69512625,4.54783081,2.10000000,2.37405066,3.13487371,5.72463854,2.60000000,2.41691952,3.57462118,3.37076340,1.60000000,2.33332304,2.69642717,4.54757113,2.10000000,2.37619190,3.13617463,5.72437886,2.60000000,2.41906077,3.57592210,true,0
2026,4,00-0040142,Kaleb Johnson,RB,GB,0.00000000,0.00000000,0.00000000,0.00000000,0.00000000,8.00000000,2.00000000,2.00000000,2.00000000,0.00000000,0.00000000,0.00000000,0.00000000,0.00000000,7.07480075,2.20000000,2.69512625,4.22801232,7.06984820,2.20000000,3.13487371,4.51211478,7.06489565,2.20000000,3.57462118,4.79621724,7.08033483,2.20000000,2.69642717,4.23079485,7.07538227,2.20000000,3.13617463,4.51489731,7.07042972,2.20000000,3.57592210,4.79899977,true,0
2026,3,00-0040154,Tai Felton,WR,MIN,8.00000000,0.00000000,0.00000000,0.00000000,0.00000000,0.00000000,0.00000000,0.00000000,0.00000000,2.00000000,0.00000000,0.00000000,0.00000000,0.00000000,1.33092609,0.00000000,1.30931993,1.31688208,2.04852438,0.00000000,1.71791680,1.83362945,2.76612266,0.00000000,2.12651368,2.35037682,1.33258468,0.00000000,1.31034093,1.31812624,2.05018296,0.00000000,1.71893781,1.83487361,2.76778125,0.00000000,2.12753469,2.35162098,true,0
2026,4,00-0040154,Tai Felton,WR,MIN,8.00000000,0.00000000,0.00000000,0.00000000,0.00000000,0.00000000,0.00000000,0.00000000,0.00000000,1.00000000,0.00000000,0.00000000,0.00000000,0.00000000,0.75323222,1.40000000,1.31688208,1.11960463,1.06997875,1.90000000,1.83362945,1.56635171,1.38672528,2.40000000,2.35037682,2.01309878,0.75427344,1.40000000,1.31812624,1.12077776,1.07101997,1.90000000,1.83487361,1.56752484,1.38776650,2.40000000,2.35162098,2.01427191,true,0
2026,1,00-0040164,Jaylin Lane,WR,WAS,4.00000000,0.00000000,0.00000000,0.00000000,0.00000000,0.00000000,0.00000000,0.00000000,0.00000000,1.00000000,0.00000000,0.00000000,0.00000000,0.00000000,0.62325777,0.40000000,2.79588233,2.03546373,0.96589597,0.90000000,3.50580409,2.61683625,1.30853417,1.40000000,4.21572586,3.19820877,0.62459449,0.40000000,2.79717468,2.03677161,0.96723269,0.90000000,3.50709644,2.61814413,1.30987088,1.40000000,4.21701821,3.19951665,true,0
2026,3,00-0040164,Jaylin Lane,WR,WAS,-2.00000000,0.00000000,0.00000000,0.00000000,0.00000000,0.00000000,0.00000000,0.00000000,0.00000000,1.00000000,0.00000000,0.00000000,0.00000000,0.00000000,0.42829609,2.10000000,2.03546373,1.47295506,0.80977179,2.60000000,2.61683625,1.98436369,1.19124749,3.10000000,3.19820877,2.49577232,0.43007606,2.10000000,2.03677161,1.47442817,0.81155176,2.60000000,2.61814413,1.98583680,1.19302746,3.10000000,3.19951665,2.49724543,true,0
2026,1,00-0040170,Elic Ayomanor,WR,TEN,41.00000000,0.00000000,0.00000000,0.00000000,0.00000000,0.00000000,0.00000000,0.00000000,0.00000000,3.00000000,1.00000000,1.00000000,0.00000000,2.00000000,4.37463878,7.10000000,6.25590206,5.59745992,5.17780369,7.60000000,7.92939161,6.96633584,5.98096860,8.10000000,9.60288116,8.33521176,4.37762590,7.10000000,6.25688760,5.59914600,5.18079081,7.60000000,7.93037714,6.96802193,5.98395571,8.10000000,9.60386669,8.33689785,true,0
2026,2,00-0040170,Elic Ayomanor,WR,TEN,33.00000000,0.00000000,0.00000000,0.00000000,0.00000000,0.00000000,0.00000000,0.00000000,0.00000000,3.00000000,0.00000000,1.00000000,1.00000000,1.00000000,4.71301322,6.90000000,5.59745992,5.28790357,5.55071354,7.90000000,6.96633584,6.47086803,6.38841386,8.90000000,8.33521176,7.65383249,4.71255103,6.90000000,5.59914600,5.28883776,5.55025135,7.90000000,6.96802193,6.47180222,6.38795167,8.90000000,8.33689785,7.65476669,true,0
2026,3,00-0040170,Elic Ayomanor,WR,TEN,23.00000000,0.00000000,0.00000000,0.00000000,0.00000000,0.00000000,0.00000000,0.00000000,0.00000000,3.00000000,0.00000000,1.00000000,1.00000000,2.00000000,4.64338599,1.10000000,5.28790357,5.06232242,5.53951126,1.60000000,6.47086803,6.14489316,6.43563653,2.10000000,7.65383249,7.22746391,4.64437155,1.10000000,5.28883776,5.06327459,5.54049682,1.60000000,6.47180222,6.14584533,6.43662210,2.10000000,7.65476669,7.22841608,true,0
2026,4,00-0040170,Elic Ayomanor,WR,TEN,20.00000000,0.00000000,0.00000000,0.00000000,0.00000000,0.00000000,0.00000000,0.00000000,0.00000000,1.00000000,1.00000000,0.00000000,0.00000000,0.00000000,1.19757246,2.20000000,5.06232242,3.70965993,1.41619124,2.70000000,6.14489316,4.48984749,1.63481002,3.20000000,7.22746391,5.27003505,1.19948818,2.20000000,5.06327459,3.71094935,1.41810696,2.70000000,6.14584533,4.49113690,1.63672574,3.20000000,7.22841608,5.27132446,true,0
2026,3,00-0040172,Jordan Watkins,WR,SF,33.00000000,0.00000000,0.00000000,0.00000000,0.00000000,0.00000000,0.00000000,0.00000000,0.00000000,2.00000000,0.00000000,0.00000000,0.00000000,0.00000000,2.14326641,6.00000000,2.44037147,2.33638470,2.69904178,7.00000000,2.95526548,2.86558718,3.25481714,8.00000000,3.47015950,3.39478967,2.14307811,6.00000000,2.44054776,2.33643338,2.69885347,7.00000000,2.95544177,2.86563587,3.25462884,8.00000000,3.47033579,3.39483835,true,0
2026,2,00-0040177,Jordan James,RB,SF,0.00000000,0.00000000,0.00000000,0.00000000,0.00000000,4.00000000,0.00000000,0.00000000,0.00000000,0.00000000,0.00000000,0.00000000,0.00000000,0.00000000,1.85966512,1.50000000,3.40000000,2.86088279,1.84566510,1.50000000,4.00000000,3.24598278,1.83166508,1.50000000,4.60000000,3.63108278,1.86166764,1.50000000,3.40000000,2.86158367,1.84766762,1.50000000,4.00000000,3.24668367,1.83366761,1.50000000,4.60000000,3.63178366,false,0
2026,1,00-0040187,Mitchell Evans,TE,CAR,9.00000000,0.00000000,0.00000000,0.00000000,0.00000000,0.00000000,0.00000000,0.00000000,0.00000000,2.00000000,0.00000000,1.00000000,1.00000000,2.00000000,4.70552002,0.90000000,2.00783867,2.95202714,5.34434530,1.40000000,2.71725774,3.63673838,5.98317059,1.90000000,3.42667680,4.32144963,4.70455281,0.90000000,2.01014879,2.95319019,5.34337809,1.40000000,2.71956785,3.63790144,5.98220337,1.90000000,3.42898692,4.32261268,true,0
2026,2,00-0040187,Mitchell Evans,TE,CAR,-1.00000000,0.00000000,0.00000000,0.00000000,0.00000000,0.00000000,0.00000000,0.00000000,0.00000000,1.00000000,0.00000000,0.00000000,0.00000000,0.00000000,0.57469838,1.30000000,2.95202714,2.11996208,0.97826920,1.80000000,3.63673838,2.70627417,1.38184002,2.30000000,4.32144963,3.29258627,0.57260490,1.30000000,2.95319019,2.11998534,0.97617572,1.80000000,3.63790144,2.70629743,1.37974653,2.30000000,4.32261268,3.29260953,true,0
2026,3,00-0040187,Mitchell Evans,TE,CAR,17.00000000,0.00000000,0.00000000,0.00000000,0.00000000,0.00000000,0.00000000,0.00000000,0.00000000,3.00000000,0.00000000,0.00000000,0.00000000,0.00000000,2.27984180,3.60000000,2.11996208,2.17591998,3.38483281,5.10000000,2.70627417,2.94376970,4.48982382,6.60000000,3.29258627,3.71161941,2.27728068,3.60000000,2.11998534,2.17503871,3.38227169,5.10000000,2.70629743,2.94288842,4.48726270,6.60000000,3.29260953,3.71073814,true,0
2026,4,00-0040187,Mitchell Evans,TE,CAR,8.00000000,0.00000000,0.00000000,0.00000000,0.00000000,0.00000000,0.00000000,0.00000000,0.00000000,1.00000000,0.00000000,0.00000000,0.00000000,0.00000000,0.90191130,0.80000000,2.17591998,1.73001694,1.25032840,1.30000000,2.94376970,2.35106524,1.59874551,1.80000000,3.71161941,2.97211354,0.90009298,0.80000000,2.17503871,1.72880771,1.24851009,1.30000000,2.94288842,2.34985601,1.59692719,1.80000000,3.71073814,2.97090431,true,0
2026,1,00-0040189,Oronde Gadsden II,TE,LAC,7.00000000,0.00000000,0.00000000,0.00000000,0.00000000,0.00000000,0.00000000,0.00000000,0.00000000,2.00000000,0.00000000,0.00000000,0.00000000,0.00000000,1.39091310,3.20000000,5.34155843,3.95883257,2.15132221,4.20000000,6.87004593,5.21849263,2.91173131,5.20000000,8.39853342,6.47815269,1.38855522,3.20000000,5.33930055,3.95653969,2.14896433,4.20000000,6.86778805,5.21619975,2.90937343,5.20000000,8.39627554,6.47585980,true,0
2026,2,00-0040189,Oronde Gadsden II,TE,LAC,18.00000000,0.00000000,0.00000000,0.00000000,0.00000000,0.00000000,0.00000000,0.00000000,0.00000000,2.00000000,0.00000000,1.00000000,1.00000000,1.00000000,4.38745541,7.80000000,3.95883257,4.10885056,4.96810767,8.80000000,5.21849263,5.13085789,5.54875992,9.80000000,6.47815269,6.15286522,4.38673009,7.80000000,3.95653969,4.10710633,4.96738234,8.80000000,5.21619975,5.12911365,5.54803460,9.80000000,6.47585980,6.15112098,true,0
2026,3,00-0040189,Oronde Gadsden II,TE,LAC,28.00000000,0.00000000,0.00000000,0.00000000,0.00000000,0.00000000,0.00000000,0.00000000,0.00000000,3.00000000,0.00000000,0.00000000,0.00000000,1.00000000,3.32504622,0.00000000,4.10885056,3.83451904,4.36564645,0.00000000,5.13085789,4.86303389,5.40624668,0.00000000,6.15286522,5.89154873,3.32285470,0.00000000,4.10710633,3.83261826,4.36345494,0.00000000,5.12911365,4.86113310,5.40405517,0.00000000,6.15112098,5.88964795,true,0
2026,4,00-0040189,Oronde Gadsden II,TE,LAC,41.00000000,0.00000000,0.00000000,0.00000000,0.00000000,1.00000000,0.00000000,0.00000000,0.00000000,8.00000000,0.00000000,0.00000000,0.00000000,1.00000000,7.57512962,3.80000000,3.83451904,5.14373275,10.56764127,6.30000000,4.86303389,6.85964647,13.56015292,8.80000000,5.89154873,8.57556020,7.62662745,3.80000000,3.83261826,5.16052148,10.61913910,6.30000000,4.86113310,6.87643520,13.61165075,8.80000000,5.88964795,8.59234893,true,0
2026,3,00-0040194,Jackson Hawes,TE,BUF,36.00000000,0.00000000,0.00000000,0.00000000,0.00000000,0.00000000,0.00000000,0.00000000,0.00000000,1.00000000,1.00000000,0.00000000,0.00000000,0.00000000,1.85603763,0.00000000,1.67664573,1.73943290,1.97501143,0.00000000,2.16548284,2.09881784,2.09398522,0.00000000,2.65431995,2.45820279,1.85497369,0.00000000,1.67485332,1.73789545,1.97394748,0.00000000,2.16369043,2.09728039,2.09292127,0.00000000,2.65252754,2.45666534,true,0
2026,2,00-0040198,Ollie Gordon II,RB,MIA,0.00000000,0.00000000,0.00000000,0.00000000,0.00000000,3.00000000,0.00000000,0.00000000,1.00000000,0.00000000,0.00000000,0.00000000,0.00000000,0.00000000,1.59838283,0.70000000,3.28365738,2.69381129,1.59318319,0.70000000,3.51369625,2.84151668,1.58798355,0.70000000,3.74373511,2.98922207,1.59946849,0.70000000,3.28595679,2.69568589,1.59426885,0.70000000,3.51599566,2.84339128,1.58906921,0.70000000,3.74603453,2.99109666,true,0
2026,3,00-0040198,Ollie Gordon II,RB,MIA,-4.00000000,0.00000000,0.00000000,0.00000000,0.00000000,17.00000000,1.00000000,1.00000000,3.00000000,3.00000000,0.00000000,0.00000000,0.00000000,0.00000000,12.56126556,11.50000000,2.69381129,6.14742028,13.77255707,13.00000000,2.84151668,6.66738082,14.98384858,14.50000000,2.98922207,7.18734135,12.56747987,11.50000000,2.69568589,6.15081378,13.77877138,13.00000000,2.84339128,6.67077431,14.99006289,14.50000000,2.99109666,7.19073484,true,0
2026,4,00-0040198,Ollie Gordon II,RB,MIA,-12.00000000,0.00000000,0.00000000,0.00000000,0.00000000,9.00000000,0.00000000,0.00000000,2.00000000,2.00000000,0.00000000,0.00000000,0.00000000,0.00000000,5.92149803,16.00000000,6.14742028,6.06834749,6.80172693,17.00000000,6.66738082,6.71440195,7.68195583,18.00000000,7.18734135,7.36045642,5.92482853,16.00000000,6.15081378,6.07171894,6.80505743,17.00000000,6.67077431,6.71777340,7.68528633,18.00000000,7.19073484,7.36382786,true,0
2026,4,00-0040215,Gavin Bartholomew,TE,MIN,4.00000000,0.00000000,0.00000000,0.00000000,0.00000000,0.00000000,0.00000000,0.00000000,0.00000000,1.00000000,0.00000000,0.00000000,0.00000000,0.00000000,0.75648334,0.40000000,2.55000000,1.92226917,1.12941320,0.90000000,3.00000000,2.34529462,1.50234307,1.40000000,3.45000000,2.76832007,0.75454272,0.40000000,2.55000000,1.92158995,1.12747259,0.90000000,3.00000000,2.34461541,1.50040246,1.40000000,3.45000000,2.76764086,false,0
2026,1,00-0040218,Jimmy Horn Jr.,WR,CAR,3.00000000,0.00000000,0.00000000,0.00000000,0.00000000,0.00000000,0.00000000,0.00000000,0.00000000,1.00000000,0.00000000,0.00000000,0.00000000,0.00000000,0.59076416,0.00000000,1.86326099,1.41788710,0.93987527,0.00000000,2.38085494,1.87651206,1.28898639,0.00000000,2.89844889,2.33513701,0.59217475,0.00000000,1.86651890,1.42049845,0.94128587,0.00000000,2.38411285,1.87912341,1.29039698,0.00000000,2.90170680,2.33774837,true,0
2026,1,00-0040236,Kyle Monangai,RB,CHI,9.00000000,0.00000000,0.00000000,0.00000000,0.00000000,10.00000000,1.00000000,0.00000000,1.00000000,2.00000000,0.00000000,0.00000000,0.00000000,0.00000000,7.08617188,18.40000000,7.94260948,7.64285632,7.80061377,19.40000000,8.63673564,8.34409299,8.51505566,20.40000000,9.33086180,9.04532965,7.08925340,18.40000000,7.94671927,7.64660621,7.80369529,19.40000000,8.64084543,8.34784288,8.51813718,20.40000000,9.33497159,9.04907955,true,0
2026,2,00-0040236,Kyle Monangai,RB,CHI,1.00000000,0.00000000,0.00000000,0.00000000,0.00000000,10.00000000,2.00000000,0.00000000,2.00000000,2.00000000,0.00000000,0.00000000,0.00000000,1.00000000,7.79081725,5.80000000,7.64285632,7.69464265,8.57310436,6.80000000,8.34409299,8.42424697,9.35539148,7.80000000,9.04532965,9.15385129,7.79524187,5.80000000,7.64660621,7.69862869,8.57752898,6.80000000,8.34784288,8.42823302,9.35981609,7.80000000,9.04907955,9.15783734,true,0
2026,3,00-0040236,Kyle Monangai,RB,CHI,0.00000000,0.00000000,0.00000000,0.00000000,0.00000000,10.00000000,1.00000000,0.00000000,3.00000000,0.00000000,0.00000000,0.00000000,0.00000000,0.00000000,6.41322019,3.10000000,7.69464265,7.24614479,6.42537786,3.10000000,8.42424697,7.72464278,6.43753552,3.10000000,9.15385129,8.20314077,6.41806929,3.10000000,7.69862869,7.25043290,6.43022695,3.10000000,8.42823302,7.72893089,6.44238462,3.10000000,9.15783734,8.20742889,true,0
2026,4,00-0040236,Kyle Monangai,RB,CHI,-6.00000000,0.00000000,0.00000000,0.00000000,0.00000000,30.00000000,7.00000000,6.00000000,8.00000000,1.00000000,0.00000000,0.00000000,0.00000000,0.00000000,26.54575843,27.00000000,7.24614479,14.00100956,27.01157465,27.50000000,7.72464278,14.47506893,27.47739087,28.00000000,8.20314077,14.94912831,26.56536584,27.00000000,7.25043290,14.01065943,27.03118206,27.50000000,7.72893089,14.48471880,27.49699828,28.00000000,8.20742889,14.95877818,true,0
2026,1,00-0040237,Tez Johnson,WR,TB,9.00000000,0.00000000,0.00000000,0.00000000,0.00000000,1.00000000,0.00000000,0.00000000,0.00000000,1.00000000,0.00000000,1.00000000,1.00000000,1.00000000,3.65429399,-0.40000000,3.75512248,3.71983251,3.86173615,-0.40000000,4.63595091,4.36497575,4.06917831,-0.40000000,5.51677935,5.01011898,3.65614131,-0.40000000,3.75853307,3.72269595,3.86358346,-0.40000000,4.63936150,4.36783919,4.07102562,-0.40000000,5.52018993,5.01298242,true,0
2026,2,00-0040237,Tez Johnson,WR,TB,152.00000000,0.00000000,0.00000000,0.00000000,0.00000000,0.00000000,0.00000000,0.00000000,0.00000000,4.00000000,3.00000000,0.00000000,0.00000000,1.00000000,7.58395364,4.90000000,3.71983251,5.07227491,8.10349294,5.40000000,4.36497575,5.67345676,8.62303224,5.90000000,5.01011898,6.27463862,7.58220091,4.90000000,3.72269595,5.07352269,8.10174021,5.40000000,4.36783919,5.67470455,8.62127950,5.90000000,5.01298242,6.27588640,true,0
2026,3,00-0040237,Tez Johnson,WR,TB,49.00000000,0.00000000,0.00000000,0.00000000,0.00000000,0.00000000,0.00000000,0.00000000,0.00000000,2.00000000,1.00000000,0.00000000,0.00000000,0.00000000,2.71758111,0.80000000,5.07227491,4.24813208,3.14933705,1.30000000,5.67345676,4.79001486,3.58109299,1.80000000,6.27463862,5.33189765,2.71797180,0.80000000,5.07352269,4.24907988,3.14972775,1.30000000,5.67470455,4.79096267,3.58148369,1.80000000,6.27588640,5.33284545,true,0
2026,4,00-0040237,Tez Johnson,WR,TB,15.00000000,0.00000000,0.00000000,0.00000000,0.00000000,1.00000000,0.00000000,0.00000000,0.00000000,2.00000000,0.00000000,0.00000000,0.00000000,0.00000000,2.43489660,2.70000000,4.24813208,3.61349966,3.12327981,3.70000000,4.79001486,4.20665759,3.81166302,4.70000000,5.33189765,4.79981553,2.43780929,2.70000000,4.24907988,3.61513517,3.12619250,3.70000000,4.79096267,4.20829311,3.81457571,4.70000000,5.33284545,4.80145104,true,0
2026,2,00-0040238,LeQuint Allen Jr.,RB,JAX,4.00000000,0.00000000,0.00000000,0.00000000,0.00000000,0.00000000,0.00000000,0.00000000,0.00000000,1.00000000,0.00000000,0.00000000,1.00000000,1.00000000,1.95345533,0.00000000,1.13841379,1.42367833,2.28999590,0.00000000,1.44533912,1.74096900,2.62653648,0.00000000,1.75226445,2.05825966,1.95394917,0.00000000,1.13869341,1.42403293,2.29048974,0.00000000,1.44561874,1.74132359,2.62703032,0.00000000,1.75254407,2.05861426,true,0
2026,3,00-0040238,LeQuint Allen Jr.,RB,JAX,4.00000000,0.00000000,0.00000000,0.00000000,0.00000000,0.00000000,0.00000000,0.00000000,0.00000000,2.00000000,0.00000000,0.00000000,0.00000000,0.00000000,0.77695843,0.90000000,1.42367833,1.19732637,1.52371131,1.90000000,1.74096900,1.66492880,2.27046418,2.90000000,2.05825966,2.13253124,0.77499796,0.90000000,1.42403293,1.19687069,1.52175083,1.90000000,1.74132359,1.66447312,2.26850370,2.90000000,2.05861426,2.13207556,true,0
2026,1,00-0040242,Jacory Croskey-Merritt,RB,WAS,-7.00000000,0.00000000,0.00000000,0.00000000,0.00000000,16.00000000,1.00000000,1.00000000,1.00000000,1.00000000,0.00000000,0.00000000,0.00000000,0.00000000,10.32486636,11.60000000,7.39387427,8.41972150,10.75596831,12.10000000,7.70128847,8.77042641,11.18707025,12.60000000,8.00870267,9.12113132,10.33342746,11.60000000,7.39914563,8.42614427,10.76452941,12.10000000,7.70655984,8.77684919,11.19563136,12.60000000,8.01397404,9.12755410,true,0
2026,2,00-0040242,Jacory Croskey-Merritt,RB,WAS,-1.00000000,0.00000000,0.00000000,0.00000000,0.00000000,12.00000000,0.00000000,0.00000000,1.00000000,1.00000000,0.00000000,0.00000000,0.00000000,0.00000000,7.05732568,4.80000000,8.41972150,7.94288296,7.44657467,5.30000000,8.77042641,8.30707830,7.83582365,5.80000000,9.12113132,8.67127364,7.06201982,4.80000000,8.42614427,7.94870072,7.45126881,5.30000000,8.77684919,8.31289605,7.84051779,5.80000000,9.12755410,8.67709139,true,0
2026,3,00-0040242,Jacory Croskey-Merritt,RB,WAS,5.00000000,0.00000000,0.00000000,0.00000000,0.00000000,19.00000000,1.00000000,0.00000000,3.00000000,1.00000000,0.00000000,0.00000000,0.00000000,0.00000000,12.02594397,4.30000000,7.94288296,9.37195432,12.38556422,4.80000000,8.30707830,9.73454837,12.74518447,5.30000000,8.67127364,10.09714243,12.03369322,4.30000000,7.94870072,9.37844809,12.39331347,4.80000000,8.31289605,9.74104215,12.75293372,5.30000000,8.67709139,10.10363621,true,0
2026,4,00-0040242,Jacory Croskey-Merritt,RB,WAS,7.00000000,0.00000000,0.00000000,0.00000000,0.00000000,9.00000000,0.00000000,0.00000000,1.00000000,4.00000000,0.00000000,1.00000000,1.00000000,1.00000000,9.69772675,5.00000000,9.37195432,9.48597467,11.09649116,6.00000000,9.73454837,10.21122835,12.49525558,7.00000000,10.09714243,10.93648203,9.71570025,5.00000000,9.37844809,9.49648635,11.11446467,6.00000000,9.74104215,10.22174003,12.51322909,7.00000000,10.10363621,10.94699371,true,0
2026,4,00-0040265,Ja'Seem Reed,WR,CAR,12.00000000,0.00000000,0.00000000,0.00000000,0.00000000,0.00000000,0.00000000,0.00000000,0.00000000,1.00000000,0.00000000,0.00000000,0.00000000,1.00000000,1.13851557,0.00000000,3.40000000,2.60848045,1.42306622,0.00000000,4.00000000,3.09807318,1.70761687,0.00000000,4.60000000,3.58766590,1.13997028,0.00000000,3.40000000,2.60898960,1.42452092,0.00000000,4.00000000,3.09858232,1.70907157,0.00000000,4.60000000,3.58817505,false,0
2026,1,00-0040277,Jahdae Walker,WR,CHI,1.00000000,0.00000000,0.00000000,0.00000000,0.00000000,0.00000000,0.00000000,0.00000000,0.00000000,1.00000000,0.00000000,1.00000000,1.00000000,1.00000000,2.51782987,6.10000000,4.51737782,3.81753604,2.76096002,6.60000000,5.34805179,4.44256967,3.00409018,7.10000000,6.17872577,5.06760331,2.51849696,6.10000000,4.51770882,3.81798467,2.76162711,6.60000000,5.34838279,4.44301830,3.00475726,7.10000000,6.17905677,5.06805194,true,0
2026,3,00-0040390,Jackson Meeks,WR,DET,5.00000000,0.00000000,0.00000000,0.00000000,0.00000000,0.00000000,0.00000000,0.00000000,0.00000000,1.00000000,0.00000000,0.00000000,0.00000000,0.00000000,0.65575138,0.80000000,3.40000000,2.43951298,0.99191667,1.30000000,4.00000000,2.94717083,1.32808195,1.80000000,4.60000000,3.45482868,0.65701422,0.80000000,3.40000000,2.43995498,0.99317951,1.30000000,4.00000000,2.94761283,1.32934479,1.80000000,4.60000000,3.45527068,false,0
2026,1,00-0040466,Raheim Sanders,RB,CLE,-6.00000000,0.00000000,0.00000000,0.00000000,0.00000000,1.00000000,0.00000000,0.00000000,0.00000000,3.00000000,0.00000000,0.00000000,0.00000000,0.00000000,1.58545776,2.60000000,5.79330299,4.32055716,2.80398985,4.10000000,6.15792551,4.98404803,4.02252193,5.60000000,6.52254803,5.64753889,1.58436041,2.60000000,5.79621933,4.32206870,2.80289249,4.10000000,6.16084184,4.98555957,4.02142458,5.60000000,6.52546436,5.64905044,true,0
2026,2,00-0040466,Raheim Sanders,RB,CLE,-4.00000000,0.00000000,0.00000000,0.00000000,0.00000000,2.00000000,0.00000000,0.00000000,0.00000000,1.00000000,0.00000000,0.00000000,0.00000000,0.00000000,1.16453084,1.10000000,4.32055716,3.21594795,1.57789331,1.60000000,4.98404803,3.79189388,1.99125578,2.10000000,5.64753889,4.36783981,1.16526020,1.10000000,4.32206870,3.21718573,1.57862267,1.60000000,4.98555957,3.79313166,1.99198514,2.10000000,5.64905044,4.36907758,true,0
2026,3,00-0040466,Raheim Sanders,RB,CLE,4.00000000,0.00000000,0.00000000,0.00000000,0.00000000,1.00000000,0.00000000,0.00000000,0.00000000,5.00000000,0.00000000,0.00000000,0.00000000,0.00000000,2.86641807,5.10000000,3.21594795,3.09361249,4.79529124,7.10000000,3.79189388,4.14308295,6.72416441,9.10000000,4.36783981,5.19255342,2.86255332,5.10000000,3.21718573,3.09306438,4.79142649,7.10000000,3.79313166,4.14253485,6.72029966,9.10000000,4.36907758,5.19200531,true,0
2026,4,00-0040466,Raheim Sanders,RB,CLE,-10.00000000,0.00000000,0.00000000,0.00000000,0.00000000,2.00000000,0.00000000,0.00000000,0.00000000,2.00000000,0.00000000,0.00000000,0.00000000,0.00000000,1.52307928,1.60000000,3.09361249,2.54392587,2.37775337,2.60000000,4.14308295,3.52521760,3.23242747,3.60000000,5.19255342,4.50650934,1.52372355,1.60000000,3.09306438,2.54379509,2.37839765,2.60000000,4.14253485,3.52508683,3.23307174,3.60000000,5.19200531,4.50637856,true,0
2026,2,00-0040506,Myles Price,WR,MIN,2.00000000,0.00000000,0.00000000,0.00000000,0.00000000,0.00000000,0.00000000,0.00000000,0.00000000,1.00000000,0.00000000,0.00000000,0.00000000,0.00000000,0.55827055,0.00000000,3.40000000,2.40539469,0.91385458,0.00000000,4.00000000,2.91984910,1.26943861,0.00000000,4.60000000,3.43430351,0.55975501,0.00000000,3.40000000,2.40591425,0.91533904,0.00000000,4.00000000,2.92036867,1.27092308,0.00000000,4.60000000,3.43482308,false,0
2026,4,00-0040506,Myles Price,WR,MIN,2.00000000,0.00000000,0.00000000,0.00000000,0.00000000,1.00000000,0.00000000,0.00000000,0.00000000,2.00000000,0.00000000,0.00000000,0.00000000,0.00000000,2.01247963,0.80000000,2.40539469,2.26787442,2.78501076,1.80000000,2.91984910,2.87265568,3.55754189,2.80000000,3.43430351,3.47743694,2.01635271,0.80000000,2.40591425,2.26956771,2.78888384,1.80000000,2.92036867,2.87434898,3.56141496,2.80000000,3.43482308,3.47913024,false,0
2026,1,00-0040556,Corey Kiner,RB,NE,0.00000000,0.00000000,0.00000000,0.00000000,0.00000000,6.00000000,0.00000000,0.00000000,0.00000000,0.00000000,0.00000000,0.00000000,0.00000000,0.00000000,2.96460814,1.10000000,2.06214253,2.37800549,2.94889525,1.10000000,2.32649314,2.54433388,2.93318235,1.10000000,2.59084375,2.71066226,2.96756263,1.10000000,2.06273879,2.37942713,2.95184974,1.10000000,2.32708940,2.54575552,2.93613684,1.10000000,2.59144001,2.71208390,true,0
2026,2,00-0040556,Corey Kiner,RB,NE,0.00000000,0.00000000,0.00000000,0.00000000,0.00000000,2.00000000,0.00000000,0.00000000,0.00000000,0.00000000,0.00000000,0.00000000,0.00000000,0.00000000,0.75472209,0.00000000,2.37800549,1.80985630,0.74243495,0.00000000,2.54433388,1.91366925,0.73014782,0.00000000,2.71066226,2.01748221,0.75577264,0.00000000,2.37942713,1.81114806,0.74348551,0.00000000,2.54575552,1.91496101,0.73119837,0.00000000,2.71208390,2.01877397,true,0
2026,3,00-0040556,Corey Kiner,RB,NE,-3.00000000,0.00000000,0.00000000,0.00000000,0.00000000,6.00000000,0.00000000,0.00000000,0.00000000,1.00000000,0.00000000,0.00000000,0.00000000,0.00000000,3.40004705,2.70000000,1.80985630,2.36642306,3.80215276,3.20000000,1.91366925,2.57463848,4.20425846,3.70000000,2.01748221,2.78285389,3.40256229,2.70000000,1.81114806,2.36814304,3.80466799,3.20000000,1.91496101,2.57635846,4.20677370,3.70000000,2.01877397,2.78457387,true,0
2026,2,00-0040563,Efton Chism III,WR,NE,-2.00000000,0.00000000,0.00000000,0.00000000,0.00000000,0.00000000,0.00000000,0.00000000,0.00000000,1.00000000,0.00000000,0.00000000,0.00000000,0.00000000,0.42829609,-0.20000000,2.87339747,2.01761199,0.80977179,0.30000000,3.37150562,2.47489878,1.19124749,0.80000000,3.86961377,2.93218558,0.43007606,-0.20000000,2.87349870,2.01830078,0.81155176,0.30000000,3.37160685,2.47558757,1.19302746,0.80000000,3.86971500,2.93287436,true,0
2026,3,00-0040563,Efton Chism III,WR,NE,3.00000000,11.00000000,1.00000000,0.00000000,0.00000000,0.00000000,0.00000000,0.00000000,0.00000000,2.00000000,0.00000000,1.00000000,1.00000000,1.00000000,3.16051097,0.74000000,2.01761199,2.41762663,3.79154704,1.24000000,2.47489878,2.93572567,4.42258311,1.74000000,2.93218558,3.45382471,3.16164767,0.74000000,2.01830078,2.41847219,3.79268374,1.24000000,2.47558757,2.93657123,4.42371982,1.74000000,2.93287436,3.45467027,true,0
2026,4,00-0040563,Efton Chism III,WR,NE,47.00000000,0.00000000,0.00000000,0.00000000,0.00000000,0.00000000,0.00000000,0.00000000,0.00000000,4.00000000,1.00000000,1.00000000,0.00000000,0.00000000,4.63667653,10.20000000,2.41762663,3.19429410,5.81446412,11.20000000,2.93572567,3.94328413,6.99225171,12.20000000,3.45382471,4.69227416,4.63841979,10.20000000,2.41847219,3.19545385,5.81620738,11.20000000,2.93657123,3.94444388,6.99399496,12.20000000,3.45467027,4.69343391,true,0
2026,1,00-0040568,Lan Larison,RB,NE,-3.00000000,0.00000000,0.00000000,0.00000000,0.00000000,0.00000000,0.00000000,0.00000000,0.00000000,2.00000000,0.00000000,0.00000000,0.00000000,0.00000000,0.59754734,0.90000000,3.40000000,2.41914157,1.39911726,1.90000000,4.00000000,3.08969104,2.20068719,2.90000000,4.60000000,3.76024052,0.59641326,0.90000000,3.40000000,2.41874464,1.39798318,1.90000000,4.00000000,3.08929411,2.19955310,2.90000000,4.60000000,3.75984359,false,0
2026,1,00-0040582,Arian Smith,WR,NYJ,4.00000000,0.00000000,0.00000000,0.00000000,0.00000000,0.00000000,0.00000000,0.00000000,0.00000000,1.00000000,0.00000000,0.00000000,0.00000000,0.00000000,0.62325777,0.00000000,1.72369424,1.33854147,0.96589597,0.00000000,2.09473570,1.69964180,1.30853417,0.00000000,2.46577717,2.06074212,0.62459449,0.00000000,1.72552166,1.34019715,0.96723269,0.00000000,2.09656313,1.70129747,1.30987088,0.00000000,2.46760459,2.06239779,true,0
2026,1,00-0040583,Woody Marks,RB,HOU,-2.00000000,0.00000000,0.00000000,0.00000000,0.00000000,9.00000000,0.00000000,0.00000000,0.00000000,1.00000000,0.00000000,0.00000000,0.00000000,0.00000000,5.08309175,4.00000000,9.68377418,8.07353533,5.47479713,4.50000000,10.51144187,8.74861621,5.86650251,5.00000000,11.33910956,9.42369709,5.08691688,4.00000000,9.68968884,8.07871866,5.47862226,4.50000000,10.51735653,8.75379954,5.87032764,5.00000000,11.34502422,9.42888042,true,0
2026,2,00-0040583,Woody Marks,RB,HOU,11.00000000,0.00000000,0.00000000,0.00000000,0.00000000,8.00000000,0.00000000,0.00000000,1.00000000,6.00000000,0.00000000,0.00000000,0.00000000,2.00000000,8.22332657,3.50000000,8.07353533,8.12596226,10.47323454,6.00000000,8.74861621,9.35223263,12.72314252,8.50000000,9.42369709,10.57850299,8.21978541,3.50000000,8.07871866,8.12809202,10.46969339,6.00000000,8.75379954,9.35436239,12.71960136,8.50000000,9.42888042,10.58063275,true,0
2026,3,00-0040583,Woody Marks,RB,HOU,-4.00000000,0.00000000,0.00000000,0.00000000,0.00000000,5.00000000,2.00000000,1.00000000,2.00000000,1.00000000,0.00000000,0.00000000,0.00000000,0.00000000,4.98091769,8.10000000,8.12596226,7.02519667,5.41335591,8.60000000,9.35223263,7.97362578,5.84579413,9.10000000,10.57850299,8.92205489,4.98476125,8.10000000,8.12809202,7.02792625,5.41719947,8.60000000,9.35436239,7.97635537,5.84963769,9.10000000,10.58063275,8.92478448,true,0
2026,4,00-0040583,Woody Marks,RB,HOU,15.00000000,0.00000000,0.00000000,0.00000000,0.00000000,6.00000000,1.00000000,0.00000000,1.00000000,1.00000000,0.00000000,0.00000000,0.00000000,0.00000000,4.51773739,8.20000000,7.02519667,6.14758592,4.79429341,8.20000000,7.97362578,6.86085945,5.07084944,8.20000000,8.92205489,7.57413298,4.51900006,8.20000000,7.02792625,6.14980208,4.79555608,8.20000000,7.97635537,6.86307562,5.07211210,8.20000000,8.92478448,7.57634915,true,0
2026,1,00-0040584,Gunnar Helm,TE,TEN,17.00000000,0.00000000,0.00000000,0.00000000,0.00000000,0.00000000,0.00000000,0.00000000,0.00000000,5.00000000,0.00000000,1.00000000,0.00000000,1.00000000,5.01621808,2.80000000,3.32568271,3.91737009,6.86120059,4.80000000,4.56434032,5.36824142,8.70618310,6.80000000,5.80299794,6.81911275,5.01225610,2.80000000,3.32317286,3.91435200,6.85723861,4.80000000,4.56183048,5.36522332,8.70222112,6.80000000,5.80048809,6.81609465,true,0
2026,2,00-0040584,Gunnar Helm,TE,TEN,-1.00000000,0.00000000,0.00000000,0.00000000,0.00000000,0.00000000,0.00000000,0.00000000,0.00000000,2.00000000,0.00000000,0.00000000,0.00000000,1.00000000,1.74533470,1.30000000,3.91737009,3.15715770,2.55778865,2.30000000,5.36824142,4.38458295,3.37024259,3.30000000,6.81911275,5.61200819,1.74276551,1.30000000,3.91435200,3.15429672,2.55521945,2.30000000,5.36522332,4.38172197,3.36767340,3.30000000,6.81609465,5.60914721,true,0
2026,3,00-0040584,Gunnar Helm,TE,TEN,29.00000000,0.00000000,0.00000000,0.00000000,0.00000000,0.00000000,0.00000000,0.00000000,0.00000000,4.00000000,0.00000000,1.00000000,1.00000000,1.00000000,5.83809990,1.40000000,3.15715770,4.09548747,7.16306968,2.40000000,4.38458295,5.35705330,8.48803945,3.40000000,5.61200819,6.61861913,5.83669292,1.40000000,3.15429672,4.09313539,7.16166270,2.40000000,4.38172197,5.35470122,8.48663247,3.40000000,5.60914721,6.61626705,true,0
2026,4,00-0040584,Gunnar Helm,TE,TEN,0.00000000,0.00000000,0.00000000,0.00000000,0.00000000,0.00000000,0.00000000,0.00000000,0.00000000,2.00000000,0.00000000,0.00000000,1.00000000,1.00000000,2.69264841,2.50000000,4.09548747,3.60449380,3.45836353,3.00000000,5.35705330,4.69251188,4.22407865,3.50000000,6.61861913,5.78052996,2.69178891,2.50000000,4.09313539,3.60266412,3.45750403,3.00000000,5.35470122,4.69068220,4.22321915,3.50000000,6.61626705,5.77870029,true,0
2026,1,00-0040590,Konata Mumpfield,WR,LA,13.00000000,0.00000000,0.00000000,0.00000000,0.00000000,0.00000000,0.00000000,0.00000000,0.00000000,1.00000000,0.00000000,0.00000000,0.00000000,0.00000000,0.91570029,0.00000000,2.78517819,2.13086093,1.20008223,0.00000000,3.54223511,2.72248160,1.48446418,0.00000000,4.29929203,3.31410228,0.91637212,0.00000000,2.78606539,2.13167275,1.20075407,0.00000000,3.54312231,2.72329342,1.48513602,0.00000000,4.30017923,3.31491410,true,0
2026,2,00-0040590,Konata Mumpfield,WR,LA,23.00000000,0.00000000,0.00000000,0.00000000,0.00000000,0.00000000,0.00000000,0.00000000,0.00000000,2.00000000,0.00000000,0.00000000,0.00000000,0.00000000,1.81833028,1.20000000,2.13086093,2.02147520,2.43883482,1.70000000,2.72248160,2.62320523,3.05933935,2.20000000,3.31410228,3.22493525,1.81888074,1.20000000,2.13167275,2.02219554,2.43938527,1.70000000,2.72329342,2.62392557,3.05988980,2.20000000,3.31491410,3.22565560,true,0
2026,3,00-0040590,Konata Mumpfield,WR,LA,144.00000000,0.00000000,0.00000000,0.00000000,0.00000000,0.00000000,0.00000000,0.00000000,0.00000000,8.00000000,2.00000000,0.00000000,0.00000000,1.00000000,9.58036333,15.30000000,2.02147520,4.66708604,11.77554572,17.30000000,2.62320523,5.82652440,13.97072812,19.30000000,3.22493525,6.98596276,9.57991009,15.30000000,2.02219554,4.66739564,11.77509249,17.30000000,2.62392557,5.82683399,13.97027488,19.30000000,3.22565560,6.98627235,true,0
2026,4,00-0040590,Konata Mumpfield,WR,LA,51.00000000,0.00000000,0.00000000,0.00000000,0.00000000,0.00000000,0.00000000,0.00000000,0.00000000,3.00000000,1.00000000,0.00000000,0.00000000,0.00000000,3.36026220,0.70000000,4.66708604,4.20969770,4.17992406,1.20000000,5.82652440,5.25021428,4.99958592,1.70000000,6.98596276,6.29073087,3.36112252,0.70000000,4.66739564,4.21020005,4.18078438,1.20000000,5.82683399,5.25071663,5.00044625,1.70000000,6.98627235,6.29123321,true,0
2026,4,00-0040598,Mark Redman,TE,GB,22.00000000,0.00000000,0.00000000,0.00000000,0.00000000,0.00000000,0.00000000,0.00000000,0.00000000,2.00000000,1.00000000,0.00000000,0.00000000,0.00000000,1.87239856,2.90000000,2.55000000,2.31283950,2.48303083,3.90000000,3.00000000,2.81906079,3.09366310,4.90000000,3.45000000,3.32528208,1.87039758,2.90000000,2.55000000,2.31213915,2.48102984,3.90000000,3.00000000,2.81836045,3.09166211,4.90000000,3.45000000,3.32458174,false,0
2026,2,00-0040646,Jalen Royals,WR,KC,1.00000000,0.00000000,0.00000000,0.00000000,0.00000000,0.00000000,0.00000000,0.00000000,0.00000000,2.00000000,0.00000000,1.00000000,1.00000000,1.00000000,3.09552374,6.60000000,3.36166059,3.26851269,3.73950565,7.60000000,4.04635028,3.93895465,4.38348755,8.60000000,4.73103996,4.60939662,3.09680820,6.60000000,3.36240378,3.26944533,3.74079010,7.60000000,4.04709347,3.93988729,4.38477201,8.60000000,4.73178316,4.61032925,true,0
2026,3,00-0040646,Jalen Royals,WR,KC,2.00000000,0.00000000,0.00000000,0.00000000,0.00000000,0.00000000,0.00000000,0.00000000,0.00000000,1.00000000,0.00000000,0.00000000,0.00000000,0.00000000,0.55827055,1.10000000,3.26851269,2.31992794,0.91385458,1.60000000,3.93895465,2.88016963,1.26943861,2.10000000,4.60939662,3.44041132,0.55975501,1.10000000,3.26944533,2.32105372,0.91533904,1.60000000,3.93988729,2.88129540,1.27092308,2.10000000,4.61032925,3.44153709,true,0
2026,4,00-0040646,Jalen Royals,WR,KC,26.00000000,0.00000000,0.00000000,0.00000000,0.00000000,0.00000000,0.00000000,0.00000000,0.00000000,2.00000000,0.00000000,0.00000000,0.00000000,0.00000000,1.91581112,0.00000000,2.31992794,2.17848705,2.51689690,0.00000000,2.88016963,2.75302417,3.11798268,0.00000000,3.44041132,3.32756129,1.91613995,0.00000000,2.32105372,2.17933390,2.51722573,0.00000000,2.88129540,2.75387102,3.11831151,0.00000000,3.44153709,3.32840814,true,0
2026,3,00-0040648,Tory Horton,WR,SEA,44.00000000,0.00000000,0.00000000,0.00000000,0.00000000,0.00000000,0.00000000,0.00000000,0.00000000,3.00000000,0.00000000,0.00000000,0.00000000,0.00000000,3.07839002,4.80000000,4.46915681,3.98238844,3.96381505,6.30000000,5.29602479,4.82975139,4.84924008,7.80000000,6.12289278,5.67711433,3.07800646,4.80000000,4.46977559,3.98265640,3.96343149,6.30000000,5.29664357,4.83001934,4.84885652,7.80000000,6.12351155,5.67738229,true,0
2026,4,00-0040648,Tory Horton,WR,SEA,4.00000000,0.00000000,0.00000000,0.00000000,0.00000000,0.00000000,0.00000000,0.00000000,0.00000000,1.00000000,0.00000000,0.00000000,1.00000000,1.00000000,1.78661579,6.60000000,3.98238844,3.21386801,2.07894489,7.10000000,4.82975139,3.86696911,2.37127399,7.60000000,5.67711433,4.52007021,1.78709120,6.60000000,3.98265640,3.21420858,2.07942029,7.10000000,4.83001934,3.86730968,2.37174939,7.60000000,5.67738229,4.52041078,true,0
2026,1,00-0040663,Harold Fannin Jr.,TE,CLE,10.00000000,0.00000000,0.00000000,0.00000000,0.00000000,0.00000000,0.00000000,0.00000000,0.00000000,3.00000000,0.00000000,0.00000000,0.00000000,0.00000000,2.02534287,2.10000000,6.44168676,4.89596640,3.17323121,3.10000000,8.87900421,6.88198366,4.32111956,4.10000000,11.31632166,8.86800092,2.02256772,2.10000000,6.46268035,4.90864093,3.17045607,3.10000000,8.89999780,6.89465819,4.31834441,4.10000000,11.33731525,8.88067545,true,0
2026,2,00-0040663,Harold Fannin Jr.,TE,CLE,24.00000000,0.00000000,0.00000000,0.00000000,0.00000000,0.00000000,0.00000000,0.00000000,0.00000000,6.00000000,0.00000000,0.00000000,0.00000000,0.00000000,4.11041712,5.40000000,4.89596640,4.62102415,6.39010223,7.90000000,6.88198366,6.70982516,8.66978733,10.40000000,8.86800092,8.79862617,4.10654305,5.40000000,4.90864093,4.62790667,6.38622816,7.90000000,6.89465819,6.71670768,8.66591327,10.40000000,8.88067545,8.80550869,true,0
2026,3,00-0040663,Harold Fannin Jr.,TE,CLE,75.00000000,0.00000000,0.00000000,0.00000000,0.00000000,0.00000000,0.00000000,0.00000000,0.00000000,9.00000000,1.00000000,2.00000000,1.00000000,2.00000000,11.75910473,17.10000000,4.62102415,7.11935235,14.70190669,20.60000000,6.70982516,9.50705370,17.64470866,24.10000000,8.79862617,11.89475504,11.75607463,17.10000000,4.62790667,7.12276546,14.69887659,20.60000000,6.71670768,9.51046680,17.64167856,24.10000000,8.80550869,11.89816814,true,0
2026,4,00-0040663,Harold Fannin Jr.,TE,CLE,31.00000000,0.00000000,0.00000000,0.00000000,0.00000000,0.00000000,0.00000000,0.00000000,0.00000000,5.00000000,0.00000000,1.00000000,1.00000000,1.00000000,6.43617267,8.70000000,7.11935235,6.88023947,8.15474988,10.20000000,9.50705370,9.03374736,9.87332709,11.70000000,11.89475504,11.18725526,6.43431785,8.70000000,7.12276546,6.88180880,8.15289506,10.20000000,9.51046680,9.03531669,9.87147227,11.70000000,11.89816814,11.18882459,true,0
2026,1,00-0040666,Omarion Hampton,RB,LAC,0.00000000,0.00000000,0.00000000,0.00000000,0.00000000,12.00000000,1.00000000,0.00000000,2.00000000,0.00000000,0.00000000,0.00000000,0.00000000,0.00000000,7.22697399,8.30000000,11.51807299,10.01618834,7.22947484,8.30000000,13.10051078,11.04564820,7.23197569,8.30000000,14.68294858,12.07510807,7.23321593,8.30000000,11.52334738,10.02180137,7.23571679,8.30000000,13.10578517,11.05126124,7.23821764,8.30000000,14.68822296,12.08072110,true,0
2026,2,00-0040666,Omarion Hampton,RB,LAC,-8.00000000,0.00000000,0.00000000,0.00000000,0.00000000,23.00000000,1.00000000,1.00000000,2.00000000,2.00000000,0.00000000,0.00000000,0.00000000,0.00000000,14.97005541,15.50000000,10.01618834,11.75004181,15.80526280,16.50000000,11.04564820,12.71151331,16.64047019,17.50000000,12.07510807,13.67298481,14.98083215,15.50000000,10.02180137,11.75746215,15.81603954,16.50000000,11.05126124,12.71893364,16.65124693,17.50000000,12.08072110,13.68040514,true,0
2026,3,00-0040666,Omarion Hampton,RB,LAC,-9.00000000,0.00000000,0.00000000,0.00000000,0.00000000,15.00000000,3.00000000,2.00000000,6.00000000,1.00000000,0.00000000,0.00000000,0.00000000,0.00000000,12.75367454,5.60000000,11.75004181,12.10131327,13.24677181,5.60000000,12.71151331,12.89885379,13.73986908,5.60000000,13.67298481,13.69639430,12.76235937,5.60000000,11.75746215,12.10917618,13.25545664,5.60000000,12.71893364,12.90671669,13.74855392,5.60000000,13.68040514,13.70425721,true,0
2026,4,00-0040666,Omarion Hampton,RB,LAC,2.00000000,0.00000000,0.00000000,0.00000000,0.00000000,9.00000000,2.00000000,1.00000000,3.00000000,2.00000000,0.00000000,0.00000000,0.00000000,0.00000000,8.14810330,11.30000000,12.10131327,10.71768978,8.93239922,12.30000000,12.89885379,11.51059469,9.71669515,13.30000000,13.69639430,12.30349960,8.15190815,11.30000000,12.10917618,10.72413237,8.93620408,12.30000000,12.90671669,11.51703728,9.72050000,13.30000000,13.70425721,12.30994219,true,0
2026,1,00-0040667,Matthew Golden,WR,GB,137.00000000,0.00000000,0.00000000,0.00000000,0.00000000,0.00000000,0.00000000,0.00000000,0.00000000,12.00000000,2.00000000,2.00000000,1.00000000,3.00000000,14.73974026,9.50000000,3.91960292,7.70665099,18.38979138,12.50000000,4.87307777,9.60392753,22.03984250,15.50000000,5.82655262,11.50120408,14.74206145,9.50000000,3.92361909,7.71007391,18.39211257,12.50000000,4.87709393,9.60735046,22.04216369,15.50000000,5.83056878,11.50462700,true,0
2026,2,00-0040667,Matthew Golden,WR,GB,80.00000000,0.00000000,0.00000000,0.00000000,0.00000000,0.00000000,0.00000000,0.00000000,0.00000000,6.00000000,1.00000000,0.00000000,0.00000000,0.00000000,6.03565858,5.80000000,7.70665099,7.12180365,7.87016111,7.80000000,9.60392753,8.99710929,9.70466365,9.80000000,11.50120408,10.87241493,6.03622863,5.80000000,7.71007391,7.12422806,7.87073117,7.80000000,9.60735046,8.99953370,9.70523370,9.80000000,11.50462700,10.87483934,true,0
2026,3,00-0040667,Matthew Golden,WR,GB,199.00000000,0.00000000,0.00000000,0.00000000,0.00000000,0.00000000,0.00000000,0.00000000,0.00000000,12.00000000,5.00000000,1.00000000,0.00000000,1.00000000,14.67023309,16.00000000,7.12180365,9.76375395,17.98283612,18.50000000,8.99710929,12.14211368,21.29543916,21.00000000,10.87241493,14.52047341,14.67343928,16.00000000,7.12422806,9.76645199,17.98604231,18.50000000,8.99953370,12.14481172,21.29864535,21.00000000,10.87483934,14.52317145,true,0
2026,4,00-0040667,Matthew Golden,WR,GB,89.00000000,0.00000000,0.00000000,0.00000000,0.00000000,1.00000000,0.00000000,0.00000000,0.00000000,7.00000000,1.00000000,1.00000000,1.00000000,1.00000000,9.77436312,8.70000000,9.76375395,9.76746716,11.84862970,10.20000000,12.14211368,12.03939429,13.92289628,11.70000000,14.52047341,14.31132141,9.77576564,8.70000000,9.76645199,9.76971177,11.85003222,10.20000000,12.14481172,12.04163889,13.92429880,11.70000000,14.52317145,14.31356602,true,0
2026,3,00-0040668,Shedeur Sanders,QB,CLE,0.00000000,-4.00000000,1.00000000,0.00000000,1.00000000,0.00000000,0.00000000,0.00000000,0.00000000,0.00000000,0.00000000,0.00000000,0.00000000,0.00000000,1.49381554,0.00000000,10.97548401,7.65690005,1.49698450,0.00000000,10.98023272,7.66109584,1.50015346,0.00000000,10.98498142,7.66529164,2.03289109,0.00000000,12.73180184,8.98718308,2.03606005,0.00000000,12.73655055,8.99137888,2.03922901,0.00000000,12.74129926,8.99557467,true,0
2026,1,00-0040669,Isaac TeSlaa,WR,DET,3.00000000,0.00000000,0.00000000,0.00000000,0.00000000,0.00000000,0.00000000,0.00000000,0.00000000,1.00000000,0.00000000,0.00000000,0.00000000,0.00000000,0.59076416,0.00000000,2.90854253,2.09732010,0.93987527,0.00000000,3.41240378,2.54701880,1.28898639,0.00000000,3.91626503,2.99671750,0.59217475,0.00000000,2.90959077,2.09849516,0.94128587,0.00000000,3.41345202,2.54819386,1.29039698,0.00000000,3.91731327,2.99789257,true,0
2026,2,00-0040669,Isaac TeSlaa,WR,DET,81.00000000,0.00000000,0.00000000,0.00000000,0.00000000,0.00000000,0.00000000,0.00000000,0.00000000,5.00000000,2.00000000,1.00000000,0.00000000,1.00000000,6.62887903,2.60000000,2.09732010,3.68336572,7.96068223,3.60000000,2.54701880,4.44180100,9.29248543,4.60000000,2.99671750,5.20023628,6.63119788,2.60000000,2.09849516,3.68494111,7.96300109,3.60000000,2.54819386,4.44337639,9.29480429,4.60000000,2.99789257,5.20181167,true,0
2026,3,00-0040669,Isaac TeSlaa,WR,DET,27.00000000,0.00000000,0.00000000,0.00000000,0.00000000,0.00000000,0.00000000,0.00000000,0.00000000,3.00000000,0.00000000,0.00000000,1.00000000,1.00000000,3.68935663,6.60000000,3.68336572,3.68546254,4.63451214,8.10000000,4.44180100,4.50924990,5.57966766,9.60000000,5.20023628,5.33303726,3.68936764,6.60000000,3.68494111,3.68649040,4.63452316,8.10000000,4.44337639,4.51027776,5.57967867,9.60000000,5.20181167,5.33406512,true,0
2026,4,00-0040669,Isaac TeSlaa,WR,DET,107.00000000,0.00000000,0.00000000,0.00000000,0.00000000,0.00000000,0.00000000,0.00000000,0.00000000,8.00000000,2.00000000,1.00000000,0.00000000,1.00000000,9.20679457,9.50000000,3.68546254,5.61792875,11.57285719,11.50000000,4.50924990,6.98151245,13.93891981,13.50000000,5.33303726,8.34509615,9.20904478,9.50000000,3.68649040,5.61938443,11.57510741,11.50000000,4.51027776,6.98296814,13.94117003,13.50000000,5.33406512,8.34655184,true,0
2026,1,00-0040676,Cam Ward,QB,TEN,0.00000000,190.00000000,32.00000000,0.00000000,3.00000000,4.00000000,0.00000000,0.00000000,0.00000000,0.00000000,0.00000000,0.00000000,0.00000000,0.00000000,12.11601476,11.70000000,13.06852744,12.73514801,12.12161994,11.70000000,13.07345788,12.74031460,12.12722511,11.70000000,13.07838831,12.74548119,13.84223142,13.70000000,15.40297520,14.85671488,13.84783660,13.70000000,15.40790564,14.86188147,13.85344177,13.70000000,15.41283607,14.86704807,true,1
2026,2,00-0040676,Cam Ward,QB,TEN,0.00000000,140.00000000,20.00000000,1.00000000,2.00000000,4.00000000,4.00000000,3.00000000,4.00000000,0.00000000,0.00000000,0.00000000,0.00000000,0.00000000,18.79960723,20.02000000,12.73514801,14.85770873,18.80051626,20.02000000,12.74031460,14.86138518,18.80142530,20.02000000,12.74548119,14.86506163,19.91267191,20.02000000,14.85671488,16.62629984,19.91358094,20.02000000,14.86188147,16.62997629,19.91448998,20.02000000,14.86704807,16.63365274,true,0
2026,3,00-0040676,Cam Ward,QB,TEN,0.00000000,228.00000000,36.00000000,5.00000000,7.00000000,1.00000000,0.00000000,0.00000000,0.00000000,0.00000000,0.00000000,0.00000000,0.00000000,0.00000000,16.64036730,9.44000000,14.85770873,15.48163923,16.64850128,9.44000000,14.86138518,15.48687582,16.65663527,9.44000000,14.86506163,15.49211240,20.50091970,11.44000000,16.62629984,17.98241679,20.50905369,11.44000000,16.62997629,17.98765338,20.51718767,11.44000000,16.63365274,17.99288996,true,1
2026,4,00-0040676,Cam Ward,QB,TEN,0.00000000,228.00000000,32.00000000,2.00000000,2.00000000,4.00000000,0.00000000,0.00000000,2.00000000,0.00000000,0.00000000,0.00000000,0.00000000,0.00000000,14.77316942,15.58000000,15.48163923,15.23367480,14.77365500,15.58000000,15.48687582,15.23724853,14.77414057,15.58000000,15.49211240,15.24082226,17.20168969,17.58000000,17.98241679,17.70916231,17.20217527,17.58000000,17.98765338,17.71273604,17.20266085,17.58000000,17.99288996,17.71630978,true,1
2026,1,00-0040691,Jaxson Dart,QB,NYG,0.00000000,245.00000000,29.00000000,2.00000000,7.00000000,8.00000000,0.00000000,0.00000000,0.00000000,0.00000000,0.00000000,0.00000000,0.00000000,0.00000000,18.23402987,26.60000000,15.34100531,16.35356391,18.24317086,26.60000000,15.34501495,16.35936952,18.25231184,26.60000000,15.34902459,16.36517513,21.26274400,32.60000000,17.38984666,18.74536073,21.27188498,32.60000000,17.39385630,18.75116634,21.28102597,32.60000000,17.39786593,18.75697195,true,3
2026,2,00-0040691,Jaxson Dart,QB,NYG,0.00000000,47.00000000,5.00000000,0.00000000,0.00000000,0.00000000,0.00000000,0.00000000,0.00000000,0.00000000,0.00000000,0.00000000,0.00000000,0.00000000,2.39223094,0.80000000,16.35356391,11.46709737,2.39498153,0.80000000,16.35936952,11.47183372,2.39773212,0.80000000,16.36517513,11.47657008,3.02119568,0.80000000,18.74536073,13.24190296,3.02394627,0.80000000,18.75116634,13.24663931,3.02669686,0.80000000,18.75697195,13.25137567,true,0
2026,1,00-0040705,Chimere Dike,WR,TEN,3.00000000,0.00000000,0.00000000,0.00000000,0.00000000,0.00000000,0.00000000,0.00000000,0.00000000,1.00000000,0.00000000,0.00000000,0.00000000,0.00000000,0.59076416,0.70000000,5.06093950,3.49637813,0.93987527,1.20000000,6.50720586,4.55864016,1.28898639,1.70000000,7.95347223,5.62090218,0.59217475,0.70000000,5.06543571,3.49979438,0.94128587,1.20000000,6.51170207,4.56205640,1.29039698,1.70000000,7.95796844,5.62431843,true,0
2026,3,00-0040705,Chimere Dike,WR,TEN,3.00000000,0.00000000,0.00000000,0.00000000,0.00000000,0.00000000,0.00000000,0.00000000,0.00000000,1.00000000,0.00000000,0.00000000,0.00000000,0.00000000,0.59076416,0.30000000,3.49637813,2.47941324,0.93987527,0.80000000,4.55864016,3.29207245,1.28898639,1.30000000,5.62090218,4.10473165,0.59217475,0.30000000,3.49979438,2.48212751,0.94128587,0.80000000,4.56205640,3.29478671,1.29039698,1.30000000,5.62431843,4.10744592,true,0
2026,4,00-0040705,Chimere Dike,WR,TEN,0.00000000,0.00000000,0.00000000,0.00000000,0.00000000,0.00000000,0.00000000,0.00000000,0.00000000,1.00000000,0.00000000,0.00000000,0.00000000,0.00000000,0.49328332,1.50000000,2.47941324,1.78426777,0.86181319,2.00000000,3.29207245,2.44148171,1.23034305,2.50000000,4.10473165,3.09869564,0.49491554,1.50000000,2.48212751,1.78660332,0.86344540,2.00000000,3.29478671,2.44381726,1.23197527,2.50000000,4.10744592,3.10103119,true,0
2026,1,00-0040715,Cam Skattebo,RB,NYG,0.00000000,0.00000000,0.00000000,0.00000000,0.00000000,18.00000000,2.00000000,2.00000000,4.00000000,0.00000000,0.00000000,0.00000000,0.00000000,0.00000000,13.18189436,14.10000000,11.55799147,12.12635748,13.18426528,14.10000000,13.13737607,13.15378729,13.18663619,14.10000000,14.71676067,14.18121710,13.19130650,14.10000000,11.56182710,12.13214489,13.19367742,14.10000000,13.14121170,13.15957470,13.19604833,14.10000000,14.72059630,14.18700451,true,0
2026,2,00-0040715,Cam Skattebo,RB,NYG,-4.00000000,0.00000000,0.00000000,0.00000000,0.00000000,12.00000000,1.00000000,0.00000000,1.00000000,4.00000000,0.00000000,0.00000000,0.00000000,0.00000000,8.88258163,5.50000000,12.12635748,10.99103593,10.48576489,7.50000000,13.15378729,12.21997945,12.08894815,9.50000000,14.18121710,13.44892297,8.88656301,5.50000000,12.13214489,10.99619123,10.48974627,7.50000000,13.15957470,12.22513475,12.09292953,9.50000000,14.18700451,13.45407827,true,0
2026,3,00-0040715,Cam Skattebo,RB,NYG,34.00000000,0.00000000,0.00000000,0.00000000,0.00000000,20.00000000,2.00000000,1.00000000,4.00000000,4.00000000,1.00000000,0.00000000,0.00000000,0.00000000,17.43321990,10.00000000,10.99103593,13.24580032,18.74323519,11.50000000,12.21997945,14.50311896,20.05325047,13.00000000,13.44892297,15.76043760,17.43389396,10.00000000,10.99619123,13.24938718,18.74390924,11.50000000,12.22513475,14.50670582,20.05392453,13.00000000,13.45407827,15.76402446,true,0
2026,4,00-0040715,Cam Skattebo,RB,NYG,2.00000000,0.00000000,0.00000000,0.00000000,0.00000000,18.00000000,0.00000000,0.00000000,2.00000000,1.00000000,0.00000000,0.00000000,0.00000000,0.00000000,10.74023447,6.60000000,13.24580032,12.36885227,11.10879573,7.10000000,14.50311896,13.31510583,11.47735698,7.60000000,15.76043760,14.26135938,10.74698946,6.60000000,13.24938718,12.37354798,11.11555072,7.10000000,14.50670582,13.31980153,11.48411197,7.60000000,15.76402446,14.26605509,true,0
2026,1,00-0040719,Bhayshul Tuten,RB,JAX,-5.00000000,0.00000000,0.00000000,0.00000000,0.00000000,15.00000000,0.00000000,0.00000000,0.00000000,1.00000000,0.00000000,0.00000000,0.00000000,0.00000000,8.32103037,8.80000000,4.54011158,5.86343316,8.73109013,9.30000000,4.90021861,6.24102364,9.14114989,9.80000000,5.26032565,6.61861413,8.32806557,8.80000000,4.54214385,5.86721645,8.73812533,9.30000000,4.90225089,6.24480694,9.14818509,9.80000000,5.26235792,6.62239743,true,0
2026,2,00-0040719,Bhayshul Tuten,RB,JAX,-8.00000000,0.00000000,0.00000000,0.00000000,0.00000000,13.00000000,1.00000000,1.00000000,2.00000000,2.00000000,0.00000000,0.00000000,1.00000000,1.00000000,11.13416654,12.20000000,5.86343316,7.70818984,11.96205161,13.20000000,6.24102364,8.24338343,12.78993668,14.20000000,6.61861413,8.77857702,11.14184434,12.20000000,5.86721645,7.71333621,11.96972941,13.20000000,6.24480694,8.24852980,12.79761448,14.20000000,6.62239743,8.78372340,true,0
2026,3,00-0040719,Bhayshul Tuten,RB,JAX,-7.00000000,0.00000000,0.00000000,0.00000000,0.00000000,15.00000000,1.00000000,1.00000000,4.00000000,2.00000000,0.00000000,0.00000000,0.00000000,0.00000000,11.15829192,15.00000000,7.70818984,8.91572557,12.00840769,16.00000000,8.24338343,9.56114192,12.85852346,17.00000000,8.77857702,10.20655827,11.16426096,15.00000000,7.71333621,8.92115988,12.01437673,16.00000000,8.24852980,9.56657623,12.86449250,17.00000000,8.78372340,10.21199258,true,0
2026,4,00-0040719,Bhayshul Tuten,RB,JAX,-2.00000000,0.00000000,0.00000000,0.00000000,0.00000000,17.00000000,1.00000000,0.00000000,3.00000000,2.00000000,0.00000000,0.00000000,0.00000000,0.00000000,11.25391923,9.10000000,8.91572557,9.73409335,12.06439499,10.10000000,9.56114192,10.43728049,12.87487075,11.10000000,10.20655827,11.14046764,11.26074948,9.10000000,8.92115988,9.74001624,12.07122524,10.10000000,9.56657623,10.44320338,12.88170100,11.10000000,10.21199258,11.14639053,true,0
2026,1,00-0040727,Tre Harris,WR,LAC,47.00000000,0.00000000,0.00000000,0.00000000,0.00000000,0.00000000,0.00000000,0.00000000,0.00000000,6.00000000,0.00000000,0.00000000,0.00000000,0.00000000,4.90895247,2.00000000,2.68476052,3.46322770,6.97751401,3.50000000,3.54757550,4.74805398,9.04607555,5.00000000,4.41039048,6.03288026,4.91019941,2.00000000,2.68719064,3.46524371,6.97876095,3.50000000,3.55000562,4.75006998,9.04732249,5.00000000,4.41282060,6.03489626,true,0
2026,2,00-0040727,Tre Harris,WR,LAC,56.00000000,0.00000000,0.00000000,0.00000000,0.00000000,0.00000000,0.00000000,0.00000000,0.00000000,3.00000000,2.00000000,0.00000000,0.00000000,0.00000000,3.57714715,5.30000000,3.46322770,3.50309951,4.34399168,5.80000000,4.74805398,4.60663217,5.11083621,6.30000000,6.03288026,5.71016484,3.57939911,5.30000000,3.46524371,3.50519810,4.34624363,5.80000000,4.75006998,4.60873076,5.11308816,6.30000000,6.03489626,5.71226343,true,0
2026,3,00-0040727,Tre Harris,WR,LAC,59.00000000,0.00000000,0.00000000,0.00000000,0.00000000,0.00000000,0.00000000,0.00000000,0.00000000,7.00000000,0.00000000,0.00000000,1.00000000,3.00000000,7.55054551,7.60000000,3.50309951,4.91970561,9.87936627,10.60000000,4.60663217,6.45208911,12.20818702,13.60000000,5.71016484,7.98447260,7.55207999,7.60000000,3.50519810,4.92160676,9.88090075,10.60000000,4.60873076,6.45399026,12.20972151,13.60000000,5.71226343,7.98637375,true,0
2026,4,00-0040727,Tre Harris,WR,LAC,91.00000000,9.00000000,1.00000000,1.00000000,1.00000000,0.00000000,0.00000000,0.00000000,0.00000000,5.00000000,2.00000000,0.00000000,0.00000000,0.00000000,5.86981134,6.00000000,4.91970561,5.25224261,7.21180728,7.50000000,6.45208911,6.71799047,8.55380323,9.00000000,7.98447260,8.18373832,5.87071240,6.00000000,4.92160676,5.25379373,7.21270834,7.50000000,6.45399026,6.71954159,8.55470428,9.00000000,7.98637375,8.18528944,true,0
2026,1,00-0040729,Jack Bech,WR,LV,32.00000000,0.00000000,0.00000000,0.00000000,0.00000000,0.00000000,0.00000000,0.00000000,0.00000000,4.00000000,0.00000000,0.00000000,0.00000000,2.00000000,3.77677833,8.30000000,2.13593317,2.71022898,5.12812169,9.80000000,2.93199635,3.70064022,6.47946504,11.30000000,3.72805953,4.69105146,3.77931664,8.30000000,2.13750822,2.71214117,5.13066000,9.80000000,2.93357140,3.70255241,6.48200335,11.30000000,3.72963458,4.69296365,true,0
2026,2,00-0040729,Jack Bech,WR,LV,18.00000000,0.00000000,0.00000000,0.00000000,0.00000000,0.00000000,0.00000000,0.00000000,0.00000000,2.00000000,0.00000000,0.00000000,0.00000000,0.00000000,1.65586222,2.50000000,2.71022898,2.34120061,2.30873134,3.50000000,3.70064022,3.21347211,2.96160045,4.50000000,4.69105146,4.08574361,1.65678205,2.50000000,2.71214117,2.34276548,2.30965117,3.50000000,3.70255241,3.21503697,2.96252028,4.50000000,4.69296365,4.08730847,true,0
2026,1,00-0040730,RJ Harvey,RB,DEN,-22.00000000,0.00000000,0.00000000,0.00000000,0.00000000,3.00000000,0.00000000,0.00000000,0.00000000,4.00000000,0.00000000,0.00000000,0.00000000,0.00000000,2.79264767,4.10000000,8.31855703,6.38448875,4.52908857,6.10000000,9.63278318,7.84649007,6.26552947,8.10000000,10.94700933,9.30849138,2.79359776,4.10000000,8.32150150,6.38673519,4.53003866,6.10000000,9.63572765,7.84873650,6.26647956,8.10000000,10.94995380,9.31073782,true,0
2026,3,00-0040730,RJ Harvey,RB,DEN,-11.00000000,0.00000000,0.00000000,0.00000000,0.00000000,2.00000000,0.00000000,0.00000000,0.00000000,7.00000000,0.00000000,0.00000000,1.00000000,2.00000000,6.00126136,4.70000000,6.38448875,6.25035917,8.80929635,7.70000000,7.84649007,8.18347227,11.61733134,10.70000000,9.30849138,10.11658537,5.99924370,4.70000000,6.38673519,6.25111317,8.80727869,7.70000000,7.84873650,8.18422627,11.61531368,10.70000000,9.31073782,10.11733937,true,0
2026,4,00-0040730,RJ Harvey,RB,DEN,-26.00000000,0.00000000,0.00000000,0.00000000,0.00000000,7.00000000,0.00000000,0.00000000,0.00000000,10.00000000,0.00000000,0.00000000,0.00000000,0.00000000,7.97398935,9.30000000,6.25035917,6.85362973,12.10428200,14.30000000,8.18347227,9.55575567,16.23457464,19.30000000,10.11658537,12.25788161,7.97255508,9.30000000,6.25111317,6.85361784,12.10284772,14.30000000,8.18422627,9.55574378,16.23314037,19.30000000,10.11733937,12.25786972,true,0
2026,2,00-0040734,TreVeyon Henderson,RB,NE,0.00000000,0.00000000,0.00000000,0.00000000,0.00000000,16.00000000,0.00000000,0.00000000,0.00000000,0.00000000,0.00000000,0.00000000,0.00000000,0.00000000,8.48932329,13.60000000,8.65666880,8.59809787,8.46504599,13.60000000,9.62365207,9.21813994,8.44076869,13.60000000,10.59063535,9.83818202,8.49703761,13.60000000,8.66159264,8.60399838,8.47276032,13.60000000,9.62857592,9.22404046,8.44848302,13.60000000,10.59555919,9.84408253,true,0
2026,3,00-0040734,TreVeyon Henderson,RB,NE,4.00000000,0.00000000,0.00000000,0.00000000,0.00000000,8.00000000,0.00000000,0.00000000,1.00000000,1.00000000,0.00000000,0.00000000,0.00000000,0.00000000,4.97559041,2.90000000,8.59809787,7.33022026,5.32911011,3.40000000,9.21813994,7.85697950,5.68262982,3.90000000,9.83818202,8.38373875,4.97779033,2.90000000,8.60399838,7.33482556,5.33131004,3.40000000,9.22404046,7.86158481,5.68482975,3.90000000,9.84408253,8.38834406,true,0
2026,4,00-0040734,TreVeyon Henderson,RB,NE,-4.00000000,0.00000000,0.00000000,0.00000000,0.00000000,14.00000000,1.00000000,0.00000000,1.00000000,2.00000000,0.00000000,0.00000000,0.00000000,0.00000000,8.96286591,4.20000000,7.33022026,7.90164624,9.77568513,4.20000000,7.85697950,8.52852647,10.58850436,4.20000000,8.38373875,9.15540671,8.96938609,4.20000000,7.33482556,7.90692175,9.78220532,4.20000000,7.86158481,8.53380199,10.59502454,4.20000000,8.38834406,9.16068223,true,0
2026,1,00-0040735,Luther Burden III,WR,CHI,36.00000000,0.00000000,0.00000000,0.00000000,0.00000000,1.00000000,0.00000000,0.00000000,0.00000000,5.00000000,0.00000000,0.00000000,0.00000000,0.00000000,4.85034408,4.50000000,3.72216506,4.11702771,6.60535129,7.00000000,5.08538528,5.61737338,8.36035850,9.50000000,6.44860550,7.11771905,4.85355751,4.50000000,3.72510125,4.12006094,6.60856472,7.00000000,5.08832147,5.62040661,8.36357193,9.50000000,6.45154170,7.12075228,true,0
2026,2,00-0040735,Luther Burden III,WR,CHI,87.00000000,0.00000000,0.00000000,0.00000000,0.00000000,0.00000000,0.00000000,0.00000000,0.00000000,7.00000000,1.00000000,1.00000000,0.00000000,2.00000000,8.18012045,3.20000000,4.11702771,5.53911017,10.28893819,4.70000000,5.61737338,7.25242107,12.39775594,6.20000000,7.11771905,8.96573196,8.18217879,3.20000000,4.12006094,5.54180219,10.29099653,4.70000000,5.62040661,7.25511308,12.39981428,6.20000000,7.12075228,8.96842398,true,0
2026,3,00-0040735,Luther Burden III,WR,CHI,56.00000000,0.00000000,0.00000000,0.00000000,0.00000000,1.00000000,0.00000000,0.00000000,1.00000000,11.00000000,0.00000000,2.00000000,2.00000000,4.00000000,14.01861401,12.80000000,5.53911017,8.50693651,17.78433671,16.30000000,7.25242107,10.93859154,21.55005942,19.80000000,8.96573196,13.37024657,14.03140505,12.80000000,5.54180219,8.51316319,17.79712775,16.30000000,7.25511308,10.94481822,21.56285046,19.80000000,8.96842398,13.37647325,true,0
2026,4,00-0040735,Luther Burden III,WR,CHI,59.00000000,0.00000000,0.00000000,0.00000000,0.00000000,1.00000000,0.00000000,0.00000000,0.00000000,6.00000000,1.00000000,0.00000000,0.00000000,0.00000000,6.22980793,7.40000000,8.50693651,7.70994151,8.21633706,9.40000000,10.93859154,9.98580247,10.20286619,11.40000000,13.37024657,12.26166344,6.23370060,7.40000000,8.51316319,7.71535128,8.22022973,9.40000000,10.94481822,9.99121225,10.20675886,11.40000000,13.37647325,12.26707321,true,0
2026,1,00-0040736,Mason Taylor,TE,NYJ,1.00000000,0.00000000,0.00000000,0.00000000,0.00000000,0.00000000,0.00000000,0.00000000,0.00000000,3.00000000,0.00000000,0.00000000,0.00000000,0.00000000,1.69812995,-0.20000000,4.67891966,3.63564326,2.90117201,0.80000000,6.52345636,5.25565684,4.10421407,1.80000000,8.36799307,6.87567042,1.69507964,-0.20000000,4.67612361,3.63275822,2.89812169,0.80000000,6.52066032,5.25277180,4.10116375,1.80000000,8.36519702,6.87278538,true,0
2026,1,00-0040737,Terrance Ferguson,TE,LA,24.00000000,0.00000000,0.00000000,0.00000000,0.00000000,0.00000000,0.00000000,0.00000000,0.00000000,1.00000000,1.00000000,0.00000000,0.00000000,0.00000000,1.41975375,0.00000000,3.75231817,2.93592062,1.61226582,0.00000000,4.28593932,3.35015359,1.80477790,0.00000000,4.81956047,3.76438657,1.41832290,0.00000000,3.75593668,2.93777186,1.61083498,0.00000000,4.28955783,3.35200483,1.80334706,0.00000000,4.82317898,3.76623781,true,0
2026,2,00-0040737,Terrance Ferguson,TE,LA,54.00000000,0.00000000,0.00000000,0.00000000,0.00000000,0.00000000,0.00000000,0.00000000,0.00000000,9.00000000,0.00000000,1.00000000,1.00000000,1.00000000,9.37381863,11.40000000,2.93592062,5.18918492,12.57490270,14.40000000,3.35015359,6.57881578,15.77598677,17.40000000,3.76438657,7.96844664,9.37063107,11.40000000,2.93777186,5.18927258,12.57171514,14.40000000,3.35200483,6.57890344,15.77279921,17.40000000,3.76623781,7.96853430,true,0
2026,3,00-0040737,Terrance Ferguson,TE,LA,1.00000000,0.00000000,0.00000000,0.00000000,0.00000000,0.00000000,0.00000000,0.00000000,0.00000000,2.00000000,0.00000000,0.00000000,0.00000000,0.00000000,1.17277116,0.90000000,5.18918492,3.78344011,1.96994941,1.40000000,6.57881578,4.96571255,2.76712765,1.90000000,7.96844664,6.14798499,1.17022983,0.90000000,5.18927258,3.78260762,1.96740808,1.40000000,6.57890344,4.96488006,2.76458633,1.90000000,7.96853430,6.14715251,true,0
2026,2,00-0040739,Elijah Arroyo,TE,SEA,14.00000000,0.00000000,0.00000000,0.00000000,0.00000000,0.00000000,0.00000000,0.00000000,0.00000000,1.00000000,0.00000000,0.00000000,0.00000000,0.00000000,1.12005324,1.70000000,2.26555493,1.86462934,1.43170120,2.20000000,2.92894117,2.40490718,1.74334917,2.70000000,3.59232741,2.94518502,1.11841838,1.70000000,2.26382959,1.86293567,1.43006634,2.20000000,2.92721584,2.40321351,1.74171430,2.70000000,3.59060208,2.94349135,true,0
2026,1,00-0040743,Tyler Shough,QB,NO,0.00000000,482.00000000,56.00000000,5.00000000,9.00000000,4.00000000,0.00000000,0.00000000,1.00000000,0.00000000,0.00000000,0.00000000,0.00000000,0.00000000,26.79138484,23.20000000,13.89118344,18.40625393,26.79728989,23.20000000,13.89450361,18.41047881,26.80319494,23.20000000,13.89782377,18.41470368,32.17573594,29.20000000,15.76020023,21.50563773,32.18164099,29.20000000,15.76352039,21.50986260,32.18754605,29.20000000,15.76684055,21.51408747,true,3
2026,2,00-0040743,Tyler Shough,QB,NO,0.00000000,213.00000000,34.00000000,2.00000000,3.00000000,8.00000000,2.00000000,2.00000000,4.00000000,0.00000000,0.00000000,0.00000000,0.00000000,0.00000000,22.69369750,22.38000000,18.40625393,19.90685918,22.69283608,22.38000000,18.41047881,19.90930385,22.69197466,22.38000000,18.41470368,19.91174852,24.87403243,24.38000000,21.50563773,22.68457587,24.87317101,24.38000000,21.50986260,22.68702054,24.87230959,24.38000000,21.51408747,22.68946521,true,1
2026,3,00-0040743,Tyler Shough,QB,NO,0.00000000,311.00000000,42.00000000,5.00000000,8.00000000,1.00000000,0.00000000,0.00000000,0.00000000,0.00000000,0.00000000,0.00000000,0.00000000,0.00000000,19.26645078,23.80000000,19.90685918,19.68271624,19.27435864,23.80000000,19.90930385,19.68707303,19.28226649,23.80000000,19.91174852,19.69142981,23.66456867,31.80000000,22.68457587,23.02757335,23.67247653,31.80000000,22.68702054,23.03193014,23.68038439,31.80000000,22.68946521,23.03628693,true,4
2026,4,00-0040743,Tyler Shough,QB,NO,0.00000000,474.00000000,48.00000000,3.00000000,7.00000000,2.00000000,0.00000000,0.00000000,0.00000000,0.00000000,0.00000000,0.00000000,0.00000000,0.00000000,21.55497843,15.94000000,19.68271624,20.33800801,21.56070499,15.94000000,19.68707303,20.34284421,21.56643154,15.94000000,19.69142981,20.34768042,26.01266215,17.94000000,23.02757335,24.07235443,26.01838871,17.94000000,23.03193014,24.07719064,26.02411527,17.94000000,23.03628693,24.08202684,true,1
2026,2,00-0040782,Isaiah Bond,WR,CLE,7.00000000,0.00000000,0.00000000,0.00000000,0.00000000,0.00000000,0.00000000,0.00000000,0.00000000,1.00000000,0.00000000,0.00000000,0.00000000,0.00000000,0.72073861,1.00000000,4.06515453,2.89460896,1.04395806,1.50000000,4.83662874,3.50919400,1.36717751,2.00000000,5.60810295,4.12377905,0.72185370,1.00000000,4.06685227,2.89610277,1.04507315,1.50000000,4.83832649,3.51068782,1.36829259,2.00000000,5.60980070,4.12527286,true,0
2026,4,00-0040782,Isaiah Bond,WR,CLE,2.00000000,0.00000000,0.00000000,0.00000000,0.00000000,0.00000000,0.00000000,0.00000000,0.00000000,1.00000000,0.00000000,0.00000000,0.00000000,0.00000000,0.55827055,0.20000000,2.89460896,2.07689051,0.91385458,0.70000000,3.50919400,2.60082520,1.26943861,1.20000000,4.12377905,3.12475989,0.55975501,0.20000000,2.89610277,2.07838106,0.91533904,0.70000000,3.51068782,2.60231575,1.27092308,1.20000000,4.12527286,3.12625044,true,0
2026,1,00-0040784,Quinshon Judkins,RB,CLE,1.00000000,0.00000000,0.00000000,0.00000000,0.00000000,12.00000000,1.00000000,1.00000000,2.00000000,2.00000000,0.00000000,0.00000000,0.00000000,0.00000000,9.12354016,5.00000000,11.98093931,10.98084961,9.89768932,6.00000000,12.99886867,11.91345590,10.67183848,7.00000000,14.01679803,12.84606219,9.12801858,5.00000000,11.98763693,10.98677051,9.90216774,6.00000000,13.00556629,11.91937680,10.67631690,7.00000000,14.02349565,12.85198309,true,0
2026,2,00-0040784,Quinshon Judkins,RB,CLE,-8.00000000,0.00000000,0.00000000,0.00000000,0.00000000,12.00000000,0.00000000,0.00000000,1.00000000,5.00000000,0.00000000,0.00000000,0.00000000,0.00000000,8.92723209,4.80000000,10.98084961,10.26208347,10.94860044,7.30000000,11.91345590,11.57575649,12.96996880,9.80000000,12.84606219,12.88942950,8.92957894,4.80000000,10.98677051,10.26675346,10.95094729,7.30000000,11.91937680,11.58042647,12.97231565,9.80000000,12.85198309,12.89409948,true,0
2026,3,00-0040784,Quinshon Judkins,RB,CLE,-6.00000000,0.00000000,0.00000000,0.00000000,0.00000000,18.00000000,1.00000000,0.00000000,3.00000000,2.00000000,0.00000000,0.00000000,0.00000000,1.00000000,11.95720921,7.90000000,10.26208347,10.85537748,12.78794127,8.90000000,11.57575649,12.00002116,13.61867334,9.90000000,12.88942950,13.14466484,11.96451388,7.90000000,10.26675346,10.86096961,12.79524594,8.90000000,11.58042647,12.00561329,13.62597800,9.90000000,12.89409948,13.15025696,true,0
2026,4,00-0040784,Quinshon Judkins,RB,CLE,-15.00000000,0.00000000,0.00000000,0.00000000,0.00000000,17.00000000,2.00000000,2.00000000,3.00000000,7.00000000,0.00000000,0.00000000,2.00000000,2.00000000,18.91773944,15.60000000,10.85537748,13.67720417,21.75899359,18.60000000,12.00002116,15.41566151,24.60024773,21.60000000,13.14466484,17.15411885,18.92665517,15.60000000,10.86096961,13.68395955,21.76790932,18.60000000,12.00561329,15.42241690,24.60916347,21.60000000,13.15025696,17.16087424,true,0
2026,1,00-0040785,Dohnte Meyers,WR,CIN,2.00000000,0.00000000,0.00000000,0.00000000,0.00000000,1.00000000,0.00000000,0.00000000,0.00000000,1.00000000,0.00000000,0.00000000,0.00000000,0.00000000,1.43478576,2.80000000,3.40000000,2.71217502,1.80646514,3.30000000,4.00000000,3.23226280,2.17814451,3.80000000,4.60000000,3.75235058,1.43804147,2.80000000,3.40000000,2.71331451,1.80972084,3.30000000,4.00000000,3.23340229,2.18140021,3.80000000,4.60000000,3.75349007,false,0
2026,2,00-0040785,Dohnte Meyers,WR,CIN,-4.00000000,0.00000000,0.00000000,0.00000000,0.00000000,0.00000000,0.00000000,0.00000000,0.00000000,1.00000000,0.00000000,0.00000000,0.00000000,0.00000000,0.36330887,0.00000000,2.71217502,1.89007187,0.75773040,0.00000000,3.23226280,2.36617646,1.15215193,0.00000000,3.75235058,2.84228105,0.36523659,0.00000000,2.71331451,1.89148724,0.75965812,0.00000000,3.23340229,2.36759183,1.15407966,0.00000000,3.75349007,2.84369643,false,0
2026,3,00-0040785,Dohnte Meyers,WR,CIN,18.00000000,0.00000000,0.00000000,0.00000000,0.00000000,0.00000000,0.00000000,0.00000000,0.00000000,5.00000000,0.00000000,0.00000000,0.00000000,0.00000000,3.38894382,2.90000000,1.89007187,2.41467705,5.24436820,4.40000000,2.36617646,3.37354357,7.09979258,5.90000000,2.84228105,4.33241009,3.39171578,2.90000000,1.89148724,2.41656723,5.24714016,4.40000000,2.36759183,3.37543375,7.10256454,5.90000000,2.84369643,4.33430027,false,0
2026,4,00-0040785,Dohnte Meyers,WR,CIN,68.00000000,0.00000000,0.00000000,0.00000000,0.00000000,0.00000000,0.00000000,0.00000000,0.00000000,9.00000000,1.00000000,0.00000000,0.00000000,0.00000000,7.37881683,8.20000000,2.41467705,4.15212597,10.49354962,11.70000000,3.37354357,5.86554569,13.60828242,15.20000000,4.33241009,7.57896540,7.38212552,8.20000000,2.41656723,4.15451263,10.49685831,11.70000000,3.37543375,5.86793235,13.61159111,15.20000000,4.33430027,7.58135206,false,0
2026,1,00-0040867,Makai Lemon,WR,PHI,0.00000000,0.00000000,0.00000000,0.00000000,0.00000000,0.00000000,0.00000000,0.00000000,0.00000000,4.00000000,0.00000000,0.00000000,0.00000000,0.00000000,2.22636492,-0.50000000,3.40000000,2.98922772,3.79745005,1.00000000,4.00000000,3.92910752,5.36853518,2.50000000,4.60000000,4.86898731,2.22984927,-0.50000000,3.40000000,2.99044724,3.80093440,1.00000000,4.00000000,3.93032704,5.37201952,2.50000000,4.60000000,4.87020683,false,0
2026,2,00-0040867,Makai Lemon,WR,PHI,13.00000000,0.00000000,0.00000000,0.00000000,0.00000000,1.00000000,0.00000000,0.00000000,0.00000000,1.00000000,0.00000000,0.00000000,0.00000000,0.00000000,1.79221551,0.90000000,2.98922772,2.57027345,2.09269279,1.40000000,3.92910752,3.28636236,2.39317008,1.90000000,4.86898731,4.00245128,1.79465857,0.90000000,2.99044724,2.57192121,2.09513586,1.40000000,3.93032704,3.28801013,2.39561315,1.90000000,4.87020683,4.00409904,false,0
2026,3,00-0040867,Makai Lemon,WR,PHI,46.00000000,0.00000000,0.00000000,0.00000000,0.00000000,0.00000000,0.00000000,0.00000000,0.00000000,4.00000000,1.00000000,0.00000000,0.00000000,0.00000000,3.77548800,2.90000000,2.57027345,2.99209854,5.02836620,4.40000000,3.28636236,3.89606371,6.28124440,5.90000000,4.00245128,4.80002887,3.77733508,2.90000000,2.57192121,2.99381606,5.03021328,4.40000000,3.28801013,3.89778123,6.28309148,5.90000000,4.00409904,4.80174640,false,0
2026,4,00-0040867,Makai Lemon,WR,PHI,31.00000000,0.00000000,0.00000000,0.00000000,0.00000000,0.00000000,0.00000000,0.00000000,0.00000000,6.00000000,0.00000000,0.00000000,0.00000000,0.00000000,4.38905466,2.70000000,2.99209854,3.48103318,6.56118287,4.20000000,3.89606371,4.82885541,8.73331108,5.70000000,4.80002887,6.17667765,4.39148361,2.70000000,2.99381606,3.48299971,6.56361182,4.20000000,3.89778123,4.83082194,8.73574003,5.70000000,4.80174640,6.17864417,false,0
2026,1,00-0040870,Ja'Kobi Lane,WR,BAL,30.00000000,0.00000000,0.00000000,0.00000000,0.00000000,0.00000000,0.00000000,0.00000000,0.00000000,3.00000000,1.00000000,1.00000000,1.00000000,2.00000000,4.92525817,1.10000000,3.40000000,3.93384036,5.75562027,1.60000000,4.00000000,4.61446709,6.58598237,2.10000000,4.60000000,5.29509383,4.92748761,1.10000000,3.40000000,3.93462066,5.75784971,1.60000000,4.00000000,4.61524740,6.58821182,2.10000000,4.60000000,5.29587414,false,0
2026,4,00-0040876,Elijah Sarratt,WR,BAL,21.00000000,0.00000000,0.00000000,0.00000000,0.00000000,0.00000000,0.00000000,0.00000000,0.00000000,2.00000000,0.00000000,0.00000000,0.00000000,0.00000000,1.75334306,1.30000000,3.40000000,2.82367007,2.38679342,1.80000000,4.00000000,3.43537770,3.02024379,2.30000000,4.60000000,4.04708533,1.75404126,1.30000000,3.40000000,2.82391444,2.38749163,1.80000000,4.00000000,3.43562207,3.02094199,2.30000000,4.60000000,4.04732970,false,0
2026,1,00-0040878,Mike Washington Jr.,RB,LV,0.00000000,0.00000000,0.00000000,0.00000000,0.00000000,7.00000000,1.00000000,0.00000000,1.00000000,0.00000000,0.00000000,0.00000000,0.00000000,0.00000000,4.17342718,4.10000000,3.40000000,3.67069951,4.17226630,4.10000000,4.00000000,4.06029320,4.17110542,4.10000000,4.60000000,4.44988690,4.17773010,4.10000000,3.40000000,3.67220553,4.17656921,4.10000000,4.00000000,4.06179923,4.17540833,4.10000000,4.60000000,4.45139292,false,0
2026,2,00-0040878,Mike Washington Jr.,RB,LV,10.00000000,0.00000000,0.00000000,0.00000000,0.00000000,3.00000000,0.00000000,0.00000000,1.00000000,1.00000000,0.00000000,0.00000000,0.00000000,0.00000000,2.36701377,0.70000000,3.67069951,3.21440950,2.67782964,0.70000000,4.06029320,3.57643096,2.98864550,0.70000000,4.44988690,3.93845241,2.36612544,0.70000000,3.67220553,3.21507750,2.67694131,0.70000000,4.06179923,3.57709895,2.98775717,0.70000000,4.45139292,3.93912041,false,0
2026,3,00-0040878,Mike Washington Jr.,RB,LV,0.00000000,0.00000000,0.00000000,0.00000000,0.00000000,5.00000000,0.00000000,0.00000000,0.00000000,0.00000000,0.00000000,0.00000000,0.00000000,0.00000000,2.41213663,11.40000000,3.21440950,2.93361400,2.39728017,11.40000000,3.57643096,3.16372818,2.38242372,11.40000000,3.93845241,3.39384237,2.41461514,11.40000000,3.21507750,2.93491567,2.39975868,11.40000000,3.57709895,3.16502986,2.38490222,11.40000000,3.93912041,3.39514404,false,0
2026,4,00-0040878,Mike Washington Jr.,RB,LV,-1.00000000,0.00000000,0.00000000,0.00000000,0.00000000,9.00000000,0.00000000,0.00000000,2.00000000,2.00000000,0.00000000,0.00000000,0.00000000,0.00000000,6.20342975,1.70000000,2.93361400,4.07804951,6.99751757,2.20000000,3.16372818,4.50555447,7.79160538,2.70000000,3.39384237,4.93305942,6.20546163,1.70000000,2.93491567,4.07960676,6.99954945,2.20000000,3.16502986,4.50711172,7.79363727,2.70000000,3.39514404,4.93461667,false,0
2026,1,00-0040879,Matthew Hibner,TE,BAL,1.00000000,0.00000000,0.00000000,0.00000000,0.00000000,0.00000000,0.00000000,0.00000000,0.00000000,1.00000000,0.00000000,0.00000000,0.00000000,0.00000000,0.64741236,1.30000000,2.55000000,1.88409433,1.03872680,1.80000000,3.00000000,2.31355438,1.43004124,2.30000000,3.45000000,2.74301443,0.64538003,1.30000000,2.55000000,1.88338301,1.03669446,1.80000000,3.00000000,2.31284306,1.42800890,2.30000000,3.45000000,2.74230312,false,0
2026,3,00-0040879,Matthew Hibner,TE,BAL,5.00000000,0.00000000,0.00000000,0.00000000,0.00000000,0.00000000,0.00000000,0.00000000,0.00000000,2.00000000,0.00000000,1.00000000,1.00000000,1.00000000,3.91481453,8.30000000,1.88409433,2.59484640,4.57513326,9.30000000,2.31355438,3.10510699,5.23545199,10.30000000,2.74301443,3.61536758,3.91369174,8.30000000,1.88338301,2.59399107,4.57401047,9.30000000,2.31284306,3.10425166,5.23432920,10.30000000,2.74230312,3.61451225,false,0
2026,4,00-0040879,Matthew Hibner,TE,BAL,19.00000000,0.00000000,0.00000000,0.00000000,0.00000000,0.00000000,0.00000000,0.00000000,0.00000000,2.00000000,1.00000000,0.00000000,0.00000000,0.00000000,1.76332759,3.40000000,2.59484640,2.30381482,2.39234443,4.40000000,3.10510699,2.85564009,3.02136127,5.40000000,3.61536758,3.40746537,1.76123488,3.40000000,2.59399107,2.30252640,2.39025172,4.40000000,3.10425166,2.85435168,3.01926856,5.40000000,3.61451225,3.40617696,false,0
2026,2,00-0040886,Nicholas Singleton,RB,TEN,0.00000000,0.00000000,0.00000000,0.00000000,0.00000000,4.00000000,0.00000000,0.00000000,1.00000000,0.00000000,0.00000000,0.00000000,0.00000000,0.00000000,2.15085435,1.00000000,3.40000000,2.96279902,2.14479827,1.00000000,4.00000000,3.35067939,2.13874219,1.00000000,4.60000000,3.73855977,2.15241599,1.00000000,3.40000000,2.96334560,2.14635990,1.00000000,4.00000000,3.35122597,2.14030382,1.00000000,4.60000000,3.73910634,false,0
2026,4,00-0040886,Nicholas Singleton,RB,TEN,0.00000000,0.00000000,0.00000000,0.00000000,0.00000000,3.00000000,0.00000000,0.00000000,1.00000000,0.00000000,0.00000000,0.00000000,0.00000000,0.00000000,1.59838283,0.20000000,2.96279902,2.48525336,1.59318319,0.20000000,3.35067939,2.73555572,1.58798355,0.20000000,3.73855977,2.98585809,1.59946849,0.20000000,2.96334560,2.48598861,1.59426885,0.20000000,3.35122597,2.73629097,1.58906921,0.20000000,3.73910634,2.98659334,false,0
2026,3,00-0040887,Josh Cuevas,TE,BAL,3.00000000,0.00000000,0.00000000,0.00000000,0.00000000,0.00000000,0.00000000,0.00000000,0.00000000,1.00000000,0.00000000,0.00000000,0.00000000,0.00000000,0.72012634,1.40000000,2.55000000,1.90954422,1.09918440,1.90000000,3.00000000,2.33471454,1.47824246,2.40000000,3.45000000,2.75988486,0.71815516,1.40000000,2.55000000,1.90885431,1.09721321,1.90000000,3.00000000,2.33402463,1.47627127,2.40000000,3.45000000,2.75919495,false,0
2026,1,00-0040890,Cyrus Allen,WR,KC,5.00000000,0.00000000,0.00000000,0.00000000,0.00000000,0.00000000,0.00000000,0.00000000,0.00000000,1.00000000,0.00000000,0.00000000,0.00000000,0.00000000,0.65575138,0.00000000,3.40000000,2.43951298,0.99191667,0.00000000,4.00000000,2.94717083,1.32808195,0.00000000,4.60000000,3.45482868,0.65701422,0.00000000,3.40000000,2.43995498,0.99317951,0.00000000,4.00000000,2.94761283,1.32934479,0.00000000,4.60000000,3.45527068,false,0
2026,4,00-0040890,Cyrus Allen,WR,KC,22.00000000,0.00000000,0.00000000,0.00000000,0.00000000,0.00000000,0.00000000,0.00000000,0.00000000,1.00000000,1.00000000,0.00000000,0.00000000,0.00000000,1.26255969,0.00000000,2.43951298,2.02757933,1.46823263,0.00000000,2.94717083,2.42954246,1.67390558,0.00000000,3.45482868,2.83150560,1.26432766,0.00000000,2.43995498,2.02848542,1.47000060,0.00000000,2.94761283,2.43044855,1.67567354,0.00000000,3.45527068,2.83241168,false,0
2026,1,00-0040894,Malik Benson,WR,LV,31.00000000,0.00000000,0.00000000,0.00000000,0.00000000,1.00000000,0.00000000,0.00000000,0.00000000,2.00000000,1.00000000,0.00000000,0.00000000,0.00000000,3.00921129,-0.20000000,3.40000000,3.26322395,3.57357508,0.30000000,4.00000000,3.85075128,4.13793887,0.80000000,4.60000000,4.43827860,3.01270299,-0.20000000,3.40000000,3.26444605,3.57706677,0.30000000,4.00000000,3.85197337,4.14143056,0.80000000,4.60000000,4.43950070,false,0
2026,2,00-0040894,Malik Benson,WR,LV,27.00000000,0.00000000,0.00000000,0.00000000,0.00000000,0.00000000,0.00000000,0.00000000,0.00000000,1.00000000,1.00000000,0.00000000,0.00000000,0.00000000,1.42502775,0.00000000,3.26322395,2.61985528,1.59833611,0.00000000,3.85075128,3.06240597,1.77164447,0.00000000,4.43827860,3.50495666,1.42642634,0.00000000,3.26444605,2.62113915,1.59973470,0.00000000,3.85197337,3.06368984,1.77304306,0.00000000,4.43950070,3.50624052,false,0
2026,3,00-0040894,Malik Benson,WR,LV,40.00000000,0.00000000,0.00000000,0.00000000,0.00000000,0.00000000,0.00000000,0.00000000,0.00000000,1.00000000,1.00000000,0.00000000,0.00000000,0.00000000,1.84744472,0.00000000,2.61985528,2.34951159,1.93660516,0.00000000,3.06240597,2.66837569,2.02576560,0.00000000,3.50495666,2.98723979,1.84788292,0.00000000,2.62113915,2.35049947,1.93704337,0.00000000,3.06368984,2.66936357,2.02620381,0.00000000,3.50624052,2.98822767,false,0
2026,3,00-0040948,J. Michael Sturdivant,WR,GB,22.00000000,0.00000000,0.00000000,0.00000000,0.00000000,0.00000000,0.00000000,0.00000000,0.00000000,3.00000000,0.00000000,0.00000000,0.00000000,0.00000000,2.36353054,2.20000000,3.40000000,3.03723569,3.39135974,3.70000000,4.00000000,3.78697591,4.41918894,5.20000000,4.60000000,4.53671613,2.36477225,2.20000000,3.40000000,3.03767029,3.39260145,3.70000000,4.00000000,3.78741051,4.42043065,5.20000000,4.60000000,4.53715073,false,0
2026,4,00-0040948,J. Michael Sturdivant,WR,GB,55.00000000,0.00000000,0.00000000,0.00000000,0.00000000,0.00000000,0.00000000,0.00000000,0.00000000,1.00000000,1.00000000,0.00000000,0.00000000,0.00000000,2.33484892,0.00000000,3.03723569,2.79140032,2.32691560,0.00000000,3.78697591,3.27595480,2.31898229,0.00000000,4.53671613,3.76050929,2.33417898,0.00000000,3.03767029,2.79144833,2.32624567,0.00000000,3.78741051,3.27600281,2.31831236,0.00000000,4.53715073,3.76055730,false,0
2026,1,00-0041013,Emmett Johnson,RB,KC,-8.00000000,0.00000000,0.00000000,0.00000000,0.00000000,8.00000000,0.00000000,0.00000000,1.00000000,2.00000000,0.00000000,0.00000000,0.00000000,0.00000000,5.18035791,6.80000000,3.40000000,4.02312527,6.02217528,7.80000000,4.00000000,4.70776135,6.86399266,8.80000000,4.60000000,5.39239743,5.18318109,6.80000000,3.40000000,4.02411338,6.02499846,7.80000000,4.00000000,4.70874946,6.86681584,8.80000000,4.60000000,5.39338554,false,0
2026,2,00-0041013,Emmett Johnson,RB,KC,-4.00000000,0.00000000,0.00000000,0.00000000,0.00000000,2.00000000,0.00000000,0.00000000,0.00000000,2.00000000,0.00000000,0.00000000,0.00000000,0.00000000,1.67686021,3.50000000,4.02312527,3.20193250,2.48454826,4.50000000,4.70776135,3.92963677,3.29223632,5.50000000,5.39239743,4.65734104,1.67679615,3.50000000,4.02411338,3.20255235,2.48448420,4.50000000,4.70874946,3.93025662,3.29217225,5.50000000,5.39338554,4.65796089,false,0
2026,3,00-0041013,Emmett Johnson,RB,KC,0.00000000,0.00000000,0.00000000,0.00000000,0.00000000,6.00000000,0.00000000,0.00000000,0.00000000,0.00000000,0.00000000,0.00000000,0.00000000,0.00000000,2.96460814,1.70000000,3.20193250,3.11886897,2.94889525,1.70000000,3.92963677,3.58637724,2.93318235,1.70000000,4.65734104,4.05388550,2.96756263,1.70000000,3.20255235,3.12030595,2.95184974,1.70000000,3.93025662,3.58781421,2.93613684,1.70000000,4.65796089,4.05532247,false,0
2026,4,00-0041013,Emmett Johnson,RB,KC,-6.00000000,0.00000000,0.00000000,0.00000000,0.00000000,0.00000000,0.00000000,0.00000000,0.00000000,1.00000000,0.00000000,0.00000000,0.00000000,0.00000000,0.00832750,1.00000000,3.11886897,2.03017946,0.43906486,1.50000000,3.58637724,2.48481791,0.86980223,2.00000000,4.05388550,2.93945636,0.00834100,1.00000000,3.12030595,2.03111822,0.43907837,1.50000000,3.58781421,2.48575667,0.86981574,2.00000000,4.05532247,2.94039512,false,0
2026,1,00-0041027,Jeremiyah Love,RB,ARI,5.00000000,0.00000000,0.00000000,0.00000000,0.00000000,11.00000000,2.00000000,1.00000000,3.00000000,4.00000000,0.00000000,0.00000000,0.00000000,1.00000000,10.60793464,11.00000000,3.40000000,5.92277712,12.14546453,12.00000000,4.00000000,6.85091259,13.68299443,13.00000000,4.60000000,7.77904805,10.61027666,11.00000000,3.40000000,5.92359683,12.14780655,12.00000000,4.00000000,6.85173229,13.68533644,13.00000000,4.60000000,7.77986776,false,0
2026,2,00-0041027,Jeremiyah Love,RB,ARI,0.00000000,0.00000000,0.00000000,0.00000000,0.00000000,9.00000000,1.00000000,0.00000000,2.00000000,3.00000000,0.00000000,0.00000000,0.00000000,0.00000000,7.10654757,4.50000000,5.92277712,6.33709678,8.29459448,6.00000000,6.85091259,7.35620125,9.48264139,7.50000000,7.77904805,8.37530572,7.10898130,4.50000000,5.92359683,6.33848140,8.29702821,6.00000000,6.85173229,7.35758587,9.48507512,7.50000000,7.77986776,8.37669033,false,0
2026,3,00-0041027,Jeremiyah Love,RB,ARI,9.00000000,0.00000000,0.00000000,0.00000000,0.00000000,21.00000000,1.00000000,0.00000000,4.00000000,5.00000000,0.00000000,0.00000000,1.00000000,2.00000000,17.51607973,16.90000000,6.33709678,10.24974081,19.40181131,19.40000000,7.35620125,11.57216477,21.28754289,21.90000000,8.37530572,12.89458873,17.52188126,16.90000000,6.33848140,10.25267135,19.40761284,19.40000000,7.35758587,11.57509531,21.29334442,21.90000000,8.37669033,12.89751926,false,0
2026,4,00-0041027,Jeremiyah Love,RB,ARI,-7.00000000,0.00000000,0.00000000,0.00000000,0.00000000,14.00000000,0.00000000,0.00000000,1.00000000,1.00000000,0.00000000,0.00000000,0.00000000,0.00000000,8.00848777,5.50000000,10.24974081,9.46530225,8.44300992,6.00000000,11.57216477,10.47696057,8.87753207,6.50000000,12.89458873,11.48861890,8.01484222,5.50000000,10.25267135,9.46943115,8.44936437,6.00000000,11.57509531,10.48108948,8.88388652,6.50000000,12.89751926,11.49274780,false,0
2026,1,00-0041032,Kenyon Sadiq,TE,NYJ,0.00000000,0.00000000,0.00000000,0.00000000,0.00000000,1.00000000,1.00000000,1.00000000,1.00000000,3.00000000,0.00000000,0.00000000,0.00000000,0.00000000,2.81242151,8.40000000,2.55000000,2.64184753,4.02385060,9.90000000,3.00000000,3.35834771,5.23527970,11.40000000,3.45000000,4.07484789,2.86517745,8.40000000,2.55000000,2.66031211,4.07660654,9.90000000,3.00000000,3.37681229,5.28803563,11.40000000,3.45000000,4.09331247,false,0
2026,2,00-0041032,Kenyon Sadiq,TE,NYJ,8.00000000,0.00000000,0.00000000,0.00000000,0.00000000,0.00000000,0.00000000,0.00000000,0.00000000,3.00000000,0.00000000,0.00000000,0.00000000,0.00000000,1.95262889,1.70000000,2.64184753,2.40062100,3.11277361,2.70000000,3.35834771,3.27239678,4.27291834,3.70000000,4.07484789,4.14417255,1.94979259,1.70000000,2.66031211,2.41163028,3.10993732,2.70000000,3.37681229,3.28340605,4.27008204,3.70000000,4.09331247,4.15518182,false,0
2026,3,00-0041032,Kenyon Sadiq,TE,NYJ,78.00000000,0.00000000,0.00000000,0.00000000,0.00000000,0.00000000,0.00000000,0.00000000,0.00000000,8.00000000,2.00000000,1.00000000,0.00000000,0.00000000,8.03705457,16.50000000,2.40062100,4.37337275,10.60708161,20.00000000,3.27239678,5.83953647,13.17710866,23.50000000,4.14417255,7.30570019,8.03319394,16.50000000,2.41163028,4.37917756,10.60322098,20.00000000,3.28340605,5.84534128,13.17324803,23.50000000,4.15518182,7.31150499,false,0
2026,4,00-0041032,Kenyon Sadiq,TE,NYJ,11.00000000,0.00000000,0.00000000,0.00000000,0.00000000,0.00000000,0.00000000,0.00000000,0.00000000,4.00000000,0.00000000,0.00000000,0.00000000,0.00000000,2.58705865,0.00000000,4.37337275,3.74816282,4.13468262,0.00000000,5.83953647,5.24283762,5.68230658,0.00000000,7.30570019,6.73751242,2.58380509,0.00000000,4.37917756,3.75079720,4.13142906,0.00000000,5.84534128,5.24547200,5.67905302,0.00000000,7.31150499,6.74014680,false,0
2026,1,00-0041037,Denzel Boston,WR,CLE,114.00000000,0.00000000,0.00000000,0.00000000,0.00000000,0.00000000,0.00000000,0.00000000,0.00000000,4.00000000,2.00000000,1.00000000,1.00000000,1.00000000,8.03152351,11.90000000,3.40000000,5.02103323,8.70486381,12.90000000,4.00000000,5.64670233,9.37820412,13.90000000,4.60000000,6.27237144,8.02921679,11.90000000,3.40000000,5.02022588,8.70255709,12.90000000,4.00000000,5.64589498,9.37589740,13.90000000,4.60000000,6.27156409,false,0
2026,2,00-0041037,Denzel Boston,WR,CLE,60.00000000,0.00000000,0.00000000,0.00000000,0.00000000,0.00000000,0.00000000,0.00000000,0.00000000,7.00000000,0.00000000,1.00000000,0.00000000,1.00000000,6.99306712,15.50000000,5.02103323,5.71124509,9.30341058,18.00000000,5.64670233,6.92655022,11.61375405,20.50000000,6.27237144,8.14185535,6.99465010,15.50000000,5.02022588,5.71127435,9.30499356,18.00000000,5.64589498,6.92657948,11.61533702,20.50000000,6.27156409,8.14188462,false,0
2026,3,00-0041037,Denzel Boston,WR,CLE,51.00000000,0.00000000,0.00000000,0.00000000,0.00000000,0.00000000,0.00000000,0.00000000,0.00000000,5.00000000,0.00000000,1.00000000,1.00000000,2.00000000,6.70859489,6.10000000,5.71124509,6.06031752,8.22518199,7.10000000,6.92655022,7.38107134,9.74176910,8.10000000,8.14185535,8.70182517,6.70874668,6.10000000,5.71127435,6.06038967,8.22533379,7.10000000,6.92657948,7.38114349,9.74192090,8.10000000,8.14188462,8.70189731,false,0
2026,4,00-0041037,Denzel Boston,WR,CLE,158.00000000,0.00000000,0.00000000,0.00000000,0.00000000,0.00000000,0.00000000,0.00000000,0.00000000,7.00000000,4.00000000,0.00000000,0.00000000,0.00000000,9.31110491,8.90000000,6.06031752,7.19809311,10.98021343,10.90000000,7.38107134,8.64077107,12.64932195,12.90000000,8.70182517,10.08344904,9.31181307,8.90000000,6.06038967,7.19838786,10.98092159,10.90000000,7.38114349,8.64106583,12.65003011,12.90000000,8.70189731,10.08374379,false,0
2026,1,00-0041040,Antonio Williams,WR,WAS,55.00000000,0.00000000,0.00000000,0.00000000,0.00000000,0.00000000,0.00000000,0.00000000,0.00000000,4.00000000,1.00000000,1.00000000,1.00000000,2.00000000,6.31529236,12.40000000,3.40000000,4.42035233,7.38468329,14.40000000,4.00000000,5.18463915,8.45407423,16.40000000,4.60000000,5.94892598,6.31629229,12.40000000,3.40000000,4.42070230,7.38568322,14.40000000,4.00000000,5.18498913,8.45507416,16.40000000,4.60000000,5.94927595,false,0
2026,2,00-0041040,Antonio Williams,WR,WAS,16.00000000,23.00000000,1.00000000,0.00000000,0.00000000,0.00000000,0.00000000,0.00000000,0.00000000,3.00000000,0.00000000,0.00000000,0.00000000,0.00000000,2.16856886,2.40000000,4.42035233,3.63222811,3.23523556,3.90000000,5.18463915,4.50234790,4.30190227,5.40000000,5.94892598,5.37246768,2.17025382,2.40000000,4.42070230,3.63304533,3.23692052,3.90000000,5.18498913,4.50316512,4.30358723,5.40000000,5.94927595,5.37328490,false,0
2026,3,00-0041040,Antonio Williams,WR,WAS,52.00000000,0.00000000,0.00000000,0.00000000,0.00000000,0.00000000,0.00000000,0.00000000,0.00000000,4.00000000,1.00000000,0.00000000,0.00000000,0.00000000,3.97044968,1.50000000,3.63222811,3.75060566,5.18449038,2.50000000,4.50234790,4.74109777,6.39853108,3.50000000,5.37246768,5.73158987,3.97185350,1.50000000,3.63304533,3.75162819,5.18589420,2.50000000,4.50316512,4.74212030,6.39993490,3.50000000,5.37328490,5.73261240,false,0
2026,4,00-0041040,Antonio Williams,WR,WAS,97.00000000,0.00000000,0.00000000,0.00000000,0.00000000,0.00000000,0.00000000,0.00000000,0.00000000,8.00000000,2.00000000,0.00000000,0.00000000,0.00000000,7.79785462,2.10000000,3.75060566,5.16714280,10.30356832,3.60000000,4.74109777,6.68796246,12.80928203,5.10000000,5.73158987,8.20878213,7.80016455,2.10000000,3.75162819,5.16861592,10.30587826,3.60000000,4.74212030,6.68943558,12.81159196,5.10000000,5.73261240,8.21025525,false,0
2026,2,00-0041041,Oscar Delp,TE,NO,7.00000000,0.00000000,0.00000000,0.00000000,0.00000000,0.00000000,0.00000000,0.00000000,0.00000000,1.00000000,0.00000000,0.00000000,0.00000000,0.00000000,0.86555431,0.80000000,2.55000000,1.96044401,1.22009960,1.30000000,3.00000000,2.37703486,1.57464490,1.80000000,3.45000000,2.79362571,0.86370542,0.80000000,2.55000000,1.95979690,1.21825071,1.30000000,3.00000000,2.37638775,1.57279601,1.80000000,3.45000000,2.79297860,false,0
2026,1,00-0041042,Malachi Fields,WR,NYG,71.00000000,0.00000000,0.00000000,0.00000000,0.00000000,0.00000000,0.00000000,0.00000000,0.00000000,4.00000000,2.00000000,0.00000000,0.00000000,0.00000000,4.64224521,2.50000000,3.40000000,3.83478582,5.71284774,3.50000000,4.00000000,4.59949671,6.78345027,4.50000000,4.60000000,5.36420759,4.64400641,2.50000000,3.40000000,3.83540224,5.71460894,3.50000000,4.00000000,4.60011313,6.78521146,4.50000000,4.60000000,5.36482401,false,0
2026,2,00-0041042,Malachi Fields,WR,NYG,131.00000000,0.00000000,0.00000000,0.00000000,0.00000000,0.00000000,0.00000000,0.00000000,0.00000000,6.00000000,3.00000000,0.00000000,0.00000000,0.00000000,7.80166661,3.00000000,3.83478582,5.22319410,9.26514488,4.00000000,4.59949671,6.23247357,10.72862316,5.00000000,5.36420759,7.24175304,7.80199103,3.00000000,3.83540224,5.22370832,9.26546930,4.00000000,4.60011313,6.23298779,10.72894757,5.00000000,5.36482401,7.24226726,false,0
2026,3,00-0041042,Malachi Fields,WR,NYG,11.00000000,0.00000000,0.00000000,0.00000000,0.00000000,0.00000000,0.00000000,0.00000000,0.00000000,2.00000000,0.00000000,0.00000000,0.00000000,0.00000000,1.42840693,1.90000000,5.22319410,3.89501859,2.12658646,2.90000000,6.23247357,4.79541308,2.82476600,3.90000000,7.24175304,5.69580758,1.42984389,1.90000000,5.22370832,3.89585577,2.12802343,2.90000000,6.23298779,4.79625026,2.82620296,3.90000000,7.24226726,5.69664475,false,0
2026,4,00-0041042,Malachi Fields,WR,NYG,63.00000000,0.00000000,0.00000000,0.00000000,0.00000000,0.00000000,0.00000000,0.00000000,0.00000000,3.00000000,1.00000000,0.00000000,0.00000000,1.00000000,4.00549445,11.20000000,3.89501859,3.93368514,4.74117710,12.20000000,4.79541308,4.77643049,5.47685974,13.20000000,5.69580758,5.61917583,4.00617726,11.20000000,3.89585577,3.93446829,4.74185990,12.20000000,4.79625026,4.77721364,5.47754255,13.20000000,5.69664475,5.61995898,false,0
2026,2,00-0041044,Zachariah Branch,WR,ATL,-7.00000000,0.00000000,0.00000000,0.00000000,0.00000000,0.00000000,0.00000000,0.00000000,0.00000000,2.00000000,0.00000000,0.00000000,0.00000000,0.00000000,0.84352190,1.40000000,3.40000000,2.50523266,1.65821393,2.40000000,4.00000000,3.18037488,2.47290597,3.40000000,4.60000000,3.85551709,0.84628862,1.40000000,3.40000000,2.50620102,1.66098066,2.40000000,4.00000000,3.18134323,2.47567270,3.40000000,4.60000000,3.85648544,false,0
2026,3,00-0041044,Zachariah Branch,WR,ATL,13.00000000,0.00000000,0.00000000,0.00000000,0.00000000,0.00000000,0.00000000,0.00000000,0.00000000,2.00000000,0.00000000,0.00000000,0.00000000,0.00000000,1.49339416,0.70000000,2.50523266,2.15108919,2.17862786,1.20000000,3.18037488,2.82976342,2.86386156,1.70000000,3.85551709,3.50843765,1.49468337,0.70000000,2.50620102,2.15216984,2.17991707,1.20000000,3.18134323,2.83084407,2.86515077,1.70000000,3.85648544,3.50951831,false,0
2026,4,00-0041044,Zachariah Branch,WR,ATL,3.00000000,0.00000000,0.00000000,0.00000000,0.00000000,0.00000000,0.00000000,0.00000000,0.00000000,2.00000000,0.00000000,0.00000000,0.00000000,0.00000000,1.16845803,1.00000000,2.15108919,1.80716828,1.91842089,2.00000000,2.82976342,2.51079354,2.66838376,3.00000000,3.50843765,3.21441879,1.17048599,1.00000000,2.15216984,1.80858049,1.92044886,2.00000000,2.83084407,2.51220575,2.67041173,3.00000000,3.50951831,3.21583101,false,0
2026,1,00-0041048,Ted Hurst III,WR,TB,34.00000000,0.00000000,0.00000000,0.00000000,0.00000000,0.00000000,0.00000000,0.00000000,0.00000000,3.00000000,0.00000000,0.00000000,0.00000000,0.00000000,2.75345389,3.60000000,3.40000000,3.17370886,3.70360809,5.10000000,4.00000000,3.89626283,4.65376229,6.60000000,4.60000000,4.61881680,2.75380909,3.60000000,3.40000000,3.17383318,3.70396329,5.10000000,4.00000000,3.89638715,4.65411749,6.60000000,4.60000000,4.61894112,false,0
2026,2,00-0041048,Ted Hurst III,WR,TB,145.00000000,0.00000000,0.00000000,0.00000000,0.00000000,0.00000000,0.00000000,0.00000000,0.00000000,7.00000000,4.00000000,2.00000000,0.00000000,2.00000000,11.05669558,2.70000000,3.17370886,5.93275421,12.66010820,3.70000000,3.89626283,6.96360871,14.26352082,4.70000000,4.61881680,7.99446321,11.05972221,2.70000000,3.17383318,5.93389434,12.66313483,3.70000000,3.89638715,6.96474884,14.26654745,4.70000000,4.61894112,7.99560334,false,0
2026,3,00-0041048,Ted Hurst III,WR,TB,71.00000000,0.00000000,0.00000000,0.00000000,0.00000000,0.00000000,0.00000000,0.00000000,0.00000000,3.00000000,2.00000000,0.00000000,0.00000000,0.00000000,4.06455135,10.00000000,5.93275421,5.27888321,4.73430212,10.50000000,6.96360871,6.18335140,5.40405289,11.00000000,7.99446321,7.08781960,4.06569516,10.00000000,5.93389434,5.28002463,4.73544594,10.50000000,6.96474884,6.18449282,5.40519671,11.00000000,7.99560334,7.08896102,false,0
2026,4,00-0041048,Ted Hurst III,WR,TB,27.00000000,0.00000000,0.00000000,0.00000000,0.00000000,0.00000000,0.00000000,0.00000000,0.00000000,3.00000000,0.00000000,0.00000000,0.00000000,0.00000000,2.52599860,2.50000000,5.27888321,4.31537360,3.52146322,3.50000000,6.18335140,5.25169054,4.51692784,4.50000000,7.08781960,6.18800748,2.52687093,2.50000000,5.28002463,4.31642084,3.52233555,3.50000000,6.18449282,5.25273778,4.51780017,4.50000000,7.08896102,6.18905472,false,0
2026,3,00-0041051,Zavion Thomas,WR,CHI,-4.00000000,0.00000000,0.00000000,0.00000000,0.00000000,0.00000000,0.00000000,0.00000000,0.00000000,1.00000000,0.00000000,0.00000000,0.00000000,0.00000000,0.36330887,0.10000000,3.40000000,2.33715810,0.75773040,0.60000000,4.00000000,2.86520564,1.15215193,1.10000000,4.60000000,3.39325318,0.36523659,0.10000000,3.40000000,2.33783281,0.75965812,0.60000000,4.00000000,2.86588034,1.15407966,1.10000000,4.60000000,3.39392788,false,0
2026,1,00-0041052,Kaelon Black,RB,SF,-5.00000000,0.00000000,0.00000000,0.00000000,0.00000000,14.00000000,0.00000000,0.00000000,0.00000000,1.00000000,0.00000000,0.00000000,0.00000000,0.00000000,7.76855885,7.00000000,3.40000000,4.92899560,8.17947505,7.50000000,4.00000000,5.46281627,8.59039125,8.00000000,4.60000000,5.99663694,7.77511807,7.00000000,3.40000000,4.93129132,8.18603427,7.50000000,4.00000000,5.46511199,8.59695047,8.00000000,4.60000000,5.99893266,false,0
2026,2,00-0041052,Kaelon Black,RB,SF,0.00000000,0.00000000,0.00000000,0.00000000,0.00000000,7.00000000,0.00000000,0.00000000,2.00000000,0.00000000,0.00000000,0.00000000,0.00000000,0.00000000,4.09945812,2.50000000,4.92899560,4.63865748,4.09877666,2.50000000,5.46281627,4.98540240,4.09809519,2.50000000,5.99663694,5.33214733,4.10200683,2.50000000,4.93129132,4.64104175,4.10132536,2.50000000,5.46511199,4.98778667,4.10064390,2.50000000,5.99893266,5.33453160,false,0
2026,3,00-0041052,Kaelon Black,RB,SF,-5.00000000,0.00000000,0.00000000,0.00000000,0.00000000,4.00000000,1.00000000,0.00000000,2.00000000,1.00000000,0.00000000,0.00000000,0.00000000,0.00000000,3.19138046,1.70000000,4.63865748,4.13211053,3.63421345,1.70000000,4.98540240,4.51248627,4.07704644,1.70000000,5.33214733,4.89286202,3.19361141,1.70000000,4.64104175,4.13444113,3.63644439,1.70000000,4.98778667,4.51481688,4.07927738,1.70000000,5.33453160,4.89519262,false,0
2026,4,00-0041052,Kaelon Black,RB,SF,0.00000000,0.00000000,0.00000000,0.00000000,0.00000000,6.00000000,0.00000000,0.00000000,3.00000000,0.00000000,0.00000000,0.00000000,0.00000000,0.00000000,3.83817584,1.30000000,4.13211053,4.02923339,3.84629475,1.30000000,4.51248627,4.27931924,3.85441366,1.30000000,4.89286202,4.52940509,3.83980768,1.30000000,4.13444113,4.03131942,3.84792659,1.30000000,4.51481688,4.28140527,3.85604550,1.30000000,4.89519262,4.53149113,false,0
2026,1,00-0041067,Bryce Lance,WR,NO,40.00000000,0.00000000,0.00000000,0.00000000,0.00000000,0.00000000,0.00000000,0.00000000,0.00000000,5.00000000,0.00000000,0.00000000,1.00000000,1.00000000,5.26716133,4.20000000,3.40000000,4.05350647,6.92987243,5.70000000,4.00000000,5.02545535,8.59258354,7.20000000,4.60000000,5.99740424,5.26744671,4.20000000,3.40000000,4.05360635,6.93015782,5.70000000,4.00000000,5.02555524,8.59286892,7.20000000,4.60000000,5.99750412,false,0
2026,2,00-0041067,Bryce Lance,WR,NO,8.00000000,0.00000000,0.00000000,0.00000000,0.00000000,0.00000000,0.00000000,0.00000000,0.00000000,1.00000000,0.00000000,0.00000000,0.00000000,0.00000000,0.75323222,0.80000000,4.05350647,2.89841048,1.06997875,1.30000000,5.02545535,3.64103854,1.38672528,1.80000000,5.99740424,4.38366660,0.75427344,0.80000000,4.05360635,2.89883983,1.07101997,1.30000000,5.02555524,3.64146789,1.38776650,1.80000000,5.99750412,4.38409595,false,0
2026,3,00-0041067,Bryce Lance,WR,NO,58.00000000,0.00000000,0.00000000,0.00000000,0.00000000,0.00000000,0.00000000,0.00000000,0.00000000,3.00000000,1.00000000,0.00000000,0.00000000,0.00000000,3.58771749,0.00000000,2.89841048,3.13966793,4.36206894,0.00000000,3.64103854,3.89339918,5.13642038,0.00000000,4.38366660,4.64713043,3.58806068,0.00000000,2.89883983,3.14006713,4.36241213,0.00000000,3.64146789,3.89379837,5.13676357,0.00000000,4.38409595,4.64752962,false,0
2026,4,00-0041067,Bryce Lance,WR,NO,108.00000000,0.00000000,0.00000000,0.00000000,0.00000000,0.00000000,0.00000000,0.00000000,0.00000000,5.00000000,3.00000000,0.00000000,1.00000000,1.00000000,7.63997767,0.70000000,3.13966793,4.71477634,8.80117217,1.20000000,3.89339918,5.61111973,9.96236668,1.70000000,4.64713043,6.50746311,7.64052254,0.70000000,3.14006713,4.71522652,8.80171704,1.20000000,3.89379837,5.61156991,9.96291155,1.70000000,4.64752962,6.50791329,false,0
2026,2,00-0041069,Colbie Young,WR,CIN,6.00000000,0.00000000,0.00000000,0.00000000,0.00000000,0.00000000,0.00000000,0.00000000,0.00000000,1.00000000,0.00000000,0.00000000,0.00000000,0.00000000,0.68824500,0.70000000,3.40000000,2.45088575,1.01793736,1.20000000,4.00000000,2.95627808,1.34762973,1.70000000,4.60000000,3.46167040,0.68943396,0.70000000,3.40000000,2.45130189,1.01912633,1.20000000,4.00000000,2.95669421,1.34881869,1.70000000,4.60000000,3.46208654,false,0
2026,3,00-0041069,Colbie Young,WR,CIN,1.00000000,0.00000000,0.00000000,0.00000000,0.00000000,0.00000000,0.00000000,0.00000000,0.00000000,1.00000000,0.00000000,0.00000000,0.00000000,0.00000000,0.52577693,0.20000000,2.45088575,1.77709766,0.88783388,0.70000000,2.95627808,2.23232261,1.24989083,1.20000000,3.46167040,2.68754755,0.52733528,0.20000000,2.45130189,1.77791357,0.88939222,0.70000000,2.95669421,2.23313852,1.25144917,1.20000000,3.46208654,2.68836346,false,0
2026,1,00-0041096,Kaytron Allen,RB,WAS,0.00000000,0.00000000,0.00000000,0.00000000,0.00000000,4.00000000,1.00000000,1.00000000,3.00000000,0.00000000,0.00000000,0.00000000,0.00000000,0.00000000,3.94466837,1.60000000,3.40000000,3.59063393,3.95279284,1.60000000,4.00000000,3.98347749,3.96091730,1.60000000,4.60000000,4.37632106,3.94660293,1.60000000,3.40000000,3.59131103,3.95472740,1.60000000,4.00000000,3.98415459,3.96285186,1.60000000,4.60000000,4.37699815,false,0
2026,2,00-0041096,Kaytron Allen,RB,WAS,0.00000000,0.00000000,0.00000000,0.00000000,0.00000000,5.00000000,0.00000000,0.00000000,0.00000000,0.00000000,0.00000000,0.00000000,0.00000000,0.00000000,2.41213663,2.40000000,3.59063393,3.17815987,2.39728017,2.40000000,3.98347749,3.42830843,2.38242372,2.40000000,4.37632106,3.67845699,2.41461514,2.40000000,3.59131103,3.17946746,2.39975868,2.40000000,3.98415459,3.42961602,2.38490222,2.40000000,4.37699815,3.67976458,false,0
2026,4,00-0041096,Kaytron Allen,RB,WAS,0.00000000,0.00000000,0.00000000,0.00000000,0.00000000,3.00000000,1.00000000,0.00000000,1.00000000,0.00000000,0.00000000,0.00000000,0.00000000,0.00000000,1.96354112,0.10000000,3.17815987,2.75304331,1.96580600,0.10000000,3.42830843,2.91643258,1.96807088,0.10000000,3.67845699,3.07982185,1.96594011,0.10000000,3.17946746,2.75473289,1.96820498,0.10000000,3.42961602,2.91812216,1.97046986,0.10000000,3.67976458,3.08151143,false,0
2026,1,00-0041099,Barion Brown,WR,NO,0.00000000,0.00000000,0.00000000,0.00000000,0.00000000,1.00000000,0.00000000,0.00000000,0.00000000,0.00000000,0.00000000,0.00000000,0.00000000,0.00000000,0.79210467,0.30000000,3.40000000,2.48723663,0.77587812,0.30000000,4.00000000,2.87155734,0.75965158,0.30000000,4.60000000,3.25587805,0.79489075,0.30000000,3.40000000,2.48821176,0.77866420,0.30000000,4.00000000,2.87253247,0.76243766,0.30000000,4.60000000,3.25685318,false,0
2026,4,00-0041099,Barion Brown,WR,NO,0.00000000,0.00000000,0.00000000,0.00000000,0.00000000,1.00000000,0.00000000,0.00000000,1.00000000,0.00000000,0.00000000,0.00000000,0.00000000,0.00000000,1.34961546,-0.50000000,2.48723663,2.08906922,1.31891425,-0.50000000,2.87155734,2.32813226,1.28821303,-0.50000000,3.25587805,2.56719530,1.36011694,-0.50000000,2.48821176,2.09337857,1.32941573,-0.50000000,2.87253247,2.33244161,1.29871451,-0.50000000,3.25685318,2.57150465,false,0
2026,1,00-0041100,Josh Cameron,WR,JAX,18.00000000,0.00000000,0.00000000,0.00000000,0.00000000,0.00000000,0.00000000,0.00000000,0.00000000,2.00000000,0.00000000,1.00000000,1.00000000,1.00000000,3.64791516,8.00000000,3.40000000,3.48677031,4.18185748,9.00000000,4.00000000,4.06365012,4.71579980,10.00000000,4.60000000,4.64052993,3.64794373,8.00000000,3.40000000,3.48678031,4.18188605,9.00000000,4.00000000,4.06366012,4.71582837,10.00000000,4.60000000,4.64053993,false,0
2026,3,00-0041100,Josh Cameron,WR,JAX,20.00000000,0.00000000,0.00000000,0.00000000,0.00000000,0.00000000,0.00000000,0.00000000,0.00000000,2.00000000,0.00000000,0.00000000,0.00000000,1.00000000,1.97615834,7.20000000,3.48677031,2.95805612,2.60977741,7.70000000,4.06365012,3.55479467,3.24339648,8.20000000,4.64052993,4.15153322,1.97763942,7.20000000,3.48678031,2.95858100,2.61125848,7.70000000,4.06366012,3.55531955,3.24487755,8.20000000,4.64053993,4.15205810,false,0
2026,4,00-0041100,Josh Cameron,WR,JAX,7.00000000,0.00000000,0.00000000,0.00000000,0.00000000,0.00000000,0.00000000,0.00000000,0.00000000,2.00000000,0.00000000,0.00000000,0.00000000,0.00000000,1.29843248,4.20000000,2.95805612,2.37718784,2.02250368,5.20000000,3.55479467,3.01849282,2.74657488,6.20000000,4.15153322,3.65979780,1.30016494,4.20000000,2.95858100,2.37813538,2.02423614,5.20000000,3.55531955,3.01944036,2.74830735,6.20000000,4.15205810,3.66074533,false,0
2026,2,00-0041104,Demond Claiborne,RB,MIN,-7.00000000,0.00000000,0.00000000,0.00000000,0.00000000,0.00000000,0.00000000,0.00000000,0.00000000,1.00000000,0.00000000,0.00000000,0.00000000,0.00000000,0.00000000,0.20000000,3.40000000,2.21000000,0.42126572,0.70000000,4.00000000,2.74744300,0.85983409,1.20000000,4.60000000,3.29094193,0.00000000,0.20000000,3.40000000,2.21000000,0.42139728,0.70000000,4.00000000,2.74748905,0.85996565,1.20000000,4.60000000,3.29098798,false,0
2026,3,00-0041104,Demond Claiborne,RB,MIN,0.00000000,0.00000000,0.00000000,0.00000000,0.00000000,3.00000000,0.00000000,0.00000000,0.00000000,0.00000000,0.00000000,0.00000000,0.00000000,0.00000000,1.30719360,0.10000000,2.21000000,1.89401776,1.29405003,0.10000000,2.74744300,2.23875546,1.28090645,0.10000000,3.29094193,2.58742951,1.30872014,0.10000000,2.21000000,1.89455205,1.29557656,0.10000000,2.74748905,2.23931968,1.28243299,0.10000000,3.29098798,2.58799373,false,0
2026,4,00-0041104,Demond Claiborne,RB,MIN,0.00000000,0.00000000,0.00000000,0.00000000,0.00000000,3.00000000,0.00000000,0.00000000,0.00000000,0.00000000,0.00000000,0.00000000,0.00000000,0.00000000,1.30719360,1.20000000,1.89401776,1.68862931,1.29405003,1.20000000,2.23875546,1.90810856,1.28090645,1.20000000,2.58742951,2.13014644,1.30872014,1.20000000,1.89455205,1.68951088,1.29557656,1.20000000,2.23931968,1.90900959,1.28243299,1.20000000,2.58799373,2.13104747,false,0
2026,4,00-0041117,Athan Kaliakmanis,QB,WAS,0.00000000,396.00000000,33.00000000,0.00000000,0.00000000,3.00000000,0.00000000,0.00000000,0.00000000,0.00000000,0.00000000,0.00000000,0.00000000,0.00000000,13.63609082,11.04000000,6.80000000,9.19263179,13.63882915,11.04000000,8.00000000,9.97359020,13.64156748,11.04000000,9.20000000,10.75454862,15.85904229,13.04000000,6.80000000,9.97066480,15.86178061,13.04000000,8.00000000,10.75162321,15.86451894,13.04000000,9.20000000,11.53258163,false,1
2026,1,00-0041125,Seth McGowan,RB,IND,-2.00000000,0.00000000,0.00000000,0.00000000,0.00000000,0.00000000,0.00000000,0.00000000,0.00000000,1.00000000,0.00000000,0.00000000,0.00000000,0.00000000,0.11084812,0.00000000,3.40000000,2.24879684,0.51026146,0.50000000,4.00000000,2.77859151,0.90967480,1.00000000,4.60000000,3.30838618,0.11038940,0.00000000,3.40000000,2.24863629,0.50980274,0.50000000,4.00000000,2.77843096,0.90921608,1.00000000,4.60000000,3.30822563,false,0
2026,2,00-0041125,Seth McGowan,RB,IND,0.00000000,0.00000000,0.00000000,0.00000000,0.00000000,2.00000000,0.00000000,0.00000000,0.00000000,0.00000000,0.00000000,0.00000000,0.00000000,0.00000000,0.75472209,0.00000000,2.24879684,1.72587068,0.74243495,0.00000000,2.77859151,2.06593671,0.73014782,0.00000000,3.30838618,2.40600275,0.75577264,0.00000000,2.24863629,1.72613401,0.74348551,0.00000000,2.77843096,2.06620005,0.73119837,0.00000000,3.30822563,2.40626609,false,0
2026,3,00-0041125,Seth McGowan,RB,IND,0.00000000,0.00000000,0.00000000,0.00000000,0.00000000,4.00000000,1.00000000,0.00000000,1.00000000,0.00000000,0.00000000,0.00000000,0.00000000,0.00000000,2.51601264,1.40000000,1.72587068,2.00242036,2.51742108,1.40000000,2.06593671,2.22395624,2.51882951,1.40000000,2.40600275,2.44549212,2.51888760,1.40000000,1.72613401,2.00359777,2.52029604,1.40000000,2.06620005,2.22513365,2.52170448,1.40000000,2.40626609,2.44666952,false,0
2026,4,00-0041125,Seth McGowan,RB,IND,5.00000000,0.00000000,0.00000000,0.00000000,0.00000000,6.00000000,1.00000000,0.00000000,2.00000000,2.00000000,0.00000000,0.00000000,0.00000000,0.00000000,5.06495443,3.80000000,2.00242036,3.07430729,5.82209004,4.30000000,2.22395624,3.48330307,6.57922566,4.80000000,2.44549212,3.89229886,5.06616336,3.80000000,2.00359777,3.07549573,5.82329897,4.30000000,2.22513365,3.48449151,6.58043458,4.80000000,2.44666952,3.89348729,false,0
2026,2,00-0041132,Deion Burks,WR,IND,0.00000000,0.00000000,0.00000000,0.00000000,0.00000000,2.00000000,0.00000000,0.00000000,0.00000000,0.00000000,0.00000000,0.00000000,0.00000000,0.00000000,1.66861989,1.40000000,3.40000000,2.79401696,1.66848869,1.40000000,4.00000000,3.18397104,1.66835748,1.40000000,4.60000000,3.57392512,1.67317720,1.40000000,3.40000000,2.79561202,1.67304600,1.40000000,4.00000000,3.18556610,1.67291479,1.40000000,4.60000000,3.57552018,false,0
2026,4,00-0041132,Deion Burks,WR,IND,33.00000000,0.00000000,0.00000000,0.00000000,0.00000000,0.00000000,0.00000000,0.00000000,0.00000000,2.00000000,1.00000000,0.00000000,0.00000000,0.00000000,2.19768330,0.60000000,2.79401696,2.58530018,2.73300591,1.10000000,3.18397104,3.02613325,3.26832852,1.60000000,3.57392512,3.46696631,2.19925601,0.60000000,2.79561202,2.58688742,2.73457862,1.10000000,3.18556610,3.02772048,3.26990123,1.60000000,3.57552018,3.46855355,false,0
2026,2,00-0041194,Jack Strand,QB,ATL,0.00000000,53.00000000,15.00000000,0.00000000,0.00000000,2.00000000,0.00000000,0.00000000,0.00000000,0.00000000,0.00000000,0.00000000,0.00000000,0.00000000,5.01109844,-0.04000000,6.80000000,6.17388445,5.01539321,-0.04000000,8.00000000,6.95538762,5.01968798,-0.04000000,9.20000000,7.73689079,5.66125478,-0.04000000,6.80000000,6.40143917,5.66554955,-0.04000000,8.00000000,7.18294234,5.66984432,-0.04000000,9.20000000,7.96444551,false,0
2026,3,00-0041251,Jalon Daniels,QB,TB,0.00000000,106.00000000,3.00000000,0.00000000,0.00000000,1.00000000,0.00000000,0.00000000,0.00000000,0.00000000,0.00000000,0.00000000,0.00000000,0.00000000,3.70441759,-1.10000000,6.80000000,5.71654616,3.70704459,-1.10000000,8.00000000,6.49746560,3.70967158,-1.10000000,9.20000000,7.27838505,4.57922871,-1.10000000,6.80000000,6.02273005,4.58185571,-1.10000000,8.00000000,6.80364950,4.58448270,-1.10000000,9.20000000,7.58456895,false,0
2026,4,00-0041251,Jalon Daniels,QB,TB,0.00000000,113.00000000,27.00000000,2.00000000,2.00000000,8.00000000,0.00000000,0.00000000,1.00000000,0.00000000,0.00000000,0.00000000,0.00000000,0.00000000,14.04058836,11.42000000,5.71654616,8.62996093,14.04689389,11.42000000,6.49746560,9.13976551,14.05319943,11.42000000,7.27838505,9.64957008,15.80129421,13.42000000,6.02273005,9.44522751,15.80759975,13.42000000,6.80364950,9.95503208,15.81390528,13.42000000,7.58456895,10.46483666,false,1
2026,1,00-0041326,CJ Donaldson,RB,NO,5.00000000,0.00000000,0.00000000,0.00000000,0.00000000,2.00000000,0.00000000,0.00000000,0.00000000,2.00000000,0.00000000,0.00000000,0.00000000,0.00000000,1.90753162,0.20000000,3.40000000,2.87763607,2.64474060,0.70000000,4.00000000,3.52565921,3.38194959,1.20000000,4.60000000,4.17368236,1.90640505,0.20000000,3.40000000,2.87724177,2.64361404,0.70000000,4.00000000,3.52526491,3.38082302,1.20000000,4.60000000,4.17328806,false,0
2026,2,00-0041326,CJ Donaldson,RB,NO,0.00000000,0.00000000,0.00000000,0.00000000,0.00000000,1.00000000,0.00000000,0.00000000,0.00000000,0.00000000,0.00000000,0.00000000,0.00000000,0.00000000,0.20225057,0.20000000,2.87763607,1.94125114,0.19081988,0.20000000,3.52565921,2.35846544,0.17938918,0.20000000,4.17368236,2.77567974,0.20282514,0.20000000,2.87724177,1.94119595,0.19139445,0.20000000,3.52526491,2.35841025,0.17996375,0.20000000,4.17328806,2.77562455,false,0
2026,3,00-0041326,CJ Donaldson,RB,NO,0.00000000,0.00000000,0.00000000,0.00000000,0.00000000,1.00000000,1.00000000,0.00000000,1.00000000,0.00000000,0.00000000,0.00000000,0.00000000,0.00000000,0.85859810,0.50000000,1.94125114,1.56232258,0.86257585,0.50000000,2.35846544,1.83490409,0.86655361,0.50000000,2.77567974,2.10748560,0.86004511,0.50000000,1.94119595,1.56279316,0.86402287,0.50000000,2.35841025,1.83537467,0.86800063,0.50000000,2.77562455,2.10795618,false,0
2026,4,00-0041326,CJ Donaldson,RB,NO,3.00000000,0.00000000,0.00000000,0.00000000,0.00000000,3.00000000,0.00000000,0.00000000,0.00000000,2.00000000,0.00000000,0.00000000,0.00000000,0.00000000,2.40874282,2.30000000,1.56232258,1.85856966,3.16075738,3.30000000,1.83490409,2.29895274,3.91277194,4.30000000,2.10748560,2.73933582,2.40832835,2.30000000,1.56279316,1.85873047,3.16034291,3.30000000,1.83537467,2.29911355,3.91235747,4.30000000,2.10795618,2.73949663,false,0
2026,1,00-0041395,Eli Raridon,TE,NE,2.00000000,0.00000000,0.00000000,0.00000000,0.00000000,0.00000000,0.00000000,0.00000000,0.00000000,1.00000000,0.00000000,1.00000000,1.00000000,1.00000000,3.28038477,6.20000000,2.55000000,2.80563467,3.55322426,6.70000000,3.00000000,3.19362849,3.82606375,7.20000000,3.45000000,3.58162231,3.27967924,6.20000000,2.55000000,2.80538773,3.55251873,6.70000000,3.00000000,3.19338156,3.82535822,7.20000000,3.45000000,3.58137538,false,0
2026,2,00-0041395,Eli Raridon,TE,NE,25.00000000,0.00000000,0.00000000,0.00000000,0.00000000,0.00000000,0.00000000,0.00000000,0.00000000,1.00000000,1.00000000,0.00000000,0.00000000,0.00000000,1.45611074,3.00000000,2.80563467,2.33330129,1.64249462,3.50000000,3.19362849,2.65073164,1.82887851,4.00000000,3.58162231,2.96816198,1.45471047,3.00000000,2.80538773,2.33265069,1.64109435,3.50000000,3.19338156,2.65008104,1.82747824,4.00000000,3.58137538,2.96751138,false,0
2026,4,00-0041395,Eli Raridon,TE,NE,14.00000000,0.00000000,0.00000000,0.00000000,0.00000000,0.00000000,0.00000000,0.00000000,0.00000000,2.00000000,0.00000000,1.00000000,1.00000000,1.00000000,4.24202745,1.20000000,2.33330129,3.00135545,4.84719246,1.70000000,2.65073164,3.41949293,5.45235748,2.20000000,2.96816198,3.83763041,4.24117983,1.20000000,2.33265069,3.00063589,4.84634484,1.70000000,2.65008104,3.41877337,5.45150986,2.20000000,2.96751138,3.83691085,false,0
2026,2,00-0041436,DJ Herman,RB,MIA,36.00000000,0.00000000,0.00000000,0.00000000,0.00000000,0.00000000,0.00000000,0.00000000,0.00000000,3.00000000,1.00000000,0.00000000,0.00000000,0.00000000,3.18136977,1.80000000,3.40000000,3.32347942,4.06099333,2.30000000,4.00000000,4.02134767,4.94061689,2.80000000,4.60000000,4.71921591,3.17227699,1.80000000,3.40000000,3.32029695,4.05190055,2.30000000,4.00000000,4.01816519,4.93152410,2.80000000,4.60000000,4.71603344,false,0
2026,1,00-0041438,Carnell Tate,WR,TEN,67.00000000,0.00000000,0.00000000,0.00000000,0.00000000,0.00000000,0.00000000,0.00000000,0.00000000,6.00000000,1.00000000,0.00000000,0.00000000,0.00000000,5.61324161,3.80000000,3.40000000,4.17463456,7.53189206,5.80000000,4.00000000,5.23616222,9.45054252,7.80000000,4.60000000,6.29768988,5.61477205,3.80000000,3.40000000,4.17517022,7.53342250,5.80000000,4.00000000,5.23669788,9.45207295,7.80000000,4.60000000,6.29822553,false,0
2026,2,00-0041438,Carnell Tate,WR,TEN,50.00000000,0.00000000,0.00000000,0.00000000,0.00000000,0.00000000,0.00000000,0.00000000,0.00000000,5.00000000,0.00000000,0.00000000,0.00000000,0.00000000,4.42873944,2.70000000,4.17463456,4.26357127,6.07703047,4.20000000,5.23616222,5.53046611,7.72532151,5.70000000,6.29768988,6.79736095,4.42914737,2.70000000,4.17517022,4.26406222,6.07743841,4.20000000,5.23669788,5.53095706,7.72572945,5.70000000,6.29822553,6.79785190,false,0
2026,3,00-0041438,Carnell Tate,WR,TEN,102.00000000,0.00000000,0.00000000,0.00000000,0.00000000,0.00000000,0.00000000,0.00000000,0.00000000,9.00000000,2.00000000,1.00000000,1.00000000,1.00000000,10.53006949,5.80000000,4.26357127,6.45684565,13.28534357,8.80000000,5.53046611,8.24467322,16.04061764,11.80000000,6.79736095,10.03250079,10.53173616,5.80000000,4.26406222,6.45774810,13.28701024,8.80000000,5.53095706,8.24557567,16.04228431,11.80000000,6.79785190,10.03340325,false,0
2026,4,00-0041438,Carnell Tate,WR,TEN,160.00000000,0.00000000,0.00000000,0.00000000,0.00000000,0.00000000,0.00000000,0.00000000,0.00000000,12.00000000,2.00000000,0.00000000,0.00000000,0.00000000,12.15572771,12.50000000,6.45684565,8.45145437,15.85705466,17.00000000,8.24467322,10.90900672,19.55838162,21.50000000,10.03250079,13.36655908,12.15585297,12.50000000,6.45774810,8.45208481,15.85717993,17.00000000,8.24557567,10.90963716,19.55850688,21.50000000,10.03340325,13.36718952,false,0
2026,3,00-0041467,Lewis Bond,WR,HOU,10.00000000,0.00000000,0.00000000,0.00000000,0.00000000,0.00000000,0.00000000,0.00000000,0.00000000,1.00000000,0.00000000,0.00000000,0.00000000,0.00000000,0.81821945,0.00000000,3.40000000,2.49637681,1.12202015,0.00000000,4.00000000,2.99270705,1.42582084,0.00000000,4.60000000,3.48903729,0.81911291,0.00000000,3.40000000,2.49668952,1.12291361,0.00000000,4.00000000,2.99301976,1.42671430,0.00000000,4.60000000,3.48935001,false,0
2026,1,00-0041472,Marlin Klein,TE,HOU,14.00000000,0.00000000,0.00000000,0.00000000,0.00000000,0.00000000,0.00000000,0.00000000,0.00000000,1.00000000,0.00000000,0.00000000,0.00000000,0.00000000,1.12005324,1.60000000,2.55000000,2.04951863,1.43170120,2.10000000,3.00000000,2.45109542,1.74334917,2.60000000,3.45000000,2.85267221,1.11841838,1.60000000,2.55000000,2.04894643,1.43006634,2.10000000,3.00000000,2.45052322,1.74171430,2.60000000,3.45000000,2.85210000,false,0
2026,2,00-0041489,Germie Bernard,WR,PIT,70.00000000,0.00000000,0.00000000,0.00000000,0.00000000,0.00000000,0.00000000,0.00000000,0.00000000,8.00000000,1.00000000,0.00000000,0.00000000,1.00000000,7.12141908,3.50000000,3.40000000,4.70249668,9.81605008,5.50000000,4.00000000,6.03561753,12.51068107,7.50000000,4.60000000,7.36873837,7.12467164,3.50000000,3.40000000,4.70363507,9.81930263,5.50000000,4.00000000,6.03675592,12.51393363,7.50000000,4.60000000,7.36987677,false,0
2026,3,00-0041489,Germie Bernard,WR,PIT,14.00000000,0.00000000,0.00000000,0.00000000,0.00000000,0.00000000,0.00000000,0.00000000,0.00000000,1.00000000,0.00000000,0.00000000,0.00000000,0.00000000,0.94819390,1.40000000,4.70249668,3.38849071,1.22610293,1.90000000,6.03561753,4.35228742,1.50401196,2.40000000,7.36873837,5.31608413,0.94879186,1.40000000,4.70363507,3.38943995,1.22670089,1.90000000,6.03675592,4.35323666,1.50460992,2.40000000,7.36987677,5.31703337,false,0
2026,4,00-0041489,Germie Bernard,WR,PIT,9.00000000,0.00000000,0.00000000,0.00000000,0.00000000,0.00000000,0.00000000,0.00000000,0.00000000,2.00000000,0.00000000,0.00000000,0.00000000,1.00000000,1.61872860,1.10000000,3.38849071,2.76907397,2.32354975,2.10000000,4.35228742,3.64222924,3.02837091,3.10000000,5.31608413,4.51538450,1.62102231,1.10000000,3.38943995,2.77049377,2.32584346,2.10000000,4.35323666,3.64364904,3.03066461,3.10000000,5.31703337,4.51680431,false,0
2026,2,00-0041496,Jonah Coleman,RB,DEN,0.00000000,0.00000000,0.00000000,0.00000000,0.00000000,10.00000000,2.00000000,1.00000000,3.00000000,3.00000000,0.00000000,0.00000000,0.00000000,0.00000000,9.16164387,11.80000000,3.40000000,5.41657536,10.35507095,13.30000000,4.00000000,6.22427483,11.54849803,14.80000000,4.60000000,7.03197431,9.16536740,11.80000000,3.40000000,5.41787859,10.35879448,13.30000000,4.00000000,6.22557807,11.55222156,14.80000000,4.60000000,7.03327755,false,0
2026,1,00-0041503,Nate Boerkircher,TE,JAX,2.00000000,0.00000000,0.00000000,0.00000000,0.00000000,0.00000000,0.00000000,0.00000000,0.00000000,1.00000000,0.00000000,0.00000000,0.00000000,0.00000000,0.68376935,0.90000000,2.55000000,1.89681927,1.06895560,1.40000000,3.00000000,2.32413446,1.45414185,1.90000000,3.45000000,2.75144965,0.68176759,0.90000000,2.55000000,1.89611866,1.06695384,1.40000000,3.00000000,2.32343384,1.45214009,1.90000000,3.45000000,2.75074903,false,0
2026,3,00-0041503,Nate Boerkircher,TE,JAX,4.00000000,0.00000000,0.00000000,0.00000000,0.00000000,0.00000000,0.00000000,0.00000000,0.00000000,1.00000000,0.00000000,0.00000000,1.00000000,1.00000000,2.31271758,0.00000000,1.89681927,2.04238368,2.64805613,0.00000000,2.32413446,2.43750704,2.98339468,0.00000000,2.75144965,2.83263041,2.31248936,0.00000000,1.89611866,2.04184840,2.64782791,0.00000000,2.32343384,2.43697177,2.98316646,0.00000000,2.75074903,2.83209513,false,0
2026,4,00-0041503,Nate Boerkircher,TE,JAX,9.00000000,0.00000000,0.00000000,0.00000000,0.00000000,0.00000000,0.00000000,0.00000000,0.00000000,2.00000000,0.00000000,0.00000000,0.00000000,0.00000000,1.46362708,1.50000000,2.04238368,1.83981887,2.21177981,2.00000000,2.43750704,2.35850251,2.95993253,2.50000000,2.83263041,2.87718615,1.46133035,1.50000000,2.04184840,1.83866709,2.20948308,2.00000000,2.43697177,2.35735073,2.95763580,2.50000000,2.83209513,2.87603437,false,0
2026,1,00-0041511,Omar Cooper Jr.,WR,NYJ,4.00000000,0.00000000,0.00000000,0.00000000,0.00000000,0.00000000,0.00000000,0.00000000,0.00000000,1.00000000,0.00000000,0.00000000,0.00000000,0.00000000,0.62325777,3.00000000,3.40000000,2.42814022,0.96589597,3.50000000,4.00000000,2.93806359,1.30853417,4.00000000,4.60000000,3.44798696,0.62459449,3.00000000,3.40000000,2.42860807,0.96723269,3.50000000,4.00000000,2.93853144,1.30987088,4.00000000,4.60000000,3.44845481,false,0
2026,1,00-0041512,Jadarian Price,RB,SEA,-1.00000000,0.00000000,0.00000000,0.00000000,0.00000000,10.00000000,0.00000000,0.00000000,0.00000000,2.00000000,0.00000000,0.00000000,0.00000000,0.00000000,6.17352280,5.80000000,3.40000000,4.37073298,6.95086631,6.80000000,4.00000000,5.03280321,7.72820981,7.80000000,4.60000000,5.69487344,6.17691243,5.80000000,3.40000000,4.37191935,6.95425594,6.80000000,4.00000000,5.03398958,7.73159945,7.80000000,4.60000000,5.69605981,false,0
2026,2,00-0041512,Jadarian Price,RB,SEA,16.00000000,0.00000000,0.00000000,0.00000000,0.00000000,13.00000000,2.00000000,1.00000000,3.00000000,2.00000000,1.00000000,1.00000000,0.00000000,0.00000000,12.65568847,4.00000000,4.37073298,7.27046740,13.21856603,4.50000000,5.03280321,7.89782019,13.78144359,5.00000000,5.69487344,8.52517299,12.67355450,4.00000000,4.37191935,7.27749166,13.23643207,4.50000000,5.03398958,7.90484445,13.79930963,5.00000000,5.69605981,8.53219725,false,0
2026,3,00-0041512,Jadarian Price,RB,SEA,26.00000000,0.00000000,0.00000000,0.00000000,0.00000000,5.00000000,0.00000000,0.00000000,0.00000000,3.00000000,1.00000000,0.00000000,0.00000000,0.00000000,5.68742578,0.20000000,7.27046740,6.71640283,6.64107722,0.70000000,7.89782019,7.45796015,7.59472865,1.20000000,8.52517299,8.19951747,5.68189347,0.20000000,7.27749166,6.71903229,6.63554491,0.70000000,7.90484445,7.46058961,7.58919634,1.20000000,8.53219725,8.20214693,false,0
2026,1,00-0041523,Caleb Douglas,WR,MIA,97.00000000,0.00000000,0.00000000,0.00000000,0.00000000,0.00000000,0.00000000,0.00000000,0.00000000,7.00000000,1.00000000,0.00000000,0.00000000,0.00000000,7.16574387,9.40000000,3.40000000,4.71801035,9.29105857,11.90000000,4.00000000,5.85187050,11.41637327,14.40000000,4.60000000,6.98573064,7.16567541,9.40000000,3.40000000,4.71798639,9.29099011,11.90000000,4.00000000,5.85184654,11.41630481,14.40000000,4.60000000,6.98570668,false,0
2026,2,00-0041523,Caleb Douglas,WR,MIA,17.00000000,0.00000000,0.00000000,0.00000000,0.00000000,0.00000000,0.00000000,0.00000000,0.00000000,3.00000000,0.00000000,0.00000000,0.00000000,1.00000000,2.45637137,1.90000000,4.71801035,3.92643671,3.51026094,2.90000000,5.85187050,5.03230715,4.56415051,3.90000000,6.98573064,6.13817760,2.45869145,1.90000000,4.71798639,3.92723316,3.51258102,2.90000000,5.85184654,5.03310361,4.56647059,3.90000000,6.98570668,6.13897405,false,0
2026,1,00-0041524,Will Kacmarek,TE,MIA,6.00000000,0.00000000,0.00000000,0.00000000,0.00000000,0.00000000,0.00000000,0.00000000,0.00000000,1.00000000,0.00000000,0.00000000,0.00000000,0.00000000,0.82919732,0.00000000,2.55000000,1.94771906,1.18987080,0.00000000,3.00000000,2.36645478,1.55054429,0.00000000,3.45000000,2.78519050,0.82731785,0.00000000,2.55000000,1.94706125,1.18799134,0.00000000,3.00000000,2.36579697,1.54866482,0.00000000,3.45000000,2.78453269,false,0
2026,2,00-0041524,Will Kacmarek,TE,MIA,2.00000000,0.00000000,0.00000000,0.00000000,0.00000000,0.00000000,0.00000000,0.00000000,0.00000000,1.00000000,0.00000000,0.00000000,0.00000000,0.00000000,0.68376935,0.40000000,1.94771906,1.50533666,1.06895560,0.90000000,2.36645478,1.91233007,1.45414185,1.40000000,2.78519050,2.31932347,0.68176759,0.40000000,1.94706125,1.50420847,1.06695384,0.90000000,2.36579697,1.91120187,1.45214009,1.40000000,2.78453269,2.31819528,false,0
2026,4,00-0041524,Will Kacmarek,TE,MIA,19.00000000,0.00000000,0.00000000,0.00000000,0.00000000,0.00000000,0.00000000,0.00000000,0.00000000,2.00000000,0.00000000,0.00000000,0.00000000,0.00000000,1.82719699,1.50000000,1.50533666,1.61798778,2.51406781,2.00000000,1.91233007,2.12293828,3.20093863,2.50000000,2.31932347,2.62788878,1.82520601,1.50000000,1.50420847,1.61655761,2.51207683,2.00000000,1.91120187,2.12150811,3.19894765,2.50000000,2.31819528,2.62645861,false,0
2026,1,00-0041525,Chris Bell,WR,MIA,42.00000000,0.00000000,0.00000000,0.00000000,0.00000000,0.00000000,0.00000000,0.00000000,0.00000000,2.00000000,2.00000000,0.00000000,0.00000000,0.00000000,2.54454270,2.50000000,3.40000000,3.10058995,3.00115631,3.00000000,4.00000000,3.65040471,3.45776992,3.50000000,4.60000000,4.20021947,2.54721154,2.50000000,3.40000000,3.10152404,3.00382515,3.00000000,4.00000000,3.65133880,3.46043876,3.50000000,4.60000000,4.20115357,false,0
2026,2,00-0041525,Chris Bell,WR,MIA,12.00000000,0.00000000,0.00000000,0.00000000,0.00000000,0.00000000,0.00000000,0.00000000,0.00000000,1.00000000,0.00000000,0.00000000,0.00000000,0.00000000,0.88320667,0.00000000,3.10058995,2.32450580,1.17406154,0.00000000,3.65040471,2.78368460,1.46491640,0.00000000,4.20021947,3.24286340,0.88395239,0.00000000,3.10152404,2.32537396,1.17480725,0.00000000,3.65133880,2.78455276,1.46566211,0.00000000,4.20115357,3.24373156,false,0
2026,3,00-0041525,Chris Bell,WR,MIA,126.00000000,0.00000000,0.00000000,0.00000000,0.00000000,0.00000000,0.00000000,0.00000000,0.00000000,7.00000000,3.00000000,1.00000000,0.00000000,0.00000000,9.04558733,6.70000000,2.32450580,4.67688434,10.87366425,8.70000000,2.78368460,5.61517748,12.70174116,10.70000000,3.24286340,6.55347062,9.04686855,6.70000000,2.32537396,4.67789707,10.87494547,8.70000000,2.78455276,5.61619021,12.70302239,10.70000000,3.24373156,6.55448335,false,0
2026,4,00-0041525,Chris Bell,WR,MIA,70.00000000,0.00000000,0.00000000,0.00000000,0.00000000,0.00000000,0.00000000,0.00000000,0.00000000,3.00000000,2.00000000,0.00000000,0.00000000,0.00000000,4.03205773,0.00000000,4.67688434,4.45119503,4.70828142,0.00000000,5.61517748,5.29776386,5.38450512,0.00000000,6.55347062,6.14433269,4.03327543,0.00000000,4.67789707,4.45227949,4.70949912,0.00000000,5.61619021,5.29884833,5.38572281,0.00000000,6.55448335,6.14541716,false,0
2026,1,00-0041529,Kevin Coleman Jr.,WR,MIA,24.00000000,0.00000000,0.00000000,0.00000000,0.00000000,0.00000000,0.00000000,0.00000000,0.00000000,2.00000000,0.00000000,0.00000000,0.00000000,0.00000000,1.85082390,0.00000000,3.40000000,2.85778836,2.46485551,0.00000000,4.00000000,3.46269943,3.07888713,0.00000000,4.60000000,4.06761049,1.85130048,0.00000000,3.40000000,2.85795517,2.46533209,0.00000000,4.00000000,3.46286623,3.07936370,0.00000000,4.60000000,4.06777730,false,0
2026,3,00-0041529,Kevin Coleman Jr.,WR,MIA,75.00000000,0.00000000,0.00000000,0.00000000,0.00000000,0.00000000,0.00000000,0.00000000,0.00000000,4.00000000,2.00000000,0.00000000,0.00000000,0.00000000,4.77221967,0.30000000,2.85778836,3.52783932,5.81693053,0.80000000,3.46269943,4.28668031,6.86164139,1.30000000,4.06761049,5.04552131,4.77368536,0.30000000,2.85795517,3.52846073,5.81839622,0.80000000,3.46286623,4.28730173,6.86310708,1.30000000,4.06777730,5.04614272,false,0
2026,4,00-0041529,Kevin Coleman Jr.,WR,MIA,43.00000000,0.00000000,0.00000000,0.00000000,0.00000000,0.00000000,0.00000000,0.00000000,0.00000000,4.00000000,1.00000000,1.00000000,1.00000000,1.00000000,5.67006011,0.30000000,3.52783932,4.27761659,6.82343026,0.80000000,4.28668031,5.17454279,7.97680041,1.30000000,5.04552131,6.07146899,5.67123755,0.30000000,3.52846073,4.27843262,6.82460770,0.80000000,4.28730173,5.17535882,7.97797785,1.30000000,5.04614272,6.07228502,false,0
2026,1,00-0041547,KC Concepcion,WR,CLE,63.00000000,0.00000000,0.00000000,0.00000000,0.00000000,3.00000000,0.00000000,0.00000000,0.00000000,5.00000000,2.00000000,0.00000000,0.00000000,0.00000000,7.58953584,3.80000000,3.40000000,4.86633754,9.16105948,5.80000000,4.00000000,5.80637082,10.73258312,7.80000000,4.60000000,6.74640409,7.59781911,3.80000000,3.40000000,4.86923669,9.16934275,5.80000000,4.00000000,5.80926996,10.74086640,7.80000000,4.60000000,6.74930324,false,0
2026,2,00-0041547,KC Concepcion,WR,CLE,12.00000000,0.00000000,0.00000000,0.00000000,0.00000000,1.00000000,0.00000000,0.00000000,0.00000000,6.00000000,0.00000000,0.00000000,0.00000000,2.00000000,5.15880903,2.20000000,4.86633754,4.96870256,7.45740957,5.20000000,5.80637082,6.38423438,9.75601011,8.20000000,6.74640409,7.79976620,5.16583084,2.20000000,4.86923669,4.97304464,7.46443138,5.20000000,5.80926996,6.38857646,9.76303192,8.20000000,6.74930324,7.80410828,false,0
2026,3,00-0041547,KC Concepcion,WR,CLE,36.00000000,0.00000000,0.00000000,0.00000000,0.00000000,0.00000000,0.00000000,0.00000000,0.00000000,9.00000000,0.00000000,0.00000000,0.00000000,0.00000000,6.28460433,0.90000000,4.96870256,5.42926818,9.62692321,1.90000000,6.38423438,7.51917547,12.96924210,2.90000000,7.79976620,9.60908276,6.28851603,0.90000000,4.97304464,5.43345963,9.63083492,1.90000000,6.38857646,7.52336692,12.97315380,2.90000000,7.80410828,9.61327421,false,0
2026,4,00-0041547,KC Concepcion,WR,CLE,62.00000000,0.00000000,0.00000000,0.00000000,0.00000000,0.00000000,0.00000000,0.00000000,0.00000000,8.00000000,1.00000000,0.00000000,0.00000000,1.00000000,6.86147018,6.40000000,5.42926818,5.93053888,9.60788451,8.90000000,7.51917547,8.25022364,12.35429884,11.40000000,9.60908276,10.56990839,6.86531374,6.40000000,5.43345963,5.93460857,9.61172807,8.90000000,7.52336692,8.25429332,12.35814240,11.40000000,9.61327421,10.57397808,false,0
2026,2,00-0041550,Brenen Thompson,WR,LAC,44.00000000,0.00000000,0.00000000,0.00000000,0.00000000,0.00000000,0.00000000,0.00000000,0.00000000,3.00000000,0.00000000,0.00000000,0.00000000,0.00000000,3.07839002,1.30000000,3.40000000,3.28743651,3.96381505,1.80000000,4.00000000,3.98733527,4.84924008,2.30000000,4.60000000,4.68723403,3.07800646,1.30000000,3.40000000,3.28730226,3.96343149,1.80000000,4.00000000,3.98720102,4.84885652,2.30000000,4.60000000,4.68709978,false,0
2026,2,00-0041558,Sam Roush,TE,CHI,16.00000000,0.00000000,0.00000000,0.00000000,0.00000000,0.00000000,0.00000000,0.00000000,0.00000000,3.00000000,0.00000000,0.00000000,0.00000000,1.00000000,2.88876234,0.90000000,2.55000000,2.66856682,4.00290085,1.40000000,3.00000000,3.35101530,5.11703937,1.90000000,3.45000000,4.03346378,2.88620392,0.90000000,2.55000000,2.66767137,4.00034244,1.40000000,3.00000000,3.35011985,5.11448095,1.90000000,3.45000000,4.03256833,false,0
2026,3,00-0041558,Sam Roush,TE,CHI,3.00000000,0.00000000,0.00000000,0.00000000,0.00000000,0.00000000,0.00000000,0.00000000,0.00000000,1.00000000,0.00000000,0.00000000,0.00000000,0.00000000,0.72012634,1.60000000,2.66856682,1.98661265,1.09918440,2.10000000,3.35101530,2.56287448,1.47824246,2.60000000,4.03346378,3.13913632,0.71815516,1.60000000,2.66767137,1.98534070,1.09721321,2.10000000,3.35011985,2.56160253,1.47627127,2.60000000,4.03256833,3.13786436,false,0
2026,4,00-0041558,Sam Roush,TE,CHI,-4.00000000,0.00000000,0.00000000,0.00000000,0.00000000,0.00000000,0.00000000,0.00000000,0.00000000,1.00000000,0.00000000,0.00000000,0.00000000,0.00000000,0.46562741,0.80000000,1.98661265,1.45426782,0.88758280,1.30000000,2.56287448,1.97652240,1.30953819,1.80000000,3.13913632,2.49877697,0.46344220,0.80000000,1.98534070,1.45267622,0.88539759,1.30000000,2.56160253,1.97493080,1.30735298,1.80000000,3.13786436,2.49718538,false,0
